pl_name,hostname,hip,hd,snum,sy_dist,ra,dec,st_spectype,st_teff,st_rad,st_mass,st_lum,pl_orbsmax,pl_orbper,pl_orbeccen,pl_rade,pl_bmasse,pl_eqt,method,year
Kepler-6 b,Kepler-6,,,1,587.039,296.83725,48.23997,,5647,1.391,1.209,,0.04852,3.2347,,14.617,212.31,1460,Transit,2009
Kepler-491 b,Kepler-491,,,1,630.785,287.13058,42.35015,,5582,1.03,1.04,,,4.22538,,8.92,,,Transit,2016
Kepler-257 b,Kepler-257,,,1,780.256,297.316,46.02326,,5180,1.037,,,0.034,2.38267,,2.61,,,Transit,2014
Kepler-216 b,Kepler-216,,,1,1187.47,293.72807,46.12911,,6091,1.26,,,0.079,7.69364,,2.35,,,Transit,2014
Kepler-32 c,Kepler-32,,,1,323.847,297.84231,46.57436,,3900,0.53,0.58,,0.09,8.7522,,2,158.9,,Transit,2011
Kepler-259 c,Kepler-259,,,1,1002.14,288.21197,46.61505,,5938,0.898,,,0.217,36.92493,,2.7,,,Transit,2014
Kepler-148 c,Kepler-148,,,1,791.163,289.78616,46.85882,,5272,0.851,,,0.05,4.18004,,3.6,,,Transit,2014
Kepler-222 d,Kepler-222,,,1,758.854,287.90609,46.93775,,5433,0.869,,,0.18,28.08191,,3.69,,,Transit,2014
Kepler-29 c,Kepler-29,,,1,832.532,298.34838,47.4913,,5378,0.732,0.761,,,13.28613,0,2.34,4.5,,Transit,2011
Kepler-179 b,Kepler-179,,,1,605.68,298.66362,47.76193,,5302,0.759,,,0.036,2.73593,,1.64,,,Transit,2014
Kepler-165 c,Kepler-165,,,1,560.885,280.69092,47.80967,,5211,0.77,,,0.11,15.31299,,2.23,,,Transit,2014
Kepler-228 c,Kepler-228,,,1,1644.61,296.28609,48.22463,,6043,1.014,,,0.052,4.13444,,2.7,,,Transit,2014
Kepler-20 c,Kepler-20,,,2,282.563,287.69799,42.33858,,5495,0.916,0.929,,0.0936,10.85408,0.076,2.894,11.1,828,Transit,2011
Kepler-166 d,Kepler-166,,,1,603.53,293.1601,48.88121,,5350,0.83,0.88,,,1.554,,1.73,,,Transit,2016
Kepler-52 b,Kepler-52,,,1,321.542,286.73802,49.97574,,4075,0.52,0.54,,,7.87736,,2.1,135,,Transit,2012
Kepler-197 d,Kepler-197,,,2,330.575,295.22647,50.55923,,6004,1.12,,,0.119,15.67756,,1.22,,,Transit,2014
K2-183 d,K2-183,,,1,329.041,125.00718,14.01946,,5482,0.87,,,,22.62034,,2.3,,,Transit,2018
K2-187 e,K2-187,,,1,330.916,132.52356,23.19247,,5438,0.83,,,,13.60663,,1.9,,,Transit,2018
K2-187 c,K2-187,,,1,330.916,132.52356,23.19247,,5438,0.83,,,,2.87151,,1.4,,,Transit,2018
K2-270 b,K2-270,,,1,280.518,131.26656,13.54973,,4877,0.77,0.85,,0.0247,1.54307,,1.38,,1203,Transit,2018
Kepler-184 d,Kepler-184,,,1,610.326,291.95188,43.07462,,5788,0.873,,,0.179,29.02236,,2.49,,,Transit,2014
Kepler-257 d,Kepler-257,,,1,780.256,297.316,46.02326,,5180,1.037,,,0.16,24.66455,,4.95,,,Transit,2014
K2-280 b,K2-280,,,1,391.537,291.59536,-22.24771,,5500,1.28,1.03,,0.1461,19.89526,0.35,7.5,37.1,787,Transit,2018
K2-381 c,K2-381,,,1,145.701,288.02676,-21.00758,,4473,0.675,0.754,,,16.03466,,2,,,Transit,2022
Kepler-222 c,Kepler-222,,,1,758.854,287.90609,46.93775,,5433,0.869,,,0.091,10.08881,,4.64,,,Transit,2014
HATS-36 b,HATS-36,,,1,856.436,291.4787,-23.20282,,5950,1.1,1.1,,0.0523,4.17519,,12.92,,1203,Transit,2018
Kepler-229 b,Kepler-229,,,1,826.265,286.99948,48.37579,,5120,0.728,,,0.062,6.25297,,2.2,,,Transit,2014
K2-222 b,K2-222,,,1,101.321,16.46252,11.75372,G0,5942,1.072,0.94,0.1271,0.1186,15.38893,0.021,2.275,7.5,803,Transit,2018
K2-214 b,K2-214,,,1,300.64,14.87598,4.22777,,5875,1.236,1.03,,,8.59656,,2.51,,1001,Transit,2018
K2-220 b,K2-220,,,1,233.514,12.77001,9.51677,,5612,1.026,0.91,,,13.68186,,2.37,,761,Transit,2018
K2-216 b,K2-216,,,1,115.461,11.48024,6.34703,K5 V,4503,0.72,0.7,-0.7212,0.028,2.1748,0,1.75,8,1103,Transit,2018
K2-212 b,K2-212,,,1,109.218,18.4241,3.09707,,4349,0.678,0.622,,,9.79565,,2.65,,,Transit,2018
Kepler-166 c,Kepler-166,,,1,603.53,293.1601,48.88121,,5413,0.742,,,0.195,34.26028,,2.38,,,Transit,2014
K2-151 b,K2-151,,,2,69.48,19.30477,9.50127,,3695,0.45,0.47,,0.0373,3.83548,,1.49,,566,Transit,2018
K2-295 b,K2-295,,,1,232.801,19.61014,6.81673,K5 V,4444,0.7,0.74,,0.0451,4.02487,0,10.054,106.473,852,Transit,2018
K2-282 b,K2-282,,,1,496.289,13.43215,7.99529,,5499,1,,,,4.16978,,2.5,,,Transit,2018
K2-283 b,K2-283,,,1,402.915,13.19437,9.69292,,5060,0.82,0.89,,0.0291,1.92104,,3.52,,1186,Transit,2018
K2-281 b,K2-281,,,1,458.139,16.22747,7.26922,,4812,0.76,0.82,,0.0773,8.68772,,8.18,,665,Transit,2018
K2-387 b,K2-387,,,1,266.318,19.44183,11.36849,,3572,0.585,0.57,,,28.73533,,7.322,,,Transit,2022
Kepler-197 b,Kepler-197,,,2,330.575,295.22647,50.55923,,6004,1.12,,,0.06,5.59931,,1.02,,,Transit,2014
K2-156 b,K2-156,,,1,150.21,182.69967,-6.29436,,4460,0.62,,,,0.81314,,1.1,,,Transit,2018
K2-157 b,K2-157,,,1,298.373,183.7515,-5.78202,G9 V,5334,0.86,0.89,,0.00962,0.36526,,0.935,1.14,2432,Transit,2018
K2-158 b,K2-158,,,1,197.299,179.93971,-5.72169,,5503,0.95,0.92,,0.0887,10.06049,,2.64,,794,Transit,2018
K2-244 b,K2-244,,,1,212.902,183.46865,-3.83181,,5677,0.92,0.86,,0.1418,21.06884,,1.75,,638,Transit,2018
Kepler-108 c,Kepler-108,,,2,338.732,294.55899,46.0624,,5854,2.192,,,0.721,190.32349,,8.18,,,Transit,2014
K2-159 b,K2-159,,,1,170.998,180.54089,-3.58091,,5425,0.83,0.9,,0.1013,12.42205,,2.26,,684,Transit,2018
K2-160 b,K2-160,,,1,315.363,184.05452,-3.55309,,5649,0.914,0.983,,,3.70587,,3.178,,,Transit,2018
K2-161 b,K2-161,,,1,916.319,183.79385,-3.49569,,4972,2.568,0.987,,,9.28319,,6.117,,,Transit,2018
K2-162 b,K2-162,,,1,124.433,186.03839,-1.11148,,4842,0.69,0.75,,0.0795,9.45889,,1.44,,631,Transit,2018
K2-163 b,K2-163,,,1,208.529,182.32925,-0.53934,,4937,0.762,0.826,,,6.67312,,2.466,,,Transit,2018
K2-165 b,K2-165,,,1,134.591,184.90049,0.96833,,5185,0.804,0.835,,,2.35499,,1.274,,,Transit,2018
K2-165 c,K2-165,,,1,134.591,184.90049,0.96833,,5185,0.804,0.835,,,4.38274,,1.554,,,Transit,2018
K2-165 d,K2-165,,,1,134.591,184.90049,0.96833,,5185,0.804,0.835,,,14.10136,,2.648,,,Transit,2018
Kepler-477 b,Kepler-477,,,2,,288.06745,42.35531,,5240,0.79,0.87,,,11.11991,,2.07,,,Transit,2016
Kepler-108 b,Kepler-108,,,2,338.732,294.55899,46.0624,,5854,2.192,,,0.292,49.18392,,8.65,,,Transit,2014
EPIC 201595106 b,EPIC 201595106,,,1,232.1,183.72036,1.96817,,5679,0.98,0.958,-0.0491,0.0177,0.87724,0,1.565,7.67,2038,Transit,2021
K2-166 b,K2-166,,,1,476.882,185.18809,2.28238,,5960,1.61,1.16,,0.0858,8.52695,,2.19,,1140,Transit,2018
K2-175 b,K2-175,,,1,247.266,52.50355,17.58411,,5909,1.42,1.095,,,9.52599,,2.038,,,Transit,2018
K2-176 b,K2-176,,,1,247.302,58.26918,17.90695,,5428,0.864,0.939,,,5.32944,,1.491,,,Transit,2018
K2-177 b,K2-177,,,1,492.167,55.22962,20.73609,,6063,1.214,1.211,,,14.15518,,2.116,,,Transit,2018
K2-178 b,K2-178,,,1,214.753,52.88885,22.43482,,5525,0.887,0.951,,,8.74782,,3.558,,,Transit,2018
Kepler-9 d,Kepler-9,,,1,628.257,285.57399,38.40082,,5777,1.02,1.07,,0.0273,1.59285,,1.64,,2026,Transit,2010
K2-183 b,K2-183,,,1,329.041,125.00718,14.01946,,5482,0.87,,,,0.46929,,1.1,,,Transit,2018
K2-185 b,K2-185,,,1,268.357,130.25966,14.69022,,5788,0.94,0.96,,,10.61638,,1.15,,809,Transit,2018
K2-185 c,K2-185,,,1,268.357,130.25966,14.69022,,5788,0.94,0.96,,,52.71349,,2.39,,477,Transit,2018
K2-263 b,K2-263,,,1,162.481,129.68213,15.6806,G9 V,5368,0.85,0.88,-0.2596,0.2573,50.81917,0.08,2.513,15.4,482,Transit,2018
K2-186 b,K2-186,,,1,330.739,135.33505,18.82529,,5784,0.981,1.019,,,41.47422,,3.172,,,Transit,2018
K2-341 b,K2-341,,,1,421.408,130.4972,19.91664,,5817,1.16,0.98,,,36.55255,,3.21,,598,Transit,2021
K2-187 b,K2-187,,,1,330.916,132.52356,23.19247,,5438,0.83,,,,0.77401,,1.2,,,Transit,2018
K2-188 b,K2-188,,,1,446.821,129.8137,23.35744,,5977,1.19,1.06,,0.0289,1.74217,,1.35,,1692,Transit,2018
K2-189 b,K2-189,,,1,242.113,203.62144,-15.03652,,5442,0.879,0.85,,,2.58812,,1.403,,1203,Transit,2018
K2-190 c,K2-190,,,1,160.679,205.36305,-13.16087,,5631,0.912,0.905,,,21.57402,,1.093,,,Transit,2018
K2-195 c,K2-195,,,1,315.014,199.83152,-8.50954,,5712,0.906,0.963,,,28.48279,,2.576,,,Transit,2018
K2-196 b,K2-196,,,1,584.877,200.45625,-8.47171,,6045,1.539,1.162,,,48.32422,,3.6,,,Transit,2018
Kepler-42 b,Kepler-42,,,1,40.059,292.2196,44.61737,M,3068,0.17,0.13,-2.62,0.0116,1.21377,,0.78,,519,Transit,2011
K2-201 b,K2-201,,,1,197.932,293.56071,-23.13128,,5507,0.878,0.956,,,1.05979,,1.4,,,Transit,2018
K2-201 c,K2-201,,,1,197.932,293.56071,-23.13128,,5507,0.878,0.956,,,22.77988,,3.286,,,Transit,2018
K2-202 b,K2-202,,,1,300.397,283.26432,-22.40706,,5491,0.911,0.971,,,3.40516,,2.302,,,Transit,2018
K2-381 b,K2-381,,,1,145.701,288.02676,-21.00758,,4473,0.675,0.754,,,7.93893,,1.075,,,Transit,2022
K2-381 d,K2-381,,,1,145.701,288.02676,-21.00758,,4473,0.675,0.754,,,26.80302,,1.689,,,Transit,2022
K2-382 b,K2-382,,,1,278.412,287.41253,-19.62693,,5452,0.811,0.922,,,21.70016,,2.072,,,Transit,2022
K2-383 b,K2-383,,,1,203.788,282.00876,-18.37958,,5129,0.804,1.061,,,1.86596,,1.564,,,Transit,2022
K2-203 b,K2-203,,,1,166.147,12.77369,-1.19588,,5026,0.765,0.793,-0.4724,0.0824,9.6952,0.23,1.265,,738,Transit,2018
K2-204 b,K2-204,,,1,577.235,17.38251,-0.51775,,5783,1.253,1.076,0.1987,0.0738,7.05591,0.28,3.172,,1148,Transit,2018
K2-205 b,K2-205,,,1,405.301,15.21759,0.42597,,5890,1.078,0.951,,,26.67226,,1.996,,,Transit,2018
K2-206 b,K2-206,,,1,244.443,11.25643,0.59319,,5043,0.758,0.789,,,18.29455,,2.795,,,Transit,2018
K2-207 b,K2-207,,,1,363.064,11.69965,0.64062,,5522,0.928,0.942,,,12.48749,,2.606,,,Transit,2018
K2-208 b,K2-208,,,1,256.887,20.77898,0.88901,,5500,0.872,0.881,-0.2014,0.04878,4.19097,0.37,1.675,,1122,Transit,2018
K2-209 b,K2-209,,,1,76.499,14.69035,1.38281,,4720,0.712,0.745,,,2.08061,,0.869,,,Transit,2018
K2-210 b,K2-210,,,1,176.51,17.64127,1.57841,,5500,0.89,,,,0.57023,,0.86,,,Transit,2018
K2-211 b,K2-211,,,1,272.297,21.10616,1.70491,,5117,0.818,0.851,-0.383,0.01419,0.66956,0.19,1.332,,1873,Transit,2018
K2-213 b,K2-213,,,1,389.702,13.1404,3.50777,,5794,1.204,1.07,,,8.13087,,1.514,,,Transit,2018
K2-215 b,K2-215,,,1,403.964,18.47008,6.12386,,5704,0.974,1,,,8.26965,,2.124,,,Transit,2018
K2-217 b,K2-217,,,1,381.878,11.29837,6.48159,,5967,1.334,1.103,,,14.07452,,3.579,,,Transit,2018
K2-218 b,K2-218,,,1,394.083,12.80961,6.84643,,5757,1.008,1.047,,,8.67989,,2.569,,,Transit,2018
K2-219 b,K2-219,,,1,325.4,12.8453,8.86755,,5753,1.189,1.022,,,3.90129,,1.348,,,Transit,2018
K2-219 c,K2-219,,,1,325.4,12.8453,8.86755,,5753,1.189,1.022,,,6.66767,,1.438,,,Transit,2018
K2-219 d,K2-219,,,1,325.4,12.8453,8.86755,,5753,1.189,1.022,,,11.13728,,2.576,,,Transit,2018
K2-221 b,K2-221,,,1,318.81,16.65503,10.18974,,5716,0.948,1.011,,,2.39909,,1.679,,,Transit,2018
K2-223 b,K2-223,,,1,198.604,185.30618,-10.28209,,5859,1,,,,0.50557,,0.89,,,Transit,2018
K2-223 c,K2-223,,,1,198.604,185.30618,-10.28209,,5859,1,,,,4.56255,,1.5,,,Transit,2018
K2-224 b,K2-224,,,1,275.255,189.70414,-10.06059,,5620,0.84,0.91,,0.0516,4.47904,,1.56,,1002,Transit,2018
K2-224 c,K2-224,,,1,275.255,189.70414,-10.06059,,5620,0.84,0.91,,0.0886,10.09489,,2.41,,764,Transit,2018
K2-225 b,K2-225,,,1,357.778,186.5411,-9.62482,,5520,1.7,1.482,0.382,0.1409,15.8723,0.23,3.609,,923,Transit,2018
K2-226 b,K2-226,,,1,211.265,183.64566,-9.56263,,5288,0.889,0.856,-0.2534,0.04095,3.27109,0.22,1.539,,1187,Transit,2018
K2-227 b,K2-227,,,1,187.234,190.94842,-8.47842,,5673,0.891,0.951,,,13.62183,,1.666,,,Transit,2018
K2-228 b,K2-228,,,1,129.46,187.2947,-6.8342,,4715,0.65,0.71,,0.0338,2.69828,,1.21,,914,Transit,2018
K2-229 b,K2-229,,,1,102.564,186.87292,-6.72185,,5315,0.79,,,,0.58422,,1,,,Transit,2018
K2-229 c,K2-229,,,1,102.564,186.87292,-6.72185,,5315,0.79,0.87,,0.0769,8.32727,,2.03,,750,Transit,2018
K2-230 b,K2-230,,,1,540.773,191.36312,-6.57605,,5945,1.39,1.11,,0.0409,2.86041,,1.96,,1529,Transit,2018
EPIC 229004835 b,EPIC 229004835,,,1,121.971,186.48604,-1.40472,,5868,0.999,0.97,,0.1237,16.14113,0.23,2.332,10.4,804,Transit,2023
K2-259 b,K2-259,,,1,416.457,186.80269,1.56686,,6059,1.13,1.14,,0.1271,15.48043,,2.32,,795,Transit,2018
K2-80 d,K2-80,,,1,200.802,59.03749,13.55903,,5377,0.841,0.913,,,28.86725,,2.552,,,Transit,2018
EPIC 228836835 b,EPIC 228836835,,,1,150.124,189.5749,-5.24462,,3782,0.32,,,,0.72811,,1.1,,,Transit,2021
K2-331 c,K2-331,,,1,211.43,132.73764,13.17027,,5994,1.06,1.1,,,22.99659,,2.72,,673,Transit,2021
K2-333 b,K2-333,,,1,343.99,136.78928,15.20568,,5880,1.22,1.06,,,14.75929,,6.18,,826,Transit,2021
K2-334 b,K2-334,,,1,371.823,136.48943,16.32551,,6502,1.49,1.36,,,5.11398,,5.65,,1380,Transit,2021
K2-342 b,K2-342,,,1,208.357,133.1219,21.23868,,5920,1.09,1.01,,,11.56105,,2.03,,861,Transit,2021
K2-343 c,K2-343,,,1,166.169,134.20217,21.50269,,3804,0.46,0.49,,,7.67697,,2.02,,465,Transit,2021
K2-344 b,K2-344,,,1,75.169,136.36149,21.66859,,4374,0.49,0.51,,,3.35585,,1.59,,722,Transit,2021
K2-348 b,K2-348,,,1,201.856,130.87835,24.42296,,5077,0.85,0.83,,,4.68842,,3.26,,908,Transit,2021
K2-348 c,K2-348,,,1,201.856,130.87835,24.42296,,5077,0.85,0.83,,,12.55017,,2.67,,655,Transit,2021
K2-352 c,K2-352,,,1,176.051,140.44515,18.46963,,5791,0.95,0.98,,,8.23489,,1.92,,885,Transit,2021
K2-352 d,K2-352,,,1,176.051,140.44515,18.46963,,5791,0.95,0.98,,,14.87139,,2.23,,727,Transit,2021
G 9-40 b,G 9-40,,,1,27.928,134.71885,21.0748,,3395,0.303,0.295,-1.9602,0.0418,5.746,0,1.9,4,441,Transit,2019
HD 80653 b,HD 80653,,80653,1,109.86,140.33908,14.36787,,5959,1.22,1.18,,0.01661,0.71957,0,1.613,5.72,2463,Transit,2020
Kepler-21 b,Kepler-21,94112,179070,2,108.522,287.36197,38.71414,,6305,1.902,1.408,,0.0434,2.78582,0,1.639,7.5,2015,Transit,2012
Kepler-8 b,Kepler-8,,,1,1021.87,281.28813,42.4511,,6213,1.486,1.213,,0.0474,3.5225,,15.872,187.52,1680,Transit,2010
TOI-4588 b,TOI-4588,92247,,1,225.181,282.00042,48.54226,,7746,1.575,,,,13.11881,,2.929,,,Transit,2026
KOI-984 b,KOI-984,,,1,252.667,291.04894,36.84008,,5295,0.818,0.928,,0.0504,4.28818,0.12,4.3,,1022,Transit,2022
Kepler-505 b,Kepler-505,,,1,283.41,287.85795,42.54268,,3931,0.53,0.55,,,27.52198,,2.6,,,Transit,2016
Kepler-745 b,Kepler-745,,,1,1780.38,291.49944,37.05926,,5849,1.04,1.04,,,9.93144,,2.16,,,Transit,2016
Kepler-262 c,Kepler-262,,,1,613.129,290.72872,37.25266,,5841,0.881,,,0.152,21.85372,,1.64,,,Transit,2014
Kepler-748 b,Kepler-748,,,1,1705.99,292.26288,37.23697,,5934,1.1,1.07,,,7.40743,,2.52,,,Transit,2016
Kepler-264 b,Kepler-264,,,1,942.173,292.04463,37.37619,,6158,1.55,,,0.249,40.80623,,3.33,,,Transit,2014
HD 73344 b,HD 73344,42403,73344,1,35.26,129.68945,23.68527,F6 V,6253,1.22,1.2,,0.131,15.611,0.03,2.884,10.48,911,Transit,2024
Kepler-1732 b,Kepler-1732,,,1,1289.41,292.29101,37.58077,,5821,1.494,1.043,,,32.3124,,4.099,,,Transit,2021
Kepler-263 b,Kepler-263,,,1,754.747,292.4698,37.56779,,5265,0.785,,,0.12,16.56809,,2.67,,,Transit,2014
Kepler-261 b,Kepler-261,,,1,317.499,291.36473,37.60924,,5098,0.794,,,0.088,10.38123,,2.18,,,Transit,2014
K2-368 d,K2-368,,,1,206.608,332.63576,-11.16612,,4663,0.663,0.746,,,20.20108,,1.948,,,Transit,2022
K2-368 c,K2-368,,,1,206.608,332.63576,-11.16612,,4663,0.663,0.746,,,9.66019,,1.361,,,Transit,2022
Kepler-1733 b,Kepler-1733,,,1,2080.51,291.13846,37.85924,,6320,1.252,1.273,,,9.22958,,3.636,,,Transit,2021
Kepler-754 b,Kepler-754,,,1,1770.27,293.25411,37.84615,,5935,1.08,1.06,,,14.55962,,2.01,,,Transit,2016
K2-373 b,K2-373,,,1,229.567,123.13615,13.6885,,6138,1.486,1.158,,,11.02066,,2.061,,,Transit,2022
Kepler-753 b,Kepler-753,,,1,274.767,291.90324,37.90237,,4346,0.65,0.68,,,5.74773,,1.91,,,Transit,2016
K2-339 b,K2-339,,,1,360.36,130.08254,18.6929,,4857,0.72,0.74,,,19.50743,,1.92,,508,Transit,2021
Kepler-752 b,Kepler-752,,,1,1232.29,292.26815,37.95567,,5373,0.83,0.87,,,18.82747,,2.81,,,Transit,2016
K2-343 b,K2-343,,,1,166.169,134.20217,21.50269,,3804,0.46,0.49,,,2.78717,,1.65,,653,Transit,2021
Kepler-766 b,Kepler-766,,,1,2297.62,293.18451,37.96984,,5992,1.15,1.1,,,6.10028,,3.39,,,Transit,2016
Kepler-771 b,Kepler-771,,,1,1393.85,287.44411,38.08842,,5906,1.05,1.03,,,8.73486,,1.82,,,Transit,2016
EPIC 212624936 c,EPIC 212624936,,,1,561.929,210.63762,-10.02369,,5765,0.93,,,,11.81144,,2.3,,,Transit,2021
Kepler-773 b,Kepler-773,,,1,547.026,290.88462,38.05755,,5850,1.01,1.04,,,3.7491,,1.43,,,Transit,2016
K2-379 b,K2-379,,,1,182.207,283.03176,-27.18073,,4603,0.751,0.856,,,8.77725,,2.181,,,Transit,2022
K2-380 b,K2-380,,,1,249.303,283.43464,-26.53873,,5911,1.32,0.993,,,9.40131,,2.729,,,Transit,2022
Kepler-767 b,Kepler-767,,,1,2251.03,291.57916,38.03581,,5694,0.94,0.96,,,161.52801,,6.64,,,Transit,2016
Kepler-260 b,Kepler-260,,,1,627.365,291.92597,38.01405,,5250,0.862,,,0.075,8.1874,,2.01,,,Transit,2014
Kepler-268 b,Kepler-268,,,1,851.87,291.97616,38.05503,,6081,1.274,,,0.18,25.93414,,2.55,,,Transit,2014
K2-384 f,K2-384,,,1,82.66,20.49984,0.75097,M4 V,3623,0.348,0.33,,,13.62749,,2.222,,,Transit,2022
K2-384 d,K2-384,,,1,82.66,20.49984,0.75097,M4 V,3623,0.348,0.33,,,6.67958,,1.392,,,Transit,2022
K2-384 c,K2-384,,,1,82.66,20.49984,0.75097,M4 V,3623,0.348,0.33,,,4.19477,,1.191,,,Transit,2022
K2-384 e,K2-384,,,1,82.66,20.49984,0.75097,M4 V,3623,0.348,0.33,,,9.71504,,1.345,,,Transit,2022
K2-385 b,K2-385,,,1,420.819,12.61408,5.87126,,4844,0.761,0.927,,,2.38087,,1.539,,,Transit,2022
Kepler-1736 b,Kepler-1736,,,1,1430,289.7767,38.26224,,6085,0.973,0.976,,,37.8103,,3.877,,,Transit,2021
K2-386 b,K2-386,,,1,428.785,18.3,7.01303,,5749,0.97,0.911,,,7.47322,,2.32,,,Transit,2022
Kepler-774 b,Kepler-774,,,1,917.804,291.03186,38.21189,,6403,2.42,1.57,,,11.08957,,3.17,,,Transit,2016
Kepler-772 b,Kepler-772,,,1,1130.21,291.42358,38.21656,,5714,1.11,0.98,,,12.99207,,1.82,,,Transit,2016
K2-268 d,K2-268,,,1,327.783,133.70949,11.84827,,5106,0.78,0.84,,,4.5286,,1.49,,888,Transit,2021
K2-268 f,K2-268,,,1,327.783,133.70949,11.84827,,5106,0.78,0.84,,,26.27057,,2.23,,492,Transit,2021
K2-268 e,K2-268,,,1,327.783,133.70949,11.84827,,5106,0.78,0.84,,,6.13124,,1.33,,801,Transit,2021
K2-393 b,K2-393,,,1,265.914,348.51591,-0.0821,,5678,1.071,0.881,,,10.41318,,2.352,,,Transit,2022
K2-394 b,K2-394,,,1,98.015,71.11,16.51858,,4938,0.631,0.478,,,5.09572,,1.692,,,Transit,2022
Kepler-119 b,Kepler-119,,,1,701.996,295.94639,42.65883,,5595,0.839,,,0.035,2.42208,,3.6,,,Transit,2014
11 UMi b,11 UMi,74793,136726,1,125.321,229.2746,71.82394,,4213,29.79,2.78,,1.53,516.21997,0.08,,4684.814,,Radial Velocity,2009
14 And b,14 And,116076,221345,1,75.439,352.82415,39.23584,K0 III,4888,11.55,1.78,1.8399,0.775,186.76,0,,1131.151,,Radial Velocity,2008
14 Her b,14 Her,79248,145675,1,17.932,242.6021,43.81636,K0,,,0.97,,2.839,,0.368,,2828.673,,Radial Velocity,2002
16 Cyg B b,16 Cyg B,96901,186427,3,21.14,295.46564,50.51682,,5750,1.13,1.08,,1.66,798.5,0.68,,565.737,,Radial Velocity,1996
18 Del b,18 Del,103527,199665,2,76.222,314.60784,10.83914,G6 III,4980,8.8,2.1,1.6337,2.476,982.85,0.024,,2926.246,,Radial Velocity,2008
1RXS J160929.1-210524 b,1RXS J160929.1-210524,,,1,139.135,242.37623,-21.08314,K7 V,4060,,0.85,-0.37,330,,,,3000,1700,Imaging,2008
24 Sex b,24 Sex,50887,90043,1,72.069,155.86849,-0.9024,,5098,4.9,1.54,1.164,1.333,452.8,0.09,,632.46,,Radial Velocity,2010
24 Sex c,24 Sex,50887,90043,1,72.069,155.86849,-0.9024,,5098,4.9,1.54,1.164,2.08,883,0.29,,273.32,,Radial Velocity,2010
2MASS J12073346-3932539 b,2MASS J12073346-3932539,,,1,64.308,181.88909,-39.54844,M8,,,,,,,,15.693,1652.708,1163,Imaging,2004
2MASS J04414489+2301513 b,2MASS J04414489+2301513,,,1,,70.43711,23.03085,M8.5,,,0.019,,15,,,,2383.6,,Imaging,2010
47 UMa b,47 UMa,53721,95128,1,13.797,164.86476,40.43049,,5872,1.213,1.06,0.1978,2.1,1078,0.032,,804.08,,Radial Velocity,1996
47 UMa c,47 UMa,53721,95128,1,13.797,164.86476,40.43049,,5872,1.213,1.06,0.1978,3.6,2391,0.098,,171.621,,Radial Velocity,2001
47 UMa d,47 UMa,53721,95128,1,13.797,164.86476,40.43049,,5872,1.213,1.06,0.1978,11.6,14002,0.16,,521.22,,Radial Velocity,2009
4 UMa b,4 UMa,42527,73108,1,73.46,130.05281,64.32805,K1 III,4415,18.11,1.234,,0.877,270.27,0.453,,2511.48,,Radial Velocity,2006
Kepler-770 b,Kepler-770,,,1,930.457,286.49046,38.37487,,5598,0.92,0.94,,,18.9254,,2.3,,,Transit,2016
51 Peg b,51 Peg,113357,217014,1,15.461,344.36754,20.7691,,5758,1.176,1.03,0.1363,0.0527,4.23079,0.013,,150.009,,Radial Velocity,1995
55 Cnc b,55 Cnc,43587,75732,2,12.585,133.14684,28.32982,G8 V,5198,0.98,1.015,,0.118,14.65155,0.003,,276,,Radial Velocity,1996
55 Cnc c,55 Cnc,43587,75732,2,12.585,133.14684,28.32982,G8 V,5198,0.98,1.015,,0.247,44.3936,0.088,,56.6,,Radial Velocity,2004
55 Cnc d,55 Cnc,43587,75732,2,12.585,133.14684,28.32982,G8 V,5198,0.98,1.015,,5.6,4799,0.091,,1214.105,,Radial Velocity,2002
55 Cnc e,55 Cnc,43587,75732,2,12.585,133.14684,28.32982,,5172,0.943,0.905,,0.01544,0.73655,0.05,1.875,7.99,,Radial Velocity,2004
55 Cnc f,55 Cnc,43587,75732,2,12.585,133.14684,28.32982,G8 V,5198,0.98,1.015,,0.802,260.58,0.063,,48.5,,Radial Velocity,2007
61 Vir b,61 Vir,64924,115617,1,8.503,199.59645,-18.31577,G5 V,5577,0.963,0.942,-0.095,0.0502,4.215,0.12,,5.1,,Radial Velocity,2009
61 Vir c,61 Vir,64924,115617,1,8.503,199.59645,-18.31577,G5 V,5577,0.963,0.942,-0.095,0.2175,38.021,0.14,,18.2,,Radial Velocity,2009
61 Vir d,61 Vir,64924,115617,1,8.503,199.59645,-18.31577,G5 V,5577,0.963,0.942,-0.095,0.476,123.01,0.35,,22.9,,Radial Velocity,2009
6 Lyn b,6 Lyn,31039,45410,1,54.66,97.69603,58.16118,K0 IV,4941,4.94,1.32,1.1186,2.028,919.86,0.042,,597.835,,Radial Velocity,2008
70 Vir b,70 Vir,65721,117176,1,17.901,202.10649,13.77631,,5495,1.89,1.09,,0.481,116.688,0.399,,2357.027,,Radial Velocity,1996
7 CMa b,7 CMa,31592,47205,1,19.81,99.17128,-19.25618,,4826,4.87,1.34,1.0626,1.758,735.1,0.06,,587.986,,Radial Velocity,2011
81 Cet b,81 Cet,12247,16400,1,101.26,39.42436,-3.39636,G5 III,4734,11.21,1.23,1.7603,2.104,1005.57,0.037,,1051.059,,Radial Velocity,2008
AB Pic b,AB Pic,30034,44627,1,50.047,94.80392,-58.05412,K2 V,,,,,260,,,,4290.5,,Imaging,2005
BD-08 2823 b,BD-08 2823,49067,,1,41.334,150.1972,-9.51657,,4816,0.71,0.5,,0.06,5.6,0.15,,12.713,,Radial Velocity,2009
BD-08 2823 c,BD-08 2823,49067,,1,41.334,150.1972,-9.51657,K3 V,4746,,0.74,,0.68,237.6,0.19,,104,,Radial Velocity,2009
BD-10 3166 b,BD-10 3166,,,1,84.407,164.61912,-10.77042,,5393,0.91,1.47,,0.04,3.48777,0.02,,187.52,,Radial Velocity,2000
BD+14 4559 b,BD+14 4559,104780,,1,49.352,318.401,14.68938,,4864,0.86,0.49,,0.78,268.94,0.29,,330.543,,Radial Velocity,2009
BD-17 63 b,BD-17 63,2247,,1,34.46,7.14135,-16.22733,,,,0.741,,,655.57,0.544,,1639.995,,Radial Velocity,2008
BD+20 2457 b,BD+20 2457,,,1,1539.71,154.18678,19.89126,K2 II,4137,49,2.8,3.17,1.45,379.63,0.15,,6807.63,,Radial Velocity,2009
BD+20 2457 c,BD+20 2457,,,1,1539.71,154.18678,19.89126,K2 II,4137,49,2.8,3.17,2.01,621.99,0.18,,3963.17,,Radial Velocity,2009
BD+48 738 b,BD+48 738,,,1,871.493,40.71029,49.58694,K0 III,4414,11,0.74,1.69,1,392.6,0.2,,289.225,,Radial Velocity,2011
bet Pic b,bet Pic,27321,39060,1,19.744,86.82123,-51.06615,,,,1.795,,10.018,8617.50952,0.106,,3727.809,,Imaging,2008
CoRoT-10 b,CoRoT-10,,,1,338.386,291.06368,0.74601,K1 V,5075,0.79,0.89,,0.1055,13.2406,0.53,10.87,874,600,Transit,2010
CoRoT-11 b,CoRoT-11,,,1,655.037,280.6873,5.93766,F6 V,6440,1.37,1.27,,0.0436,2.99433,0,16.03,740.51,1657,Transit,2010
CoRoT-12 b,CoRoT-12,,,1,1126.37,100.76569,-1.29644,,5675,1.116,1.078,,0.04016,2.82804,0.07,16.14,291.438,1442,Transit,2010
CoRoT-13 b,CoRoT-13,,,1,1148.93,102.72114,-5.08646,G0 V,5945,1.01,1.09,,0.051,4.03519,0,9.92,415.704,1700,Transit,2010
CoRoT-14 b,CoRoT-14,,,1,1744.6,103.4242,-5.53604,F9 V,6035,1.21,1.13,,0.027,1.51214,0,12.22,2415.4,1952,Transit,2010
CoRoT-17 b,CoRoT-17,,,1,1176.12,278.69924,-6.61229,G2 V,5740,1.59,1.04,,0.0461,3.7681,0,11.43,772.29,1626,Transit,2011
CoRoT-18 b,CoRoT-18,,,1,764.889,98.17242,-0.0316,G9 V,5440,1,0.95,,0.0295,1.90007,0.08,14.68,1102.82,1550,Transit,2011
CoRoT-19 b,CoRoT-19,,,1,790.663,97.0336,-0.17073,F9 V,6090,1.65,1.21,0.544,0.0518,3.89713,0.047,14.46,352.78,2000,Transit,2011
CoRoT-1 b,CoRoT-1,,,1,787.909,102.07986,-3.10214,G0 V,5950,1.11,0.95,,,1.50896,0,16.7,327.35,1898,Transit,2008
CoRoT-20 b,CoRoT-20,,,1,844.061,97.72042,0.22689,,,,1.14,,0.09,9.24285,0.59,,1366.669,,Transit,2011
CoRoT-23 b,CoRoT-23,,,1,1060.97,279.78266,4.35775,G0 V,5900,1.61,1.14,,0.048,3.6313,0.16,11.77,889.9,1660,Transit,2011
CoRoT-2 b,CoRoT-2,,,2,213.283,291.77705,1.38366,,5625,0.906,0.96,,0.02798,1.74299,0.014,16.432,1102.82,,Transit,2008
CoRoT-3 b,CoRoT-3,,,1,768.771,292.05528,0.12184,F3 V,6740,1.56,1.37,,,4.2568,0,11.32,6883.91,,Transit,2008
CoRoT-4 b,CoRoT-4,,,1,726.412,102.19462,-0.67279,,6190,1.17,1.16,,0.09,9.20205,0,13.34,228.83,1074,Transit,2008
CoRoT-5 b,CoRoT-5,,,1,882.472,101.27724,0.81522,F9 V,6100,1.186,1,,0.04947,4.0379,0.09,15.558,148.42,1438,Transit,2009
CoRoT-6 b,CoRoT-6,,,1,645.294,281.07256,6.66321,F9 V,6090,1.025,1.05,,0.0855,8.88659,0.1,13.068,940.74,1017,Transit,2009
CoRoT-7 b,CoRoT-7,,,1,159.906,100.95617,-1.06301,,5275,0.83,0.82,,,0.85359,0,1.681,4.077,,Transit,2009
Kepler-24 c,Kepler-24,,,1,1156.81,290.41326,38.34373,,6028,1.099,1.06,,,12.33,0.014,2.514,9.99,,Transit,2011
CoRoT-7 c,CoRoT-7,,,1,159.906,100.95617,-1.06301,,5256,0.864,0.899,-0.2894,0.046,3.698,0,,8.4,,Radial Velocity,2009
CoRoT-8 b,CoRoT-8,,,1,322.037,291.58857,1.4263,K1 V,5080,0.77,0.88,,0.063,6.21229,0,6.39,69.92,,Transit,2010
CoRoT-9 b,CoRoT-9,,,2,412.98,280.78665,6.20408,,5625,0.96,0.96,,0.4021,95.27266,0.133,11.949,266.977,420,Transit,2009
CT Cha b,CT Cha,,,1,190.72,166.0375,-76.45537,,,,,,440,,,24.66,5403,2600,Imaging,2007
DP Leo b,DP Leo,,,2,305.684,169.31622,17.96157,,,,0.69,,8.19,10220,0.39,,1922.79,,Eclipse Timing Variations,2009
eps Eri b,eps Eri,16537,22049,1,3.203,53.22843,-9.45817,K2 V,,,0.82,,3.53,2671,0.07,,209.767,,Radial Velocity,2000
eps Tau b,eps Tau,20889,28305,1,47.529,67.15466,19.18028,K0 III,4877,12.35,2.57,1.8927,1.878,585.82,0.076,,2285.186,,Radial Velocity,2006
gam1 Leo b,gam1 Leo,50583,89484,2,39.888,154.99321,19.84139,,4330,31.88,1.23,,1.19,428.5,0.144,,2790.43,,Radial Velocity,2009
gam Cep b,gam Cep,116727,222404,2,14.102,354.83582,77.6331,K1 III-IV,4775,4.74,1.27,,,913,0.15,,2097.667,,Radial Velocity,2003
GJ 1214 b,GJ 1214,,,1,14.643,258.8314,4.96068,,3101,0.216,0.182,-2.4089,0.01505,1.5804,0.006,2.733,8.41,567,Transit,2009
GJ 3021 b,GJ 3021,1292,1237,2,17.556,4.06343,-79.85142,G6 V,5540,0.9,0.9,-0.18,0.49,133.71,0.511,,1071.04,350,Radial Velocity,2000
GJ 317 b,GJ 317,,,1,15.197,130.24453,-23.45281,M3.5 V,3496,0.403,0.402,,1.138,695.69,0.083,,536.494,,Radial Velocity,2007
GJ 3634 b,GJ 3634,,,1,20.378,164.64335,-31.14434,M2.5,,0.43,0.45,-1.699,0.0287,2.64561,0.08,,8.4,,Radial Velocity,2010
GJ 433 b,GJ 433,56528,,1,9.065,173.86192,-32.54363,,,,0.48,,0.062,7.3705,0.04,,6.043,,Radial Velocity,2013
GJ 436 b,GJ 436,57087,,1,9.753,175.55054,26.70307,,,0.455,0.47,,0.0291,2.64388,0.138,4.17,22.1,,Radial Velocity,2004
GJ 649 b,GJ 649,83043,,1,10.38,254.53632,25.74197,M1.0,3734,0.5,0.51,-1.361,1.112,600.1,0.083,,82,,Radial Velocity,2009
GJ 667 C b,GJ 667 C,,,3,7.244,259.75106,-34.99777,,,,,,,7.203,0.2,,,,Radial Velocity,2012
GJ 667 C c,GJ 667 C,,,3,7.244,259.75106,-34.99777,M1.5 V,3350,,0.33,-1.863,0.125,28.14,0.02,,3.8,,Radial Velocity,2013
GJ 674 b,GJ 674,85523,,1,4.549,262.17005,-46.89898,M2.5,3600,,0.35,-1.796,0.039,4.6938,0.2,,11.09,,Radial Velocity,2007
GJ 676 A b,GJ 676 A,85647,,2,16.027,262.54489,-51.63778,,,,0.626,,1.735,1051.44521,0.319,,1840.862,,Radial Velocity,2010
GJ 832 b,GJ 832,106440,204961,1,4.964,323.39126,-49.01252,M2/3 V,,,0.45,,3.7,3853,0.05,,314.65,,Radial Velocity,2008
GJ 849 b,GJ 849,109388,,1,8.801,332.42299,-4.64083,M3.5,3467,0.45,0.45,-1.59,2.32,1925.31,0.029,,283.821,,Radial Velocity,2006
GJ 179 b,GJ 179,22627,,1,12.356,73.02455,6.47523,M3.5 V,3370,0.38,0.357,-1.796,2.41,2288,0.21,,260.61,,Radial Velocity,2009
GJ 581 b,GJ 581,74995,,1,6.298,229.85647,-7.72269,M3.0 V,3500,0.302,0.295,-1.9078,0.0399,5.3686,0.034,,20.5,,Radial Velocity,2005
GJ 581 c,GJ 581,74995,,1,6.298,229.85647,-7.72269,M3.0 V,3500,0.302,0.295,-1.9078,0.0718,12.9211,0.032,,6.81,,Radial Velocity,2007
GJ 581 e,GJ 581,74995,,1,6.298,229.85647,-7.72269,M3.0 V,3500,0.302,0.295,-1.9078,0.02799,3.1481,0.012,,2.48,,Radial Velocity,2009
GJ 86 b,GJ 86,10138,13445,2,10.784,32.62248,-50.82099,,5182,0.77,0.93,,0.11,15.76491,0.04,,1404.809,,Radial Velocity,1999
GJ 876 b,GJ 876,113020,,1,4.675,343.32397,-14.2666,,,0.3,0.32,-1.9066,0.20832,61.1166,0.032,,723.223,,Radial Velocity,1998
GJ 876 c,GJ 876,113020,,1,4.675,343.32397,-14.2666,,,0.3,0.32,-1.9066,0.12959,30.0881,0.256,,226.985,,Radial Velocity,2000
GJ 876 d,GJ 876,113020,,1,4.675,343.32397,-14.2666,,,0.3,0.32,-1.9066,0.02081,1.93778,0.207,,6.83,,Radial Velocity,2005
GJ 876 e,GJ 876,113020,,1,4.675,343.32397,-14.2666,,,0.3,0.32,-1.9066,0.3343,124.26,0.055,,14.6,,Radial Velocity,2010
GQ Lup b,GQ Lup,,,1,151.169,237.30036,-35.65151,K7e V,,,0.7,,100,,,33.6,6356,2650,Imaging,2004
GSC 06214-00210 b,GSC 06214-00210,,,1,108.5,245.47769,-20.71934,K7,4200,,0.9,-0.42,320,,,,5000,2300,Imaging,2010
HAT-P-12 b,HAT-P-12,,,1,142.751,209.38865,43.49331,K4,4650,0.701,0.733,-0.678,0.0384,3.21306,0,10.749,67.059,963,Transit,2009
HAT-P-13 b,HAT-P-13,,,1,246.81,129.88238,47.35191,,,,,,,2.91625,0.013,14.258,270.462,,Transit,2009
HAT-P-13 c,HAT-P-13,,,1,246.81,129.88238,47.35191,,,,,,,446.27,0.662,,4538.421,,Radial Velocity,2009
HAT-P-14 b,HAT-P-14,,,2,222.663,260.11617,38.24217,,6600,1.82,2.65,,,4.62767,0.11,15.917,1093.335,,Transit,2010
HAT-P-15 b,HAT-P-15,,,1,192.516,66.24814,39.4606,,5568,1.07,1,,,10.8635,0.19,11.882,616.59,,Transit,2010
HAT-P-16 b,HAT-P-16,,,3,226.637,9.57303,42.4631,F8,,,,,,,,14.684,,1566,Transit,2010
HAT-P-17 b,HAT-P-17,,,1,92.383,324.53598,30.48819,,5246,0.87,0.99,,,10.33852,0.35,11.769,184.341,,Transit,2012
Kepler-123 b,Kepler-123,,,1,1021.66,296.99859,42.78196,,6089,1.264,,,0.135,17.23237,,2.94,,,Transit,2014
Kepler-769 b,Kepler-769,,,1,1169.57,292.71309,38.35817,,6186,1.28,1.19,,,7.42609,,2.92,,,Transit,2016
HAT-P-17 c,HAT-P-17,,,1,92.383,324.53598,30.48819,,5337,0.839,0.92,-0.2889,5.6,5584,0.39,,1080.6,,Radial Velocity,2012
HAT-P-18 b,HAT-P-18,,,1,161.4,256.34638,33.01233,K2,4803,0.749,0.77,-0.569,0.0559,5.50802,0.084,11.153,62.61,852,Transit,2010
HAT-P-19 b,HAT-P-19,,,1,202.078,9.51658,34.7114,,4962,0.773,0.807,-0.4854,0.04599,4.00878,,11.299,88.038,981,Transit,2010
HAT-P-1 b,HAT-P-1,,,2,158.979,344.44536,38.67492,,5980,1.174,1.151,,0.05561,4.4653,,14.785,166.861,1322,Transit,2006
HAT-P-20 b,HAT-P-20,,,1,71.037,111.91643,24.33612,K3,4595,0.694,0.756,-0.721,0.0361,2.87532,0.015,9.718,2302.899,970,Transit,2010
HAT-P-21 b,HAT-P-21,,,1,277.278,171.27493,41.02802,,5588,1.21,1.24,,,4.12448,0.23,12.442,1547.832,,Transit,2010
HAT-P-22 b,HAT-P-22,,233731,2,81.765,155.68146,50.12871,,5302,1.11,1.13,,,3.21222,0.02,12.89,785.04,,Transit,2010
HAT-P-23 b,HAT-P-23,,,1,364.813,306.12391,16.76215,G0,5905,1.203,1.13,0.199,0.0232,1.21288,0.106,15.334,664.237,2056,Transit,2010
HAT-P-24 b,HAT-P-24,,,2,415.344,108.82512,14.26261,,6373,1.38,1.37,,,3.35524,0.07,14.572,238.373,,Transit,2010
HAT-P-25 b,HAT-P-25,,,1,300.384,48.43547,25.19735,,5519,0.919,1.012,-0.1518,0.0466,3.65282,0.023,12.722,180.845,1182,Transit,2012
HAT-P-26 b,HAT-P-26,,,1,141.837,213.15655,4.05942,,5079,0.87,1.12,,,4.23452,0.12,7.062,22.248,,Transit,2010
HAT-P-27 b,HAT-P-27,,,2,199.173,222.76732,5.94736,,5316,0.865,0.916,-0.2693,0.04,3.03958,0,11.43,197.05,,Transit,2011
HAT-P-28 b,HAT-P-28,,,1,401.319,13.00092,34.7284,G3,5680,1.103,1.025,0.053,0.0434,3.25721,0.051,13.585,198.953,1384,Transit,2011
HAT-P-29 b,HAT-P-29,,,2,313.576,33.13109,51.77878,,6087,1.3,1.45,,,5.72319,0.09,13.115,279.69,,Transit,2011
HAT-P-2 b,HAT-P-2,80076,147506,1,127.774,245.15143,41.04796,F8,6380,1.39,1.33,0.53,0.06814,5.63352,0.517,,2739.695,,Transit,2007
HAT-P-30 b,HAT-P-30,,,2,213.985,123.94984,5.83687,,6304,1.31,1.55,,,2.8106,0.04,16.141,263.799,,Transit,2011
HAT-P-31 b,HAT-P-31,,,1,344.05,271.53767,26.42661,,6065,1.39,1.31,,,5.00542,0.25,12.218,721.474,,Transit,2011
HAT-P-32 b,HAT-P-32,,,2,289.205,31.04276,46.68785,,6001,1.367,1.132,0.3381,0.03397,2.15001,0.159,22.194,216.124,1836,Transit,2011
HAT-P-33 b,HAT-P-33,,,2,396.11,113.18424,33.83502,,6446,1.79,1.82,,,3.47447,0,20.737,292.404,,Transit,2011
HAT-P-34 b,HAT-P-34,,351766,1,249.325,303.19544,18.10478,,6442,1.53,1.392,,0.06774,5.45265,0.432,13.417,1058.374,,Transit,2011
Kepler-1735 b,Kepler-1735,,,1,245.303,281.05035,47.1882,,3975,0.509,0.535,,,7.71793,,1.194,,,Transit,2021
HAT-P-35 b,HAT-P-35,,,3,506.965,123.2507,4.78703,,6096,1.435,1.236,,0.04978,3.64671,0.02,14.93,335.628,,Transit,2011
HAT-P-36 b,HAT-P-36,,,1,294.419,188.2662,44.91537,,5620,1.041,1.03,,0.0241,1.32735,,14.314,587.413,1781,Transit,2011
HAT-P-37 b,HAT-P-37,,,1,390.594,284.29604,51.26912,,5500,0.877,0.929,-0.208,0.0379,2.79744,0.058,13.204,371.528,1271,Transit,2011
HAT-P-3 b,HAT-P-3,,,2,134.554,206.09401,48.02857,,5185,0.87,1.06,,,2.8997,0,10.536,206.589,,Transit,2007
HAT-P-4 b,HAT-P-4,,,2,320.451,229.99122,36.22955,,5860,1.596,1.248,0.431,0.04438,3.05654,0,14.28,213.255,1686,Transit,2007
HAT-P-5 b,HAT-P-5,,,1,303.336,274.40553,36.62146,,5960,1.12,1.04,,,2.78849,0,13.563,311.473,,Transit,2007
HAT-P-6 b,HAT-P-6,,,1,275.358,354.77409,42.46599,,6570,1.62,1.79,,,3.85298,0,16.589,419.536,,Transit,2007
HAT-P-8 b,HAT-P-8,,,3,211.553,343.04149,35.44718,,6200,1.57,1.27,,,3.07634,0,15.693,406.822,,Transit,2008
HAT-P-9 b,HAT-P-9,,,1,455.203,110.16852,37.14059,,6350,1.338,1.281,0.4183,0.05287,3.92281,0.084,15.614,238.055,1540,Transit,2008
HD 100655 b,HD 100655,56508,100655,2,137.178,173.76536,20.44154,,4891,10.06,2.28,,0.68,157.57001,0.09,,511.706,,Radial Velocity,2011
Kepler-765 b,Kepler-765,,,1,1076.28,283.1846,47.15571,,5901,1.06,1.05,,,27.66552,,2.43,,,Transit,2016
HD 100777 b,HD 100777,56572,100777,1,49.534,173.96463,-4.75554,G8 V,,,1.08,,1.06,383,0.38,,390.929,,Radial Velocity,2007
HD 10180 c,HD 10180,7599,10180,1,38.961,24.47311,-60.51149,,5911,1.109,1.06,,0.06412,5.75969,0.073,,13.222,,Radial Velocity,2010
HD 10180 d,HD 10180,7599,10180,1,38.961,24.47311,-60.51149,,5911,1.109,1.06,,0.12859,16.357,0.131,,12.014,,Radial Velocity,2010
HD 10180 e,HD 10180,7599,10180,1,38.961,24.47311,-60.51149,,5911,1.109,1.06,,0.2699,49.748,0.051,,25.585,,Radial Velocity,2010
HD 10180 f,HD 10180,7599,10180,1,38.961,24.47311,-60.51149,,5911,1.109,1.06,,0.4929,122.744,0.119,,22.947,,Radial Velocity,2010
HD 10180 g,HD 10180,7599,10180,1,38.961,24.47311,-60.51149,,5911,1.109,1.06,,1.427,604.67,0.263,,23.265,,Radial Velocity,2010
HD 10180 h,HD 10180,7599,10180,1,38.961,24.47311,-60.51149,,5911,1.109,1.06,,3.381,2205,0.095,,65.664,,Radial Velocity,2010
HD 101930 b,HD 101930,57172,101930,2,30.027,175.87561,-58.00538,,5108,0.86,0.57,,0.3,70.46,0.11,,79.457,,Radial Velocity,2005
HD 102117 b,HD 102117,57291,102117,1,39.579,176.20973,-58.70401,,5655,1.23,1.06,,0.15,20.8133,0.12,,54.031,,Radial Velocity,2005
HD 102195 b,HD 102195,57370,102195,1,29.339,176.42541,2.82099,,5301,0.82,0.76,,0.05,4.11377,0,,130.31,,Radial Velocity,2006
Kepler-763 d,Kepler-763,,,1,962.459,292.14455,47.15736,,4999,0.843,0.8,,0.0634,6.50327,0,1.67,,804,Transit,2023
HD 102272 b,HD 102272,57428,102272,1,347.097,176.59803,14.12402,,4790,10.3,1.45,,0.51,127.58,0.05,,1570.08,,Radial Velocity,2008
HD 102329 b,HD 102329,57467,102329,1,217.107,176.69416,3.47421,,4745,9.82,3.21,,1.81,778.09998,0.21,,2593.493,,Radial Velocity,2011
HD 102956 b,HD 102956,57820,102956,2,121.89,177.8437,57.64066,,4985,4.55,1.66,,0.0807,6.4947,0.037,,305.117,,Radial Velocity,2010
HD 103197 b,HD 103197,57931,103197,1,57.146,178.2202,-50.29279,,5250,0.88,0.8,,0.25,47.84,0,,28.605,,Radial Velocity,2009
HD 104067 b,HD 104067,58451,104067,1,20.363,179.79235,-20.35561,,4952,0.78,0.82,,0.2674,55.851,0.123,,62.1,,Radial Velocity,2009
HD 104985 b,HD 104985,58952,104985,1,100.576,181.31579,76.90534,G9 III,4738,11.12,1.22,1.7699,0.715,199.68,0.047,,1766.808,,Radial Velocity,2003
HD 106252 b,HD 106252,59610,106252,1,38.185,183.37306,10.04043,G0,,,1.05,0.1232,2.655,1535,0.48,,3178.284,,Radial Velocity,2002
HD 106270 b,HD 106270,59625,106270,1,93.808,183.40493,-9.51356,,5509,2.66,1.39,,3.34,1888,0.185,,3219.618,,Radial Velocity,2011
HD 10647 b,HD 10647,7978,10647,1,17.336,25.62335,-53.74129,F9 V,6218,1.1,1.11,0.149,2.015,989.2,0.15,,298.75,,Radial Velocity,2006
HD 10697 b,HD 10697,8159,10697,1,33.12,26.23241,20.0827,,,,0.99,,2.051,1075.3799,0.104,,1825.289,,Radial Velocity,1999
HD 107148 b,HD 107148,60081,107148,2,49.416,184.80598,-3.31999,,5797,,1.12,,0.269,48.056,0.05,,66.741,,Radial Velocity,2005
HD 108147 b,HD 108147,60644,108147,1,38.92,186.44099,-64.02235,,6256,1.207,1.22,0.303,0.102,10.8985,0.53,,82.95,,Radial Velocity,2002
HD 108863 b,HD 108863,61020,108863,1,164.742,187.58261,21.9481,,4878,5.74,1.59,,1.32,437.7,0.032,,767.242,,Radial Velocity,2011
HD 108874 b,HD 108874,61028,108874,1,59.517,187.6126,22.87944,,5600,1.05,1.1,,1.04,394.48123,0.13,,451.319,,Radial Velocity,2002
HD 108874 c,HD 108874,61028,108874,1,59.517,187.6126,22.87944,G5,5551,,0.95,,2.659,1624,0.239,,314.64,,Radial Velocity,2005
HD 109246 b,HD 109246,61177,109246,1,67.835,188.02718,74.48934,,5844,1.07,1.2,,0.33,68.27,0.12,,273.334,,Radial Velocity,2010
HD 109749 b,HD 109749,61595,109749,2,63.082,189.31735,-40.81215,G3 V,5824,1.22,1.13,0.19,0.0615,5.23989,0,,85.814,,Radial Velocity,2005
HD 110014 b,HD 110014,61740,110014,1,100.758,189.81119,-7.99567,K2 III,4445,20.9,2.17,,2.14,835.477,0.462,,3524.59,,Radial Velocity,2009
HD 111232 b,HD 111232,62534,111232,1,28.957,192.21596,-68.42467,,,,0.96,,2.148,1169.13202,0.214,,2531.503,,Radial Velocity,2003
HD 113538 b,HD 113538,63833,113538,1,16.282,196.23393,-52.44635,K9 V,4462,0.53,0.585,,1.24,663.2,0.14,,114.41,,Radial Velocity,2010
HD 113538 c,HD 113538,63833,113538,1,16.282,196.23393,-52.44635,K9 V,4462,0.53,0.585,,2.44,1818,0.2,,295.57,,Radial Velocity,2010
HD 114386 b,HD 114386,64295,114386,1,27.924,197.66521,-35.05618,,4836,0.76,0.6,,1.73,937.70001,0.23,,362.326,,Radial Velocity,2003
HD 114729 b,HD 114729,64459,114729,2,37.806,198.1834,-31.87468,,5844,1.473,0.936,,2.067,1121.79,0.079,,262.21,,Radial Velocity,2002
HD 114783 b,HD 114783,64457,114783,1,21.063,198.18184,-2.26499,K0,5135,,0.853,,1.16,493.7,0.144,,349.6,,Radial Velocity,2001
HD 11506 b,HD 11506,8770,11506,1,51.261,28.21066,-19.5074,G0 V,6123,,1.22,,2.885,1617.7,0.379,,1525.576,,Radial Velocity,2007
HD 11506 c,HD 11506,8770,11506,1,51.261,28.21066,-19.5074,G0 V,6123,,1.22,,0.771,223.92,0.228,,127.131,,Radial Velocity,2008
HD 116029 b,HD 116029,65117,116029,2,123.245,200.16469,24.64847,,4819,4.89,0.83,,1.65,670,0,,444.962,,Radial Velocity,2011
HD 117207 b,HD 117207,65808,117207,1,32.355,202.33688,-35.5713,,5732,1.074,1.053,,3.787,2621.75,0.157,,612.141,,Radial Velocity,2004
HD 117618 b,HD 117618,66047,117618,1,37.778,203.10664,-47.2719,,5990,,1.077,,0.18,25.8,0.15,,55.302,,Radial Velocity,2004
HD 118203 b,HD 118203,66192,118203,1,92.259,203.50996,53.72819,,5742,2.04,1.27,,0.0713,6.13498,0.314,12.778,680.153,1361,Radial Velocity,2005
HD 11964 b,HD 11964,9094,11964,2,33.537,29.28843,-10.24347,,5303,2.01,0.91,0.4591,3.16,1945,0.041,,198,,Radial Velocity,2005
HD 11964 c,HD 11964,9094,11964,2,33.537,29.28843,-10.24347,,5303,2.01,0.91,0.4591,0.229,37.91,0.3,,25,,Radial Velocity,2008
HD 11977 b,HD 11977,8928,11977,1,67.933,28.73474,-67.64699,,4970,10.09,1.91,,1.93,711,0.4,,2080,,Radial Velocity,2005
HD 121504 b,HD 121504,68162,121504,1,41.659,209.31991,-56.04041,,6027,1.07,1.62,,0.33,63.33,0.03,,479.923,,Radial Velocity,2003
HD 125595 b,HD 125595,70170,125595,1,28.199,215.34343,-40.39424,,4691,0.74,0.29,,0.08,9.6737,0,,6.357,,Radial Velocity,2009
HD 125612 b,HD 125612,70123,125612,2,57.621,215.22272,-17.48181,,,,1.05,,1.349,557.69994,0.446,,945.222,,Radial Velocity,2007
HD 125612 c,HD 125612,70123,125612,2,57.621,215.22272,-17.48181,,,,1.05,,0.051,4.15466,0.149,,15.574,,Radial Velocity,2009
HD 125612 d,HD 125612,70123,125612,2,57.621,215.22272,-17.48181,,,,1.05,,3.982,2822.72698,0.115,,2281.372,,Radial Velocity,2009
Kepler-744 b,Kepler-744,,,1,449.964,296.49605,47.18278,,5594,0.93,0.94,,,12.06222,,1.62,,,Transit,2016
HD 126525 b,HD 126525,70695,126525,1,37.651,216.88525,-51.93291,,5638,0.979,0.897,,1.837,960.41,0.035,,75.326,,Radial Velocity,2018
HD 126614 b,HD 126614,70623,126614,3,73.096,216.70052,-5.17841,,,,0.96,,2.249,1257.25303,0.548,,107.744,,Radial Velocity,2009
HD 12661 b,HD 12661,9683,12661,1,37.848,31.14235,25.41356,,5645,1.2,1.2,,0.84,262.70862,0.38,,772.327,,Radial Velocity,2000
HD 12661 c,HD 12661,9683,12661,1,37.848,31.14235,25.41356,,5748,1.11,1.02,0.063,2.8145,1708,0.031,,575.884,,Radial Velocity,2002
HD 128311 b,HD 128311,71395,128311,1,16.329,219.00323,9.74544,,,0.76,0.828,,1.084,453.019,0.303,,562.241,,Radial Velocity,2002
HD 128311 c,HD 128311,71395,128311,1,16.329,219.00323,9.74544,,,0.76,0.828,,1.74,921.538,0.159,,1204.258,,Radial Velocity,2005
HD 129445 b,HD 129445,72203,129445,1,67.439,221.51042,-68.76299,G6 V,,,0.99,,2.9,1840,0.7,,508.507,,Radial Velocity,2009
HD 130322 b,HD 130322,72339,130322,1,31.877,221.8858,-0.28208,,5387,0.85,0.92,,0.0925,10.70871,0.029,,365.49,,Radial Velocity,1999
HD 131496 b,HD 131496,72845,131496,1,131.849,223.34615,18.23526,,4846,4.44,1.34,,2.01,896,0.181,,572.094,,Radial Velocity,2011
Kepler-764 b,Kepler-764,,,1,1047.84,297.39312,47.16458,,5557,0.89,0.92,,,7.33684,,1.64,,,Transit,2016
HD 13189 b,HD 13189,10085,13189,1,497.823,32.4174,32.31645,,4175,38.41,2.24,,1.25,471.60001,0.27,,3480.238,,Radial Velocity,2005
HD 132406 b,HD 132406,73146,132406,1,70.783,224.22761,53.38096,,,,0.973,,,908,0.25,,1887.901,,Radial Velocity,2007
HD 132563 b,HD 132563,73261,132563,3,105.155,224.58929,44.04286,,6289,1.296,1.231,0.3741,2.62,1544,0.22,,473.547,,Radial Velocity,2011
HD 134060 b,HD 134060,74273,134060,1,24.012,227.68476,-61.42237,G3 IV,5966,,1.095,0.1584,0.0444,3.2696,0.45,,10.1,,Radial Velocity,2019
HD 134060 c,HD 134060,74273,134060,1,24.012,227.68476,-61.42237,G3 IV,5966,,1.095,0.1584,2.3928,1291.5646,0.11,,29.29,,Radial Velocity,2019
HD 134987 b,HD 134987,74500,134987,1,26.18,228.36754,-25.30967,,5736,1.22,1.1,,0.81,258.17999,0.23,,511.706,,Radial Velocity,1999
HD 134987 c,HD 134987,74500,134987,1,26.18,228.36754,-25.30967,G5 V,5585,1.25,1.1,0.2553,5.8,5000,0.12,,260,,Radial Velocity,2009
HD 136352 b,HD 136352,75181,136352,1,14.682,230.44011,-48.31882,,5664,1.058,0.87,0.0162,0.0964,11.57797,0,1.664,4.72,905,Radial Velocity,2019
HD 136352 c,HD 136352,75181,136352,1,14.682,230.44011,-48.31882,,5664,1.058,0.87,0.0162,0.1721,27.59221,0,2.916,11.24,677,Radial Velocity,2019
HD 136352 d,HD 136352,75181,136352,1,14.682,230.44011,-48.31882,,5664,1.058,0.87,0.0162,0.425,107.245,0,2.562,8.82,431,Radial Velocity,2019
Kepler-112 b,Kepler-112,,,1,513.206,296.98114,43.2097,,5544,0.841,,,0.076,8.40888,,2.36,,,Transit,2014
HD 136418 b,HD 136418,74961,136418,1,105.168,229.77564,41.73242,,4989,3.78,1.48,,1.29,464.29999,0.25,,680.156,,Radial Velocity,2009
HD 137388 b,HD 137388,76351,137388,1,40.484,233.91508,-80.20442,,5181,0.88,0.68,,0.89,330,0.36,,63.566,,Radial Velocity,2011
HD 13808 b,HD 13808,10301,13808,1,28.23,33.17807,-53.74376,K2 V,5035,0.781,0.771,,0.10519,14.1815,0.071,,11.2,,Radial Velocity,2021
HD 13808 c,HD 13808,10301,13808,1,28.23,33.17807,-53.74376,K2 V,5035,0.781,0.771,,0.2554,53.753,0.156,,9.96,,Radial Velocity,2021
HD 13931 b,HD 13931,10626,13931,1,47.396,34.198,43.77221,,5867,1.25,1.3,,5.15,4218,0.02,,699.226,,Radial Velocity,2009
HD 139357 b,HD 139357,76311,139357,1,112.09,233.81736,53.92215,,,,2.69,,2.949,1124.79139,0.099,,6315.568,,Radial Velocity,2008
HD 141937 b,HD 141937,77740,141937,1,33.362,238.07356,-18.43597,G1 V,5870,1.03,1.09,,1.54,662.37,0.46,,3591.461,,Radial Velocity,2002
HD 142022 A b,HD 142022 A,79242,142022,2,34.28,242.54817,-84.23175,,5421,1.04,0.9,,2.93,1928,0.53,,1411.165,,Radial Velocity,2005
HD 142245 b,HD 142245,77783,142245,3,97.231,238.23424,15.43061,,4922,4.63,3.5,,2.78,1299,0,,975.738,,Radial Velocity,2011
HD 142415 b,HD 142415,78169,142415,1,35.532,239.41899,-60.20069,,5940,1.04,1.07,,1.06,386.29999,0.5,,530.776,,Radial Velocity,2003
Kepler-267 b,Kepler-267,,,1,264.993,299.83057,47.15757,,4258,0.555,,,0.037,3.35373,,1.98,,,Transit,2014
HD 142 b,HD 142,522,142,2,26.185,1.58368,-49.07536,,,,1.21,,1.039,351.43394,0.158,,396.968,,Radial Velocity,2001
HD 143361 b,HD 143361,78521,143361,1,68.515,240.45884,-44.43506,,5507,0.916,0.968,,1.988,1039.15,0.197,,1122.576,,Radial Velocity,2008
HD 145377 b,HD 145377,79346,145377,1,53.488,242.90197,-27.07812,,6014,1.05,1.2,,0.45,103.95,0.31,,1913.337,,Radial Velocity,2008
HD 145457 b,HD 145457,79219,145457,1,135.292,242.51622,26.74291,,4757,9.9,1.9,1.6551,0.762,176.13,0.111,,888.013,,Radial Velocity,2010
HD 1461 b,HD 1461,1499,1461,1,23.453,4.67626,-8.05362,G0 V,5765,,1.02,,0.0634,5.77152,0.172,,6.44,,Radial Velocity,2010
HD 1461 c,HD 1461,1499,1461,1,23.453,4.67626,-8.05362,G0 V,5765,,1.02,,0.1117,13.5052,0.305,,5.59,,Radial Velocity,2015
HD 147018 b,HD 147018,80250,147018,1,40.426,245.749,-61.69013,G9 V,5441,,0.927,,0.2388,44.236,0.469,,674,,Radial Velocity,2009
HD 147018 c,HD 147018,80250,147018,1,40.426,245.749,-61.69013,G9 V,5441,,0.927,,1.922,1008,0.133,,2080,,Radial Velocity,2009
HD 147513 b,HD 147513,80337,147513,2,12.903,246.00579,-39.19297,,5883,,1.11,-0.01,1.32,528.4,0.26,,385,,Radial Velocity,2003
HD 148156 b,HD 148156,80680,148156,1,57.129,247.0723,-46.31751,,6308,1.21,1.22,0.2504,2.45,1027,0.52,,270.144,,Radial Velocity,2009
HD 148427 b,HD 148427,80687,148427,1,71.35,247.11713,-13.39962,K0 III- IV,5025,3.86,1.64,,1.11,331.9,0.12,,381.394,,Radial Velocity,2009
HD 149026 b,HD 149026,80838,149026,1,75.864,247.62298,38.34753,,6179,1.41,1.42,,,2.87589,0,8.295,120.775,,Radial Velocity,2005
HD 149143 b,HD 149143,81022,149143,1,73.28,248.21267,2.08445,G0,5856,1.44,1.2,0.35,0.053,4.07182,0.017,,422.714,,Radial Velocity,2005
HD 1502 b,HD 1502,1547,1502,1,190.953,4.82144,14.05468,,4947,4.67,1.46,,1.262,428.5,0.031,,874.033,,Radial Velocity,2011
HD 152079 b,HD 152079,82632,152079,1,87.889,253.37323,-46.33336,,5907,1.128,1.147,,4.187,2918.92,0.532,,845.746,,Radial Velocity,2009
HD 152581 b,HD 152581,82651,152581,1,165.76,253.43165,11.97368,,5027,5.14,1.3,,1.66,686.5,0.04,,594.024,,Radial Velocity,2011
HD 153950 b,HD 153950,83547,153950,1,48.455,256.12928,-43.31038,,6124,1.28,1.25,,1.28,499.39999,0.34,,937.598,,Radial Velocity,2008
HD 154345 b,HD 154345,83389,154345,1,18.284,255.65246,47.08555,G8,,,0.89,,4.158,3280,0.058,,376.944,,Radial Velocity,2006
HD 154672 b,HD 154672,83983,154672,1,63.048,257.5207,-56.4498,,5743,1.32,1.18,,0.6,163.94,0.61,,1706.747,,Radial Velocity,2008
HD 154857 b,HD 154857,84069,154857,1,63.448,257.81619,-56.68104,,5589,2.3,1.96,,1.29,408.60001,0.46,,778.683,,Radial Velocity,2004
HD 155358 b,HD 155358,83949,155358,1,43.62,257.39309,33.35493,,5905,1.38,1.15,,0.63,194.3,0.17,,314.652,,Radial Velocity,2007
HD 155358 c,HD 155358,83949,155358,1,43.62,257.39309,33.35493,G0,5900,,0.92,,1.02,391.9,0.16,,261,,Radial Velocity,2007
HD 156279 b,HD 156279,84171,156279,1,36.194,258.09667,63.35278,,,,0.94,,0.502,133.40355,0.647,,2997.758,,Radial Velocity,2011
HD 156411 b,HD 156411,84787,156411,1,56.865,259.96395,-48.55023,F8 IV/V,5900,2.16,1.25,0.731,1.88,842.2,0.22,,235.18,,Radial Velocity,2009
HD 156668 b,HD 156668,84607,156668,1,24.332,259.41835,29.22816,,4850,0.72,0.772,0.23,0.05,4.6455,0,,4.15,,Radial Velocity,2010
HD 156846 b,HD 156846,84856,156846,2,47.733,260.14234,-19.33436,,6090,1.9,1.38,,1.12,359.51001,0.85,,3391.246,,Radial Velocity,2007
HD 158038 b,HD 158038,85294,158038,1,94.862,261.43953,27.30307,,4860,4.5,1.3,,1.5,521,0.29,,486.28,,Radial Velocity,2011
HD 159868 b,HD 159868,86375,159868,1,55.85,264.74667,-43.14623,,5534,2.13,1.19,,2.32,1184.1,0.024,,704.947,,Radial Velocity,2006
HD 160691 b,HD 160691,86796,160691,1,15.598,266.03616,-51.83488,G3 IV-V,5773,1.33,1.13,,,645,,,1366.662,,Radial Velocity,2000
HD 160691 c,HD 160691,86796,160691,1,15.598,266.03616,-51.83488,G3 IV-V,5773,1.33,1.13,,,3947,,,1398.445,,Radial Velocity,2004
HD 160691 d,HD 160691,86796,160691,1,15.598,266.03616,-51.83488,G3 IV-V,5773,1.33,1.13,,,9.6392,,,,,Radial Velocity,2004
HD 160691 e,HD 160691,86796,160691,1,15.598,266.03616,-51.83488,G3 IV-V,5773,1.33,1.13,,,307.9,,,2224.799,,Radial Velocity,2006
HD 16141 b,HD 16141,12048,16141,2,37.786,38.83237,-3.56249,,5757,1.48,1.11,,0.36,75.523,0.25,,82.636,,Radial Velocity,2000
HD 16175 b,HD 16175,12191,16175,1,59.859,39.25774,42.06245,,5981,1.72,1.63,,2.12,990,0.6,,1620.933,,Radial Velocity,2009
HD 162020 b,HD 162020,87330,162020,1,30.825,267.65993,-40.31846,,4723,0.75,0.42,,0.08,8.4282,0.28,,3127.447,,Radial Velocity,2002
HD 163607 b,HD 163607,87601,163607,1,67.785,268.41814,56.39247,,5522,1.76,1.12,,0.362,75.2203,0.744,,249.052,,Radial Velocity,2012
HD 163607 c,HD 163607,87601,163607,1,67.785,268.41814,56.39247,,5522,1.76,1.12,,2.39,1272,0.08,,699.544,,Radial Velocity,2012
HD 16417 b,HD 16417,12186,16417,2,25.394,39.2441,-34.57909,G1 V,,,1.2,,0.14,17.24,0.2,,22.1,,Radial Velocity,2008
HD 164509 b,HD 164509,88268,164509,2,53.112,270.38008,0.10447,G5,5859,1.11,1.12,0.12,0.87,280.17,0.238,,140.799,,Radial Velocity,2012
HD 164604 b,HD 164604,88414,164604,1,39.363,270.77872,-28.56083,K3.5 V,4663,0.78,0.77,-0.585,1.362,653.9,0.479,,4195.335,,Radial Velocity,2009
HD 164922 b,HD 164922,88348,164922,1,22.002,270.63047,26.31041,,5390,0.946,0.926,-0.1487,2.16,1207,0.08,,116,,Radial Velocity,2005
HD 167042 b,HD 167042,89047,167042,1,49.663,272.63263,54.28762,K1 IV,4919,4.63,1.39,1.0569,1.22,417.67,0.01,,444.006,,Radial Velocity,2007
HD 168443 b,HD 168443,89844,168443,1,39.624,275.01599,-9.59669,,,,0.98,,0.292,58.11187,0.53,,2424.395,,Radial Velocity,1998
HD 168443 c,HD 168443,89844,168443,1,39.624,275.01599,-9.59669,,,,0.98,,2.842,1753.1096,0.21,,5500.338,,Radial Velocity,2000
HD 168746 b,HD 168746,90004,168746,1,41.568,275.45733,-11.92298,,5570,1.09,1.07,,0.07,6.404,0.11,,85.814,,Radial Velocity,2002
HD 1690 b,HD 1690,1692,1690,1,752.615,5.30559,-8.28114,,4374,21.66,1.86,,1.36,533,0.64,,2793.726,,Radial Velocity,2010
HD 169830 b,HD 169830,90485,169830,1,37.605,276.95619,-29.81679,,,,1.17,,0.765,225.67372,0.294,,804.424,,Radial Velocity,2000
HD 169830 c,HD 169830,90485,169830,1,37.605,276.95619,-29.81679,,,,1.17,,3.075,1818.82339,0.246,,2437.426,,Radial Velocity,2003
HD 170469 b,HD 170469,90593,170469,2,60.178,277.29554,11.69542,,5842,1.24,1.1,,2.24,1145,0.11,,209.768,,Radial Velocity,2007
HD 17092 b,HD 17092,,17092,1,228.422,41.59243,49.65304,,4326,13.58,6.73,,1.31,359.89999,0.17,,3219.618,,Radial Velocity,2007
Kepler-762 b,Kepler-762,,,1,1898.26,291.27566,47.32951,,5944,1.08,1.06,,,3.77055,,12.68,,,Transit,2016
HD 171028 b,HD 171028,,171028,1,111.659,278.06437,6.94568,,5671,2.47,1.53,,1.32,550,0.59,,832.715,,Radial Velocity,2007
HD 171238 b,HD 171238,91085,171238,1,44.811,278.68184,-28.07278,G8 V,,,0.92,-0.2027,2.518,1515,0.358,,2796.89,,Radial Velocity,2009
HD 17156 b,HD 17156,13192,17156,1,78.086,42.43661,71.75309,,6046,1.517,1.285,0.4409,0.1632,21.21643,0.677,12.263,1036.121,888,Radial Velocity,2007
HD 173416 b,HD 173416,91852,173416,1,132.184,280.90057,36.55686,G8,4683,13.5,2,1.892,1.158,322.03,0.208,,585.122,,Radial Velocity,2008
HD 175167 b,HD 175167,93281,175167,1,71.086,285.00339,-69.94507,,,,1.09,,,1175,0.51,,4703.86,,Radial Velocity,2009
HD 175541 b,HD 175541,92895,175541,1,129.603,283.92032,4.26493,,5013,4.19,1.39,,0.975,298.43,0.11,,190.062,,Radial Velocity,2007
HD 177830 b,HD 177830,93746,177830,2,62.767,286.33636,25.92043,,4901,3.26,1.7,,1.14,410.10001,0.1,,537.133,,Radial Velocity,1999
HD 177830 c,HD 177830,93746,177830,2,62.767,286.33636,25.92043,,4949,2.62,1.47,0.685,0.5137,110.9,0.3,,47.672,,Radial Velocity,2010
HD 178911 B b,HD 178911 B,94075,178911,3,40.973,287.26321,34.6007,,5588,1.08,1.24,,0.34,71.484,0.11,,2552.175,,Radial Velocity,2001
HD 179079 b,HD 179079,94256,179079,1,69.712,287.79037,-2.63877,G5 IV,5646,1.63,1.14,0.38,0.1214,14.479,0.049,,25.744,,Radial Velocity,2008
HD 179949 b,HD 179949,94645,179949,1,27.457,288.88902,-24.17979,,6168,,1.21,,0.0443,3.09251,0.022,,291.12,,Radial Velocity,2000
HD 180902 b,HD 180902,94951,180902,2,104.577,289.82396,-23.55824,,4961,4.16,1.41,,1.4,510.9,0.107,,535.544,,Radial Velocity,2009
HD 181342 b,HD 181342,95124,181342,1,120.391,290.26741,-23.6197,,4945,4.71,1.69,,1.592,564.1,0.022,,807.288,,Radial Velocity,2009
HD 181433 b,HD 181433,95467,181433,1,26.876,291.28737,-66.46778,,,,0.86,,0.0828,9.3745,0.396,,7.22,,Radial Velocity,2008
HD 181433 c,HD 181433,95467,181433,1,26.876,291.28737,-66.46778,,,,0.86,,1.885,1018.5,0.24,,235.5,,Radial Velocity,2008
HD 181433 d,HD 181433,95467,181433,1,26.876,291.28737,-66.46778,,,,0.86,,6.74,6896.1,0.444,,206.91,,Radial Velocity,2008
HD 181720 b,HD 181720,95262,181720,1,60.205,290.72122,-32.92084,,5736,1.5,1.03,,1.85,956,0.26,,127.132,,Radial Velocity,2009
HD 183263 b,HD 183263,95740,183263,1,54.196,292.1023,8.35792,,,,1.06,,1.46,624.87404,0.383,,1103.182,,Radial Velocity,2004
HD 183263 c,HD 183263,95740,183263,1,54.196,292.1023,8.35792,,,,1.06,,5.585,4667.97841,0.051,,2958.982,,Radial Velocity,2008
HD 185269 b,HD 185269,96507,185269,3,51.992,294.29877,28.49951,,5923,2,1.3,,0.077,6.83776,0.229,,321.008,,Radial Velocity,2006
HD 187085 b,HD 187085,97546,187085,1,45.899,297.39157,-37.78099,,6117,1.27,1.189,,2.1,1019.74,0.251,,265.706,,Radial Velocity,2006
HD 187123 b,HD 187123,97336,187123,1,45.955,296.74288,34.41899,,5790,1.15,1.04,0.1271,0.0426,3.09658,0.01,,166.218,,Radial Velocity,1998
HD 187123 c,HD 187123,97336,187123,1,45.955,296.74288,34.41899,,5790,1.15,1.04,0.1271,4.89,3810,0.252,,632.46,,Radial Velocity,2008
HD 18742 b,HD 18742,13993,18742,1,162.685,45.04431,-20.8027,,4940,5.13,1.36,,1.82,766,0.04,,1080.622,,Radial Velocity,2011
HD 188015 b,HD 188015,97769,188015,2,50.671,298.01919,28.09998,,5746,,1.09,,1.203,461.2,0.137,,476.72,,Radial Velocity,2004
HD 189733 b,HD 189733,98505,189733,2,19.764,300.18212,22.70978,,5052,0.75,0.79,,,2.21858,0,12.666,359.148,,Radial Velocity,2005
HD 190360 b,HD 190360,98767,190360,2,16.007,300.90925,29.89454,G,,1.201,0.991,,3.963,2892,0.318,,533.952,,Radial Velocity,2003
HD 190360 c,HD 190360,98767,190360,2,16.007,300.90925,29.89454,G,,1.201,0.991,,0.1296,17.1173,0.165,,25.426,,Radial Velocity,2005
HD 190647 b,HD 190647,99115,190647,1,54.474,301.83182,-35.53952,,5656,1.376,1.069,,2.231,1176.45,0.224,,630.893,,Radial Velocity,2007
HD 190984 b,HD 190984,99496,190984,1,148.187,302.87798,-64.62027,F8 V,5988,1.53,0.91,0.43,5.5,4885,0.57,,985.2,,Radial Velocity,2009
HD 192263 b,HD 192263,99711,192263,1,19.636,303.49909,-0.86576,,4976,0.74,0.66,,0.15,24.3556,0.05,,177.985,,Radial Velocity,1999
HD 192310 b,HD 192310,99825,192310,1,8.797,303.82847,-27.03376,,5166,,0.8,-0.4145,0.32,74.72,0.13,,16.9,355,Radial Velocity,2011
HD 192310 c,HD 192310,99825,192310,1,8.797,303.82847,-27.03376,,5166,,0.8,-0.4145,1.18,525.8,0.32,,24,185,Radial Velocity,2011
HD 192699 b,HD 192699,99894,192699,1,71.863,304.02484,4.58057,,5041,4.41,1.38,,1.063,340.94,0.082,,666.172,,Radial Velocity,2007
HD 195019 b,HD 195019,100970,195019,2,37.668,307.07924,18.76925,,5751,1.48,1.21,,0.14,18.20132,0.01,,1264.963,,Radial Velocity,1998
HD 196050 b,HD 196050,101806,196050,3,50.674,309.46378,-60.63476,G3 V,,,1.27,,2.65,1392,0.2,,1493.794,,Radial Velocity,2002
HD 196885 A b,HD 196885 A,101966,196885,2,34.169,309.96646,11.25002,,6254,1.31,1.28,0.38,2.37,1333,0.48,,819.97,,Radial Velocity,2007
HD 197037 b,HD 197037,101948,197037,2,33.194,309.88697,42.24759,F7 V,6150,,1.11,,2.07,1035.7,0.22,,251,,Radial Velocity,2012
HD 19994 b,HD 19994,14954,19994,3,22.524,48.19432,-1.1964,F8 V,6188,,1.365,,1.305,466.2,0.063,,435.41,,Radial Velocity,2003
HD 20003 b,HD 20003,14530,20003,1,41.832,46.90901,-72.32192,G8 V,5494,,0.875,-0.1427,0.0974,11.8482,0.36,,11.66,,Radial Velocity,2019
Kepler-1713 b,Kepler-1713,,,1,295.293,287.34567,43.37839,,6477,1.459,1.3,,,18.0116,,1.717,,,Transit,2021
Kepler-781 b,Kepler-781,,,1,1064.47,287.65359,47.41478,,5162,0.78,0.81,,,13.21407,,2.89,,,Transit,2016
HD 20003 c,HD 20003,14530,20003,1,41.832,46.90901,-72.32192,G8 V,5494,,0.875,-0.1427,0.1964,33.9239,0.1,,14.44,,Radial Velocity,2019
HD 200964 b,HD 200964,104202,200964,1,72.592,316.66642,3.80334,,4982,4.92,1.39,,1.565,606.3,0.087,,508.21,,Radial Velocity,2010
HD 200964 c,HD 200964,104202,200964,1,72.592,316.66642,3.80334,,4982,4.92,1.39,,1.96,852.5,0.243,,385.846,,Radial Velocity,2010
HD 202206 c,HD 202206,104903,202206,2,45.967,318.74052,-20.78973,G6 V,5766,1.04,1.07,,2.41,1260,0.22,,5689.157,,Radial Velocity,2004
HD 2039 b,HD 2039,1931,2039,1,85.692,6.08511,-56.64999,,5945,1.19,1.23,,2.2,1120,0.71,,1999.151,,Radial Velocity,2002
HD 204313 b,HD 204313,106006,204313,1,47.794,322.05106,-21.72742,,,,1.03,,3.185,2041.11539,0.1,,1466.778,,Radial Velocity,2010
HD 204313 c,HD 204313,106006,204313,1,47.794,322.05106,-21.72742,,,,1.03,,0.211,34.95875,0.059,,17.163,,Radial Velocity,2015
HD 204941 b,HD 204941,106353,204941,2,28.716,323.09667,-20.95796,,5026,0.78,0.58,,2.55,1733,0.37,,73.101,,Radial Velocity,2011
HD 205739 b,HD 205739,106824,205739,1,92.509,324.53513,-31.73784,,6176,1.33,1.22,0.36,0.896,279.8,0.27,,435.41,,Radial Velocity,2008
HD 206610 b,HD 206610,107251,206610,1,147.192,325.85376,-7.40825,,4842,6.12,1.55,,1.74,673.2,0.1,,647.102,,Radial Velocity,2009
Kepler-783 c,Kepler-783,,,1,516.09,291.06286,47.48479,,5411,0.872,0.94,-0.2309,,7.05395,,2.332,,,Transit,2020
HD 20781 b,HD 20781,15526,20781,2,35.971,50.01398,-28.78412,K0 V,5256,,0.7,-0.3098,0.0529,5.3135,0.1,,1.93,,Radial Velocity,2019
HD 20781 c,HD 20781,15526,20781,2,35.971,50.01398,-28.78412,K0 V,5256,,0.7,-0.3098,0.1004,13.8905,0.09,,5.33,,Radial Velocity,2019
HD 20782 b,HD 20782,15527,20782,2,35.986,50.01662,-28.85435,,5782,1.127,1.04,0.1067,1.3649,597.0643,0.95,,472.83,,Radial Velocity,2006
HD 20794 b,HD 20794,15510,20794,1,6.003,49.99977,-43.06665,G6 V,5368,0.93,0.79,-0.1631,0.1257,18.314,0.064,,2.15,,Radial Velocity,2011
HD 20794 d,HD 20794,15510,20794,1,6.003,49.99977,-43.06665,G6 V,5368,0.93,0.79,-0.1631,0.3625,89.68,0.077,,2.98,,Radial Velocity,2011
HD 208487 b,HD 208487,108375,208487,1,45.147,329.33325,-37.76414,G2 V,6134,1.16,1.15,0.233,0.53,129.36,0.37,,146.201,,Radial Velocity,2004
HD 20868 b,HD 20868,15578,20868,1,47.722,50.17941,-33.72969,,4802,0.76,0.39,,0.95,380.85001,0.75,,397.288,,Radial Velocity,2008
HD 209458 b,HD 209458,108859,209458,1,48.302,330.79502,18.88424,,6091,1.19,1.23,,,3.52475,0,15.581,232.016,,Radial Velocity,1999
HD 210277 b,HD 210277,109378,210277,1,21.299,332.37481,-7.5506,,5538,1.07,1.01,,1.13,442.19,0.48,,410.001,,Radial Velocity,1998
HD 210702 b,HD 210702,109577,210702,1,54.196,332.96386,16.04048,K1 IV,4912,4.54,1.33,1.0354,1.079,355.5,0.071,,481.51,,Radial Velocity,2007
HD 212301 b,HD 212301,110852,212301,2,54.23,336.8804,-77.71832,,6239,1.16,1.55,,0.03,2.24571,0,,162.093,,Radial Velocity,2005
HD 212771 b,HD 212771,110813,212771,1,111.155,336.76241,-17.2641,,5003,5.27,1.56,,1.19,380.7,0.076,,759.614,,Radial Velocity,2009
HD 213240 b,HD 213240,111143,213240,2,40.871,337.75063,-49.4341,,5979,1.51,1.57,,1.89,882.70001,0.42,,1773.491,,Radial Velocity,2001
HD 215152 b,HD 215152,112190,215152,1,21.597,340.83809,-6.40207,K3 V,4935,0.73,0.77,,0.05764,5.75999,0,,1.819,,Radial Velocity,2018
HD 215152 c,HD 215152,112190,215152,1,21.597,340.83809,-6.40207,K3 V,4935,0.73,0.77,,0.06739,7.28243,0,,1.72,,Radial Velocity,2018
HD 215497 b,HD 215497,112441,215497,1,40.547,341.65271,-56.5998,,5110,0.85,0.67,,0.05,3.93404,0.16,,6.357,,Radial Velocity,2009
HD 215497 c,HD 215497,112441,215497,1,40.547,341.65271,-56.5998,K3 V,,,0.92,,1.31,566,0.47,,111.24,,Radial Velocity,2009
HD 216435 b,HD 216435,113044,216435,1,32.983,343.40947,-48.59863,,5999,,1.3,,2.56,1311,0.07,,400.4,,Radial Velocity,2002
HD 216437 b,HD 216437,113137,216437,1,26.69,343.66396,-70.0734,G1 V,,,1.22,,2.57,1359,0.31,,1334.879,,Radial Velocity,2002
HD 216770 b,HD 216770,113238,216770,1,36.663,343.97488,-26.65953,,5399,0.93,0.74,,0.46,118.45,0.37,,181.163,,Radial Velocity,2003
HD 21693 b,HD 21693,16085,21693,1,33.255,51.80405,-58.32327,G8 V,5430,,0.8,-0.2076,0.1455,22.6786,0.12,,8.23,,Radial Velocity,2019
HD 21693 c,HD 21693,16085,21693,1,33.255,51.80405,-58.32327,G8 V,5430,,0.8,-0.2076,0.2586,53.7357,0.07,,17.37,,Radial Velocity,2019
HD 217107 b,HD 217107,113421,217107,1,20.062,344.56472,-2.39545,G,,1.224,1.045,,0.07359,7.12702,0.128,,459.58,,Radial Velocity,1998
HD 217107 c,HD 217107,113421,217107,1,20.062,344.56472,-2.39545,G,,1.224,1.045,,5.922,5138.7,0.392,,1388.91,,Radial Velocity,2005
HD 217786 b,HD 217786,113834,217786,2,55.485,345.78381,-0.43036,,,,1.14,,2.446,1301.36009,0.311,,4402.559,,Radial Velocity,2011
HD 218566 b,HD 218566,114322,218566,1,28.827,347.29742,-2.26116,,4730,0.85,0.76,,0.69,225.7,0.3,,63.566,,Radial Velocity,2010
91 Aqr b,91 Aqr,114855,219449,3,44.03,348.9745,-9.08781,K0 III,4665,11,1.4,,0.7,181.4,0.027,,1017,,Radial Velocity,2013
HD 219828 b,HD 219828,115100,219828,1,73.114,349.6947,18.64575,,,,1.04,,0.049,3.83483,0.091,,19.07,,Radial Velocity,2007
HD 220773 b,HD 220773,115697,220773,1,50.51,351.61447,8.64289,F9,5940,,1.16,,4.94,3724.7,0.51,,460.8,,Radial Velocity,2011
HD 221287 b,HD 221287,116084,221287,1,55.923,352.83622,-58.20975,,6304,,1.25,0.2201,1.25,456.1,0.08,,982.05,,Radial Velocity,2007
HD 222582 b,HD 222582,116906,222582,2,42.159,355.46408,-5.98624,,5790,1.13,1.12,,1.34,572.38,0.73,,2660.237,,Radial Velocity,1999
HD 224693 b,HD 224693,118319,224693,1,93.501,359.97498,-22.428,G2 V,5894,1.93,1.31,0.61,0.191,26.6904,0.104,,222.481,,Radial Velocity,2006
HD 22781 b,HD 22781,17187,22781,1,32.603,55.20656,31.82589,K1,5027,,0.75,,1.167,528.07,0.819,,4338.2,,Radial Velocity,2011
HD 23079 b,HD 23079,17096,23079,1,33.459,54.92819,-52.91623,F9.5 V,5994,1.08,1.16,0.1303,,735.74,0.073,,845.424,,Radial Velocity,2001
HD 23127 b,HD 23127,17054,23127,1,93.856,54.84913,-60.07723,,5843,1.49,1.208,,2.37,1211.17,0.406,,485.326,,Radial Velocity,2006
HD 231701 b,HD 231701,96078,231701,1,108.877,293.01762,16.47436,F8 V,6101,1.53,1.21,0.47,0.567,141.63,0.13,,359.148,,Radial Velocity,2007
HD 23596 b,HD 23596,17747,23596,2,52.002,57.00186,40.53073,,,,1.1,,2.694,1535.11912,0.282,,3786.608,,Radial Velocity,2003
HD 240210 b,HD 240210,,240210,1,372.405,347.62192,57.02948,K3 III,4297,,0.82,1.55,1.16,501.75,0.15,,1655.82,,Radial Velocity,2009
HD 240237 b,HD 240237,114840,240237,1,933.377,348.92593,58.04322,,3926,71.23,8.76,,1.92,745.70001,0.4,,5050.319,,Radial Velocity,2011
Kepler-1738 b,Kepler-1738,,,1,1302.87,296.13135,47.43881,,6063,1.001,1.079,,,7.67463,,2.825,,,Transit,2021
HD 25171 b,HD 25171,18387,25171,2,55.615,58.95748,-65.18632,,6125,1.23,1.076,,2.971,1802.29,0.042,,290.814,,Radial Velocity,2010
HD 2638 b,HD 2638,2350,2638,3,54.962,7.499,-5.76496,,5186,0.94,0.77,,0.04,3.4442,0,,133.489,,Radial Velocity,2005
HD 27442 b,HD 27442,19921,27442,2,18.27,64.12055,-59.30288,,4846,,1.23,,1.271,428.1,0.06,,495.8,,Radial Velocity,2000
HD 27894 b,HD 27894,20277,27894,1,43.821,65.19757,-59.40968,,,,0.81,,0.125,18.01939,0.047,,196.736,,Radial Velocity,2005
HD 28185 b,HD 28185,20723,28185,1,39.381,66.61005,-10.55108,,5602,1.048,0.974,-0.0132,1.034,385.92,0.063,,1859.296,,Radial Velocity,2001
HD 28254 b,HD 28254,20606,28254,2,55.288,66.21081,-50.62281,G5 V,,,1.1,,2.45,1333,0.95,,1207.748,,Radial Velocity,2010
HD 285968 b,HD 285968,21932,285968,1,9.47,70.73539,18.95336,M2 V,,,0.5,-1.658,0.066,8.7836,0,,8.4,450,Radial Velocity,2008
HD 28678 b,HD 28678,21109,28678,1,189.908,67.85606,4.57525,,4972,6.48,1.53,,1.18,380.2,0.149,,490.094,,Radial Velocity,2011
HD 290327 b,HD 290327,25191,290327,1,56.433,80.83999,-2.27804,,5505,0.95,0.84,,3.43,2443,0.08,,772.327,,Radial Velocity,2009
HD 30177 b,HD 30177,21850,30177,1,55.587,70.4771,-58.02081,,,,0.98,,3.604,2514.53422,0.207,,2670.712,,Radial Velocity,2002
HD 30562 b,HD 30562,22336,30562,1,26.16,72.15295,-5.67512,,5882,1.61,1.12,,2.34,1157,0.76,,387.753,,Radial Velocity,2009
HD 30856 b,HD 30856,22491,30856,2,131.199,72.57451,-24.36893,,4895,4.4,1.17,,1.85,847,0.061,,491.683,,Radial Velocity,2011
HD 31253 b,HD 31253,22826,31253,1,58.144,73.68229,12.35201,,6130,1.75,1.7,,1.26,466,0.3,,197.055,,Radial Velocity,2010
HD 31527 b,HD 31527,22905,31527,1,38.447,73.90962,-23.24132,G2 V,5898,,0.96,0.0792,0.1254,16.5535,0.1,,10.47,,Radial Velocity,2019
HD 31527 c,HD 31527,22905,31527,1,38.447,73.90962,-23.24132,G2 V,5898,,0.96,0.0792,0.2663,51.2053,0.04,,14.16,,Radial Velocity,2019
HD 31527 d,HD 31527,22905,31527,1,38.447,73.90962,-23.24132,G2 V,5898,,0.96,0.0792,0.8098,271.6737,0.24,,11.82,,Radial Velocity,2019
HD 32518 b,HD 32518,24003,32518,1,122.115,77.40376,69.63914,K1 III,4580,10.22,1.13,,0.594,157.35,0.028,,905.493,,Radial Velocity,2009
HD 330075 b,HD 330075,77517,330075,1,45.299,237.4055,-49.96392,,5000,0.84,0.47,,0.04,3.38773,0,,152.558,,Radial Velocity,2004
HD 33142 b,HD 33142,23844,33142,1,121.375,76.89806,-13.98634,K0 III,5025,4.17,1.52,1.0004,1.074,330,0.049,,400.464,,Radial Velocity,2011
HD 33283 b,HD 33283,23889,33283,2,89.862,77.00449,-26.79767,G3/G5 V,5935,1.97,1.38,0.64,0.1508,18.1991,0.399,,104.566,,Radial Velocity,2006
HD 33564 b,HD 33564,25110,33564,1,20.953,80.6379,79.23185,F6 V,6250,,1.25,,1.1,388,0.34,,2892.1,,Radial Velocity,2005
HD 34445 b,HD 34445,24681,34445,1,46.091,79.42075,7.35272,,5879,1.38,1.14,,2.07,1049,0.27,,260.621,,Radial Velocity,2009
HD 3651 b,HD 3651,3093,3651,1,11.134,9.83872,21.24888,,5221,,0.799,,0.295,62.25,0.645,,72.465,,Radial Velocity,2003
HD 37124 b,HD 37124,26381,37124,1,31.663,84.25999,20.72898,G4 V,,,0.85,,0.53364,154.378,0.054,,214.535,,Radial Velocity,2002
HD 37124 c,HD 37124,26381,37124,1,31.663,84.25999,20.72898,G4 V,,,0.85,,1.71,885.5,0.125,,207.225,,Radial Velocity,2002
HD 37124 d,HD 37124,26381,37124,1,31.663,84.25999,20.72898,G4 V,,,0.85,,2.807,1862,0.16,,221.21,,Radial Velocity,2005
HD 37605 b,HD 37605,26664,37605,1,46.786,85.00743,6.05951,K0,5329,0.91,0.94,-0.22,0.277,55.01292,0.674,,854.963,,Radial Velocity,2004
HD 38529 b,HD 38529,27253,38529,2,42.354,86.64514,1.16759,,,,0.98,,0.115,14.3099,0.256,,206.588,,Radial Velocity,2000
HD 38529 c,HD 38529,27253,38529,2,42.354,86.64514,1.16759,,,,0.98,,3.226,2127.60566,0.357,,3299.059,,Radial Velocity,2000
HD 38801 b,HD 38801,27384,38801,1,91.435,86.99631,-8.32803,,5338,2.029,1.207,,1.623,685.25,0.017,,3082.315,,Radial Velocity,2009
Kepler-1737 b,Kepler-1737,,,1,,297.01481,47.48642,,5043,0.881,0.834,,,64.6175,,5.395,,,Transit,2021
HD 39091 b,HD 39091,26394,39091,1,18.27,84.29928,-80.4646,,5998,1.17,1.07,,3.28,2088.8,0.642,,4481.381,,Radial Velocity,2001
HD 40307 b,HD 40307,27887,40307,1,12.936,88.51722,-60.02373,K2.5 V,4956,,0.77,-0.639,0.0468,4.3123,0.2,,4,,Radial Velocity,2009
HD 40307 c,HD 40307,27887,40307,1,12.936,88.51722,-60.02373,K2.5 V,4956,,0.77,-0.639,0.0799,9.6184,0.06,,6.6,,Radial Velocity,2009
HD 40307 d,HD 40307,27887,40307,1,12.936,88.51722,-60.02373,K2.5 V,4956,,0.77,-0.639,0.1321,20.432,0.07,,9.5,,Radial Velocity,2009
HD 40979 b,HD 40979,28767,40979,3,34.088,91.12533,44.25979,,6165,1.21,1.45,,0.85,264.14999,0.25,,1484.266,,Radial Velocity,2002
HD 41004 A b,HD 41004 A,28393,41004,2,36.691,89.9566,-48.23942,,,,,,,963,0.74,,807.25,,Radial Velocity,2004
HD 41004 B b,HD 41004 B,28393,41004,2,41.55,89.9566,-48.23941,M2 V,,,0.4,,,1.3283,0.081,,5838.29,,Radial Velocity,2003
HD 4113 b,HD 4113,3391,4113,3,41.873,10.80275,-37.98312,,,,1.008,,1.28,526.5239,0.899,,541.262,,Radial Velocity,2007
HD 4203 b,HD 4203,3502,4203,1,81.379,11.17223,20.44839,,5596,1.42,1.25,,1.17,431.88,0.52,,708.761,,Radial Velocity,2001
HD 4208 b,HD 4208,3479,4208,1,34.194,11.11255,-26.51504,,5717,0.846,0.883,,1.662,832.97,0.042,,257.442,,Radial Velocity,2001
Kepler-272 c,Kepler-272,,,1,889.608,299.12753,47.59383,,5297,0.929,,,0.061,6.05734,,1.79,,,Transit,2014
HD 4308 b,HD 4308,3497,4308,1,22.016,11.16526,-65.65272,,5686,1.02,0.93,,0.12,15.56,0,,15.892,,Radial Velocity,2005
HD 4313 b,HD 4313,3574,4313,1,136.308,11.41813,7.84505,,4943,5.14,1.63,,1.157,356.21,0.147,,612.458,,Radial Velocity,2009
HD 43197 b,HD 43197,29550,43197,1,62.411,93.39932,-29.89719,,,,0.96,,0.882,308.92072,0.742,,175.759,,Radial Velocity,2010
HD 43691 b,HD 43691,30057,43691,3,85.601,94.89461,41.09208,G0,6093,1.6,1.32,0.5,0.238,36.9987,0.08,,810.466,,Radial Velocity,2007
HD 44219 b,HD 44219,30114,44219,1,52.905,95.06,-10.72508,G3 V,,,1.2,,1.26,472,0.41,,184.34,,Radial Velocity,2010
HD 45184 b,HD 45184,30503,45184,1,21.953,96.18202,-28.78064,G1.5 V,5869,,1.03,0.0531,0.0644,5.8854,0.07,,12.19,,Radial Velocity,2019
HD 45350 b,HD 45350,30860,45350,1,46.873,97.19023,38.96273,,5566,1.264,0.98,0.1406,1.92,963.6,0.778,,568.89,,Radial Velocity,2004
HD 45364 b,HD 45364,30579,45364,1,34.354,96.41057,-31.481,K0 V,5466,0.89,0.82,-0.1959,0.6793,225.79,0.067,,60.165,,Radial Velocity,2008
HD 45364 c,HD 45364,30579,45364,1,34.354,96.41057,-31.481,K0 V,5466,0.89,0.82,-0.1959,0.902,345.43,0.019,,174.488,,Radial Velocity,2008
HD 45652 b,HD 45652,30905,45652,1,34.854,97.30587,10.93362,G8/K0,5294,0.94,0.92,-0.2,0.237,44.073,0.607,,137.62,,Radial Velocity,2008
HD 46375 b,HD 46375,31246,46375,2,29.553,98.30308,5.46251,,5285,,0.92,,0.0398,3.02357,0.063,,71.8,,Radial Velocity,2000
HD 47186 b,HD 47186,31540,47186,1,37.457,99.03672,-27.62343,,5657,1.08,0.96,,0.05,4.0845,0.04,,22.248,,Radial Velocity,2008
HD 47186 c,HD 47186,31540,47186,1,37.457,99.03672,-27.62343,,,,,,2.395,1353.6,0.249,,111.42,,Radial Velocity,2008
HD 47536 b,HD 47536,31688,47536,1,122.536,99.44896,-32.33945,K1 III,4380,23.47,2.1,,1.93,712.13,0.2,,2330,,Radial Velocity,2002
HD 48265 b,HD 48265,31895,48265,1,90.545,100.00737,-48.54183,,5733,1.901,1.312,,1.814,778.51,0.211,,484.691,,Radial Velocity,2008
HD 49674 b,HD 49674,32916,49674,1,43.04,102.87735,40.86723,,5602,1.02,1.03,,0.06,4.94737,0.09,,31.783,,Radial Velocity,2002
HD 50499 b,HD 50499,32970,50499,1,46.285,103.00808,-33.91527,,6102,1.351,1.253,,3.833,2447.1,0.266,,519.97,,Radial Velocity,2005
HD 50554 b,HD 50554,33212,50554,1,31.166,103.67827,24.24514,,5987,1.02,1.04,0.143,2.353,1293,0.501,,1574.464,,Radial Velocity,2002
HD 51608 b,HD 51608,33229,51608,1,35.055,103.71371,-55.26002,G7 V,5358,,0.8,-0.2441,0.1059,14.0726,0.09,,12.77,,Radial Velocity,2019
HD 51608 c,HD 51608,33229,51608,1,35.055,103.71371,-55.26002,G7 V,5358,,0.8,-0.2441,0.3809,95.9446,0.14,,14.31,,Radial Velocity,2019
Kepler-273 b,Kepler-273,,,1,713.964,291.30215,47.69766,,5626,0.815,,,0.037,2.93653,,1.5,,,Transit,2014
HD 52265 b,HD 52265,33719,52265,1,29.98,105.07464,-5.36681,,6136,,1.204,,0.52,119.27,0.27,,384.574,,Radial Velocity,2000
HD 5319 b,HD 5319,4297,5319,1,121.405,13.75581,0.78934,,4871,4.06,1.27,,1.57,637.1,0.092,,494.543,,Radial Velocity,2007
HD 5891 b,HD 5891,4715,5891,1,283.502,15.13832,20.29231,,4673,10.64,1.93,,0.64,177.11,0.07,,2425.043,,Radial Velocity,2011
HD 59686 A b,HD 59686 A,36616,59686,2,89.272,112.95186,17.08572,K2 III,4658,13.2,1.9,,1.086,299.36,0.05,,2199.384,,Radial Velocity,2016
HD 60532 b,HD 60532,36795,60532,1,25.972,113.51307,-22.29587,,6245,2.57,1.5,,0.77,201.9,0.26,,336.9,,Radial Velocity,2008
HD 60532 c,HD 60532,36795,60532,1,25.972,113.51307,-22.29587,,6245,2.57,1.5,,1.6,600.1,0.03,,797.753,,Radial Velocity,2008
HD 62509 b,HD 62509,37826,62509,1,,116.32882,28.02613,,4893,,,,1.64,589.64,0.02,,731,,Radial Velocity,2006
HD 63454 b,HD 63454,37284,63454,1,37.689,114.84064,-78.27915,,4812,0.77,0.42,,0.04,2.81805,0,,79.457,,Radial Velocity,2005
HD 63765 b,HD 63765,38041,63765,1,32.538,116.95826,-54.26535,,5449,0.83,0.65,,0.94,358,0.24,,168.45,,Radial Velocity,2009
HD 6434 b,HD 6434,5054,6434,1,42.358,16.16634,-39.49049,,5769,1.12,1.1,,0.14,21.998,0.17,,155.737,,Radial Velocity,2003
Kepler-1739 b,Kepler-1739,,,1,783.666,296.23205,47.67886,,5757,0.762,0.865,,,7.34371,,2.431,,,Transit,2021
HD 65216 b,HD 65216,38558,65216,3,35.12,118.42096,-63.64669,,5612,,0.874,,1.301,577.6,0.27,,411.59,,Radial Velocity,2003
HD 66428 b,HD 66428,39417,66428,1,53.282,120.86917,-1.1636,,,,1.01,,3.395,2269.81726,0.471,,3478.95,,Radial Velocity,2005
HD 6718 b,HD 6718,5301,6718,1,51.344,16.9536,-8.23362,G5 V,5746,1.02,0.96,,3.53,2476,0.06,,762.788,,Radial Velocity,2009
HD 68988 b,HD 68988,40687,68988,1,60.845,124.59354,61.46085,,5932,1.19,1.28,,0.07,6.27711,0.12,,626.125,,Radial Velocity,2001
HD 69830 b,HD 69830,40693,69830,1,12.559,124.60101,-12.63642,,5385,,0.86,-0.22,0.0785,8.667,0.1,,10.2,,Radial Velocity,2006
HD 69830 c,HD 69830,40693,69830,1,12.559,124.60101,-12.63642,,5385,,0.86,-0.22,0.186,31.56,0.13,,11.8,,Radial Velocity,2006
HD 69830 d,HD 69830,40693,69830,1,12.559,124.60101,-12.63642,,5385,,0.86,-0.22,0.63,197,0.07,,18.1,,Radial Velocity,2006
HD 70573 b,HD 70573,,70573,1,59.182,125.70792,1.85911,G1-1.5 V,5737,,1,,1.76,851.8,0.4,,1900,,Radial Velocity,2007
HD 70642 b,HD 70642,40952,70642,1,29.276,125.36611,-39.70444,,5732,0.984,1.078,,3.318,2124.54,0.175,,633.435,,Radial Velocity,2003
HD 7199 b,HD 7199,5529,7199,1,36.153,17.69793,-66.18869,,5371,0.97,0.77,,1.36,615,0.19,,85.814,,Radial Velocity,2011
HD 72659 b,HD 72659,42030,72659,1,51.895,128.51281,-1.56863,G2 V,5929,1.36,1.033,,4.607,3549,0.239,,906.129,,Radial Velocity,2002
HD 73267 b,HD 73267,42202,73267,1,50.409,129.07351,-34.45945,,,,0.93,,2.229,1257.99159,0.261,,1321.531,,Radial Velocity,2008
HD 73526 b,HD 73526,42282,73526,1,97.24,129.31833,-41.31842,,5601,1.53,1.14,,0.65,188.3,0.19,,978.916,,Radial Velocity,2002
HD 73526 c,HD 73526,42282,73526,1,97.24,129.31833,-41.31842,,,,1.014,,1.03,379.1,0.28,,715.09,,Radial Velocity,2005
HD 73534 b,HD 73534,42446,73534,1,83.332,129.81534,12.95997,,4917,2.58,1.16,,2.99,1750,0.126,,353.427,,Radial Velocity,2008
HD 74156 b,HD 74156,42723,74156,1,57.603,130.60478,4.57723,,,,1.1,,0.28,51.63564,0.636,,532.363,,Radial Velocity,2003
HD 74156 c,HD 74156,42723,74156,1,57.603,130.60478,4.57723,,,,1.1,,3.678,2448.48726,0.377,,2753.983,,Radial Velocity,2003
HD 7449 b,HD 7449,5806,7449,2,38.662,18.62147,-5.04797,,,,1.196,,2.438,1270.55195,0.752,,2597.929,,Radial Velocity,2011
HD 75289 b,HD 75289,43177,75289,2,29.116,131.91817,-41.73777,,6117,1.23,1.29,,0.05,3.50927,0.03,,155.737,,Radial Velocity,1999
HD 75898 b,HD 75898,43674,75898,1,78.05,133.4612,33.05669,F8 V,6122,,1.295,,1.2025,422.82,0.105,,810.462,,Radial Velocity,2007
HD 76700 b,HD 76700,43686,76700,1,60.883,133.47822,-66.80047,,5644,1.37,0.99,,0.05,3.97097,0.09,,66.744,,Radial Velocity,2002
HD 7924 b,HD 7924,6379,7924,1,16.992,20.49566,76.71015,,5131,0.78,0.65,,0.06,5.39792,0.06,,6.357,,Radial Velocity,2008
HD 79498 b,HD 79498,45406,79498,2,48.949,138.78858,23.37488,G5,5748,1.05,1.08,0.03,2.98,1807,0.575,,425.892,,Radial Velocity,2011
HD 80606 b,HD 80606,45982,80606,2,66.471,140.65695,50.60378,,5565,1.05,1.05,,0.4603,111.43676,0.932,11.568,1323.469,,Radial Velocity,2001
HD 81040 b,HD 81040,46076,81040,1,34.434,140.9455,20.36461,G2/G3,,,0.99,-0.0768,1.946,1002.7,0.525,,2301.078,,Radial Velocity,2005
HD 81688 b,HD 81688,46471,81688,1,85.718,142.16658,45.60092,K0 III-IV,4797,11.13,1.07,1.7803,0.648,183.93,0.04,,525.688,,Radial Velocity,2007
HD 82886 b,HD 82886,47087,82886,1,127.061,143.93835,34.78059,,4953,5.26,2.53,,1.58,705,0.07,,740.544,,Radial Velocity,2011
HD 82943 b,HD 82943,47007,82943,1,27.59,143.7114,-12.1303,,5935,1.183,1.08,0.1941,1.18306,441.47,0.162,,534.25,,Radial Velocity,2003
HD 82943 c,HD 82943,47007,82943,1,27.59,143.7114,-12.1303,,5935,1.183,1.08,0.1941,0.74345,220.078,0.366,,622.603,,Radial Velocity,2003
HD 83443 b,HD 83443,47202,83443,1,40.899,144.29941,-43.27272,K0 V,5442,0.94,1,-0.104,0.0406,2.98563,0.012,,127.767,,Radial Velocity,2002
HD 8535 b,HD 8535,6511,8535,2,55.44,20.90548,-41.2701,G0 V,6136,1.19,1.13,,2.45,1313,0.15,,216.124,,Radial Velocity,2010
HD 85390 b,HD 85390,48235,85390,1,33.523,147.51057,-49.79053,,5186,,0.758,,1.373,799.52,0.5,,31.465,,Radial Velocity,2009
HD 8574 b,HD 8574,6643,8574,1,44.826,21.30338,28.56602,,6064,1.38,1.34,,0.76,227,0.3,,645.195,,Radial Velocity,2002
HD 86081 b,HD 86081,48711,86081,2,103.936,149.02437,-3.80835,F8,5939,1.46,1.21,0.38,0.0346,2.13784,0.012,,470.388,,Radial Velocity,2006
HD 86226 b,HD 86226,48739,86226,1,45.683,149.12352,-24.09919,G1 V,5863,1.053,1.019,0.0719,2.73,1628,0.059,,143.024,176,Radial Velocity,2009
HD 86264 b,HD 86264,48780,86264,1,67.811,149.24093,-15.8954,,,,1.26,,2.763,1488.79123,0.821,,3117.261,,Radial Velocity,2009
HD 8673 b,HD 8673,6702,8673,2,37.862,21.53785,34.57934,,,,1.28,,2.97,1644.69097,0.73,,4210.591,,Radial Velocity,2009
HD 87883 b,HD 87883,49699,87883,1,18.291,152.17942,34.242,K0,,,0.8,-0.4711,3.77,3006,0.72,,2005.497,,Radial Velocity,2009
HD 88133 b,HD 88133,49813,88133,1,73.612,152.53193,18.18573,,5392,2.2,1.26,,0.0479,3.41488,0.031,,90.423,,Radial Velocity,2004
Kepler-782 b,Kepler-782,,,1,446.844,288.86825,47.75947,,5867,1.01,0.98,,,158.68533,,3.21,,,Transit,2016
HD 89307 b,HD 89307,50473,89307,1,32.01,154.5875,12.62094,,5955,1.1,1.27,,3.27,2166,0.2,,670.621,,Radial Velocity,2009
HD 89744 b,HD 89744,50786,89744,2,38.636,155.54332,41.22894,,6291,,1.86,,0.917,256.78,0.677,,2653.881,,Radial Velocity,1999
HD 90156 b,HD 90156,50921,90156,1,21.95,155.98011,-29.6451,,5599,,0.84,-0.1427,0.25,49.77,0.31,,17.98,,Radial Velocity,2009
HD 92788 b,HD 92788,52409,92788,1,34.654,160.70214,-2.18472,G6 V,5744,1.14,1.15,,0.97,325.803,0.35,,1195.041,,Radial Velocity,2000
HD 93083 b,HD 93083,52521,93083,1,28.516,161.08667,-33.57768,K2 IV-V,5034,0.837,0.836,-0.3904,0.508,144.72,0.118,,143.341,,Radial Velocity,2005
HD 9446 b,HD 9446,7245,9446,1,50.35,23.33504,29.26492,G5 V,5793,1,1,0.0414,0.189,30.052,0.2,,222.472,,Radial Velocity,2009
HD 9446 c,HD 9446,7245,9446,1,50.35,23.33504,29.26492,G5 V,5793,1,1,0.0414,0.654,192.9,0.06,,578.426,,Radial Velocity,2009
HD 95089 b,HD 95089,53666,95089,1,136.957,164.69875,1.72901,,4918,5.08,1.54,,1.36,464.4,0.119,,400.466,,Radial Velocity,2009
HD 96063 b,HD 96063,54158,96063,1,140.065,166.18535,-2.5133,,5020,4.75,1.37,,1.11,362.5,0.17,,403.644,,Radial Velocity,2011
HD 96127 b,HD 96127,54232,96127,1,587.659,166.4415,44.30155,K2 III,3943,35,0.91,,1.41,638.9,0.3,,1207.748,,Radial Velocity,2011
HD 96167 b,HD 96167,54195,96167,2,85.301,166.31257,-10.29134,,5733,1.94,1.27,,1.332,498.04,0.685,,227.884,,Radial Velocity,2009
HD 97658 b,HD 97658,54906,97658,1,21.562,168.63766,25.7106,K1 V,5212,0.728,0.85,-0.4547,,9.48971,0.05,2.12,8.3,751,Radial Velocity,2010
HD 98219 b,HD 98219,55174,98219,1,113.704,169.44752,-23.97549,,4925,4.6,1.41,,1.26,433.8,0.079,,624.218,,Radial Velocity,2011
HD 99109 b,HD 99109,55664,99109,1,54.79,171.07156,-1.52976,,5282,0.98,0.76,,1.11,439.29999,0.09,,139.845,,Radial Velocity,2005
HD 99492 b,HD 99492,55848,99492,2,18.204,171.68969,3.00713,K2 V,4929,,0.85,,,17.0503,0.034,,25.5,,Radial Velocity,2004
HD 99706 b,HD 99706,55994,99706,1,146.6,172.12616,43.9662,,4862,5.52,1.46,,1.98,841,0.25,,390.931,,Radial Velocity,2011
HIP 12961 b,HIP 12961,12961,,1,23.371,41.68007,-23.086,,3901,0.65,0.69,,0.25,57.435,0.17,,114.419,,Radial Velocity,2010
HIP 14810 b,HIP 14810,14810,,1,50.48,47.80927,21.09713,G5,5544,1.07,1.01,-0.01,0.0696,6.67389,0.144,,1239.537,,Radial Velocity,2005
HIP 14810 c,HIP 14810,14810,,1,50.48,47.80927,21.09713,G5,5544,1.07,1.01,-0.01,0.549,147.747,0.157,,416.357,,Radial Velocity,2006
HIP 14810 d,HIP 14810,14810,,1,50.48,47.80927,21.09713,G5,5544,1.07,1.01,-0.01,1.94,981.8,0.185,,187.52,,Radial Velocity,2009
Kepler-746 b,Kepler-746,,,1,,290.68221,37.35516,,5418,0.93,0.91,,,3.48159,,1.11,,,Transit,2016
HIP 5158 b,HIP 5158,5158,,1,51.603,16.50949,-22.45361,,4962,,0.78,-0.9586,0.89,345.72,0.52,,451,,Radial Velocity,2009
GJ 1148 b,GJ 1148,57050,,1,11.014,175.43261,42.75159,,3287,0.359,0.344,-1.8691,0.166,41.38,0.38,,96.7,,Radial Velocity,2010
HIP 57274 b,HIP 57274,57274,,1,25.862,176.17055,30.95765,,4510,0.78,0.29,,0.07,8.1352,0.19,,6.357,,Radial Velocity,2011
HIP 57274 c,HIP 57274,57274,,1,25.862,176.17055,30.95765,K4 V,4640,0.68,0.73,0.19,0.178,32.03,0.05,,130,,Radial Velocity,2011
HIP 57274 d,HIP 57274,57274,,1,25.862,176.17055,30.95765,K4 V,4640,0.68,0.73,0.19,1.01,431.7,0.27,,167.4,,Radial Velocity,2011
HIP 70849 b,HIP 70849,70849,,2,24.057,217.32708,-46.46468,K7 V,,,0.65,,3.99,3649,0.65,,1430.228,,Radial Velocity,2009
iot Dra b,iot Dra,75458,137759,1,31.328,231.23232,58.96614,K2 III,4504,11.79,1.54,1.7225,1.453,510.8544,0.701,,3756.732,,Radial Velocity,2002
HIP 78530 b,HIP 78530,78530,143567,1,136.759,240.48101,-21.98049,B9 V,10500,,2.5,,740,,,,7300,2700,Imaging,2010
HIP 79431 b,HIP 79431,79431,,1,14.532,243.17425,-18.87642,M3 V,3191,,0.49,,0.36,111.7,0.29,,667.415,,Radial Velocity,2009
HR 810 b,HR 810,12653,17051,1,17.318,40.64172,-50.79935,,6167,1.13,1.34,,0.92,302.79999,0.14,,721.474,,Radial Velocity,1999
HR 8799 b,HR 8799,114189,218396,1,41.244,346.87015,21.13404,A5 V,,,1.5,0.692,68,170000,,13,2000,,Imaging,2008
HR 8799 c,HR 8799,114189,218396,1,41.244,346.87015,21.13404,A5 V,,,1.5,0.692,38,69000,,13,3000,,Imaging,2008
HR 8799 d,HR 8799,114189,218396,1,41.244,346.87015,21.13404,A5 V,,,1.5,0.692,24,37000,,13,3000,,Imaging,2008
HR 8799 e,HR 8799,114189,218396,1,41.244,346.87015,21.13404,A5,7400,,,,16.4,,0.15,13.115,3178.3,1150,Imaging,2010
kap CrB b,kap CrB,77655,142091,1,30.065,237.808,35.65588,K0 III-IV,4840,4.68,1.33,1.0358,2.5,1253.68,0.04,,483.735,,Radial Velocity,2007
xi Aql b,xi Aql,97938,188310,1,56.186,298.56245,8.46111,K0 III,4841,10.86,1.74,1.7674,0.625,136.97,0.059,,616.905,,Radial Velocity,2007
Lupus-TR-3 b,Lupus-TR-3,,,1,773.409,232.57747,-42.97995,,5000,0.82,0.87,,0.0464,3.91405,0,9.976,257.431,,Transit,2007
MOA-2007-BLG-192L b,MOA-2007-BLG-192L,,,1,2160,272.01583,-27.15008,,,,0.28,,2.02,,,,12.49,,Microlensing,2008
MOA-2007-BLG-400L b,MOA-2007-BLG-400L,,,1,6890,272.42492,-29.22415,,,,0.69,,5.9,,,,540.308,,Microlensing,2008
MOA-2008-BLG-310L b,MOA-2008-BLG-310L,,,1,7700,268.56054,-34.77805,,,,0.21,,1.1,,,,23.4,,Microlensing,2009
MOA-2009-BLG-266L b,MOA-2009-BLG-266L,,,1,3040,267.00813,-35.00541,,,,0.56,,3.2,2800,,,10.4,,Microlensing,2011
MOA-2009-BLG-319L b,MOA-2009-BLG-319L,,,1,7050,271.74221,-26.81969,,,,0.524,,2.03,,,,67.3,,Microlensing,2010
MOA-2009-BLG-387L b,MOA-2009-BLG-387L,,,1,5690,268.46163,-33.99033,,,,0.19,,1.8,1980,,,830,,Microlensing,2010
BD-13 2130 b,BD-13 2130,,,1,925.214,114.28847,-13.90667,,4545,19.17,2.12,,1.66,714.29999,0.21,,3108.377,,Radial Velocity,2007
OGLE-2005-BLG-071L b,OGLE-2005-BLG-071L,,,1,3200,267.54071,-34.67319,,,,0.46,,3.6,,,,1200,55,Microlensing,2005
OGLE-2005-BLG-169L b,OGLE-2005-BLG-169L,,,1,4100,271.52217,-30.73264,,,,0.69,,3.5,,,,14.1,,Microlensing,2006
OGLE-2005-BLG-390L b,OGLE-2005-BLG-390L,,,1,6600,268.57996,-30.37731,,,,0.22,,2.6,3285,,,5.5,50,Microlensing,2005
OGLE-2006-BLG-109L b,OGLE-2006-BLG-109L,,,1,1510,268.14379,-30.08778,,,,0.51,,2.3,1788.5,,,231,,Microlensing,2008
OGLE-2006-BLG-109L c,OGLE-2006-BLG-109L,,,1,1510,268.14379,-30.08778,,,,0.51,,4.5,4927.5,0.15,,86,,Microlensing,2008
OGLE-2007-BLG-368L b,OGLE-2007-BLG-368L,,,1,5900,269.10817,-32.23742,,,,0.64,,2.8,,,,20,,Microlensing,2009
OGLE-2003-BLG-235L b,OGLE-2003-BLG-235L,,,1,5800,271.31813,-28.895,K V,,,0.63,,4.3,,,,830,,Microlensing,2004
OGLE2-TR-L9 b,OGLE2-TR-L9,,,1,1627.63,166.97988,-61.14625,,6933,1.53,1.52,,0.0308,2.48553,,18.046,1430.175,,Transit,2008
OGLE-TR-10 b,OGLE-TR-10,,,1,1344.97,267.86775,-29.87648,,5950,1.17,1.14,0.188,0.0434,3.10128,,14.011,197.046,,Transit,2004
OGLE-TR-111 b,OGLE-TR-111,,,1,1068.33,163.32412,-61.4057,,,0.83,,,0.0473,4.01445,,11.422,,,Transit,2004
OGLE-TR-113 b,OGLE-TR-113,,,1,566.459,163.10104,-61.44686,,4790,0.774,0.779,-0.529,0.02289,1.43248,,12.251,400.449,,Transit,2004
OGLE-TR-132 b,OGLE-TR-132,,,1,2012.62,162.64409,-61.95725,,6210,1.32,1.305,0.371,0.03035,1.68987,,13.45,375.02,2013,Transit,2004
OGLE-TR-182 b,OGLE-TR-182,,,1,2501.75,167.32792,-61.09526,,5924,1.14,1.14,,0.051,3.9791,0,12.666,320.995,,Transit,2007
OGLE-TR-211 b,OGLE-TR-211,,,1,1515.26,160.05982,-62.45554,,6325,1.64,1.33,,0.051,3.67724,0,15.244,327.351,,Transit,2007
OGLE-TR-56 b,OGLE-TR-56,,,1,,269.14796,-29.53922,,6050,1.363,1.228,0.35,0.02383,1.21192,,15.278,441.77,2212,Transit,2002
Kepler-743 b,Kepler-743,,,2,278.987,295.57423,42.80643,,5486,0.85,0.94,,,3.17926,,1.21,,,Transit,2016
PSR B1257+12 b,PSR B1257+12,,,1,600,195.0149,12.68235,,,,1.4,,0.19,25.262,0,,0.02,,Pulsar Timing,1994
PSR B1257+12 c,PSR B1257+12,,,1,600,195.0149,12.68235,,,,1.4,,0.36,66.5419,0.019,,4.3,,Pulsar Timing,1992
PSR B1257+12 d,PSR B1257+12,,,1,600,195.0149,12.68235,,,,1.4,,0.46,98.2114,,,3.9,,Pulsar Timing,1992
PSR B1620-26 b,PSR B1620-26,,,2,,245.90926,-26.53159,,,,1.35,,23,,,,794.575,,Pulsar Timing,2003
Qatar-1 b,Qatar-1,,,1,185.615,303.38187,65.16233,,5013,0.803,0.838,-0.4377,0.02332,1.42002,0,12.812,411.272,1418,Transit,2010
Qatar-2 b,Qatar-2,,,1,181.374,207.65549,-6.80407,,4645,0.776,0.743,,0.02153,1.33712,0,14.056,792.635,1344,Transit,2011
rho CrB b,rho CrB,78459,143761,1,17.467,240.26006,33.30019,G0,,,1,,,39.849,0.046,,347.995,,Radial Velocity,1997
SWEEPS-4 b,SWEEPS-4,,,1,,269.72467,-29.18906,,,1.18,1.24,,0.055,4.2,,9.079,1207.7,,Transit,2006
SWEEPS-11 b,SWEEPS-11,,,1,,269.75833,-29.19819,,,1.45,1.1,,0.03,1.796,,12.666,3082.82,,Transit,2006
tau Boo b,tau Boo,67275,120136,2,15.652,206.81346,17.45716,,6466,1.426,1.32,0.5055,0.049,3.31246,0.011,,1373.026,,Radial Velocity,1996
TrES-1 b,TrES-1,,,2,159.658,286.04088,36.63254,,5230,0.85,1.04,,,3.03007,0,12.666,266.977,,Transit,2004
TrES-3 b,TrES-3,,,1,231.337,268.02911,37.54633,,5650,0.829,0.928,-0.2041,0.02282,1.30619,0,14.975,607.03,,Transit,2007
TrES-4 b,TrES-4,,,2,515.98,268.30434,37.21174,,6200,1.66,1.08,,,3.55395,0,18.046,247.907,,Transit,2007
TrES-5 b,TrES-5,,,1,360.313,305.22195,59.4489,,5171,0.868,0.901,,0.02459,1.48225,,13.384,568.916,1480,Transit,2011
ups And b,ups And,7513,9826,2,13.405,24.19835,41.40381,F8 V,,1.56,1.3,,0.05922,4.61703,0.021,,218.531,,Radial Velocity,1996
ups And c,ups And,7513,9826,2,13.405,24.19835,41.40381,F8 V,,1.56,1.3,,0.82777,241.258,0.26,,629.595,,Radial Velocity,1999
ups And d,ups And,7513,9826,2,13.405,24.19835,41.40381,F8 V,,1.56,1.3,,2.51329,1276.46,0.299,,1313.22,,Radial Velocity,1999
USco CTIO 108 b,USco CTIO 108,,,1,144.019,241.47527,-18.31242,M7,2700,,0.06,-1.95,670,,,,4449.62,,Imaging,2008
V0391 Peg b,V0391 Peg,,,1,1195.98,331.05041,26.41882,,29300,0.23,0.5,,1.7,1170,0,,1017.056,,Pulsation Timing Variations,2007
WASP-10 b,WASP-10,,,1,140.998,348.99305,31.46275,,4675,0.698,0.75,,0.03781,3.09276,,12.106,1001.12,1370,Transit,2008
WASP-11 b,WASP-11,,,3,124.73,47.36895,30.67338,,4800,0.89,1.42,,,3.72247,0,12.442,251.086,,Transit,2008
WASP-12 b,WASP-12,,,3,427.246,97.63665,29.67227,,6265,1.69,1.325,,0.0234,1.09142,,22.026,,,Transit,2008
WASP-13 b,WASP-13,,,1,227.537,140.10297,33.88233,,5950,1.37,0.72,,,4.35301,0,13.675,114.419,,Transit,2009
WASP-14 b,WASP-14,,,3,161.997,218.27662,21.89469,,6475,1.4,1.62,,,2.24375,0.09,15.468,2809.617,,Transit,2008
WASP-15 b,WASP-15,,,1,282.091,208.92801,-32.15971,,6300,1.48,1.18,,,3.7521,0,15.805,171.628,,Transit,2009
WASP-16 b,WASP-16,,,1,194.134,214.68301,-20.27544,,5700,1.14,1.78,,,3.1186,0,13.675,394.109,,Transit,2009
WASP-17 b,WASP-17,,,1,405.908,239.96225,-28.06179,,6550,1.49,2.28,,,3.73543,0,20.961,247.907,,Transit,2009
WASP-18 b,WASP-18,7562,10069,2,123.483,24.35446,-45.67779,,6432,1.319,1.294,0.4281,0.02024,0.94145,0.005,13.899,3241.85,2429,Transit,2009
WASP-19 b,WASP-19,,,1,268.325,148.41677,-45.65911,,5616,1.006,0.965,-0.0433,0.01652,0.78884,0.013,15.861,366.774,2113,Transit,2009
WASP-1 b,WASP-1,,,2,393.072,5.16695,31.98997,,,1.47,1.24,0.4409,0.03889,2.51995,0,16.623,271.415,,Transit,2007
Kepler-747 b,Kepler-747,,,1,3347.16,288.41652,41.02982,,5096,0.78,0.82,,,35.61761,,5.27,,,Transit,2016
WASP-21 b,WASP-21,,,1,258.426,347.4928,18.39616,G3 V,,,,,0.052,4.32248,0,11.99,95.345,,Transit,2010
WASP-22 b,WASP-22,,,1,317.652,52.81804,-23.81979,,6000,1.24,1.46,,,3.53269,0.02,13.787,212.946,,Transit,2010
WASP-24 b,WASP-24,,,3,322.114,227.2155,2.34329,,6075,1.42,1.43,,,2.34121,0,15.468,394.109,,Transit,2010
WASP-25 b,WASP-25,,,1,211.416,195.35976,-27.52223,,5697,0.884,0.962,,,3.76483,,13.809,179.255,1217,Transit,2010
WASP-26 b,WASP-26,,,2,252.759,4.60304,-15.2674,,6034,1.22,0.86,,,2.7566,0,13.563,270.156,,Transit,2010
WASP-28 b,WASP-28,,,1,348.494,353.61627,-1.57998,,,1.083,0.993,,0.0442,3.40883,0,13.664,282.549,1456,Transit,2014
WASP-29 b,WASP-29,,,1,87.595,357.8792,-39.90712,,4800,0.79,0.77,,,3.92273,0.03,8.631,73.101,,Transit,2010
WASP-2 b,WASP-2,,,2,153.242,307.72556,6.42933,,5180,0.866,0.895,-0.3134,0.03144,2.15218,,12.117,295.9,1311,Transit,2007
WASP-31 b,WASP-31,,,1,383.829,169.43886,-19.05478,,6302,1.252,1.163,,0.04659,3.40591,0,17.363,151.916,,Transit,2010
WASP-32 b,WASP-32,,,1,275.994,3.96171,1.20051,,6140,0.95,0.72,,,2.71866,0,10.761,835.893,,Transit,2010
WASP-33 b,WASP-33,11397,15082,2,121.944,36.71274,37.55044,,7430,1.444,1.495,,0.0239,1.21987,,17.856,665.218,2782,Transit,2010
WASP-34 b,WASP-34,,,1,132.096,165.39937,-23.86095,,5700,0.91,0.96,,,4.31768,0.04,11.209,177.985,,Transit,2010
WASP-35 b,WASP-35,,,1,202.218,76.08189,-6.22978,,5990,1.08,1.05,,,3.16158,0,14.572,225.659,,Transit,2011
WASP-36 b,WASP-36,,,2,386.346,131.58039,-8.02699,,5959,0.985,1.081,,0.02677,1.53737,,14.874,750.397,1733,Transit,2011
WASP-37 b,WASP-37,,,1,392.791,221.94389,1.06502,,5800,1.003,0.925,-0.021,0.0446,3.57747,0,13.002,572.07,,Transit,2010
WASP-38 b,WASP-38,,146389,1,136.24,243.95972,10.03241,,6180,1.52,1.76,,,6.87188,0.03,13.787,1093.335,,Transit,2010
WASP-39 b,WASP-39,,,1,213.982,217.32665,-3.4445,,5485,0.939,0.913,,0.04828,4.05529,,14.336,89.31,1166,Transit,2011
WASP-3 b,WASP-3,,,3,231.161,278.63174,35.66143,,6400,1.44,1.62,,,1.84683,0,15.917,772.327,,Transit,2007
WASP-41 b,WASP-41,,,1,163.371,190.6188,-30.63982,,5545,0.83,0.81,,,3.0524,0,12.33,270.156,,Transit,2011
WASP-43 b,WASP-43,,,1,86.747,154.90819,-9.80644,,4400,0.6,0.58,,0.0142,0.81347,0,10.424,565.714,,Transit,2011
WASP-44 b,WASP-44,,,1,364.512,3.90327,-11.93826,G8 V,5420,0.906,0.935,-0.1978,0.03453,2.4238,,12.33,276.512,1337,Transit,2011
WASP-45 b,WASP-45,,,2,211.196,5.23776,-35.99847,,5150,0.855,0.85,-0.3356,0.03963,3.12609,,10.604,306.388,1153,Transit,2011
WASP-46 b,WASP-46,,,1,375.31,318.73701,-55.87186,G6 V,5600,0.858,0.828,,0.02335,1.43037,,13.159,607.055,1636,Transit,2011
WASP-48 b,WASP-48,,,1,454.144,291.16239,55.47303,,5920,1.58,0.88,,,2.14363,0,16.814,254.264,,Transit,2011
WASP-4 b,WASP-4,,,1,267.206,353.56291,-42.06178,,,0.912,0.899,,0.02261,1.33823,,15.121,381.394,1653,Transit,2007
WASP-50 b,WASP-50,,,1,184.848,43.68807,-10.89802,,5400,0.843,0.892,,0.0293,1.9551,,13.07,466.829,1395,Transit,2011
WASP-5 b,WASP-5,,,1,309.137,359.34903,-41.27722,,5700,1.029,0.96,,0.0267,1.62843,0.038,12.184,502.15,1706,Transit,2008
WASP-6 b,WASP-6,,,1,197.119,348.15713,-22.67412,,5438,0.79,0.854,,,3.361,,12.543,148.426,1167,Transit,2009
WASP-7 b,WASP-7,,197286,1,162.303,311.04276,-39.22549,,6400,1.432,1.276,,0.0617,4.95464,,14.908,305.117,1487,Transit,2008
WASP-8 b,WASP-8,,,2,89.961,359.90087,-35.03133,,5600,1.03,1.34,,,8.15872,0.31,12.666,807.288,,Transit,2010
XO-1 b,XO-1,,,1,163.553,240.54927,28.16962,,5750,0.88,0.88,,,3.94153,0,12.778,263.799,,Transit,2006
XO-2 N b,XO-2 N,,,2,154.273,117.02677,50.22515,G8 V,5290,0.998,0.96,,0.03666,2.61586,0,,188.79,,Transit,2007
XO-3 b,XO-3,,,1,213.053,65.46958,57.81721,,6970,1.523,1.449,0.692,0.04815,3.19152,0.279,14.796,4217.583,1890,Transit,2007
XO-4 b,XO-4,,,1,272.655,110.38803,58.26811,,6397,1.45,1.1,,,4.12508,0,14.011,451.319,,Transit,2010
XO-5 b,XO-5,,,1,276.211,116.71639,39.09447,,5430,1.13,1.04,,0.0515,4.18776,0,12.78,378.2,1230,Transit,2008
11 Com b,11 Com,60202,107383,2,93.185,185.17878,17.79325,G8 III,4874,13.76,2.09,1.9782,1.178,323.21,0.238,,4914.898,,Radial Velocity,2007
alf Ari b,alf Ari,9884,12929,1,20.21,31.79329,23.46242,,4553,13.9,1.5,,1.2,380.8,0.25,,572.07,,Radial Velocity,2010
CoRoT-16 b,CoRoT-16,,,1,732.409,278.52467,-6.0026,G5 V,5650,1.19,1.098,,0.0618,5.35227,0.33,13.11,170.032,,Transit,2011
FU Tau b,FU Tau,,,1,,65.8975,25.05067,M7.25,2838,,0.05,-0.699,800,,,,5085.28,2375,Imaging,2008
HD 106515 A b,HD 106515 A,59743,106515,2,34.092,183.77627,-7.25754,G5 V,,,0.89,-0.1637,4.48,3626,0.571,,6006.957,,Radial Velocity,2012
HD 166724 b,HD 166724,89354,166724,1,45.134,273.49886,-42.57572,K0 IV-V,5127,,0.81,-0.509,5.42,5144,0.734,,1121.89,,Radial Velocity,2012
HD 180314 b,HD 180314,94576,180314,1,122.362,288.70944,31.86044,,4917,9.2,2.6,1.6435,1.448,394.73,0.247,,7216.93,,Radial Velocity,2010
HD 196067 b,HD 196067,102125,196067,2,39.935,310.43642,-75.3515,G0 V,6072,1.71,1.16,0.549,4.71,3413.7,0.563,,3623.244,,Radial Velocity,2012
HD 220689 b,HD 220689,115662,220689,1,46.878,351.47073,-20.61679,,5921,1.068,1.016,,3.396,2266.4,0.054,,355.334,,Radial Velocity,2012
HD 27631 b,HD 27631,20199,27631,1,50.286,64.93922,-41.96066,,5737,0.923,0.944,,3.242,2198.14,0.141,,474.838,,Radial Velocity,2012
HD 38283 b,HD 38283,26380,38283,1,38.062,84.26053,-73.69981,,5981,1.49,1.37,,1.02,363.20001,0.41,,127.132,,Radial Velocity,2010
HD 65216 c,HD 65216,38558,65216,3,35.12,118.42096,-63.64669,,5612,,0.874,,5.75,5370,0.17,,645.195,,Radial Velocity,2013
HD 98649 b,HD 98649,55409,98649,1,42.173,170.21477,-23.21811,G3/G5 V,,,0.97,-0.0141,5.97,5384,0.852,,3082.936,,Radial Velocity,2012
HIP 5158 c,HIP 5158,5158,,1,51.603,16.50949,-22.45361,,4813,0.754,0.78,-0.5608,7.7,9017.76,0.14,,4780.163,,Radial Velocity,2011
Kepler-471 b,Kepler-471,,,1,1249.41,299.09752,43.49759,,6733,1.8,1.49,,,5.01423,,14.96,,,Transit,2016
HN Peg b,HN Peg,107350,206860,1,18.119,326.13157,14.77145,G0 V,,,,,773,,,11.777,6991.57,,Imaging,2006
HU Aqr AB b,HU Aqr,,,2,,316.9922,-5.29487,,,,0.88,,3.6,2390,0,,1875.197,,Eclipse Timing Variations,2011
HU Aqr AB c,HU Aqr,,,2,,316.9922,-5.29487,,,,0.88,,5.4,4368,0.51,,1430.235,,Eclipse Timing Variations,2011
LkCa 15 b,LkCa 15,,,1,158.152,69.82418,22.35087,,4194,1.607,,,14.7,,,,,,Imaging,2015
NN Ser c,NN Ser,,,2,515.818,238.2337,12.91209,WD,,,0.535,,,6987,0.089,,3086.114,,Eclipse Timing Variations,2010
NN Ser d,NN Ser,,,2,515.818,238.2337,12.91209,WD,,,0.535,,,2880,0.24,,696.044,,Eclipse Timing Variations,2010
nu Oph b,nu Oph,88048,163917,1,46.211,269.7566,-9.77413,K0 III,4887,12.24,2.61,1.8948,1.765,529.93,0.126,,6848.567,,Radial Velocity,2012
nu Oph c,nu Oph,88048,163917,1,46.211,269.7566,-9.77413,K0 III,4887,12.24,2.61,1.8948,5.829,3180.6,0.179,,7530.308,,Radial Velocity,2012
NY Vir b,NY Vir,,,2,544.024,204.70058,-2.03039,,32780,0.151,0.459,1.3751,,3160,0.15,,845.428,,Eclipse Timing Variations,2011
Oph 11 b,Oph 11,,,1,,245.60496,-24.08722,M9,2375,,0.016,-2.77,243,7300000,,,4449.62,2175,Imaging,2006
Kepler-749 b,Kepler-749,,,1,721.027,299.89733,43.90407,,5009,0.75,0.79,,,17.31717,,3.1,,,Transit,2016
Ross 458 c,Ross 458,63510,,2,11.509,195.19121,12.3756,,,,,,1100,,,14.011,1906.98,,Imaging,2010
SR 12 AB c,SR 12 AB,,,2,,246.83124,-24.69467,,,,,,,,,,4131.62,,Imaging,2010
tau Gem b,tau Gem,34693,54719,1,112.537,107.78472,30.24495,K2 III,4388,26.8,2.3,,1.17,305.5,0.031,,6547,,Radial Velocity,2013
WASP-23 b,WASP-23,,,1,207.49,101.1275,-42.76223,,5150,0.765,0.78,,0.0376,2.94443,0.062,10.783,280.95,,Transit,2010
KOI-55 b,KOI-55,,,1,1231.02,296.35619,41.09273,B,27730,0.203,0.496,1.36,0.006,0.2401,,0.759,0.44,,Orbital Brightness Modulation,2011
KOI-55 c,KOI-55,,,1,1231.02,296.35619,41.09273,B,27730,0.203,0.496,1.36,0.0076,0.34289,,0.867,0.655,,Orbital Brightness Modulation,2011
MOA-2010-BLG-477L b,MOA-2010-BLG-477L,,,1,2300,271.53101,-31.45448,,5950,,0.67,,2,,,,480,,Microlensing,2012
HD 142 c,HD 142,522,142,2,26.185,1.58368,-49.07536,,,,1.21,,9.811,10159.64279,0.277,,3464.647,,Radial Velocity,2012
HATS-1 b,HATS-1,,,1,283.971,175.52524,-23.35485,,5870,1.038,0.986,0.0414,0.0444,3.44646,0.12,14.594,589.55,1359,Transit,2012
WASP-78 b,WASP-78,,,1,754.258,63.75627,-22.11639,,6100,2.46,1.87,,,2.17518,0,21.633,352.791,,Transit,2012
Kepler-750 b,Kepler-750,,,1,1296.02,289.09683,44.00436,,6160,1.23,1.15,,,9.42887,,3.07,,,Transit,2016
WASP-79 b,WASP-79,,,1,246.69,66.3709,-30.60044,F5,6600,1.51,1.39,,0.0519,3.66239,0,17.15,270.154,1716,Transit,2012
KELT-1 b,KELT-1,,,1,268.43,0.3621,39.3838,,6516,1.471,1.335,0.545,0.02466,1.21751,0.01,12.442,8654.15,,Transit,2012
KELT-2 A b,KELT-2 A,29301,42176,2,134.058,92.66402,30.95713,,6327,1.93,1.54,,,4.11379,0,15.132,540.311,,Transit,2012
Kepler-36 b,Kepler-36,,,1,527.956,291.25019,49.23181,,5979,1.634,1.034,,,13.86825,0,1.498,3.83,,Transit,2012
GJ 3470 b,GJ 3470,,,1,29.421,119.7735,15.39121,,3600,0.547,0.539,,0.0355,3.33665,,4.57,13.9,594,Radial Velocity,2012
BD+20 274 b,BD+20 274,,,1,1322.51,25.92032,21.00527,K5 III,4296,17.3,0.8,1.96,1.3,578.2,0.21,,1334.886,,Radial Velocity,2012
HD 219415 b,HD 219415,,219415,1,165.184,348.72436,56.7303,K0 III,4820,2.9,1,0.62,3.2,2093.3,0.4,,317.83,,Radial Velocity,2012
Pr0201 b,Pr0201,,,1,180.64,130.4324,20.22682,,6174,1.15,1.24,,0.06,4.4264,0,,171.628,,Radial Velocity,2012
Pr0211 b,Pr0211,,,2,182.714,130.54774,19.27696,,5300,0.827,0.935,,0.03176,2.1461,0.011,,597.52,,Radial Velocity,2012
HD 77338 b,HD 77338,44291,77338,1,45.935,135.30225,-25.52823,,5341,0.97,1.37,,0.06,5.7361,0.09,,19.07,,Radial Velocity,2012
HD 207832 b,HD 207832,107985,207832,3,58.929,328.15179,-26.02717,G5 V,5726,0.89,1.05,-0.11,0.586,160.07,0.197,,177.985,,Radial Velocity,2012
HD 207832 c,HD 207832,107985,207832,3,58.929,328.15179,-26.02717,,5710,0.901,0.94,-0.112,2.112,1155.7,0.27,,232.016,,Radial Velocity,2012
HAT-P-39 b,HAT-P-39,,,2,697.004,113.75825,17.83003,,6430,1.625,1.404,0.607,0.0509,3.54387,0,17.609,190.372,1752,Transit,2012
HAT-P-40 b,HAT-P-40,,,1,464.469,335.51292,45.45734,,6080,1.94,1.03,,,4.45724,0,17.038,152.558,,Transit,2012
HAT-P-41 b,HAT-P-41,,,2,348.185,297.32265,4.67241,,6390,2.05,2.56,,,2.69405,0,22.978,378.218,,Transit,2012
HD 5608 b,HD 5608,4552,5608,2,58.111,14.55943,33.95058,K0 IV,4807,5.43,1.29,1.1547,1.79,768.7,0.11,,371.224,,Radial Velocity,2012
75 Cet b,75 Cet,11791,15779,2,82.961,38.03916,-1.03503,G3 III,4809,10.38,1.92,1.7145,1.912,696.62,0.093,,787.897,,Radial Velocity,2012
omi UMa b,omi UMa,41704,71369,2,54.915,127.56495,60.7177,G4 II-III,5075,13.84,2.72,2.0627,3.691,1569.81,0.149,,1160.392,,Radial Velocity,2012
omi CrB b,omi CrB,75049,136512,1,84.788,230.03508,29.61602,K0 III,4769,11.87,1.3,1.822,0.699,187.01,0.105,,355.968,,Radial Velocity,2012
WASP-42 b,WASP-42,,,1,177.291,192.9812,-42.07362,,5315,0.892,0.951,,0.0561,4.98168,,12.576,167.496,1021,Transit,2012
Kepler-751 b,Kepler-751,,,1,760.43,294.84381,44.07769,,5387,0.84,0.87,,,17.44491,,2.46,,,Transit,2016
WASP-47 b,WASP-47,,,1,264.78,331.20309,-12.01907,,,1.156,1.058,,,4.15915,0.001,12.86,374,,Transit,2012
WASP-49 b,WASP-49,,,2,194.553,91.08972,-16.96539,,5600,0.97,0.92,,,2.78174,0,12.442,117.597,,Transit,2012
WASP-55 b,WASP-55,,,2,297.462,203.7582,-17.5035,,6096,1.09,1.071,,,4.46563,,14.729,186.247,1342,Transit,2012
WASP-61 b,WASP-61,,,1,488.66,75.29966,-26.05414,,6250,1.55,1.82,,,3.8559,0,15.805,851.784,,Transit,2012
WASP-62 b,WASP-62,,,1,175.631,87.13982,-63.98833,,6230,1.23,1.11,,,4.41195,0,14.796,165.272,,Transit,2012
WASP-63 b,WASP-63,,,1,290.684,94.33636,-38.32338,,5550,1.86,1.28,,,4.37808,0,15.805,117.597,,Transit,2012
WASP-66 b,WASP-66,,,1,500.258,158.22503,-34.98991,,6600,1.76,1.33,,,4.08605,0,15.693,746.9,,Transit,2012
WASP-67 b,WASP-67,,,1,189.469,295.74385,-19.94973,,5200,0.88,0.91,,,4.61442,0,12.89,136.667,,Transit,2012
HAT-P-38 b,HAT-P-38,,,1,255.206,35.38349,32.24604,,5330,0.923,0.886,-0.208,0.0523,4.64038,0.067,9.247,84.857,1082,Transit,2012
Kepler-46 c,Kepler-46,,,1,777.06,289.26874,42.60418,,5155,0.938,0.902,-0.255,0.2799,57.011,0.015,,119.499,455,Transit Timing Variations,2012
Kepler-47 b,Kepler-47,,,2,1025.02,295.29789,46.92043,,,0.936,0.957,,0.2877,49.4643,0.021,3.05,2.07,,Transit,2012
Kepler-47 c,Kepler-47,,,2,1025.02,295.29789,46.92043,,,0.936,0.957,,0.9638,303.227,0.044,4.65,3.17,,Transit,2012
eps CrB b,eps CrB,78159,143107,1,69.868,239.39651,26.87762,K2 III,4406,21,1.7,,1.3,417.9,0.11,,2129.461,,Radial Velocity,2012
WTS-1 b,WTS-1,,,1,2346.01,293.98503,36.29629,F6 V,6250,1.15,1.2,,0.047,3.35206,0.1,16.7,1274.44,1500,Transit,2012
WASP-54 b,WASP-54,,,2,251.303,205.45425,-0.12817,,6100,1.76,1.08,,,3.69364,0.07,17.71,187.52,,Transit,2012
WASP-56 b,WASP-56,,,2,321.084,183.36604,23.05569,,5600,0.96,0.71,,,4.6171,0,10.536,143.024,,Transit,2012
WASP-57 b,WASP-57,,,1,398.276,223.81998,-2.05769,,5600,0.927,0.886,,0.03769,2.83892,,11.769,204.683,1338,Transit,2012
HD 4732 b,HD 4732,3834,4732,2,54.784,12.30851,-24.13691,K0 IV,4898,5.03,1.39,1.1183,1.129,371.74,0.266,,631.207,,Radial Velocity,2012
HD 4732 c,HD 4732,3834,4732,2,54.784,12.30851,-24.13691,K0 IV,4898,5.03,1.39,1.1183,4.725,3184.2,0.187,,1069.493,,Radial Velocity,2012
HD 37605 c,HD 37605,26664,37605,1,46.786,85.00743,6.05951,K0,5329,0.91,0.94,-0.22,3.74,2720,0.03,,1013.878,,Radial Velocity,2012
HD 40307 f,HD 40307,27887,40307,1,12.936,88.51722,-60.02373,K2.5 V,4956,,0.77,-0.639,0.247,51.76,0.02,,5.2,,Radial Velocity,2013
HD 40307 g,HD 40307,27887,40307,1,12.936,88.51722,-60.02373,K2.5 V,4956,,0.77,-0.639,0.6,197.8,0.29,,7.1,,Radial Velocity,2013
HD 66141 b,HD 66141,39311,66141,1,68.151,120.56628,2.33503,K2 III,4323,21.4,1.1,2.24,1.2,480.5,0.07,,1906.9,,Radial Velocity,2012
HD 208527 b,HD 208527,108296,208527,1,312.202,329.09994,21.23992,M1 III,4035,51.1,1.6,,2.1,875.5,0.08,,3146.4,,Radial Velocity,2012
HD 220074 b,HD 220074,115218,220074,1,324.54,350.05998,61.97011,,3787,54.92,2.2,,1.6,672.09998,0.14,,5288.691,,Radial Velocity,2012
WASP-52 b,WASP-52,,,1,174.818,348.49479,8.76108,K2 V,5000,0.79,0.87,,0.0272,1.74978,0,14.24,146.2,1315,Transit,2012
WASP-58 b,WASP-58,,,2,290.404,274.70125,45.17222,,5800,1.22,1.06,,,5.01718,0,16.029,308.295,,Transit,2012
WASP-59 b,WASP-59,,,1,115.936,349.62295,24.88928,K5 V,4650,0.613,0.719,,0.0697,7.91958,0.1,8.687,274.276,670,Transit,2012
WASP-60 b,WASP-60,,,1,431.052,356.66671,31.15591,,5900,1.17,1.19,,,4.305,0,9.864,174.806,,Transit,2012
WASP-77 A b,WASP-77 A,,,2,105.166,37.15552,-7.06067,,5617,0.91,0.903,-0.129,0.02323,1.36003,0.014,,529.311,,Transit,2012
GJ 676 A d,GJ 676 A,85647,,2,16.027,262.54489,-51.63778,,,,0.626,,0.039,3.60076,0.192,,3.814,,Radial Velocity,2012
GJ 676 A e,GJ 676 A,85647,,2,16.027,262.54489,-51.63778,,,,0.626,,0.181,35.47358,0.152,,6.674,,Radial Velocity,2012
kap And b,kap And,116805,222439,1,50.018,355.1026,44.33385,B9 IVn,11327,2.109,2.768,1.7966,,,,15.917,5498.431,1791,Imaging,2012
BD-06 1339 b,BD-06 1339,27803,,1,20.27,88.25118,-5.99634,K7/M0 V,4324,,0.7,-1.022,0.0428,3.8728,0,,8.5,,Radial Velocity,2013
BD-06 1339 c,BD-06 1339,27803,,1,20.27,88.25118,-5.99634,K7/M0 V,4324,,0.7,-1.022,0.435,125.94,0.31,,53,,Radial Velocity,2013
HD 103774 b,HD 103774,58263,103774,2,56.409,179.23107,-12.108,F5 V,6489,,1.335,0.544,0.07,5.8881,0.09,,116,,Radial Velocity,2013
HD 109271 b,HD 109271,61300,109271,1,55.872,188.3974,-11.62152,G5 V,5783,,1.047,0.301,0.079,7.8543,0.25,,17.162,,Radial Velocity,2013
HD 109271 c,HD 109271,61300,109271,1,55.872,188.3974,-11.62152,G5 V,5783,,1.047,0.301,0.196,30.93,0.15,,24.154,,Radial Velocity,2013
MOA-2010-BLG-073L b,MOA-2010-BLG-073L,,,1,2800,272.54726,-26.52293,,,,0.16,,1.21,,,,3500,,Microlensing,2012
HD 219077 b,HD 219077,114699,219077,1,29.186,348.53194,-62.70183,,,,0.92,,5.935,5478.68861,0.768,,3057.509,,Radial Velocity,2012
OGLE-2012-BLG-0026L b,OGLE-2012-BLG-0026L,,,1,4019,263.57792,-27.14275,,,,1.06,,4,,,,46.1,,Microlensing,2012
OGLE-2012-BLG-0026L c,OGLE-2012-BLG-0026L,,,1,4019,263.57792,-27.14275,,,,1.06,,4.8,,,,270,,Microlensing,2012
Kepler-68 d,Kepler-68,,,2,144.166,291.03231,49.04021,,5847,1.256,1.057,,1.469,632.62,0.102,,238.053,,Radial Velocity,2013
WASP-64 b,WASP-64,,,2,369.926,101.11492,-32.85839,G7,5400,1.058,1.004,-0.022,0.02648,1.57329,0,14.247,403.945,1689,Transit,2012
WASP-72 b,WASP-72,,,1,434.754,41.04008,-30.16908,,6250,2.18,2.78,,,2.21673,0,14.46,731.009,,Transit,2012
WASP-80 b,WASP-80,,,1,49.788,303.1668,-2.14444,,4143,0.586,0.577,,0.0344,3.06785,0.002,11.198,170.993,825,Transit,2012
WASP-71 b,WASP-71,,,1,362.715,29.26345,0.75882,,6050,1.82,0.76,,,2.90367,0,13.227,441.784,,Transit,2012
OGLE-2011-BLG-0251L b,OGLE-2011-BLG-0251L,,,1,2570,264.55908,-27.13614,M,,,0.26,,2.72,,,,170,,Microlensing,2012
HD 159868 c,HD 159868,86375,159868,1,55.85,264.74667,-43.14623,,5534,2.13,1.19,,1.032,351,0.184,,244.093,,Radial Velocity,2012
PH1 b,PH1,,,4,1033.16,298.21506,39.95509,F,6407,1.734,1.528,,0.652,138.317,0.07,6.18,169,481,Transit,2012
HD 222155 b,HD 222155,116616,222155,1,50.608,354.50256,48.99602,,5701,1.85,1.21,,5.14,3999,0.16,,673.8,,Radial Velocity,2011
HD 24040 b,HD 24040,17960,24040,1,46.622,57.59621,17.47529,,5802,1.3,1.11,,4.92,3668,0.04,,1226.824,,Radial Velocity,2006
ome Ser b,ome Ser,77578,141680,2,76.756,237.57324,2.1963,G8 III,4724,10.99,1.01,1.7338,0.838,278.59,0.18,,233.922,,Radial Velocity,2013
HD 2952 b,HD 2952,2611,2952,1,110.103,8.29384,54.89482,K0 III,4853,10.9,1.91,1.7678,1.117,312.08,0.269,,284.774,,Radial Velocity,2013
HD 120084 b,HD 120084,66903,120084,1,103.044,205.66199,78.06464,G7 III,4879,10.37,2.16,1.7378,4.21,2142,0.483,,2034.102,,Radial Velocity,2013
Kepler-19 c,Kepler-19,,,1,218.562,290.42097,37.85166,,5544,0.859,0.936,,,28.731,0.21,,13.1,,Transit Timing Variations,2011
BD+15 2940 b,BD+15 2940,78407,,1,426.42,240.09564,15.54675,K0,4796,14.7,1.1,2.01,0.539,137.48,0.26,,352.78,,Radial Velocity,2013
HD 233604 b,HD 233604,,233604,1,847.058,137.45351,53.5682,K5,4791,10.9,1.5,1.75,0.747,192,0.05,,2089.644,,Radial Velocity,2013
HD 95086 b,HD 95086,53524,95086,1,86.228,164.2621,-68.66729,,,,1.6,,55.7,,,,1589,1000,Imaging,2013
KELT-3 b,KELT-3,,,2,210.252,148.64312,40.38794,,6304,1.7,1.96,,,2.70339,0,17.486,616.59,,Transit,2013
Kepler-116 b,Kepler-116,,,1,955.168,294.74206,43.53678,,6142,1.454,,,0.069,5.96873,,3.42,,,Transit,2014
GJ 163 b,GJ 163,19394,,1,15.129,62.32284,-53.37118,,,,,,0.0607,8.63182,0.073,,10.6,,Radial Velocity,2013
GJ 163 c,GJ 163,19394,,1,15.129,62.32284,-53.37118,,,,,,0.1254,25.63058,0.099,,6.8,,Radial Velocity,2013
GJ 163 d,GJ 163,19394,,1,15.129,62.32284,-53.37118,,,,,,1.0304,603.95116,0.373,,29.4,,Radial Velocity,2013
DENIS-P J082303.1-491201 b,DENIS-P J082303.1-491201,,,1,,125.76207,-49.2003,L1.5,,,0.075,,0.36,246.36,0.345,,9057.77,,Astrometry,2013
HIP 63242 b,HIP 63242,63242,112410,1,156.456,194.38248,-65.64633,G8,4830,,1.54,1.63,0.565,124.6,0.23,,2917.56,,Radial Velocity,2013
GJ 667 C e,GJ 667 C,,,3,7.244,259.75106,-34.99777,M1.5 V,3350,,0.33,-1.863,0.213,62.24,0.02,,2.7,,Radial Velocity,2013
GJ 667 C f,GJ 667 C,,,3,7.244,259.75106,-34.99777,M1.5 V,3350,,0.33,-1.863,0.156,39.026,0.03,,2.7,,Radial Velocity,2013
GJ 667 C g,GJ 667 C,,,3,7.244,259.75106,-34.99777,M1.5 V,3350,,0.33,-1.863,0.549,256.2,0.08,,4.6,,Radial Velocity,2013
GJ 504 b,GJ 504,64792,115383,1,17.53,199.19235,9.42498,G0 V,6234,,1.22,0.332,43.5,,,,1271.3,510,Imaging,2013
Kepler-78 b,Kepler-78,,,2,124.376,293.74195,44.44825,,5058,0.748,0.779,,0.00901,0.35501,0,1.201,1.68,2223,Transit,2013
GJ 328 b,GJ 328,43790,,1,20.527,133.78195,1.542,M0.0,3897,0.63,0.65,-1.08,4.11,3771,0.227,,797.749,,Radial Velocity,2013
HD 203030 b,HD 203030,105232,203030,1,39.25,319.74322,26.23058,G8 V,,,,,,,,14.46,3496.112,1040,Imaging,2006
CHXR 73 b,CHXR 73,,,1,190.374,166.6194,-77.62587,M3.5,,,0.35,,210,,,,3994.486,,Imaging,2006
DH Tau b,DH Tau,,,1,134.846,67.42317,26.54939,M0.5,,0.27,0.33,,330,,,,3496,,Imaging,2004
CFBDSIR J145829+101343 b,CFBDSIR J145829+101343,,,1,,224.62083,10.22861,,580,,0.021,,2.6,10037.5,,,3337.1,370,Imaging,2011
2MASS J01225093-2439505 b,2MASS J01225093-2439505,,,1,33.828,20.7128,-24.66461,M3.5 V,3530,,0.4,-1.72,52,,,,7786.5,,Imaging,2013
WD 0806-661 b,WD 0806-661,,,1,19.244,121.72757,-66.30588,DQ,,,0.62,,2500,,,,2542.627,340,Imaging,2011
POTS-1 b,POTS-1,,,1,747.959,203.60873,-66.58116,K5 V,4400,0.588,0.695,,0.03734,3.16063,,10.548,734.16,,Transit,2013
HATS-2 b,HATS-2,,,1,341.925,176.73883,-22.56301,,,0.876,0.904,,0.02317,1.35413,,12.576,435.425,1550,Transit,2013
HATS-3 b,HATS-3,,,1,411.211,312.45749,-24.42869,F,6351,1.404,1.209,0.456,0.0485,3.54785,0,15.48,340.382,1648,Transit,2013
PSR J1719-1438 b,PSR J1719-1438,,,1,1200,259.79197,-14.6336,,4500,,1.4,,0.0044,0.09071,0.06,,382.8,,Pulsar Timing,2011
RR Cae b,RR Cae,,,2,21.192,65.27338,-48.65426,M,,,0.44,,5.3,4343.5,0,,1334.886,,Eclipse Timing Variations,2012
WASP-65 b,WASP-65,,,1,273.703,133.3243,8.52302,G6,5600,1.01,0.93,,0.0334,2.31142,0,12.464,492.62,1480,Transit,2013
WASP-75 b,WASP-75,,,2,294.001,342.3859,-10.67547,F9,6100,1.26,1.14,,0.0375,2.48419,0,14.235,340.06,1710,Transit,2013
HD 113337 b,HD 113337,63584,113337,3,36.18,195.44385,63.61033,,,,1.41,,1.022,317.58639,0.28,,1035.803,,Radial Velocity,2013
MOA-2011-BLG-293L b,MOA-2011-BLG-293L,,,1,7720,268.91396,-28.47685,,,,0.86,,1.1,,,,1500,,Microlensing,2012
HAT-P-42 b,HAT-P-42,,,1,405.238,135.34436,6.09708,,5743,1.53,1.178,0.356,0.0575,4.64188,0,14.348,331.801,1428,Transit,2012
HAT-P-43 b,HAT-P-43,,,1,528.825,128.92569,10.20659,,5693,1.08,1.03,,0.0444,3.33264,,13.63,,1353,Transit,2012
OGLE-2012-BLG-0358L b,OGLE-2012-BLG-0358L,,,1,1760,265.69488,-24.261,,,,0.022,,0.87,,,,588,,Microlensing,2013
ROXs 42 B b,ROXs 42 B,,,2,143.59,247.81255,-24.54558,M0,,,1,,157,,,,2860,1975,Imaging,2013
WISEP J121756.91+162640.2 A b,WISEP J121756.91+162640.2 A,,,1,,184.48712,16.4445,T8.5,575,0.091,0.029,,8,,,10.468,6992,450,Imaging,2012
MOA-2008-BLG-379L b,MOA-2008-BLG-379L,,,1,3300,269.706,-30.19693,K,,,0.56,,2.7,,,,1300,,Microlensing,2013
HD 13908 b,HD 13908,10743,13908,1,79.552,34.56091,65.59419,F8 V,6255,1.67,1.29,0.602,0.154,19.382,0.02,,274.91,,Radial Velocity,2013
HD 13908 c,HD 13908,10743,13908,1,79.552,34.56091,65.59419,F8 V,6255,1.67,1.29,0.602,2.03,931,0.12,,1630.4,,Radial Velocity,2013
HD 159243 b,HD 159243,85911,159243,1,73.305,263.33954,5.70083,G0 V,6123,1.12,1.125,0.114,0.11,12.62,0.02,,359.13,,Radial Velocity,2013
HD 159243 c,HD 159243,85911,159243,1,73.305,263.33954,5.70083,G0 V,6123,1.12,1.125,0.114,0.8,248.4,0.075,,603.9,,Radial Velocity,2013
HIP 91258 b,HIP 91258,91258,,1,45.885,279.22112,61.70151,,5519,0.89,0.97,,0.06,5.0505,0.02,,346.435,,Radial Velocity,2013
ROXs 12 b,ROXs 12,,,2,136.65,246.6168,-25.44669,M0,3850,,0.87,,210,,,,5085,,Imaging,2013
HD 106906 b,HD 106906,59960,106906,1,103.029,184.47133,-55.97558,F5 V,6516,,1.5,0.75,650,,,,3496,1800,Imaging,2013
OGLE-2012-BLG-0406L b,OGLE-2012-BLG-0406L,,,1,4970,268.32571,-30.47117,,,,0.44,,3.45,,,,868,,Microlensing,2013
Kepler-93 c,Kepler-93,,,1,95.912,291.41813,38.67231,,5669,0.92,0.91,,,1460,,,954,,Radial Velocity,2014
Kepler-94 c,Kepler-94,,,1,191.904,281.19473,47.49726,,4781,0.76,0.81,,,820.3,,,3126,,Radial Velocity,2014
Kepler-48 e,Kepler-48,,,1,306.738,299.13931,40.94894,,5194,0.89,0.88,,,982,,,657,,Radial Velocity,2014
Kepler-25 d,Kepler-25,,,2,243.249,286.63839,39.4879,,,1.316,1.165,,,122.4,0.13,,71.9,,Radial Velocity,2014
KOI-142 c,KOI-142,,,1,376.863,291.1481,40.66941,,5466,0.897,0.99,,,22.26492,0.057,,214.1,,Transit Timing Variations,2013
Kepler-97 c,Kepler-97,,,1,400.907,287.32653,48.67334,,5779,0.98,0.94,,,789,,,344,,Radial Velocity,2014
Kepler-407 c,Kepler-407,,,1,338.368,286.0363,49.6145,,5476,1.01,1,,,3000,,,4000,,Radial Velocity,2014
MOA-2011-BLG-322L b,MOA-2011-BLG-322L,,,1,7560,271.22333,-27.22094,,,,0.39,,4.3,,,,3690,,Microlensing,2013
CoRoT-27 b,CoRoT-27,,,1,1010.28,278.49583,5.53838,G2,5900,1.08,1.05,,0.0476,3.57532,0.065,11.287,3302.11,1500,Transit,2014
WASP-103 b,WASP-103,,,1,375.647,249.31486,7.18338,F8 V,6110,1.436,1.22,0.413,0.01985,0.92554,,17.127,473.547,2508,Transit,2014
KELT-6 b,KELT-6,,,1,240.726,195.98184,30.64015,,6102,1.73,1.42,,,7.8457,0.22,14.572,165.272,,Transit,2014
NGC 2682 YBP 1194 b,NGC 2682 YBP 1194,,,1,872.92,132.75331,11.81465,G5 V,5780,,1.01,,,6.959,0.3,,101.706,,Radial Velocity,2014
NGC 2682 YBP 1514 b,NGC 2682 YBP 1514,,,1,914.221,132.75313,11.88651,G5 V,5725,,0.96,,,5.118,0.28,,127.132,,Radial Velocity,2014
HD 154857 c,HD 154857,84069,154857,1,63.448,257.81619,-56.68104,G5 V,5605,1.76,1.718,,5.36,3452,0.06,,819.97,,Radial Velocity,2014
UZ For b,UZ For,,,2,,53.86947,-25.73939,,,,0.7,,5.9,5840,0.04,,2002.2,,Eclipse Timing Variations,2011
UZ For c,UZ For,,,2,,53.86947,-25.73939,,,,0.7,,2.8,1916.25,0.05,,2447.2,,Eclipse Timing Variations,2011
Kepler-413 b,Kepler-413,,,2,847.536,288.51067,51.16242,,4700,0.776,0.82,,0.3553,66.262,0.118,4.347,67,,Transit,2014
HAT-P-49 b,HAT-P-49,,340099,1,350.351,305.44133,26.69268,,6820,2.06,2.22,,,2.69155,0,17.822,699.226,,Transit,2014
WTS-2 b,WTS-2,,,1,,293.73278,36.81549,K2 V,5000,0.752,0.82,,0.01855,1.01871,0,15.278,355.97,2000,Transit,2014
HD 4203 c,HD 4203,3502,4203,1,81.379,11.17223,20.44839,,5582,1.498,0.99,0.2928,6.95,6700,0.24,,689.66,,Radial Velocity,2014
WASP-8 c,WASP-8,,,2,89.961,359.90087,-35.03133,,,,1.04,,5.28,4323,0,,3003.37,,Radial Velocity,2013
WASP-68 b,WASP-68,,193334,2,226.399,305.09572,-19.31473,,5910,1.79,1.49,,,5.0843,0,14.796,343.256,,Transit,2014
WASP-73 b,WASP-73,,202678,1,316.678,319.9497,-58.14893,,6030,2.55,2.52,,,4.08722,0,15.917,908.994,,Transit,2014
WASP-88 b,WASP-88,,,1,523.756,309.51123,-48.46208,,6430,1.8,0.94,,,4.954,0,16.365,133.489,,Transit,2014
WASP-95 b,WASP-95,,,1,137.544,337.45782,-48.0031,,5830,1.23,1.46,,,2.18467,0,13.787,457.675,,Transit,2014
WASP-96 b,WASP-96,,,1,352.464,1.04657,-47.36064,G8,5540,1.05,1.06,,0.0453,3.42526,0,13.45,152.55,1285,Transit,2014
WASP-97 b,WASP-97,,,1,151.068,24.60514,-55.772,,5640,1.08,1.18,,,2.07276,0,12.778,432.249,,Transit,2014
WASP-98 b,WASP-98,,,2,281.742,58.42901,-34.32827,,5473,0.741,0.809,,0.03762,2.96264,,12.823,293.039,1171,Transit,2014
WASP-99 b,WASP-99,,,1,158.66,39.89767,-50.00819,,6150,1.64,1.21,,,5.75251,0,11.433,772.327,,Transit,2014
WASP-100 b,WASP-100,,,2,364.411,68.95982,-64.02704,,6900,1.57,0.77,,,2.84938,0,14.908,400.466,,Transit,2014
WASP-101 b,WASP-101,,,1,201.224,98.3511,-23.48609,,6380,1.31,1.41,,,3.58572,0,16.029,162.093,,Transit,2014
CoRoT-25 b,CoRoT-25,,,1,1103.48,280.62966,6.51382,F9,6040,1.19,1.09,,0.0578,4.86069,0,12.11,85.81,1330,Transit,2013
CoRoT-26 b,CoRoT-26,,,1,1045.18,279.7505,6.96978,G5,5590,1.79,1.09,,0.0526,4.20474,0,14.12,165.26,1600,Transit,2013
MOA-bin-1L b,MOA-bin-1L,,,1,5100,261.7925,-29.79397,,,,0.75,,8.3,,,,1200,,Microlensing,2012
HAT-P-44 b,HAT-P-44,,,1,347.85,213.14386,47.01478,,5295,0.949,0.942,-0.194,0.0507,4.30122,0.044,13.922,111.871,1108,Transit,2014
HAT-P-45 b,HAT-P-45,,,1,298.64,274.37327,-3.38106,,6330,1.319,1.259,0.4,0.0452,3.12899,0.049,15.984,283.492,1652,Transit,2014
HAT-P-46 b,HAT-P-46,,,1,290.736,270.44418,-2.97098,,6120,1.396,1.284,0.391,0.0577,4.46313,0.123,14.392,156.684,1458,Transit,2014
HAT-P-44 c,HAT-P-44,,,1,347.85,213.14386,47.01478,,5295,0.949,0.942,-0.194,1.752,872.2,0.494,,1271.3,,Radial Velocity,2014
HD 285507 b,HD 285507,19207,285507,1,45.029,61.75566,15.33494,,4503,0.69,0.82,,0.06,6.0881,0.09,,311.473,,Radial Velocity,2013
GU Psc b,GU Psc,,,1,47.55,18.14648,17.065,M3,,,0.325,,2000,,,14.179,3591.3,1050,Imaging,2014
HATS-5 b,HATS-5,,,1,246.384,67.22285,-21.48206,G,5304,0.871,0.936,-0.268,0.0542,4.76339,0.019,10.223,75.323,1025,Transit,2014
bet Cnc b,bet Cnc,40526,69267,2,89.047,124.12864,9.18533,K4 III,4092,47.2,1.7,2.9,1.7,605.2,0.08,,2479,,Radial Velocity,2014
mu Leo b,mu Leo,48455,85503,1,32.608,148.18987,26.00671,K2 III,4538,11.4,1.5,1.797,1.1,357.8,0.09,,762.8,,Radial Velocity,2014
bet UMi b,bet UMi,72607,131873,1,38.775,222.67649,74.15555,K4 III,4126,38.3,1.4,2.73,1.4,522.3,0.19,,1938.7,,Radial Velocity,2014
GJ 687 b,GJ 687,86162,,1,4.549,264.10417,68.33367,,,,0.4,,0.163,38.142,0.17,,17.2,,Radial Velocity,2014
Kapteyn c,Kapteyn,24186,33793,1,3.933,77.95866,-45.04302,,3550,0.291,0.281,,0.311,121.54,0.23,,7,,Radial Velocity,2014
HIP 105854 b,HIP 105854,105854,203949,1,78.638,321.59623,-37.82948,K2 III,4780,,2.1,1.67,0.81,184.2,0.02,,2606.1,,Radial Velocity,2014
CoRoT-24 b,CoRoT-24,,,1,591.555,101.92254,-3.71929,K1 V,4950,0.86,0.91,,0.056,5.1134,0,3.7,5.7,1070,Transit,2014
CoRoT-24 c,CoRoT-24,,,1,591.555,101.92254,-3.71929,K1 V,4950,0.86,0.91,,0.098,11.759,0,5,28,850,Transit,2014
OGLE-2008-BLG-355L b,OGLE-2008-BLG-355L,,,1,6800,269.78671,-30.75947,,,,0.37,,1.7,,,,1500,,Microlensing,2014
Kepler-419 c,Kepler-419,,,1,1011.36,295.41791,51.18476,,6430,1.74,1.39,,1.68,675.47,0.184,,2320.1,,Transit Timing Variations,2014
HATS-4 b,HATS-4,,,1,416.459,94.11209,-22.54688,G,5403,0.925,1.001,-0.187,0.0362,2.51673,0.013,11.433,420.471,1315,Transit,2014
OGLE-2013-BLG-0341L B b,OGLE-2013-BLG-0341L B,,,2,911,268.03121,-29.84611,,,,0.113,,0.702,,,,1.66,,Microlensing,2014
XO-2 S b,XO-2 S,,,2,151.398,117.03098,50.21691,G8 V,5325,1.02,0.98,,0.1347,18.22,0.15,,82.635,,Radial Velocity,2014
XO-2 S c,XO-2 S,,,2,151.398,117.03098,50.21691,G8 V,5325,1.02,0.98,,0.4737,120.059,0.149,,438.603,,Radial Velocity,2014
HD 150706 b,HD 150706,80902,150706,1,28.27,247.82557,79.7894,G0 V,5961,0.96,1.17,,6.7,5894,0.38,,861.28,,Radial Velocity,2012
CoRoT-22 b,CoRoT-22,,,1,627.158,280.66714,6.21917,G3 V,5939,1.136,1.099,,0.092,9.75598,0.077,4.88,12.2,885,Transit,2014
Kepler-412 b,Kepler-412,,,1,1086.24,286.11031,43.68096,,5750,1.287,1.167,,0.02897,1.72086,,15.031,299.078,1850,Transit,2014
WASP-117 b,WASP-117,,,1,157.963,36.77581,-50.28442,,6040,1.22,1.29,,,10.02165,0.3,11.882,95.349,,Transit,2014
GJ 15 A b,GJ 15 A,1475,1326,2,3.562,4.61267,44.02473,M1,3607,0.38,0.38,-1.655,0.072,11.4407,0.094,,3.03,,Radial Velocity,2014
WASP-104 b,WASP-104,,,2,185.932,160.60237,7.43508,G8,5475,0.963,1.076,,0.02918,1.75541,0,12.745,404.263,1516,Transit,2014
WASP-106 b,WASP-106,,,1,352.181,166.42963,-5.07949,,6002,1.47,1.175,,0.0901,9.28969,0.023,12.106,613.409,,Transit,2014
HD 14067 b,HD 14067,10657,14067,1,142.024,34.29335,23.76765,G9 III,4815,12.4,2.4,1.898,5.15,2744,0.65,,4862.775,,Radial Velocity,2014
HIP 67851 b,HIP 67851,67851,121056,1,64.118,208.46536,-35.31465,K0 III,4840,5.45,1.28,1.1667,0.42,89.23,0.13,,365.503,,Radial Velocity,2015
HIP 67851 c,HIP 67851,67851,121056,1,64.118,208.46536,-35.31465,K0 III,4840,5.45,1.28,1.1667,4.55,3128.41,0.3,,1579.607,,Radial Velocity,2015
HIP 97233 b,HIP 97233,97233,186641,1,102.275,296.42212,-0.69688,,,,1.81,,2.491,1062.26506,0.63,,6098.174,,Radial Velocity,2014
WASP-94 A b,WASP-94 A,,,2,211.211,313.78324,-34.13575,,6170,1.48,1.67,,,3.95019,0,17.71,158.915,,Transit,2014
WASP-94 B b,WASP-94 B,,,2,208.696,313.78829,-34.13572,F9,6040,1.35,1.24,,0.0335,2.00839,0,,196.411,,Radial Velocity,2014
KIC 10001893 b,KIC 10001893,,,1,1672.94,287.38923,46.98445,,27500,,,,,0.2197,,,,,Orbital Brightness Modulation,2014
KIC 10001893 c,KIC 10001893,,,1,1672.94,287.38923,46.98445,,27500,,,,,0.32528,,,,,Orbital Brightness Modulation,2014
KIC 10001893 d,KIC 10001893,,,1,1672.94,287.38923,46.98445,,27500,,,,,0.81161,,,,,Orbital Brightness Modulation,2014
Kepler-424 c,Kepler-424,,,1,698.646,298.62498,48.57745,,5460,0.94,1.01,-0.15,0.73,223.3,,,2215.18,,Radial Velocity,2014
WASP-69 b,WASP-69,,,1,49.961,315.02597,-5.09486,K,4792,0.801,0.83,-0.4815,0.0453,3.86814,0,11.21,82.58,971,Transit,2014
WASP-70 A b,WASP-70 A,,358155,2,222.355,315.47719,-13.43338,G4,5763,1.215,1.106,,0.04853,3.71302,0,13.047,187.512,1387,Transit,2014
WASP-84 b,WASP-84,,,1,100.588,131.107,1.85989,K0,,0.768,0.853,,0.0778,8.5235,,10.72,220,732,Transit,2014
TYC 1422-614-1 b,TYC 1422-614-1,,,1,672.41,154.27778,19.55841,,4806,6.85,1.15,1.35,0.69,198.4,0.06,,794.5,,Radial Velocity,2014
TYC 1422-614-1 c,TYC 1422-614-1,,,1,672.41,154.27778,19.55841,,4806,6.85,1.15,1.35,1.37,559.3,0.048,,3178,,Radial Velocity,2014
OGLE-2008-BLG-092L b,OGLE-2008-BLG-092L,,,2,8100,267.54071,-34.67319,,,,0.71,,15,,,,57,,Microlensing,2014
Kepler-289 d,Kepler-289,,,1,704.438,297.46534,42.88285,,5990,1,1.08,0.061,,66.0282,,3.03,5.33,,Transit,2014
HD 5319 c,HD 5319,4297,5319,1,121.405,13.75581,0.78934,,4871,4.06,1.27,,1.93,872.2,0.183,,334.675,,Radial Velocity,2014
HD 10442 b,HD 10442,,10442,1,135.374,25.47152,2.70442,,4912,1.97,1.01,,2.01,1032.3,0.132,,472.613,,Radial Velocity,2014
HD 75784 b,HD 75784,43569,75784,1,85.432,133.09923,13.23305,,4867,3.4,1.26,,1.032,341.2,0.097,,317.83,,Radial Velocity,2014
GJ 3293 b,GJ 3293,,,1,20.19,67.14844,-25.17134,M2.5,3466,0.404,0.42,-1.6576,0.14339,30.5987,0.06,,23.54,,Radial Velocity,2015
GJ 3293 c,GJ 3293,,,1,20.19,67.14844,-25.17134,M2.5,3466,0.404,0.42,-1.6576,0.36175,122.6196,0.11,,21.09,,Radial Velocity,2015
GJ 3341 b,GJ 3341,,,1,23.619,78.94714,-31.29485,M2.5,3526,0.439,0.47,-1.538,0.089,14.207,0.31,,6.6,,Radial Velocity,2015
HIP 116454 b,HIP 116454,116454,,2,62.449,353.95435,0.4447,,5048,0.758,0.8,-0.4731,0.0792,9.10042,0.215,2.469,9.7,753,Transit,2014
HD 564 b,HD 564,801,564,1,51.166,2.46945,-50.2679,G2/G3 V,5902,1.01,0.961,,1.2,492.3,0.096,,104.88,,Radial Velocity,2014
HD 30669 b,HD 30669,22320,30669,1,58.084,72.11985,-28.41908,G9 V,5400,0.91,0.92,,2.69,1684,0.18,,149.37,,Radial Velocity,2014
Kepler-755 b,Kepler-755,,,2,399.034,296.86093,41.09732,,5043,0.77,0.82,,,1.26909,,1.76,,,Transit,2016
HD 108341 b,HD 108341,60788,108341,2,48.91,186.87917,-71.42249,K2 V,5122,0.79,0.843,,2,1129,0.85,,1112.4,,Radial Velocity,2014
HD 103720 b,HD 103720,58237,103720,1,45.535,179.17133,-2.77914,K3 V,5017,0.73,0.794,,0.0498,4.5557,0.086,,197.046,,Radial Velocity,2014
BD-11 4672 b,BD-11 4672,90979,,1,27.166,278.36887,-11.63705,,4550,0.639,0.651,-0.8041,2.36,1634,0.05,,206.589,,Radial Velocity,2014
OGLE-2013-BLG-0102L b,OGLE-2013-BLG-0102L,,,1,3040,268.0295,-31.69058,,,,0.096,,0.8,,,,4100,,Microlensing,2014
BD+49 828 b,BD+49 828,,,1,442.042,45.64062,49.72995,K0,4943,7.6,1.52,1.47,4.2,2590,0.35,,508.5,,Radial Velocity,2015
HD 145934 b,HD 145934,,145934,1,227.881,243.29122,13.23945,,,,2.058,,4.89,2751.53433,0.078,,658.54,,Radial Velocity,2015
Kepler-445 d,Kepler-445,,,1,127.201,298.73634,46.49912,M4,3157,0.21,0.18,,,8.15275,0,1.25,,,Transit,2015
HD 95127 b,HD 95127,53733,95127,1,676.579,164.89612,43.81441,,4218,41.01,3.7,,1.28,482,0.11,,3378.533,,Radial Velocity,2015
HD 216536 b,HD 216536,,216536,1,376.233,343.26656,44.47773,,4639,9.83,0.81,,0.61,148.60001,0.38,,333.721,,Radial Velocity,2015
OGLE-2014-BLG-0124L b,OGLE-2014-BLG-0124L,,,1,3500,270.62171,-28.39625,,,,0.9,,3.48,,,,206.588,,Microlensing,2015
Kepler-1734 b,Kepler-1734,,,1,1482.83,294.16317,41.45173,,6061,0.97,1.05,,,6.79685,,3.089,,,Transit,2021
WASP-82 b,WASP-82,,,1,275.664,72.66059,1.89384,,6480,2.1,1.48,,,2.70579,0,18.159,371.861,,Transit,2015
K2-3 b,K2-3,,,1,44.073,172.33537,-1.45514,M V,3844,0.546,0.549,-1.2314,0.0747,10.05465,0.107,2.078,5.11,501,Transit,2015
K2-3 c,K2-3,,,1,44.073,172.33537,-1.45514,M V,3844,0.546,0.549,-1.2314,0.1357,24.64673,0.048,1.582,2.68,372,Transit,2015
K2-3 d,K2-3,,,1,44.073,172.33537,-1.45514,M V,3844,0.546,0.549,-1.2314,0.2014,44.55603,0.091,1.458,2.2,305,Transit,2015
OGLE-2011-BLG-0265L b,OGLE-2011-BLG-0265L,,,1,4380,269.44883,-27.39453,,,,0.211,,1.89,,,,280,,Microlensing,2015
WASP-20 b,WASP-20,,,2,211.877,5.16056,-23.93579,,,1.242,,,,,,15.468,,1362,Transit,2015
HD 1605 b,HD 1605,1640,1605,1,88.805,5.13175,30.97506,K1 IV,4915,3.49,1.33,0.81,1.492,577.2,0.095,,296.853,,Radial Velocity,2015
HD 1605 c,HD 1605,1640,1605,1,88.805,5.13175,30.97506,K1 IV,4915,3.49,1.33,0.81,3.584,2149,0.099,,1150.545,,Radial Velocity,2015
HD 1666 b,HD 1666,1666,1666,1,117.908,5.21804,-19.93148,F7 V,6317,1.93,1.5,0.73,0.94,270,0.63,,2040,,Radial Velocity,2015
HD 67087 b,HD 67087,39767,67087,1,76.522,121.91557,31.55116,F8 V,6330,1.55,1.36,0.54,1.08,352.2,0.17,,973,,Radial Velocity,2015
Kepler-265 c,Kepler-265,,,1,1280.25,290.51048,41.24474,,5835,1.103,,,0.127,17.02894,,2.63,,,Transit,2014
HD 67087 c,HD 67087,39767,67087,1,76.522,121.91557,31.55116,F8 V,6330,1.55,1.36,0.54,3.86,2374,0.76,,1540,,Radial Velocity,2015
CoRoT-28 b,CoRoT-28,,,1,766.183,278.68832,5.57369,G8/9 IV,5150,1.78,1.01,,0.0603,5.20851,0.047,10.705,153.83,,Transit,2015
CoRoT-29 b,CoRoT-29,,,1,806.507,278.90207,6.47957,K0 V,5260,0.9,0.97,,0.0386,2.85057,0.082,10.088,270.156,,Transit,2015
HAT-P-54 b,HAT-P-54,,,1,143.651,99.89799,25.4824,,4390,0.617,0.645,-0.9017,0.04117,3.79985,0.074,10.581,241.551,818,Transit,2015
HD 100546 b,HD 100546,56379,100546,1,109.677,173.35551,-70.19479,B9 Vne,10500,,2.4,1.5,53,,,77.342,2701.541,,Imaging,2014
Kepler-432 c,Kepler-432,,,2,848.023,293.28223,48.28592,,4995,4.06,1.32,,,406.2,0.498,,772.327,,Radial Velocity,2015
HATS-6 b,HATS-6,,,1,169.318,88.14681,-19.03163,M1 V,3724,0.57,0.574,,0.03623,3.32527,0,11.187,101.388,713,Transit,2015
HD 7924 c,HD 7924,6379,7924,1,16.992,20.49566,76.71015,K0.5 V,5075,0.782,0.832,,0.1134,15.299,0.098,,7.86,584,Radial Velocity,2015
HD 7924 d,HD 7924,6379,7924,1,16.992,20.49566,76.71015,K0.5 V,5075,0.782,0.832,,0.1551,24.451,0.21,,6.44,499,Radial Velocity,2015
VHS J125601.92-125723.9 b,VHS J125601.92-125723.9,,,2,,194.00896,-12.95603,,,,,,350,5800000,0.68,13.675,5085.255,1194,Imaging,2015
Kepler-756 b,Kepler-756,,,1,,290.60797,41.20109,,5282,0.79,0.82,,,1.22487,,1.12,,,Transit,2016
2MASS J02192210-3925225 b,2MASS J02192210-3925225,,,1,,34.8427,-39.42308,M6,3064,0.281,0.108,-2.23,156,,,16.141,4417.837,,Imaging,2015
HATS-9 b,HATS-9,,,1,638.7,290.81017,-20.16638,,5599,1.56,1.1,,0.0312,1.91529,,13.85,,1746,Transit,2015
HATS-10 b,HATS-10,,,1,534.889,294.30684,-22.20449,,5880,1.105,1.101,0.117,0.04491,3.31285,0.501,10.862,167.179,1407,Transit,2015
alf Tau b,alf Tau,21421,29139,2,20.433,68.98017,16.5092,K5 III,4055,45.1,1.13,,1.46,628.96,0.1,,2056.36,,Radial Velocity,2015
2MASS J19383260+4603591 b,2MASS J19383260+4603591,,,2,396.332,294.63592,46.06641,,29564,0.203,0.48,,,406,0.33,,591.161,,Eclipse Timing Variations,2015
MOA-2010-BLG-328L b,MOA-2010-BLG-328L,,,1,810,269.49633,-30.71517,,,,0.11,,0.92,,,,9.2,,Microlensing,2013
MOA-2011-BLG-262L b,MOA-2011-BLG-262L,,,1,7200,270.09783,-31.24526,,,,0.11,,0.95,,,,17,,Microlensing,2014
HIP 65891 b,HIP 65891,65891,117253,1,150.292,202.60509,-58.66439,K0 III,5000,8.93,2.5,,2.82,1089.6,0.09,,1938.753,,Radial Velocity,2015
HIP 107773 b,HIP 107773,107773,207229,1,105.18,327.50051,-64.7127,K1 III,4945,11.6,2.42,1.87,0.72,144.3,0.09,,629.303,,Radial Velocity,2015
KELT-7 b,KELT-7,24323,33643,1,136.681,78.29559,33.31795,,6768,1.81,1.76,,,2.73477,0,17.934,441.784,,Transit,2015
HAT-P-55 b,HAT-P-55,,,1,511.388,264.27351,25.73115,,5804,1.105,1.028,0.0966,0.04628,3.58523,,14.841,189.426,1367,Transit,2015
HATS-8 b,HATS-8,,,1,794.637,294.94169,-25.74837,,5679,1.086,1.056,,0.04667,3.58389,0.376,9.785,43.861,1324,Transit,2015
WASP-74 b,WASP-74,,,1,149.216,304.53884,-1.076,,5990,1.42,0.98,,,2.13775,0,15.244,228.838,,Transit,2015
WASP-83 b,WASP-83,,,1,271.103,190.15196,-19.28435,G8,5510,1.05,1.11,,0.059,4.97125,0,11.657,95.349,1120,Transit,2015
WASP-89 b,WASP-89,,,1,290.946,313.90003,-18.97141,K3,5130,0.88,0.92,,0.0427,3.35642,0.193,11.657,1875.197,1120,Transit,2015
K2-4 b,K2-4,,,1,231.828,174.74554,-3.90557,,4015,0.569,0.635,,0.078,10.00342,0.08,2.1,,,Transit,2015
K2-5 b,K2-5,,,1,202.943,169.30346,-1.87783,K7.5 V,3930,0.57,0.61,,0.0532,5.73594,,1.91,,565,Transit,2015
K2-5 c,K2-5,,,1,202.943,169.30346,-1.87783,K7.5 V,3930,0.57,0.61,,0.0818,10.93241,,2.26,,456,Transit,2015
K2-6 b,K2-6,,,1,316.819,178.19212,-1.19844,,5850,0.96,0.97,,0.1898,30.94191,,2.5,,615,Transit,2015
K2-7 b,K2-7,,,1,738.553,167.09375,-1.06585,,5700,1.533,1.056,0.3503,0.1867,28.6781,0.24,4.035,,786,Transit,2015
K2-8 b,K2-8,,,1,403.513,169.79352,-0.28444,K3 V,4870,0.74,0.78,,0.0856,10.35239,,3.58,,631,Transit,2015
K2-9 b,K2-9,,,1,82.963,176.26372,0.00541,M2.5 V,3390,0.31,0.3,-1.9208,0.091,18.4498,,2.25,,314,Transit,2015
K2-19 b,K2-19,,,1,289.827,174.96025,0.6036,,5322,0.82,0.88,,,7.9193,0.1,7,30.8,,Transit,2015
K2-19 c,K2-19,,,1,289.827,174.96025,0.6036,,5322,0.82,0.88,,,11.906,0.1,4.1,11,,Transit,2015
K2-10 b,K2-10,,,1,272.36,172.12165,1.69062,,5533,0.956,0.88,,,19.30553,,3.773,25.2,649,Transit,2015
K2-11 b,K2-11,,,1,329.309,169.04183,1.98668,,5433,5.15,1.35,,0.2257,39.93767,,7.55,,734,Transit,2015
K2-12 b,K2-12,,,1,326.381,173.1919,2.24468,,5672,1.117,0.965,,0.0792,8.28246,0.5,2.44,5.2,1026,Transit,2015
K2-13 b,K2-13,,,1,342.394,170.15548,2.50275,,5698,0.78,0.8,,0.2114,39.91488,,1.89,,511,Transit,2015
K2-14 b,K2-14,,,1,364.048,178.05687,2.59412,,3789,0.45,0.47,,0.0627,8.36802,,4.81,,488,Transit,2015
K2-15 b,K2-15,,,1,493.992,178.11057,4.25466,,5131,0.68,0.72,,0.091,11.8104,,2.48,,676,Transit,2015
K2-16 b,K2-16,,,1,334.967,175.09722,4.55743,K3 V,4742,0.66,0.68,,0.0667,7.6188,,2.02,,658,Transit,2015
K2-16 c,K2-16,,,1,334.967,175.09722,4.55743,K3 V,4742,0.66,0.68,,0.1229,19.07863,,2.54,,485,Transit,2015
K2-17 b,K2-17,,,1,125.106,178.32967,6.41232,,4320,0.66,0.71,,0.119,17.96753,,2.23,,487,Transit,2015
K2-18 b,K2-18,,,1,38.027,172.56014,7.58783,,3457,0.411,0.359,,0.1429,32.93962,0.2,2.37,8.92,284,Transit,2015
HAT-P-56 b,HAT-P-56,32209,262389,1,320.639,100.84801,27.25218,,6566,1.47,1.42,,,2.79083,,16.926,734.187,,Transit,2015
HD 219134 b,HD 219134,114622,219134,1,6.531,348.3372,57.16963,,4699,0.778,0.81,-0.5774,0.03876,3.09293,0,1.602,4.74,1015,Radial Velocity,2015
HD 219134 c,HD 219134,114622,219134,1,6.531,348.3372,57.16963,,4699,0.778,0.81,-0.5774,0.0653,6.76458,0.062,1.511,4.36,782,Radial Velocity,2015
HD 219134 d,HD 219134,114622,219134,1,6.531,348.3372,57.16963,,4699,0.778,0.81,-0.5774,0.237,46.859,0.138,1.61,16.17,410,Radial Velocity,2015
HATS-13 b,HATS-13,,,1,421.855,316.96148,-26.09672,,5523,0.887,0.962,,0.04057,3.04405,0.181,13.585,172.582,1244,Transit,2015
HATS-14 b,HATS-14,,,1,513.011,313.21548,-25.68738,,5346,0.933,0.967,,0.03815,2.76676,0.142,11.646,340.396,1276,Transit,2015
OGLE-2012-BLG-0563L b,OGLE-2012-BLG-0563L,,,1,1300,271.4905,-27.712,,,,0.34,,0.74,,,,120,,Microlensing,2015
51 Eri b,51 Eri,21547,29391,3,29.758,69.40074,-2.47382,,,,1.75,,10.4,9100,0.57,,3464.33,,Imaging,2015
KELT-8 b,KELT-8,,343246,1,197.572,283.30545,24.12725,,5754,1.46,0.81,,,3.24406,0.04,18.159,209.768,,Transit,2015
KELT-6 c,KELT-6,,,1,240.726,195.98184,30.64015,,6272,1.529,1.126,,2.39,1276,0.21,,1179.149,,Radial Velocity,2015
HD 164595 b,HD 164595,88194,164595,2,28.254,270.16137,29.57267,G2 V,5790,,0.99,,0.23,40,0.088,,16.14,,Radial Velocity,2015
K2-21 b,K2-21,,,1,83.645,340.30378,-14.48933,,4222,0.647,0.676,,0.076,9.32504,0.1,1.84,,,Transit,2015
K2-21 c,K2-21,,,1,83.645,340.30378,-14.48933,,4222,0.647,0.676,,0.107,15.50192,0.21,2.49,,,Transit,2015
K2-22 b,K2-22,,,2,243.836,169.4827,2.61904,,3879,0.58,,,,0.38107,,2.3,,,Transit,2015
WASP-47 c,WASP-47,,,1,264.78,331.20309,-12.01907,,,1.156,1.058,,,589.57,0.264,,447,,Radial Velocity,2015
WASP-47 d,WASP-47,,,1,264.78,331.20309,-12.01907,,,1.156,1.058,,,9.0305,0.001,3.65,15.5,,Transit,2015
WASP-47 e,WASP-47,,,1,264.78,331.20309,-12.01907,,,1.156,1.058,,,0.78961,0,1.83,9,,Transit,2015
WASP-41 c,WASP-41,,,1,163.371,190.6188,-30.63982,,5545,0.87,0.93,,1.07,421,0.294,,1010.699,241,Radial Velocity,2015
HD 11755 b,HD 11755,9242,11755,1,235.045,29.70784,73.15214,,4312,20.58,0.72,,1.09,433.70001,0.19,,1789.383,,Radial Velocity,2015
HD 12648 b,HD 12648,10800,12648,1,182.192,34.74807,85.73653,,4835,11.02,0.67,,0.54,133.60001,0.04,,622.947,,Radial Velocity,2015
HD 24064 b,HD 24064,18451,24064,1,300.247,59.15101,74.08008,,4052,40,1.61,,1.29,535.59998,0.35,,4096.829,,Radial Velocity,2015
8 UMi b,8 UMi,73136,133086,1,162.552,224.20168,74.90094,,4847,10.73,1.51,1.7235,0.462,93.31,0.062,,524.417,,Radial Velocity,2015
Kepler-453 b,Kepler-453,,,2,442.846,283.24133,46.37847,,5527,0.833,0.944,,0.7903,240.503,0.036,6.204,16,,Transit,2015
HAT-P-57 b,HAT-P-57,,,3,279.86,274.74342,10.5972,,6330,1.85,2.77,,,2.4653,0,19.504,448.14,,Transit,2015
GJ 1132 b,GJ 1132,,,1,12.613,153.70907,-47.15494,,3229,0.221,0.195,-2.3215,0.0157,1.62893,0.012,1.192,1.837,584,Transit,2015
Kepler-757 b,Kepler-757,,,1,1068.68,296.68049,41.38653,,6014,1.13,1.08,,,1.02268,,1.36,,,Transit,2016
HAT-P-50 b,HAT-P-50,,,1,515.458,118.06344,12.13935,,6280,1.698,1.273,0.6031,0.0453,3.12201,0.115,14.437,429.07,1862,Transit,2015
HAT-P-51 b,HAT-P-51,,,1,440.089,21.06513,32.8107,,5453,0.995,0.961,-0.1024,0.05042,4.21802,,13.507,97.573,1168,Transit,2015
HAT-P-52 b,HAT-P-52,,,1,361.155,42.72174,29.02225,,5131,0.893,0.887,-0.3045,0.03694,2.7536,0.047,11.31,259.985,1218,Transit,2015
HAT-P-53 b,HAT-P-53,,,1,666.802,21.8711,38.96811,,5956,1.209,1.093,0.2175,0.03159,1.96162,0.134,14.773,471.66,1778,Transit,2015
HD 175607 b,HD 175607,93373,175607,1,40.33,285.27429,-66.19434,G6 V,5392,0.7,0.71,,,29.01,0.11,,8.98,,Radial Velocity,2015
HD 219134 f,HD 219134,114622,219134,1,6.531,348.3372,57.16963,,4699,0.778,0.81,-0.5774,0.1463,22.717,0.148,1.31,7.3,523,Radial Velocity,2015
HD 219134 g,HD 219134,114622,219134,1,6.531,348.3372,57.16963,K3 V,4913,0.77,0.794,-0.5086,0.3753,94.2,0,,10.806,,Radial Velocity,2015
HD 219134 h,HD 219134,114622,219134,1,6.531,348.3372,57.16963,K3 V,4913,0.77,0.794,-0.5086,3.11,2247,0.06,,108.062,,Radial Velocity,2015
WASP-135 b,WASP-135,,,1,298.214,267.28488,29.87904,G5 V,5675,0.96,0.98,,0.0243,1.40138,0,14.572,603.877,,Transit,2015
LkCa 15 c,LkCa 15,,,1,158.152,69.82418,22.35087,,4194,1.607,,,18.6,,,,,,Imaging,2015
Kepler-758 b,Kepler-758,,,1,1502.32,293.08461,41.1354,,6228,1.42,1.16,,,12.10971,,2.48,,,Transit,2016
Kepler-454 c,Kepler-454,,,2,230.869,287.47865,38.22908,,5687,1.066,1.03,,1.287,524.19,0.005,,1433.406,,Radial Velocity,2015
HD 95872 b,HD 95872,,95872,1,72.219,165.86588,-22.09433,,5312,0.84,0.7,,5.15,4375,0.06,,1188.684,,Radial Velocity,2015
psi1 Dra B b,psi1 Dra B,86620,162004,3,22.719,265.49258,72.15571,G0 V,6212,,1.19,,4.43,3117,0.4,,486.28,,Radial Velocity,2015
Wolf 1061 b,Wolf 1061,80824,,1,4.306,247.57483,-12.66769,M3.5,3342,0.307,0.294,-1.9914,0.0375,4.8869,0.15,,1.91,,Radial Velocity,2015
Wolf 1061 c,Wolf 1061,80824,,1,4.306,247.57483,-12.66769,M3.5,3342,0.307,0.294,-1.9914,0.089,17.8719,0.11,,3.41,,Radial Velocity,2015
Wolf 1061 d,Wolf 1061,80824,,1,4.306,247.57483,-12.66769,M3.5,3342,0.307,0.294,-1.9914,0.47,217.21,0.55,,7.7,,Radial Velocity,2015
KIC 3558849 b,KIC 3558849,,,1,1215.7,294.94984,38.60519,,6175,1.01,0.98,,,1322.3,,6.9,,,Transit,2015
KIC 8540376 b,KOI-7892,,,1,1072.3,282.37754,44.69457,,6474,1.26,1.04,,,31.8099,,4.1,,,Transit,2015
KIC 8540376 c,KOI-7892,,,1,1072.3,282.37754,44.69457,,6474,1.26,1.04,,,75.2,,2.4,,,Transit,2015
Kepler-759 b,Kepler-759,,,1,1073.48,290.13142,41.38143,,5860,1.04,1.04,,,41.80598,,2.27,,,Transit,2016
KIC 10525077 b,KIC 10525077,,,1,1461.15,287.37812,47.77115,,6091,1.01,1.01,,,854.083,,5.5,,,Transit,2015
K2-25 b,K2-25,,,1,44.956,63.27393,15.2477,M4.5 V,3207,0.293,0.263,-2.0883,0.0287,3.48456,0.428,3.44,24.5,494,Transit,2015
HD 32963 b,HD 32963,23884,32963,1,38.079,76.98201,26.32768,,5727,,0.94,,3.41,2372,0.07,,222.481,,Radial Velocity,2015
HD 33844 b,HD 33844,24275,33844,1,105.779,78.15056,-14.95098,,4861,5.39,1.84,,1.6,551.40002,0.15,,638.838,,Radial Velocity,2015
HD 33844 c,HD 33844,24275,33844,1,105.779,78.15056,-14.95098,K0 III,4861,5.29,1.78,1.1492,2.24,916,0.13,,556.202,,Radial Velocity,2015
K2-26 b,K2-26,,,1,99.05,94.20643,24.59583,M1.0 V,3785,0.52,0.56,-1.3098,0.0962,14.5665,,2.67,,430,Transit,2016
WASP-76 b,WASP-76,,,2,194.459,26.63294,2.70039,F7,6329,1.756,1.458,,0.033,1.80988,0,20.781,284.139,2228,Transit,2016
WASP-90 b,WASP-90,,,1,466.433,315.53195,7.05628,F6,6430,1.98,1.55,,0.0562,3.91624,0,18.271,200.233,1840,Transit,2016
HD 5583 b,HD 5583,,5583,1,219.216,14.48695,34.98533,,4830,9.09,1.01,1.61,0.53,139.35,0.076,,1837.057,,Radial Velocity,2016
BD+15 2375 b,BD+15 2375,,,1,768.045,176.48202,14.61632,,4649,8.95,1.08,1.57,0.576,153.22,0.001,,337.218,,Radial Velocity,2016
Pr0211 c,Pr0211,,,2,182.714,130.54774,19.27696,,5300,0.827,0.935,,5.5,4850,0.71,,2475.896,,Radial Velocity,2016
HD 143105 b,HD 143105,77838,143105,1,46.779,238.40235,68.71998,F5,6380,,1.51,,0.0379,2.1974,0.07,,384.574,,Radial Velocity,2016
HIP 109600 b,HIP 109600,109600,,2,66.336,333.02708,29.06621,G5,5530,,0.87,,0.706,232.08,0.163,,851.784,,Radial Velocity,2016
HD 35759 b,HD 35759,25883,35759,1,71.242,82.88866,64.31838,G0,6060,,1.15,,0.389,82.467,0.389,,1195.041,,Radial Velocity,2016
HIP 109384 b,HIP 109384,109384,,1,58.958,332.40897,71.31396,G5,5180,,0.78,,1.134,499.48,0.549,,495.815,,Radial Velocity,2016
HD 220842 b,HD 220842,115714,220842,2,64.65,351.65342,56.88714,F8,5960,,1.13,,0.74,218.47,0.404,,1010.699,,Radial Velocity,2016
HD 12484 b,HD 12484,9519,12484,1,48.337,30.61153,2.81581,F8,5920,,1.01,,0.297,58.83,0.07,,947.133,,Radial Velocity,2016
HIP 65407 b,HIP 65407,65407,,1,61.78,201.08766,48.88473,K0,5460,,0.93,,0.177,28.125,0.14,,136.031,,Radial Velocity,2016
HIP 65407 c,HIP 65407,65407,,1,61.78,201.08766,48.88473,K0,5460,,0.93,,0.316,67.3,0.12,,249.179,,Radial Velocity,2016
HD 141399 b,HD 141399,77301,141399,1,37.017,236.72354,46.98629,K0,5600,,1.07,,0.415,94.44,0.04,,143.341,,Radial Velocity,2014
HD 141399 c,HD 141399,77301,141399,1,37.017,236.72354,46.98629,K0,5600,,1.07,,0.689,201.99,0.048,,422.714,,Radial Velocity,2014
HD 141399 d,HD 141399,77301,141399,1,37.017,236.72354,46.98629,K0,5600,,1.07,,2.09,1069.8,0.074,,375.039,,Radial Velocity,2014
HD 141399 e,HD 141399,77301,141399,1,37.017,236.72354,46.98629,K0,5600,,1.07,,5,5000,0.26,,209.768,,Radial Velocity,2014
KELT-4 A b,KELT-4 A,51260,,3,218.05,157.06262,25.57314,F,6206,1.603,1.201,0.5353,0.04317,2.98959,0,19.044,286.683,1823,Transit,2016
HIP 8541 b,HIP 8541,8541,11343,2,155.121,27.5272,-54.46516,,,,2.009,,3.729,1852.14387,0.36,,2451.728,,Radial Velocity,2016
HIP 74890 b,HIP 74890,74890,135760,1,78.656,229.5715,-41.4211,K1 III,4850,5.77,1.74,1.2148,2.1,822.3,0.07,,762.792,,Radial Velocity,2016
KELT-14 b,KELT-14,,,1,250.121,108.30141,-42.40976,G4,5720,1.52,1.239,,0.03005,1.71006,0,19.537,408.094,1970,Transit,2016
KELT-15 b,KELT-15,,,2,324.683,117.41498,-52.12045,,6003,1.78,2.06,,,3.32944,0,19.504,416.357,,Transit,2016
OGLE-2015-BLG-0966L b,OGLE-2015-BLG-0966L,,,1,3300,268.75425,-29.04711,,,,0.38,,2.7,,,,21,,Microlensing,2016
K2-29 b,K2-29,,,2,178.475,62.67042,24.40166,G7 V,5358,0.86,0.94,,0.04217,3.25883,0.066,13.339,232.016,1171,Transit,2016
HATS-17 b,HATS-17,,,1,400.331,192.18957,-47.61368,G V,5846,1.091,1.131,0.0934,0.1308,16.25461,0.029,8.709,425.257,814,Transit,2016
MOA-2011-BLG-028L b,MOA-2011-BLG-028L,,,1,7380,270.854,-29.21342,,,,0.75,,4.14,,,,30,,Microlensing,2016
TYC 3667-1280-1 b,TYC 3667-1280-1,,,1,477.516,12.88758,58.42615,,5130,6.26,1.87,1.38,0.21,26.468,0.036,,1716.282,1350,Radial Velocity,2016
K2-30 b,K2-30,,,1,333.042,52.34205,22.29935,G6 V,5425,0.844,0.9,-0.2565,0.04839,4.0985,0,11.646,184.024,1092,Transit,2016
KELT-10 b,KELT-10,,,1,188.404,284.54838,-47.00331,G0 V,5948,1.209,1.112,0.2175,0.0525,4.16627,,15.681,215.807,1377,Transit,2016
OGLE-2012-BLG-0724L b,OGLE-2012-BLG-0724L,,,1,6700,268.96829,-29.81853,M V,,,0.29,,1.6,,,,150,,Microlensing,2016
TRAPPIST-1 b,TRAPPIST-1,,,1,,346.62639,-5.04346,,2566,0.119,0.09,-3.2573,0.01154,1.51083,,1.116,1.374,,Transit,2016
TRAPPIST-1 c,TRAPPIST-1,,,1,,346.62639,-5.04346,,2566,0.119,0.09,-3.2573,0.0158,2.42194,,1.097,1.308,,Transit,2016
TRAPPIST-1 d,TRAPPIST-1,,,1,,346.62639,-5.04346,,2566,0.119,0.09,-3.2573,0.02227,4.04922,,0.788,0.388,,Transit,2016
K2-34 b,K2-34,,,1,348.646,127.57872,22.23592,,6168,1.42,1.16,,0.0442,2.99563,,13.75,,1687,Transit,2016
WASP-119 b,WASP-119,,,1,302.448,55.93364,-65.19378,G5,5650,1.2,1.02,,0.0363,2.49979,0.058,15.693,390.931,1600,Transit,2016
WASP-124 b,WASP-124,,,1,448.637,332.71434,-30.74972,F9,6050,1.02,1.07,,0.0449,3.37265,0.017,13.899,190.698,1400,Transit,2016
WASP-126 b,WASP-126,,,1,216.526,63.37471,-69.22659,,5800,1.27,1.12,,,3.28883,,,90.3,,Transit,2016
WASP-129 b,WASP-129,,,2,301.462,176.29905,-42.06396,G1,5900,0.9,1,,0.0628,5.74815,0.096,10.424,317.83,1100,Transit,2016
WASP-133 b,WASP-133,,,1,559.084,314.57544,-35.79662,G4,5700,1.44,1.16,,0.0345,2.17642,0.17,13.563,368.683,1790,Transit,2016
Kepler-539 c,Kepler-539,,,1,307.318,299.12246,41.8668,G2 V,5820,0.952,1.048,,2.42,1000,0.5,,762.792,253,Transit Timing Variations,2016
HD 191806 b,HD 191806,99306,191806,1,65.667,302.36876,52.27673,,,,1.07,,2.749,1603.38923,0.213,,2966.61,,Radial Velocity,2016
HD 214823 b,HD 214823,111928,214823,2,101.368,340.08321,31.78752,,,,1.115,,3.08,1854.84424,0.161,,5914.787,,Radial Velocity,2016
HD 221585 b,HD 221585,116221,221585,1,55.853,353.22938,63.15561,G8 IV,5620,,1.19,0.4216,2.306,1173,0.123,,511.706,,Radial Velocity,2016
Kepler-1647 b,Kepler-1647,,,2,1212.45,298.15006,40.65618,,6210,1.79,1.221,,2.7205,1107.5923,0.058,11.874,483,,Transit,2016
MOA-2013-BLG-605L b,MOA-2013-BLG-605L,,,1,850,272.01926,-29.73158,,,,0.024,,0.93,,,,3.24,,Microlensing,2016
HD 219828 c,HD 219828,115100,219828,1,73.114,349.6947,18.64575,,,,1.04,,5.657,4789.87297,0.811,,5102.417,,Radial Velocity,2016
WASP-120 b,WASP-120,,,1,381.174,62.61608,-45.89824,F5,,,,,,,,15.58,,1749,Transit,2016
WASP-123 b,WASP-123,,,2,197.996,289.47921,-32.86012,G5,,,,,,,,15.132,,1500,Transit,2016
HATS-25 b,HATS-25,,,1,471.158,207.90767,-23.78124,G,5715,1.107,0.994,0.0682,0.05163,4.29864,0.176,14.123,194.83,1277,Transit,2016
HATS-26 b,HATS-26,,,1,861.843,144.92686,-28.5856,F,6071,2.04,1.299,0.7042,0.04735,3.30239,0.245,19.616,206.589,1918,Transit,2016
HATS-27 b,HATS-27,,,1,816.988,193.55246,-46.58772,F,6438,1.74,1.415,0.6693,0.0611,4.63704,0.581,16.814,168.45,1659,Transit,2016
HATS-28 b,HATS-28,,,1,535.383,284.39976,-49.13851,G,5498,0.922,0.929,-0.1574,0.04131,3.18108,0.202,13.384,213.582,1253,Transit,2016
HATS-29 b,HATS-29,,,1,353.891,285.09652,-54.89334,G,5670,1.073,1.032,0.0294,0.05475,4.60587,0.158,14.022,207.543,1212,Transit,2016
HATS-30 b,HATS-30,,,2,342.14,5.61852,-59.94259,G,5943,1.061,1.093,0.0969,0.04354,3.17435,0.096,13.171,224.388,1414,Transit,2016
Kepler-502 b,Kepler-502,,,1,1591.04,291.08013,43.86019,,6125,1.22,1.15,,,4.28686,,4.77,,,Transit,2016
WASP-121 b,WASP-121,,,1,269.898,107.60023,-39.09727,,6628,1.461,1.33,,0.02571,1.27493,,19.526,371.859,2409,Transit,2016
MOA-2010-BLG-353L b,MOA-2010-BLG-353L,,,1,6430,271.30392,-27.29323,,,,0.18,,1.72,,,,86,,Microlensing,2015
V830 Tau b,V830 Tau,,,1,130.111,68.29183,24.56192,,4250,2,1,,0.057,4.927,,,222.481,,Radial Velocity,2016
HATS-15 b,HATS-15,,,1,1139.55,311.092,-19.43753,G9 V,5311,0.922,0.871,-0.2041,0.02712,1.74749,0.126,12.386,689.691,1505,Transit,2016
HATS-16 b,HATS-16,,,1,757.044,358.55884,-30.01304,G3 V,5738,1.238,0.97,0.1732,0.03744,2.6865,0,14.572,1039.304,1592,Transit,2016
WASP-157 b,WASP-157,,,1,334.037,201.65515,-8.31764,,5772,1.1,1.06,,0.0499,3.95162,,11.19,,1193,Transit,2016
K2-38 b,K2-38,,,1,192.69,240.03331,-23.18942,G2 V,5731,1.06,1.03,0.0374,0.04994,4.01593,0.197,1.54,7.3,1266,Transit,2016
K2-38 c,K2-38,,,1,192.69,240.03331,-23.18942,G2 V,5731,1.06,1.03,0.0374,0.09514,10.56103,0.161,2.29,8.3,916,Transit,2016
HIP 41378 b,HIP 41378,41378,,1,106.289,126.61583,10.08037,,6371,1.306,1.245,,0.1303,15.57189,0.021,2.419,9.06,971,Transit,2016
HIP 41378 c,HIP 41378,41378,,1,106.289,126.61583,10.08037,,6371,1.306,1.245,,0.2093,31.70838,0.068,2.505,6.53,766,Transit,2016
HIP 41378 d,HIP 41378,41378,,1,106.289,126.61583,10.08037,,6320,1.273,1.16,,,278.3618,,3.54,4.6,367,Transit,2016
HIP 41378 e,HIP 41378,41378,,1,106.289,126.61583,10.08037,,6320,1.273,1.16,,,369,,4.92,12,335,Transit,2016
HIP 41378 f,HIP 41378,41378,,1,106.289,126.61583,10.08037,,,1.299,,,,542.0797,,,,,Transit,2016
NGC 2682 YBP 401 b,NGC 2682 YBP 401,,,1,830.822,132.82931,11.67103,F9 V,6165,,1.14,,,4.087,0.15,,146.202,,Radial Velocity,2016
WASP-113 b,WASP-113,,,1,435.156,224.87286,46.9601,G1,5890,1.608,1.318,,0.05885,4.54217,0,15.793,150.969,1496,Transit,2016
WASP-114 b,WASP-114,,,2,523.337,327.6657,10.46294,G0,5940,1.43,1.289,,0.02851,1.54877,0.012,15.009,562.241,2043,Transit,2016
OGLE-2015-BLG-0954L b,OGLE-2015-BLG-0954L,,,1,1200,270.18433,-28.66089,,,,0.3,,1.6,,,,1100,,Microlensing,2016
GJ 3998 b,GJ 3998,84460,,1,18.146,259.00205,11.05618,,3726,0.5,0.52,-1.358,0.03,2.65033,0,,2.5,,Radial Velocity,2016
GJ 3998 c,GJ 3998,84460,,1,18.146,259.00205,11.05618,,3726,0.5,0.52,-1.358,0.09,13.727,0,,6.82,,Radial Velocity,2016
BD+20 594 b,BD+20 594,,,1,179.461,53.65112,20.59902,,5766,1.08,1.67,,,41.6855,0,2.578,22.248,,Transit,2016
Kepler-760 b,Kepler-760,,,1,792.336,287.5932,44.17943,,5322,0.85,0.89,,,8.70419,,3.06,,,Transit,2016
KIC 7917485 b,KIC 7917485,,,1,1382.89,299.43461,43.63261,A,7067,,1.63,0.9956,,840,0.15,,3750.394,,Pulsation Timing Variations,2016
HD 87646 b,HD 87646,49522,87646,3,73.584,151.66954,17.89498,G,5770,1.55,1.12,,0.117,13.481,0.05,,3941.092,,Radial Velocity,2016
Proxima Cen b,Proxima Cen,70890,,3,1.301,217.39347,-62.67618,M5.5 V,2900,0.141,0.122,-2.821,0.04848,11.18465,0,,1.055,218,Radial Velocity,2016
K2-95 b,K2-95,,,1,179.854,129.36257,18.97662,,3566,0.4,0.41,,0.0525,10.13465,,3.31,,474,Transit,2016
HD 3167 b,HD 3167,2736,3167,1,47.29,8.74015,4.38072,,5261,0.88,0.837,,0.01796,0.95964,0,1.67,4.97,1774,Transit,2016
HD 3167 c,HD 3167,2736,3167,1,47.29,8.74015,4.38072,,5261,0.88,0.837,,0.1776,29.8454,0.06,3,11.13,564,Transit,2016
HD 133131 A b,HD 133131 A,73674,133131,2,51.474,225.89845,-27.84314,G2 V,5799,,0.95,,1.44,649,0.33,,451.319,,Radial Velocity,2016
HD 133131 A c,HD 133131 A,73674,133131,2,51.474,225.89845,-27.84314,G2 V,5799,,0.95,,4.49,3568,0.49,,133.489,,Radial Velocity,2016
HD 133131 B b,HD 133131 B,73674,133131,2,51.299,225.89997,-27.84159,G2 V,5805,,0.93,,6.15,5769,0.61,,794.575,,Radial Velocity,2016
HR 2562 b,HR 2562,32775,50571,1,34.007,102.50427,-60.24868,F5 V,,,1.3,,22.2,,0.34,,6992.225,,Imaging,2016
Kepler-266 b,Kepler-266,,,1,1370.79,294.48438,44.16694,,5885,1.028,,,0.071,6.61833,,2.48,,,Transit,2014
KELT-17 b,KELT-17,,,1,226.5,125.61741,13.73531,A,7454,1.645,1.635,0.8756,0.04881,3.08017,,17.094,416.357,2087,Transit,2016
WASP-92 b,WASP-92,,,1,575.889,246.69204,51.04113,F7,6280,1.341,1.19,,0.0348,2.17467,0,16.376,255.853,1871,Transit,2016
WASP-93 b,WASP-93,,,1,370.284,9.45874,51.28878,F4,6700,1.524,1.334,,0.04211,2.73253,0,17.901,467.21,1942,Transit,2016
WASP-118 b,WASP-118,,,1,376.658,19.55059,2.70278,F6,6410,1.696,1.32,,0.05453,4.04604,0,16.141,163.365,1729,Transit,2016
HD 111998 b,HD 111998,62875,111998,1,33.224,193.29535,-3.55311,F6 V,,,1.4,,1.91,810,0.13,,1525.576,,Radial Velocity,2016
HAT-P-65 b,HAT-P-65,,,1,738.519,315.90549,11.98937,,5872,1.666,1.297,0.4728,0.04042,2.60545,,18.058,176.077,1818,Transit,2016
HAT-P-66 b,HAT-P-66,,,1,935.456,150.57263,53.95082,G0,6002,1.881,1.255,0.6149,0.04363,2.97209,0.09,17.822,248.861,1896,Transit,2016
OGLE-2007-BLG-349L AB c,OGLE-2007-BLG-349L A,,,2,2760,271.35181,-26.42194,M,,,0.41,,2.59,2557,,,80,,Microlensing,2016
HATS-11 b,HATS-11,,,1,944.603,289.40076,-22.39001,,6563,1.54,1.33,,0.0507,3.61919,,18.03,,1596,Transit,2016
HATS-12 b,HATS-12,,,1,746.138,289.2024,-19.35592,,6357,1.17,1.16,,0.0441,3.1427,,7.76,,1446,Transit,2016
GJ 676 A c,GJ 676 A,85647,,2,16.027,262.54489,-51.63778,,,,0.626,,9.726,13921.42302,0.295,,4288.141,,Radial Velocity,2016
OGLE-2015-BLG-0051L b,OGLE-2015-BLG-0051L,,,1,8200,269.66254,-28.03169,,,,0.1,,0.73,,,,230,,Microlensing,2016
Kepler-56 d,Kepler-56,,,1,912.994,293.7583,41.87181,,4819,4.218,,,2.16,1002,0.2,,1784,,Radial Velocity,2016
HD 42618 b,HD 42618,29432,42618,1,24.336,93.00322,6.78197,G4 V,5727,0.999,1.015,-0.0088,0.554,149.61,0.19,,14.4,337,Radial Velocity,2016
HD 164922 c,HD 164922,88348,164922,1,22.002,270.63047,26.31041,,5390,0.946,0.926,-0.1487,0.341,75.74,0.12,,13,,Radial Velocity,2016
rho CrB c,rho CrB,78459,143761,1,17.467,240.26006,33.30019,G0,,,1,,,102.036,0.048,,27.442,,Radial Velocity,2016
HATS-18 b,HATS-18,,,1,624.368,173.95742,-29.15606,,5600,1.02,1.037,,0.0174,0.83784,,14.897,629.144,2069,Transit,2016
OGLE-2012-BLG-0950L b,OGLE-2012-BLG-0950L,,,1,2600,272.01926,-29.73158,M V,,,0.57,,2.6,,,,35,,Microlensing,2016
OGLE-2014-BLG-1760L b,OGLE-2014-BLG-1760L,,,1,7056,269.409,-28.96205,K,,,0.803,,1.887,,,,295.898,,Microlensing,2016
HD 9174 b,HD 9174,6993,9174,1,81.489,22.50434,-19.60529,G8 IV,5577,1.67,1.03,0.382,2.2,1179,0.12,,352.791,,Radial Velocity,2016
Kepler-761 b,Kepler-761,,,1,830.707,290.5036,44.14362,,5706,0.93,0.95,,,10.12805,,2.03,,,Transit,2016
HD 68402 b,HD 68402,39589,68402,1,78.429,121.34746,-74.41007,G5 IV/V,5950,1.02,1.12,0.0682,2.18,1103,0.03,,975.738,,Radial Velocity,2016
HD 72892 b,HD 72892,42098,72892,1,69.731,128.71956,-14.45743,,,,1.01,,0.228,39.44603,0.419,,1737.886,,Radial Velocity,2016
HD 128356 b,HD 128356,71481,128356,1,26.155,219.27028,-25.80317,K3 V,4875,0.85,0.65,-0.4437,0.87,298.2,0.57,,282.869,,Radial Velocity,2016
HD 147873 b,HD 147873,80486,147873,2,109.055,246.43805,-33.56722,G1 V,5972,2.29,1.38,0.7774,0.522,116.596,0.207,,1633.646,,Radial Velocity,2016
HD 147873 c,HD 147873,80486,147873,2,109.055,246.43805,-33.56722,G1 V,5972,2.29,1.38,0.7774,1.36,491.54,0.23,,731.009,,Radial Velocity,2016
HD 165155 b,HD 165155,88650,165155,1,63.357,271.48934,-29.91725,G8 V,5426,0.95,1.02,-0.1549,1.13,434.5,0.2,,918.529,,Radial Velocity,2016
HD 224538 b,HD 224538,118228,224538,1,79.061,359.71643,-61.58686,,,,1.23,,2.375,1202.05199,0.476,,2075.737,,Radial Velocity,2016
2MASS J22362452+4751425 b,2MASS J22362452+4751425,,,1,69.574,339.10259,47.86168,K7 V,4045,,0.6,,230,,,,3972.875,,Imaging,2016
GJ 536 b,GJ 536,68469,122303,1,10.409,210.25973,-2.65229,,3641,0.529,0.528,-1.3529,0.0668,8.70874,0,,6.37,451,Radial Velocity,2016
WASP-130 b,WASP-130,,,1,172.256,203.10602,-42.47527,G6,5625,0.96,1.04,,0.1012,11.55098,0,9.976,390.931,833,Transit,2016
WASP-131 b,WASP-131,,,1,200.075,210.19357,-30.58361,,5990,1.561,1.06,,0.0608,5.32201,0,13.742,86.767,,Transit,2016
WASP-132 b,WASP-132,,,1,122.91,217.6092,-46.15952,K4 V,4686,0.758,0.789,-0.5751,0.0674,7.13352,0.016,10.099,136.031,682,Transit,2016
WASP-139 b,WASP-139,,,2,212.472,49.56217,-41.30202,K0,5310,0.8,0.92,,0.062,5.92426,0,8.967,37.186,910,Transit,2016
WASP-140 b,WASP-140,,,2,117.598,60.38554,-20.451,K0,5300,,,,,,,14.235,,1270,Transit,2016
WASP-141 b,WASP-141,,,1,516.543,71.82443,-17.11517,F9,5900,1.37,1.25,,0.0469,3.31065,0,13.563,854.963,1540,Transit,2016
WASP-142 b,WASP-142,,,1,730.933,140.50632,-23.9461,F8,6010,1.64,1.33,,0.0347,2.05287,0,17.15,266.977,2000,Transit,2016
HATS-31 b,HATS-31,,,1,773.974,191.70282,-24.42739,,6050,1.87,1.275,0.6191,0.0478,3.37796,0.233,18.383,279.69,1823,Transit,2016
HATS-32 b,HATS-32,,,1,745.116,346.07509,-21.27202,,5700,1.097,1.099,0.0569,0.04024,2.81265,0.471,14,292.404,1437,Transit,2016
HATS-33 b,HATS-33,,,1,248.46,294.63369,-55.33027,,5659,1.022,1.062,-0.0177,0.03727,2.54956,0.08,13.787,378.853,1429,Transit,2016
HATS-34 b,HATS-34,,,1,508.842,0.77449,-62.46932,,5380,0.98,0.955,-0.1403,0.03166,2.10616,0.108,16.029,299.078,1445,Transit,2016
Kepler-418 b,Kepler-418,,,1,1002.53,294.43352,38.35547,,5820,1.09,0.98,,,86.67856,0.2,13.45,349.611,,Transit,2014
HATS-35 b,HATS-35,,,1,514.555,296.68844,-63.56565,,6300,1.433,1.317,0.4654,0.03199,1.821,0.306,16.41,388.388,2037,Transit,2016
HD 86950 b,HD 86950,49129,86950,1,209.839,150.40666,-17.33307,K1 III,4805,8.8,1.66,1.5599,2.72,1270,0.17,,1144.188,,Radial Velocity,2016
HD 222076 b,HD 222076,116630,222076,1,91.154,354.53198,-70.90325,K0 III,4806,4.1,1.07,0.9294,1.83,871,0.08,,495.815,,Radial Velocity,2016
WASP-127 b,WASP-127,,,2,159.507,160.55876,-3.835,,,1.333,0.95,,0.0484,4.17806,0,14.695,52.347,,Transit,2016
WASP-136 b,WASP-136,,,1,275.587,0.32576,-8.92625,F,,,,,,,,16.813,,1630,Transit,2016
WASP-138 b,WASP-138,,,1,414.234,41.63916,-0.46413,,6272,1.36,1.22,,0.0494,3.63443,,12.218,387.753,1590,Transit,2016
K2-101 b,K2-101,,,1,188.33,130.34391,18.93382,,4927,0.76,0.82,,0.1124,14.67624,,2,,618,Transit,2016
K2-102 b,K2-102,,,1,188.175,130.0559,19.77875,,4695,0.71,0.77,-0.6574,,9.91562,0.1,1.3,,,Transit,2016
EPIC 211822797 b,EPIC 211822797,,,1,186.197,130.41021,17.63997,,4057,0.58,0.62,,0.1195,21.1702,,1.92,,431,Transit,2016
OGLE-2014-BLG-0676L b,OGLE-2014-BLG-0676L,,,1,2670,268.10208,-30.54839,,,,0.73,,4.53,,,,1169.609,,Microlensing,2016
XO-6 b,XO-6,,,1,235.479,94.79296,73.82757,F5,6720,1.93,1.47,,0.0815,3.765,0,23.203,1398.452,1577,Transit,2016
HD 30177 c,HD 30177,21850,30177,1,55.587,70.4771,-58.02081,,,,0.98,,10.258,12085.45186,0.039,,1954.645,,Radial Velocity,2016
EPIC 220674823 b,EPIC 220674823,,,1,244.59,13.08002,10.79471,G5 V,5578,0.99,0.913,,0.0132,0.57131,0,1.606,7.54,2324,Transit,2016
EPIC 220674823 c,EPIC 220674823,,,1,244.59,13.08002,10.79471,G5 V,5578,0.99,0.913,,0.1078,13.3406,0.18,2.712,7.9,838,Transit,2016
K2-107 b,K2-107,,,1,685.2,284.98536,-22.29342,,6061,1.81,1.3,,0.0475,3.31396,,15.98,,1649,Transit,2017
WASP-53 b,WASP-53,,,1,201.338,31.90916,-20.66184,,4953,0.798,0.839,-0.4634,0.04101,3.30984,0.03,12.038,677.614,1053,Transit,2017
WASP-53 c,WASP-53,,,1,201.338,31.90916,-20.66184,,4953,0.798,0.839,-0.4634,3.73,2840,0.837,,5196.52,,Radial Velocity,2017
WASP-81 b,WASP-81,,,1,398.505,304.20799,3.29395,,5870,1.283,1.08,0.2455,0.03908,2.71648,0.066,16.018,231.698,1623,Transit,2017
TAP 26 b,TAP 26,,,1,121.402,64.71545,17.38788,,4620,1.17,1.04,-0.25,0.0968,10.79,,,527.598,,Radial Velocity,2017
KELT-16 b,KELT-16,,,2,444.586,314.26852,31.66102,F7 V,6236,1.36,1.211,0.4014,0.02044,0.969,0,15.861,874.033,2453,Transit,2017
TRAPPIST-1 e,TRAPPIST-1,,,1,,346.62639,-5.04346,,2566,0.119,0.09,-3.2573,0.02925,6.10101,,0.92,0.692,,Transit,2017
TRAPPIST-1 f,TRAPPIST-1,,,1,,346.62639,-5.04346,,2566,0.119,0.09,-3.2573,0.03849,9.20754,,1.045,1.039,,Transit,2017
TRAPPIST-1 g,TRAPPIST-1,,,1,,346.62639,-5.04346,,2566,0.119,0.09,-3.2573,0.04683,12.35245,,1.129,1.321,,Transit,2017
TRAPPIST-1 h,TRAPPIST-1,,,1,,346.62639,-5.04346,,2566,0.119,0.09,-3.2573,0.06189,18.77287,,0.755,0.326,,Transit,2017
HD 106315 b,HD 106315,,106315,1,109.353,183.47247,-0.39344,F5 V,6327,1.296,1.091,,0.0907,9.55237,0.093,2.44,12.6,1153,Transit,2017
HD 106315 c,HD 106315,,106315,1,109.353,183.47247,-0.39344,F5 V,6327,1.296,1.091,,0.1536,21.05704,0.22,4.35,15.2,886,Transit,2017
HD 17674 b,HD 17674,13291,17674,1,44.426,42.7685,30.2866,G0 V,5904,1.18,0.98,,1.42,623.8,0.13,,276.512,,Radial Velocity,2017
HD 42012 b,HD 42012,29242,42012,1,36.798,92.48547,34.13417,K0,5405,0.82,0.83,,1.67,857.5,0.2,,508.528,,Radial Velocity,2017
HD 29021 b,HD 29021,21571,29021,1,30.994,69.46814,60.6763,G5,,,0.86,-0.1811,2.294,1365,0.453,,1420.693,,Radial Velocity,2017
HATS-22 b,HATS-22,,,1,229.518,174.00987,-29.54336,K V,4803,0.689,0.759,-0.6459,0.05025,4.72281,0.079,10.682,870.854,858,Transit,2017
Kepler-474 b,Kepler-474,,,1,841.496,292.32152,43.88117,,5785,1.08,0.99,,,5.66067,,3.06,,,Transit,2016
HATS-23 b,HATS-23,,,1,639.004,286.36675,-50.06735,G V,5780,1.199,1.121,0.1553,0.03397,2.16052,0.114,20.849,467.21,1654,Transit,2017
HATS-24 b,HATS-24,,,1,494.182,268.89071,-61.7474,,6125,1.12,1.07,0.19,0.0238,1.3485,0,15.637,718.296,2166,Transit,2017
Kepler-20 g,Kepler-20,,,2,282.563,287.69799,42.33858,,5495,0.964,0.948,,0.2055,34.94,0.15,,19.96,524,Radial Velocity,2016
NGC 2682 Sand 978 b,NGC 2682 Sand 978,,,1,821.918,132.82281,11.7563,K4 III,4200,,1.37,,,511.21,0.16,,692.869,,Radial Velocity,2017
GJ 3138 b,GJ 3138,10037,,1,28.471,32.29774,-16.33925,M0,3717,0.5,0.681,-1.3468,0.0197,1.22003,0.19,,1.78,,Radial Velocity,2017
GJ 3138 c,GJ 3138,10037,,1,28.471,32.29774,-16.33925,M0,3717,0.5,0.681,-1.3468,0.057,5.974,0.11,,4.18,,Radial Velocity,2017
GJ 3138 d,GJ 3138,10037,,1,28.471,32.29774,-16.33925,M0,3717,0.5,0.681,-1.3468,0.698,257.8,0.32,,10.5,,Radial Velocity,2017
GJ 3323 b,GJ 3323,,,1,5.375,75.48688,-6.94851,M4,3159,0.119,0.164,-2.5686,0.03282,5.3636,0.23,,2.02,,Radial Velocity,2017
GJ 3323 c,GJ 3323,,,1,5.375,75.48688,-6.94851,M4,3159,0.119,0.164,-2.5686,0.1264,40.54,0.17,,2.31,,Radial Velocity,2017
GJ 273 b,GJ 273,36208,,1,5.922,111.85209,5.22581,M3.5,3382,0.293,0.29,-2.0555,0.0911,18.6498,0.1,,2.89,,Radial Velocity,2017
Kepler-768 b,Kepler-768,,,1,784.56,294.11569,38.39344,,5108,0.78,0.82,,,11.391,,1.79,,,Transit,2016
GJ 273 c,GJ 273,36208,,1,5.922,111.85209,5.22581,M3.5,3382,0.293,0.29,-2.0555,0.03647,4.7234,0.17,,1.18,,Radial Velocity,2017
GJ 3293 d,GJ 3293,,,1,20.19,67.14844,-25.17134,M2.5,3466,0.404,0.42,-1.6576,0.19394,48.1345,0.12,,7.6,,Radial Velocity,2017
GJ 3293 e,GJ 3293,,,1,20.19,67.14844,-25.17134,M2.5,3466,0.404,0.42,-1.6576,0.08208,13.2543,0.21,,3.28,,Radial Velocity,2017
HAT-P-67 b,HAT-P-67,,,2,371.686,256.61073,44.77688,,6640,2.62,1.73,1.0777,,4.81011,,23.987,143.023,,Transit,2017
Kepler-19 d,Kepler-19,,,1,218.562,290.42097,37.85166,,5544,0.859,0.936,,,62.95,0.05,,22.5,,Radial Velocity,2017
Kepler-150 f,Kepler-150,,,1,891.092,288.2341,40.5209,,5528,0.905,0.97,-0.1614,1.24,637.2093,,3.64,,,Transit,2017
Qatar-3 b,Qatar-3,,,1,735.601,359.15197,36.21296,G0 V,6007,1.272,1.145,0.2787,0.03783,2.50792,0,12.285,1369.847,1681,Transit,2017
Qatar-4 b,Qatar-4,,,1,329.036,4.85928,44.0276,K1 V,5215,0.849,0.896,-0.3179,0.02803,1.80536,0,12.722,1938.763,1385,Transit,2017
Qatar-5 b,Qatar-5,,,1,367.658,7.05394,42.06135,G2 V,5747,1.076,1.128,0.0561,0.04127,2.87923,0,12.408,1373.026,1415,Transit,2017
LHS 1140 b,LHS 1140,,,1,14.986,11.24863,-15.27411,M4.5 V,3096,0.216,0.184,-2.4202,0.0946,24.73723,0.043,1.73,5.6,226,Transit,2017
HIP 67537 b,HIP 67537,67537,120457,1,116.046,207.58084,-39.9009,,,,2.316,,4.807,2523.64713,0.586,,4309.118,,Radial Velocity,2017
KELT-18 b,KELT-18,,,2,321.376,216.52382,59.44427,F4 V,6670,1.908,1.524,0.8129,0.0455,2.87175,0,17.598,375.039,2085,Transit,2017
KELT-12 b,KELT-12,,,1,368.03,267.64049,36.57018,,6279,2.37,1.591,0.8921,0.06708,5.03162,0,19.952,301.938,1800,Transit,2017
KELT-11 b,KELT-11,52733,93396,1,99.16,161.70691,-9.39936,,5375,2.69,1.44,,0.0623,4.73621,0,15.132,65.155,1712,Transit,2017
OGLE-2016-BLG-1195L b,OGLE-2016-BLG-1195L,,,1,3910,268.84793,-30.20725,,,,0.078,,1.16,,,,1.43,,Microlensing,2017
MOA-2016-BLG-227L b,MOA-2016-BLG-227L,,,1,6500,271.47375,-27.71429,,,,0.29,,1.39,,,,890,,Microlensing,2017
KELT-9 b,KELT-9,101252,195689,2,204.455,307.8599,39.93892,B9.5-A0,10170,2.362,2.52,1.7243,0.03462,1.48112,0,21.196,915.35,4050,Transit,2017
HD 3167 d,HD 3167,2736,3167,1,47.29,8.74015,4.38072,,5261,0.88,0.837,,0.0763,8.4112,0.12,,4.33,,Radial Velocity,2017
HD 20794 e,HD 20794,15510,20794,1,6.003,49.99977,-43.06665,G8,,,0.813,,0.509,147.02,0.29,,4.77,,Radial Velocity,2017
HD 27894 c,HD 27894,20277,27894,1,43.821,65.19757,-59.40968,K2 V,,,0.8,,0.198,36.07,0.015,,51.488,,Radial Velocity,2017
HD 27894 d,HD 27894,20277,27894,1,43.821,65.19757,-59.40968,,,,0.81,,5.362,5019.54244,0.343,,2063.66,,Radial Velocity,2017
BD+03 2562 b,BD+03 2562,,,1,1070.63,177.56473,2.76011,,4095,32.35,1.14,2.7,1.3,481.9,0.2,,2034.112,,Radial Velocity,2017
HD 177565 b,HD 177565,93858,177565,1,16.918,286.71758,-37.81224,,,,1,,0.246,44.505,0.059,,15.1,,Radial Velocity,2017
MOA-2012-BLG-505L b,MOA-2012-BLG-505L,,,1,7210,268.1431,-32.04009,,,,0.1,,0.9,,,,6.7,,Microlensing,2017
TYC 4282-00605-1 b,TYC 4282-00605-1,,,1,464.128,343.8721,62.23919,,4300,16.21,0.97,1.91,0.422,101.54,0.28,,3426.207,,Radial Velocity,2017
HIP 65426 b,HIP 65426,65426,116434,1,108.875,201.15017,-51.50454,A2 V,8840,1.77,1.96,,92,,,16.814,2860.47,1500,Imaging,2017
WASP-167 b,WASP-167,,,1,423.552,196.04379,-35.54953,F1 V,7000,1.79,1.59,,0.0365,2.02196,,17.71,2542.64,2329,Transit,2017
K2-113 b,K2-113,,,1,635.722,19.44938,6.86885,,5660,1.24,1.04,,0.0642,5.81768,,12.14,,1098,Transit,2017
MXB 1658-298 b,MXB 1658-298,,,2,,255.52725,-29.94558,,,,,,1.613,760,,,7532.571,,Eclipse Timing Variations,2017
tau Cet g,tau Cet,8102,10700,1,3.603,26.0093,-15.9338,,,,0.783,,0.133,20,0.06,,1.75,,Radial Velocity,2017
tau Cet h,tau Cet,8102,10700,1,3.603,26.0093,-15.9338,,,,0.783,,0.243,49.41,0.23,,1.83,,Radial Velocity,2017
tau Cet f,tau Cet,8102,10700,1,3.603,26.0093,-15.9338,,,,0.783,,1.334,636.13,0.16,,3.93,,Radial Velocity,2017
WASP-91 b,WASP-91,,,1,149.942,357.84643,-70.15286,K3,4920,0.86,0.84,,0.037,2.79858,0,11.545,425.892,1160,Transit,2017
WASP-105 b,WASP-105,,,1,169.272,24.16787,-50.65931,K2,5070,0.9,0.89,,0.075,7.87288,0,10.761,572.094,900,Transit,2017
WASP-107 b,WASP-107,,,1,64.741,188.38643,-10.14621,,,,,,,5.72149,0.09,,30.512,,Transit,2017
YZ Cet b,YZ Cet,5643,,1,3.712,18.13308,-16.99624,M4.5 V,3151,0.157,0.142,-2.6586,0.01634,2.02087,0.06,,0.7,471,Radial Velocity,2017
YZ Cet c,YZ Cet,5643,,1,3.712,18.13308,-16.99624,M4.5 V,3151,0.157,0.142,-2.6586,0.02156,3.05989,0,,1.14,410,Radial Velocity,2017
YZ Cet d,YZ Cet,5643,,1,3.712,18.13308,-16.99624,M4.5 V,3151,0.157,0.142,-2.6586,0.02851,4.65626,0.07,,1.09,357,Radial Velocity,2017
MOA-2012-BLG-006L b,MOA-2012-BLG-006L,,,1,5300,270.44296,-29.10878,,,,0.49,,10.2,,,,2700,,Microlensing,2017
CoRoT-32 b,CoRoT-32,,,1,576.683,100.19517,9.2574,G0 VI,5970,0.79,1.08,-0.1549,0.071,6.71837,,6.389,47.675,938,Transit,2018
OGLE-2016-BLG-0263L b,OGLE-2016-BLG-0263L,,,1,6500,269.89542,-31.81861,,,,0.13,,5.4,,,,1300,,Microlensing,2017
GJ 625 b,GJ 625,80459,,1,6.472,246.35579,54.30336,M2,3499,0.31,0.3,-1.894,0.07836,14.628,0.13,,2.82,,Radial Velocity,2017
HD 208897 b,HD 208897,108513,208897,1,67.487,329.74906,19.02016,K0,4860,4.98,1.25,1.09,1.063,358.27,0.02,,379.487,,Radial Velocity,2017
K2-117 c,K2-117,,,1,101.632,133.85573,10.46922,,3778,0.51,0.54,,0.0492,5.44402,,2.06,,537,Transit,2017
K2-118 b,K2-118,,,1,321.722,132.12686,15.6559,,4726,0.735,0.756,,0.245,50.92092,0.2,2.54,,,Transit,2017
K2-125 b,K2-125,,,1,124.156,204.14188,-14.94782,,3654,0.402,0.495,,0.121,21.75026,0.08,2.18,,,Transit,2017
K2-128 b,K2-128,,,1,114.637,204.43767,-8.59709,,4470,0.778,0.711,,0.056,5.67582,0.23,1.42,,,Transit,2017
K2-129 b,K2-129,,,1,27.796,289.14855,-25.64632,,3459,0.36,0.36,,0.057,8.23949,0.13,1.04,,,Transit,2017
K2-130 b,K2-130,,,1,118.011,290.27054,-19.69087,,4356,0.744,0.696,,0.032,2.49412,0.17,1.25,,,Transit,2017
K2-131 b,K2-131,,,1,152.509,182.7514,-9.76524,,5120,0.759,0.803,,0.00936,0.3693,0,1.69,7.9,2223,Transit,2017
GJ 1148 c,GJ 1148,57050,,1,11.014,175.43261,42.75159,,3287,0.359,0.344,-1.8691,0.912,532.58,0.342,,68.06,,Radial Velocity,2017
K2-132 b,K2-132,,,1,609.818,182.16627,-8.74722,,4840,3.85,1.08,,,9.1751,,14.572,155.737,,Transit,2017
K2-133 b,K2-133,,,1,75.17,70.14938,25.00981,M1.5 V,3655,0.455,0.461,-1.4789,0.03194,3.07133,,1.34,,,Transit,2017
K2-133 c,K2-133,,,1,75.17,70.14938,25.00981,M1.5 V,3655,0.455,0.461,-1.4789,0.04341,4.86784,,1.603,,,Transit,2017
K2-133 d,K2-133,,,1,75.17,70.14938,25.00981,M1.5 V,3655,0.455,0.461,-1.4789,0.07487,11.02454,,2.003,,,Transit,2017
WASP-151 b,WASP-151,,,1,453.099,349.06347,0.30669,,,1.181,1.081,,0.055,4.53348,0,13.305,100.434,1312,Transit,2017
WASP-153 b,WASP-153,,,1,610.176,279.26247,40.01869,G0,5914,1.73,1.336,,0.048,3.33261,0.009,17.374,123.954,1700,Transit,2017
WASP-156 b,WASP-156,,,1,122.066,32.78209,2.41819,,4987,0.827,0.871,-0.4179,0.0458,3.83616,0,6.028,41.8,934,Transit,2017
OGLE-2013-BLG-0132L b,OGLE-2013-BLG-0132L,,,1,3900,269.76462,-28.42103,,,,0.54,,3.6,,,,92,,Microlensing,2017
OGLE-2013-BLG-1721L b,OGLE-2013-BLG-1721L,,,1,6300,268.12656,-30.29269,,,,0.46,,2.6,,,,200,,Microlensing,2017
HD 34445 c,HD 34445,24681,34445,1,46.091,79.42075,7.35272,G0 V,5836,1.38,1.07,0.3032,0.7181,214.67,0.036,,53.5,,Radial Velocity,2017
HD 34445 d,HD 34445,24681,34445,1,46.091,79.42075,7.35272,G0 V,5836,1.38,1.07,0.3032,0.4817,117.87,0.027,,30.7,,Radial Velocity,2017
HD 34445 e,HD 34445,24681,34445,1,46.091,79.42075,7.35272,G0 V,5836,1.38,1.07,0.3032,0.2687,49.175,0.09,,16.8,,Radial Velocity,2017
HD 34445 f,HD 34445,24681,34445,1,46.091,79.42075,7.35272,G0 V,5836,1.38,1.07,0.3032,1.543,676.8,0.031,,37.9,,Radial Velocity,2017
HD 34445 g,HD 34445,24681,34445,1,46.091,79.42075,7.35272,G0 V,5836,1.38,1.07,0.3032,6.36,5700,0.032,,120.6,,Radial Velocity,2017
MASCARA-1 b,MASCARA-1,104513,201585,1,182.273,317.55153,10.7389,,7490,2.082,1.9,1.0828,0.04035,2.14877,0,17.901,,2594,Transit,2017
GJ 9827 b,GJ 9827,115752,,1,29.661,351.77178,-1.28534,K7 V,4236,0.58,0.62,,0.0189,1.20897,,1.44,4.28,1035,Transit,2017
GJ 9827 c,GJ 9827,115752,,1,29.661,351.77178,-1.28534,K7 V,4236,0.58,0.62,,0.0395,3.6481,,1.13,1.86,716,Transit,2017
GJ 9827 d,GJ 9827,115752,,1,29.661,351.77178,-1.28534,K7 V,4236,0.58,0.62,-1.0044,0.053,6.20183,,1.98,3.02,675,Transit,2017
KELT-20 b,KELT-20,96618,185603,1,136.426,294.66141,31.2192,A2 V,8720,1.565,1.76,1.1038,0.0542,3.47411,,19.515,1074.901,2262,Transit,2017
NGTS-1 b,NGTS-1,,,1,218.121,82.71421,-36.63098,M0.5,3916,0.573,0.617,,0.0326,2.6473,0.016,14.908,258.078,790,Transit,2017
K2-136 b,K2-136,,,2,59.247,67.41286,22.88257,,4500,0.677,0.742,-0.7765,0.0707,7.9752,0.14,1.014,4.3,610,Transit,2017
K2-136 c,K2-136,,,2,59.247,67.41286,22.88257,,4500,0.677,0.742,-0.7765,0.1185,17.30713,0.047,3,18.1,470,Transit,2017
K2-136 d,K2-136,,,2,59.247,67.41286,22.88257,,4500,0.677,0.742,-0.7765,0.1538,25.575,0.071,1.565,3,420,Transit,2017
K2-137 b,K2-137,,,1,98.876,186.87043,-6.19522,,3697,0.29,,,,0.17972,,0.64,,,Transit,2017
Ross 128 b,Ross 128,57548,,1,3.375,176.9376,0.79929,M4,3192,0.197,0.168,-2.4413,0.0496,9.8658,0.116,,1.4,301,Radial Velocity,2017
HD 76920 b,HD 76920,43803,76920,1,184.031,133.82035,-67.26536,,4664,8.33,1,1.4698,1.091,415.891,0.878,,994.803,,Radial Velocity,2017
HD 40956 b,HD 40956,28951,40956,1,116.593,91.6628,63.45387,,4869,8.56,2,1.6644,1.4,578.6,0.24,,858.141,,Radial Velocity,2017
HD 111591 b,HD 111591,62653,111591,1,114.166,192.57255,22.86313,,4884,8.03,1.94,1.5806,2.5,1056.4,0.26,,1398.452,,Radial Velocity,2017
HD 113996 b,HD 113996,64022,113996,2,116.334,196.79487,27.62444,,4181,25.11,1.49,2.4639,1.6,610.2,0.28,,2002.329,,Radial Velocity,2017
OGLE-2016-BLG-1190L b,OGLE-2016-BLG-1190L,,,1,6770,269.71793,-27.61356,,,,0.88,,2.17,1220,0.42,,4253,,Microlensing,2017
OGLE-2016-BLG-0613L AB b,OGLE-2016-BLG-0613L AB,,,2,3410,269.26041,-28.11617,,,,0.72,,6.4,,,,1330,,Microlensing,2017
K2-139 b,K2-139,,,1,153.856,289.06671,-17.91071,,5370,0.88,0.96,,0.1796,28.38062,,9.11,,524,Transit,2017
Kepler-80 g,Kepler-80,,,1,369.451,296.11258,39.97875,,4540,0.678,0.83,,,14.64558,,1.13,,418,Transit,2017
Kepler-90 i,KOI-351,,,1,848.254,284.43346,49.30512,,6015,1.29,1.12,,,14.44912,,1.32,,709,Transit,2017
K2-18 c,K2-18,,,1,38.027,172.56014,7.58783,,3457,0.411,0.359,,0.06,8.962,0.47,,7.51,363,Radial Velocity,2017
HD 176986 b,HD 176986,93540,176986,1,27.784,285.77391,-11.04494,K2.5 V,4931,0.782,0.789,-0.4802,0.06296,6.49164,,,5.36,767,Radial Velocity,2017
HD 176986 c,HD 176986,93540,176986,1,27.784,285.77391,-11.04494,K2.5 V,4931,0.782,0.789,-0.4802,0.11873,16.8124,,,9.75,558,Radial Velocity,2017
GJ 3942 b,GJ 3942,79126,,1,16.929,242.26455,52.94414,M0,3867,0.61,0.63,-1.12,0.0608,6.905,0.121,,7.14,590,Radial Velocity,2017
Kepler-500 b,Kepler-500,,,1,807.48,295.95135,43.85199,,5813,1.03,1.02,,,8.50832,,2.58,,,Transit,2016
Kepler-269 b,Kepler-269,,,1,2257.32,290.21515,41.77598,,5847,0.959,,,0.061,5.32672,,2.47,,,Transit,2014
PSR J2322-2650 b,PSR J2322-2650,,,1,230,350.64435,-26.84953,,,,1.4,,0.0102,0.32296,0.002,,252.643,,Pulsar Timing,2017
K2-140 b,K2-140,,,1,347.917,188.13732,-9.60761,G6 V,5585,1.06,0.96,,0.068,6.56919,0,13.563,295.58,962,Transit,2017
HD 147379 b,HD 147379,79755,147379,2,10.764,244.17257,67.2392,M0.0 V,4090,,0.58,,,86.58,0.063,,21.6,,Radial Velocity,2017
HATS-50 b,HATS-50,,,1,756.742,300.42808,-26.07756,,5990,1.117,1.168,0.143,0.05046,3.8297,0.516,12.666,123.954,,Transit,2017
HATS-51 b,HATS-51,,,1,389.57,102.84742,-29.05866,,5758,1.44,1.187,0.3096,0.04639,3.34887,0.33,15.805,244.093,1553,Transit,2017
HATS-52 b,HATS-52,,,1,555.134,140.08759,-31.26921,,6010,1.046,1.111,0.0682,0.02498,1.36665,0.246,15.491,711.939,1834,Transit,2017
HATS-53 b,HATS-53,,,1,585.77,176.62832,-33.86008,,5644,1.101,0.964,0.0453,0.04753,3.85378,0.33,15.02,189.109,1312,Transit,2017
K2-138 b,K2-138,,,1,202.585,348.94903,-10.84974,,5356,0.863,0.935,,0.03385,2.35309,0.048,1.51,3.1,,Transit,2017
K2-138 c,K2-138,,,1,202.585,348.94903,-10.84974,,5356,0.863,0.935,,0.04461,3.56004,0.045,2.299,6.31,,Transit,2017
K2-138 d,K2-138,,,1,202.585,348.94903,-10.84974,,5356,0.863,0.935,,0.05893,5.40479,0.043,2.39,7.92,,Transit,2017
Kepler-775 b,Kepler-775,,,1,398.676,291.43328,41.70332,,5468,0.84,0.92,,,0.97487,,1.19,,,Transit,2016
K2-138 e,K2-138,,,1,202.585,348.94903,-10.84974,,5356,0.863,0.935,,0.0782,8.26146,0.077,3.39,12.97,,Transit,2017
K2-138 f,K2-138,,,1,202.585,348.94903,-10.84974,,5356,0.863,0.935,,0.10447,12.75758,0.062,2.904,1.63,,Transit,2017
KELT-19 A b,KELT-19 A,,,2,300.276,111.50953,7.61578,A8 V,7500,1.83,1.62,0.9777,0.0637,4.61171,,21.409,1293.568,1935,Transit,2017
K2-141 b,K2-141,,,1,61.874,350.91705,-1.18918,,4570,0.681,0.708,,0.00747,0.28032,0,1.51,4.97,2103,Transit,2018
K2-141 c,K2-141,,,1,61.874,350.91705,-1.18918,,4570,0.681,0.708,,0.0683,7.7485,0.092,7,8,695,Transit,2018
HD 238914 b,HD 238914,91388,238914,1,519.452,279.58421,59.25388,,4769,12.73,1.47,1.85,5.7,4100,0.56,,1906.98,,Radial Velocity,2018
TYC 3318-01333-1 b,TYC 3318-01333-1,,,1,490.61,45.58257,49.74414,,4776,5.9,1.19,1.21,1.414,562,0.098,,1086.979,,Radial Velocity,2018
BD+48 740 b,BD+48 740,12684,,1,666.589,40.74254,48.93006,,4534,10.33,1.09,1.64,1.7,733,0.76,,540.311,,Radial Velocity,2018
K2-147 b,K2-147,,,1,90.549,293.83303,-28.49847,,3690,0.578,0.563,-1.2518,0.01575,0.96194,0.38,1.473,,1077,Transit,2018
K2-148 b,K2-148,,,2,124.458,14.51765,-0.19326,,4079,0.632,0.65,-0.9957,0.0454,4.38395,,1.33,,,Transit,2018
Kepler-776 b,Kepler-776,,,1,727.904,287.27261,41.6356,,5071,0.78,0.83,,,4.89719,,1.28,,,Transit,2016
K2-148 c,K2-148,,,2,124.458,14.51765,-0.19326,,4079,0.632,0.65,-0.9957,0.0616,6.9226,,1.73,,,Transit,2018
K2-148 d,K2-148,,,2,124.458,14.51765,-0.19326,,4079,0.632,0.65,-0.9957,0.0774,9.7579,,1.64,,,Transit,2018
K2-149 b,K2-149,,,1,123.676,9.82175,7.27699,M1.0 V,3745,0.568,0.595,-1.3098,0.083,11.332,,1.64,,,Transit,2018
K2-150 b,K2-150,,,1,102.483,18.34439,8.98743,M2.5 V,3499,0.436,0.457,-1.585,0.0727,10.59357,,2,,,Transit,2018
K2-152 b,K2-152,,,1,108.449,181.63241,-5.82743,,4044,0.61,0.63,,0.1716,32.6479,,2.29,,337,Transit,2018
K2-153 b,K2-153,,,1,143.125,183.80887,2.02088,,3845,0.53,0.55,,0.0614,7.51574,,2,,497,Transit,2018
K2-154 b,K2-154,,,1,129.356,189.00152,-2.66962,,4097,0.63,0.65,,0.0405,3.67626,,1.99,,715,Transit,2018
K2-154 c,K2-154,,,1,129.356,189.00152,-2.66962,,4097,0.63,0.65,,0.0677,7.95486,,2.07,,552,Transit,2018
K2-155 b,K2-155,,,1,72.8,65.46961,21.35326,,4258,0.58,0.65,,0.0562,6.342,,1.8,,708,Transit,2018
K2-155 c,K2-155,,,1,72.8,65.46961,21.35326,,4258,0.58,0.65,,0.0946,13.85,,2.6,,583,Transit,2018
K2-155 d,K2-155,,,1,72.8,65.46961,21.35326,,4258,0.58,0.65,,0.1937,40.718,,1.9,,381,Transit,2018
KELT-21 b,KELT-21,,332124,1,470.878,304.80003,32.58104,A8 V,7598,1.638,1.458,0.9047,0.05224,3.61276,0,17.777,1242.715,2051,Transit,2018
HD 215152 d,HD 215152,112190,215152,1,21.597,340.83809,-6.40207,K3 V,4935,0.73,0.77,,0.08799,10.86499,0,,2.801,,Radial Velocity,2018
HD 215152 e,HD 215152,112190,215152,1,21.597,340.83809,-6.40207,K3 V,4935,0.73,0.77,,0.15417,25.1967,0,,2.877,,Radial Velocity,2018
TCP J05074264+2447555 b,TCP J05074264+2447555,,,1,505,76.928,24.79896,,,,0.586,,0.94,,,,20,,Microlensing,2018
Kepler-1654 b,Kepler-1654,,,1,568.117,282.18569,44.43446,G5 V,5597,1.179,1.011,0.0899,2.026,1047.8356,0.26,9.18,158.915,206,Transit,2018
UKIRT-2017-BLG-001L b,UKIRT-2017-BLG-001L,,,1,6300,266.65408,-29.21136,,,,0.81,,4.18,,,,407,,Microlensing,2018
OGLE-2017-BLG-0173L b,OGLE-2017-BLG-0173L,,,1,4705,267.97061,-29.27136,,,,0.396,,3.913,,,,3.269,,Microlensing,2018
MOA-2010-BLG-117L b,MOA-2010-BLG-117L,,,1,3500,271.95697,-25.34464,,,,0.58,,2.42,,,,170,,Microlensing,2018
K2-232 b,K2-232,,286123,1,130.72,73.76679,18.65432,,6154,1.161,1.188,0.2381,0.10356,11.16845,0.258,11.209,126.496,1030,Transit,2018
K2-231 b,K2-231,,,1,321.215,289.09182,-15.77122,,5695,0.95,1.01,,,13.8419,,2.5,,,Transit,2018
HATS-39 b,HATS-39,,,1,878.521,112.41923,-29.93792,,6572,1.621,1.379,0.6405,0.06007,4.57763,0.275,17.598,200.233,1645,Transit,2018
HATS-40 b,HATS-40,,,1,1342.29,100.57125,-29.77678,,6460,2.26,1.561,0.9031,0.04997,3.26427,0.312,17.71,505.35,2101,Transit,2018
HATS-41 b,HATS-41,,,1,737.668,103.51736,-27.05042,,6424,1.71,1.496,0.6532,0.0583,4.19365,0.38,14.908,3082.951,1710,Transit,2018
HATS-42 b,HATS-42,,,1,800.377,108.4524,-33.43735,,6060,1.48,1.273,0.4249,0.03689,2.2921,0.229,15.693,597.52,1856,Transit,2018
OGLE-2017-BLG-1522L b,OGLE-2017-BLG-1522L,,,1,7490,270.31937,-28.46197,,,,0.045,,0.59,,,,240,,Microlensing,2018
HD 158996 b,HD 158996,84769,158996,1,283.659,259.90511,80.1364,K5 III,4069,50.3,1.8,3.0148,2.1,820.2,0.13,,4449.62,,Radial Velocity,2018
KPS-1 b,KPS-1,,,1,262.706,165.1672,64.96385,K1 V,5165,0.907,0.892,,0.0269,1.70629,0,11.545,346.435,1459,Transit,2018
K2-233 b,K2-233,,,1,67.506,230.4799,-20.2318,K3,4796,0.71,0.79,,0.03293,2.46758,0,1.315,2.4,1127,Transit,2018
K2-233 c,K2-233,,,1,67.506,230.4799,-20.2318,K3,4796,0.71,0.79,,0.0664,7.06024,0,1.272,4.6,794,Transit,2018
K2-233 d,K2-233,,,1,67.506,230.4799,-20.2318,K3,4796,0.71,0.79,,0.1516,24.3681,0.18,2.363,10.3,525,Transit,2018
OGLE-2017-BLG-0373L b,OGLE-2017-BLG-0373L,,,1,5915,269.32941,-31.95172,,,,0.248,,2.424,,,,127,,Microlensing,2018
gam Lib b,gam Lib,76333,138905,1,47.402,233.88186,-14.7895,K0 III,4879,12.38,1.78,1.8973,1.319,414.88,0.16,,357.875,,Radial Velocity,2018
gam Lib c,gam Lib,76333,138905,1,47.402,233.88186,-14.7895,K0 III,4879,12.38,1.78,1.8973,2.318,966.49,0.065,,1662.56,,Radial Velocity,2018
24 Boo b,24 Boo,70791,127243,1,95.986,217.15552,49.84465,G3 IV,4816,12.19,1.05,1.8769,0.194,30.33,0.032,,280.642,,Radial Velocity,2018
OGLE-2017-BLG-1434L b,OGLE-2017-BLG-1434L,,,1,860,268.28047,-30.24566,,,,0.234,,1.18,,,,4.43,,Microlensing,2018
HATS-43 b,HATS-43,,,1,362.273,80.53824,-30.97082,,5099,0.812,0.837,-0.3979,0.04944,4.38885,0.173,13.227,82.954,1003,Transit,2018
HATS-44 b,HATS-44,,,1,446.035,84.32676,-27.97258,,5080,0.847,0.86,-0.3979,0.03649,2.7439,0.279,11.96,177.985,1161,Transit,2018
HATS-45 b,HATS-45,,,1,772.11,101.99425,-21.91071,,6450,1.315,1.272,0.4249,0.05511,4.18762,0.24,14.415,222.481,1518,Transit,2018
HATS-46 b,HATS-46,,,1,453.808,6.70264,-56.3161,,5495,0.853,0.917,-0.2299,0.05367,4.74237,0.559,10.122,54.985,1054,Transit,2018
HATS-7 b,HATS-7,,,1,240.707,208.85675,-21.20786,K2,4985,0.815,0.849,-0.4341,0.04012,3.18532,0.17,6.311,38.14,1084,Transit,2015
HD 47366 b,HD 47366,31674,47366,1,84.355,99.42002,-12.98566,K1 III,4866,7.3,1.81,1.4166,1.207,360.08,0.071,,661.719,,Radial Velocity,2016
HD 47366 c,HD 47366,31674,47366,1,84.355,99.42002,-12.98566,K1 III,4866,7.3,1.81,1.4166,1.84,677.53,0.161,,483.735,,Radial Velocity,2016
NGTS-3 A b,NGTS-3 A,,,2,743.972,94.44476,-35.70636,G6 V,5600,0.93,1.017,,0.023,1.67537,,16.589,756.435,,Transit,2018
HD 89345 b,HD 89345,50496,89345,1,132.345,154.6711,10.12885,,5576,1.747,1.157,0.4249,0.1066,11.8143,0.22,7.398,34.961,1089,Transit,2018
OGLE-2017-BLG-1140L b,OGLE-2017-BLG-1140L,,,1,,266.88306,-24.52267,,,,0.211,,1.02,,,,505,,Microlensing,2018
K2-239 b,K2-239,,,1,31.085,160.59413,4.44138,M3.0 V,3420,0.36,0.4,-1.7959,0.0441,5.24,,1.1,,502,Transit,2018
K2-239 c,K2-239,,,1,31.085,160.59413,4.44138,M3.0 V,3420,0.36,0.4,-1.7959,0.0576,7.775,,1,,427,Transit,2018
K2-239 d,K2-239,,,1,31.085,160.59413,4.44138,M3.0 V,3420,0.36,0.4,-1.7959,0.0685,10.115,,1.1,,399,Transit,2018
K2-240 b,K2-240,,,1,72.91,227.84937,-17.87545,M0.5 V,3810,0.54,0.58,-1.2757,0.0513,6.034,,2,,586,Transit,2018
K2-240 c,K2-240,,,1,72.91,227.84937,-17.87545,M0.5 V,3810,0.54,0.58,-1.2757,0.1159,20.523,,1.8,,389,Transit,2018
OGLE-2017-BLG-0482L b,OGLE-2017-BLG-0482L,,,1,5800,269.04889,-30.52836,,,,0.2,,1.8,,,,9,,Microlensing,2018
K2-237 b,K2-237,,,1,314.995,253.76885,-28.71058,,6180,1.236,1.256,0.3032,0.03552,2.18053,0.03,16.062,434.154,1759,Transit,2018
K2-238 b,K2-238,,,1,537.963,347.70432,-7.85756,G2 V,5630,1.59,1.19,,0.046,3.20466,0,14.572,273.334,1587,Transit,2018
OGLE-2014-BLG-1722L b,OGLE-2014-BLG-1722L,,,1,6400,268.75238,-31.46906,,,,0.4,,1.5,,,,55.3,,Microlensing,2018
OGLE-2014-BLG-1722L c,OGLE-2014-BLG-1722L,,,1,6400,268.75238,-31.46906,,,,0.4,,1.7,,,,83.7,,Microlensing,2018
GJ 1132 c,GJ 1132,,,1,12.613,153.70907,-47.15494,M4.5 V,,0.226,0.198,,,8.929,0.19,,2.91,,Radial Velocity,2018
HAT-P-11 c,HAT-P-11,97657,,1,37.765,297.71018,48.08186,,,,0.811,,4.1,3361,0.652,,851.78,,Radial Velocity,2018
K2-241 b,K2-241,,,1,149.464,181.23868,-6.8053,,5262,0.75,0.71,,0.1567,26.8199,,2.55,,507,Transit,2018
K2-242 b,K2-242,,,1,109.237,179.83584,-6.51785,,3459,0.37,0.38,,0.0494,6.51389,,2.54,,416,Transit,2018
K2-158 c,K2-158,,,1,197.299,179.93971,-5.72169,,5503,0.95,0.92,,0.0622,5.90279,,1.28,,948,Transit,2018
K2-243 b,K2-243,,,1,266.864,181.12114,-4.89914,,6570,1.39,1.29,,0.1087,11.54182,,2.17,,1035,Transit,2018
K2-243 c,K2-243,,,1,266.864,181.12114,-4.89914,,6570,1.39,1.29,,0.1817,24.94598,,2.01,,801,Transit,2018
K2-245 b,K2-245,,,1,456.064,185.18156,-1.59091,,5793,1.25,0.83,,0.0959,11.89307,,4.34,,923,Transit,2018
K2-246 b,K2-246,,,1,703.616,181.62961,-1.1606,,5610,0.94,0.87,,0.0602,5.76918,,3.49,,977,Transit,2018
K2-247 b,K2-247,,,1,258.113,188.89352,-10.06928,,4667,0.69,0.74,,0.0304,2.25021,,2.12,,979,Transit,2018
K2-247 c,K2-247,,,1,258.113,188.89352,-10.06928,,4667,0.69,0.74,,0.0615,6.49424,,2.19,,688,Transit,2018
K2-248 b,K2-248,,,1,406.254,182.81733,-9.41417,,5528,0.92,0.88,,0.0699,7.17256,,2.57,,886,Transit,2018
K2-249 b,K2-249,,,1,521.716,183.36673,-8.99523,,6504,1.57,1.32,,0.1151,12.409,,2.79,,1061,Transit,2018
K2-250 b,K2-250,,,1,414.708,185.03154,-8.97574,,5003,0.797,0.809,-0.4449,0.04606,4.01392,0.21,2.713,,1003,Transit,2018
K2-251 b,K2-251,,,1,147.03,190.68924,-8.53598,,3717,0.49,0.52,,0.0694,9.30075,,2.35,,437,Transit,2018
K2-252 b,K2-252,,,1,228.839,182.36638,-8.30961,,5152,0.82,0.79,,0.1041,13.81513,,1.74,,639,Transit,2018
K2-253 b,K2-253,,,1,876.565,186.08531,-6.37895,,6027,1.1,1.08,,0.0506,4.00167,,12.67,,1238,Transit,2018
K2-254 b,K2-254,,,1,227.775,185.55079,-4.71729,,4629,0.67,0.71,,0.0448,4.09639,,1.63,,791,Transit,2018
K2-254 c,K2-254,,,1,227.775,185.55079,-4.71729,,4629,0.67,0.71,,0.0923,12.11839,,2.19,,551,Transit,2018
K2-255 b,K2-255,,,1,191.608,189.91285,-3.37056,,4676,0.69,0.71,,0.0274,1.96417,,2.9,,1034,Transit,2018
K2-257 b,K2-257,,,1,64.007,188.27828,-1.95329,,3725,0.5,0.52,,0.0216,1.60588,,0.83,,789,Transit,2018
K2-258 b,K2-258,,,1,661.873,187.6314,-1.16092,,6351,1.31,1.21,,0.149,19.0921,,3,,831,Transit,2018
IC 4651 9122 b,IC 4651 9122,,,1,859.324,261.20861,-49.94893,,,,2.1,,2.038,734,0.18,,2002.329,,Radial Velocity,2018
Kepler-128 b,Kepler-128,,,1,396.379,282.49226,43.98024,,6072,1.659,1.184,,,15,,1.421,3.79,,Transit,2013
CoRoT-20 c,CoRoT-20,,,1,844.061,97.72042,0.22689,,,,1.14,,2.9,1675,0.6,,5403.11,,Radial Velocity,2018
K2-260 b,K2-260,,,1,663.834,76.86733,16.86769,,6860,1.755,1.637,0.7882,0.04392,2.6267,0.053,18.416,546.665,2090,Transit,2018
K2-261 b,K2-261,,,1,213.283,163.03231,0.49317,,5490,1.663,1.107,0.3539,0.1086,11.63347,0.274,9.27,68.969,1036,Transit,2018
WASP-174 b,WASP-174,,,1,410.149,195.79401,-41.38486,,6399,1.347,1.24,0.4362,0.05503,4.2337,0,16.107,104.883,1528,Transit,2018
Wolf 503 b,Wolf 503,67285,,1,44.526,206.8462,-6.13934,K3.5 V,4716,0.689,0.688,-0.6757,0.05706,6.00127,0.41,2.043,6.26,790,Transit,2018
K2-264 b,K2-264,,,1,185.605,131.35835,19.6984,,3660,0.473,0.496,,0.05023,5.84,,2.231,,496,Transit,2018
K2-264 c,K2-264,,,1,185.605,131.35835,19.6984,,3660,0.473,0.496,,0.11283,19.6603,,2.668,,331,Transit,2018
HD 55696 b,HD 55696,34801,55696,1,77.969,108.0622,-38.17464,G0 V,6012,1.52,1.29,0.43,3.18,1827,0.705,,1230.002,,Radial Velocity,2018
HD 98736 b,HD 98736,55486,98736,2,32.446,170.4549,18.18961,,5271,0.93,0.92,-0.22,1.864,968.8,0.226,,740.544,,Radial Velocity,2018
HD 148164 b,HD 148164,80484,148164,1,77.197,246.43517,11.91907,F8,6032,1.34,1.21,0.33,0.993,328.55,0.587,,390.931,,Radial Velocity,2018
HD 148164 c,HD 148164,80484,148164,1,77.197,246.43517,11.91907,F8,6032,1.34,1.21,0.33,6.15,5062,0.125,,1640.003,,Radial Velocity,2018
HD 211810 b,HD 211810,110094,211810,1,64.635,334.52867,61.13499,G5,5652,1.13,1.03,0.07,2.656,1558,0.68,,212.946,,Radial Velocity,2018
HD 75784 c,HD 75784,43569,75784,1,85.432,133.09923,13.23305,,4867,3.4,1.26,,8.4,7900,0.489,,1792.561,,Radial Velocity,2018
NGTS-2 b,NGTS-2,,,1,356.391,215.12276,-31.20207,F5 V,6478,1.702,1.64,,0.063,4.51116,0,17.878,235.194,1468,Transit,2018
EPIC 246851721 b,EPIC 246851721,,,2,372.632,78.91982,16.2787,F5 V,6202,1.586,1.317,0.5263,0.07229,6.18023,,11.781,953.49,1401,Transit,2018
K2-266 b,K2-266,,,2,77.559,157.93569,0.93728,,4285,0.703,0.686,-0.8233,0.01306,0.65852,,3.3,11.268,1515,Transit,2018
K2-266 c,K2-266,,,2,77.559,157.93569,0.93728,,4285,0.703,0.686,-0.8233,0.0679,7.814,0.042,0.705,0.29,664,Transit,2018
K2-266 d,K2-266,,,2,77.559,157.93569,0.93728,,4285,0.703,0.686,-0.8233,0.1035,14.697,0.047,2.93,8.9,538,Transit,2018
K2-266 e,K2-266,,,2,77.559,157.93569,0.93728,,4285,0.703,0.686,-0.8233,0.1249,19.482,0.043,2.73,14.3,490,Transit,2018
K2-268 b,K2-268,,,1,327.783,133.70949,11.84827,,5106,0.78,0.84,,,2.15168,,1.5,,1136,Transit,2018
WASP-144 b,WASP-144,,,1,355.513,320.76288,-40.04844,K2 V,5200,0.81,0.81,,0.0316,2.27832,0,9.528,139.845,1260,Transit,2018
WASP-145 A b,WASP-145 A,,,2,91.299,322.25376,-58.83615,K2 V,4900,0.68,0.76,,0.0261,1.76904,0,10.088,282.869,1200,Transit,2018
WASP-158 b,WASP-158,,,1,524.993,4.14635,-10.97642,F6 V,6350,1.39,1.38,,0.0517,3.65633,0,11.994,886.746,1590,Transit,2018
WASP-159 b,WASP-159,,,1,715.383,68.13648,-38.9683,F9,6120,2.11,1.41,,0.0538,3.8404,0,15.468,174.806,1850,Transit,2018
WASP-162 b,WASP-162,,,1,310.841,168.29291,-17.65778,K0,5300,1.11,0.95,,0.0871,9.62468,0.434,11.209,1652.716,910,Transit,2018
WASP-168 b,WASP-168,,,2,303.941,96.74464,-46.82136,F9 V,6000,1.12,1.08,,0.0519,4.15366,0,16.814,133.489,1340,Transit,2018
WASP-172 b,WASP-172,,,1,538.11,199.43374,-47.23757,F1 V,6900,1.91,1.49,,0.0694,5.47743,0,17.598,149.38,1740,Transit,2018
WASP-173 A b,WASP-173 A,,,2,232.98,354.1687,-34.6113,G3,5800,1.11,1.05,,0.0248,1.38665,0,13.451,1172.793,1880,Transit,2018
OGLE-2011-BLG-0173L b,OGLE-2011-BLG-0173L,,,1,6100,269.31574,-28.23386,,,,0.41,,8,,,,60,,Microlensing,2018
WASP-147 b,WASP-147,,,1,436.098,359.19151,-22.15323,G4,5702,1.429,1.044,,0.0549,4.60273,0,12.498,87.403,1404,Transit,2018
WASP-160 B b,WASP-160 B,,,2,288.326,87.67956,-27.62332,K0 V,5298,0.868,0.87,,0.0452,3.7685,0,12.218,88.357,1119,Transit,2018
WASP-164 b,WASP-164,,,1,327.506,344.87359,-60.44782,G2 V,5806,0.932,0.946,,0.02818,1.77713,0,12.644,676.978,1610,Transit,2018
WASP-165 b,WASP-165,,,1,602.236,357.58065,-17.07759,G6,5599,1.75,1.248,,0.04823,3.46551,0,14.123,209.132,1624,Transit,2018
OGLE-2013-BLG-1761L b,OGLE-2013-BLG-1761L,,,1,6900,268.40949,-28.89527,,,,0.33,,1.8,,,,860,,Microlensing,2017
GJ 96 b,GJ 96,11048,,1,11.931,35.5624,47.88021,M2,3785,,0.6,-1.0516,0.291,73.94,0.44,,19.66,,Radial Velocity,2018
KMT-2016-BLG-1820L b,KMT-2016-BLG-1820L,,,1,6260,268.76474,-29.51692,,,,0.039,,1.08,,,,1450,,Microlensing,2018
KMT-2016-BLG-2142L b,KMT-2016-BLG-2142L,,,1,7010,268.112,-29.38456,,,,0.073,,0.83,,,,4923,,Microlensing,2018
Kepler-777 b,Kepler-777,,,1,443.106,282.72411,44.34651,,4043,0.56,0.58,,,5.72813,,1.47,,,Transit,2016
MOA-2015-BLG-337L b,MOA-2015-BLG-337L,,,1,7100,271.9487,-28.17028,,,,0.009,,0.24,,,,33.7,,Microlensing,2018
KMT-2016-BLG-1397L b,KMT-2016-BLG-1397L,,,1,6600,272.66461,-24.85774,,,,0.45,,5.1,,,,2200,,Microlensing,2018
pi Men c,HD 39091,26394,39091,1,18.27,84.29928,-80.4646,,5998,1.17,1.07,0.1584,,6.26784,0,2.019,,,Transit,2018
K2-284 b,K2-284,,,1,107.272,79.1408,20.2549,,4140,0.607,0.63,-1.0132,0.04771,4.79507,0.078,2.78,,653,Transit,2018
MOA-2016-BLG-319L b,MOA-2016-BLG-319L,,,1,6800,268.74222,-29.75046,,,,0.15,,0.95,,,,200,,Microlensing,2018
MOA-2011-BLG-291L b,MOA-2011-BLG-291L,,,1,4400,268.86789,-29.17067,,,,0.15,,0.69,,,,18,,Microlensing,2018
GJ 317 c,GJ 317,,,1,15.197,130.24453,-23.45281,M3.5 V,3496,0.403,0.402,,5.04,6500,0.217,,454.495,,Radial Velocity,2016
HD 33142 c,HD 33142,23844,33142,1,121.375,76.89806,-13.98634,K0 III,5025,4.17,1.52,1.0004,1.955,810.2,0.081,,282.867,,Radial Velocity,2016
HD 95089 c,HD 95089,53666,95089,1,136.957,164.69875,1.72901,,4918,5.08,1.54,,3.33,1785,0.284,,1096.514,,Radial Velocity,2016
HD 99706 c,HD 99706,55994,99706,1,146.6,172.12616,43.9662,,,,1.72,,,1278,0.411,,1808.453,,Radial Velocity,2016
Kepler-778 b,Kepler-778,,,1,938.168,287.47749,44.23747,,5102,0.77,0.81,,,3.75574,,1.68,,,Transit,2016
HD 102329 c,HD 102329,57467,102329,1,217.107,176.69416,3.47421,,,,1.3,,,1123,0.209,,483.102,,Radial Velocity,2016
HD 116029 c,HD 116029,65117,116029,2,123.245,200.16469,24.64847,,,,1.33,,,907,0.038,,403.644,,Radial Velocity,2016
HD 156279 c,HD 156279,84171,156279,1,36.194,258.09667,63.35278,,,,0.94,,5.486,4818.25358,0.261,,3098.827,,Radial Velocity,2016
HD 114783 c,HD 114783,64457,114783,1,21.063,198.18184,-2.26499,K1 V,,,0.9,,5,4352,0.05,,603.874,,Radial Velocity,2016
HATS-59 b,HATS-59,,,1,642.884,170.32432,-22.38818,,5670,1.036,1.038,-0.0044,0.06112,5.41608,0.129,12.621,256.171,1128,Transit,2018
HATS-59 c,HATS-59,,,1,642.884,170.32432,-22.38818,,5670,1.036,1.038,-0.0044,2.504,1422,0.083,,4036.441,176,Radial Velocity,2018
GJ 3779 b,GJ 3779,,,1,13.743,200.73354,24.46394,M4.0 V,3324,0.281,0.27,-2.062,0.026,3.0232,0.07,,8,,Radial Velocity,2018
GJ 1265 b,GJ 1265,,,1,10.252,333.43247,-17.68706,M4.5 V,3236,0.192,0.178,-2.4389,0.026,3.6511,0.04,,7.4,,Radial Velocity,2018
LHS 1140 c,LHS 1140,,,1,14.986,11.24863,-15.27411,M4.5 V,3096,0.216,0.184,-2.4202,0.027,3.77794,0.05,1.272,1.91,422,Transit,2018
CoRoT-21 b,CoRoT-21,,,1,,101.05262,-0.29915,F8 IV,6200,1.95,1.29,,0.0417,2.72474,0,14.572,718.296,,Transit,2012
HD 13167 b,HD 13167,9960,13167,1,148.934,32.05763,-24.69558,,5671,2.39,1.35,,4.1,2613,0.563,,1052.017,,Radial Velocity,2018
HD 14787 b,HD 14787,11130,14787,1,119.137,35.80851,10.8368,,4946,5.01,1.43,,1.7,676.6,0.155,,356.287,,Radial Velocity,2018
HD 18015 b,HD 18015,13467,18015,1,123.801,43.36363,-8.84804,,5603,3.13,1.49,,3.87,2278,0.148,,1010.699,,Radial Velocity,2018
HD 72490 b,HD 72490,41997,72490,1,126.339,128.40283,13.55072,,4934,4.96,1.21,,1.88,858,0.124,,561.923,,Radial Velocity,2018
HD 94834 b,HD 94834,53545,94834,1,98.161,164.31264,24.14294,,4798,4.2,1.11,,2.74,1576,0.14,,400.466,,Radial Velocity,2018
HD 180053 b,HD 180053,94465,180053,1,137.043,288.40084,34.91467,,5131,4.06,1.75,,0.843,213.72,0.081,,697.319,,Radial Velocity,2018
HD 4917 b,HD 4917,3975,4917,1,204.277,12.77626,-12.92766,,4802,5.01,1.32,,1.167,400.5,0.066,,513.295,,Radial Velocity,2018
WASP-161 b,WASP-161,,,1,343.08,126.33782,-11.50099,,6400,1.712,1.39,0.6474,0.0673,5.40604,,12.812,791.397,1557,Transit,2018
WASP-163 b,WASP-163,,,1,261.386,256.53755,-10.41301,,5500,1.015,0.97,-0.0757,0.0266,1.60969,,13.473,594.342,1638,Transit,2018
WASP-170 b,WASP-170,,,1,305.603,135.4163,-20.72037,,5600,0.938,0.93,-0.1135,0.0337,2.34478,,12.285,508.528,1422,Transit,2018
K2-285 b,K2-285,,,1,154.961,349.38435,1.30015,K2 V,4975,0.787,0.83,,0.03817,3.47174,0,2.59,9.68,1089,Transit,2018
K2-285 c,K2-285,,,1,154.961,349.38435,1.30015,K2 V,4975,0.787,0.83,,0.0824,7.13805,0,3.53,15.68,741,Transit,2018
K2-285 d,K2-285,,,1,154.961,349.38435,1.30015,K2 V,4975,0.787,0.83,,0.1178,10.45582,0,2.48,6.5,620,Transit,2018
K2-285 e,K2-285,,,1,154.961,349.38435,1.30015,K2 V,4975,0.787,0.83,,0.18041,14.76289,0,1.95,10.7,501,Transit,2018
K2-286 b,K2-286,,,1,76.149,233.36982,-16.77371,M0 V,3926,0.62,0.64,-1.0458,0.1768,27.359,,2.1,,347,Transit,2018
K2-287 b,K2-287,,,1,158.335,233.07434,-22.35834,,5695,1.07,1.056,,0.1206,14.89329,0.478,9.494,100.116,804,Transit,2018
K2-288 B b,K2-288 B,,,2,65.614,55.44429,18.26849,M3 V,3341,0.32,0.33,-1.93,0.164,31.39346,,1.9,,226,Transit,2018
HATS-60 b,HATS-60,,,1,486.474,341.36403,-14.99177,,5688,1.46,1.097,0.3002,0.04708,3.56083,0.191,12.924,210.403,1528,Transit,2018
HATS-61 b,HATS-61,,,1,679.761,61.6578,-25.34967,,5542,1.664,1.076,0.3692,0.07908,7.81795,0.092,13.395,1080.622,1226,Transit,2018
HATS-62 b,HATS-62,,,1,523.067,312.44931,-24.30351,,5416,0.933,0.896,-0.1733,0.04163,3.27688,0.298,11.825,56.892,1237,Transit,2018
HATS-63 b,HATS-63,,,1,623.232,67.41858,-28.19721,,5627,1.07,0.931,0.012,0.04026,3.05665,0.136,13.529,305.117,1398,Transit,2018
HATS-64 b,HATS-64,,,1,1080.15,144.28761,-29.80044,,6554,2.113,1.564,0.8675,0.06562,4.9089,0.151,18.82,305.117,1793,Transit,2018
HATS-65 b,HATS-65,,,2,493.32,292.93978,-26.7402,,6277,1.31,1.257,0.3766,0.04497,3.10516,0.062,16.825,260.938,1634,Transit,2018
HATS-66 b,HATS-66,,,1,1477.98,101.3948,-33.88169,,6626,1.841,1.411,0.7672,0.04714,3.14144,0.064,15.816,1694.034,1998,Transit,2018
HATS-67 b,HATS-67,,,1,960.109,180.20879,-46.13642,,6594,1.441,1.435,0.5465,0.03032,1.60918,0.057,18.887,460.853,2193,Transit,2018
HATS-68 b,HATS-68,,,1,603.955,15.00608,-58.90472,,6147,1.748,1.351,0.5922,0.05071,3.58622,0.036,13.809,410.001,1741,Transit,2018
HATS-69 b,HATS-69,,,1,414.537,289.29743,-60.89176,,5137,0.878,0.892,-0.3176,0.03211,2.22526,0.519,10.593,183.388,1296,Transit,2018
HD 202696 b,HD 202696,105056,202696,1,188.546,319.22503,27.25828,K0 III-IV,5040,6.43,1.91,1.3692,1.566,517.8,0.011,,634.389,,Radial Velocity,2019
HD 202696 c,HD 202696,105056,202696,1,188.546,319.22503,27.25828,K0 III-IV,5040,6.43,1.91,1.3692,2.342,946.6,0.028,,592.435,,Radial Velocity,2019
K2-290 b,K2-290,,,3,272.909,234.85788,-20.1989,,6302,1.511,1.194,,0.0923,9.21165,0,3.06,10.9,1230,Transit,2019
Kepler-779 b,Kepler-779,,,2,283.155,285.62852,44.31079,,3804,0.44,0.46,,,7.09714,,0.92,,,Transit,2016
K2-290 c,K2-290,,,3,272.909,234.85788,-20.1989,,6302,1.511,1.194,,0.305,48.36685,0,11.276,246,676,Transit,2019
K2-291 b,K2-291,,285181,1,90.056,76.44594,21.5482,,5520,0.899,0.934,-0.1662,0.03261,2.22518,0,1.589,6.49,,Transit,2019
GJ 4276 b,GJ 4276,,,1,21.336,336.32215,59.4125,M4.0,3387,0.407,0.406,-1.7055,0.082,13.352,0.37,,16.57,,Radial Velocity,2019
LHS 3844 b,LHS 3844,,,1,14.885,340.4962,-69.17211,M4.5-M5.0,3080,0.189,0.151,-2.5654,0.00624,0.46293,0,1.286,2.37,816,Transit,2019
HD 202772 A b,HD 202772 A,,202772,2,161.498,319.69959,-26.61637,,6442,2.554,1.721,1.0094,0.05208,3.30888,0.03,18.237,323.549,2181,Transit,2019
K2-292 b,K2-292,,119130,1,114.293,205.37588,-9.94607,G3 V,5725,1.09,1,,0.13,16.9841,0.04,2.63,24.5,795,Transit,2019
HD 20781 d,HD 20781,15526,20781,2,35.971,50.01398,-28.78412,K0 V,5256,,0.7,-0.3098,0.1647,29.158,0.11,,10.61,,Radial Velocity,2019
HD 20781 e,HD 20781,15526,20781,2,35.971,50.01398,-28.78412,K0 V,5256,,0.7,-0.3098,0.3374,85.5073,0.06,,14.03,,Radial Velocity,2019
HD 45184 c,HD 45184,30503,45184,1,21.953,96.18202,-28.78064,G1.5 V,5869,,1.03,0.0531,0.11,13.1354,0.07,,8.81,,Radial Velocity,2019
HATS-70 b,HATS-70,,,1,1458.83,109.10452,-31.24439,,7930,1.881,1.78,1.0792,0.03632,1.88824,0.18,15.513,4100.007,2730,Transit,2019
Kepler-499 b,Kepler-499,,,1,556.726,295.10995,43.9151,,5312,0.83,0.87,,,5.63253,,2.17,,,Transit,2016
GJ 143 b,GJ 143,16069,21749,1,16.32,51.75019,-63.50017,K4.5,4640,0.695,0.73,-0.6862,0.1915,35.61253,0.188,2.61,22.7,422,Transit,2019
HD 23472 b,HD 23472,17264,23472,1,39.034,55.45903,-62.76727,K4 V,4684,0.71,0.67,-0.6252,0.1162,17.66709,0.072,2,8.32,543,Transit,2019
HD 23472 c,HD 23472,17264,23472,1,39.034,55.45903,-62.76727,K4 V,4684,0.71,0.67,-0.6252,0.1646,29.79749,0.063,1.87,3.41,467,Transit,2019
KMT-2016-BLG-1107L b,KMT-2016-BLG-1107L,,,1,6651,266.41775,-26.0318,,,,0.087,,0.342,,,,1043,,Microlensing,2019
HD 219666 b,HD 219666,,219666,1,94.172,349.55927,-56.90399,,5540,1.059,1.02,,,6.03447,0.05,4.898,17.6,1076,Transit,2018
HD 1397 b,HD 1397,1419,1397,1,79.57,4.44716,-66.35893,,5521,2.336,1.324,0.6599,0.1097,11.53533,0.251,11.5,131.899,1228,Transit,2018
GJ 411 b,GJ 411,54035,95735,1,5.676,165.83447,35.97232,,3719,0.368,0.39,,0.07879,12.9394,0.063,,2.69,,Radial Velocity,2019
WASP-190 b,WASP-190,,,1,542.251,7.70953,-40.57346,F6 IV-V,6400,1.6,1.35,,0.0663,5.36775,0,12.89,317.83,1500,Transit,2019
Gl 378 b,Gl 378,49189,,1,14.954,150.58655,48.08245,M1,3879,0.56,0.56,-1.2219,0.03943,3.822,0.109,,13.02,830,Radial Velocity,2019
PDS 70 b,PDS 70,,,1,113.064,212.04214,-41.39804,,4109,,0.982,,20.8,,0.17,21.97,1017.051,1392,Imaging,2018
Kepler-270 b,Kepler-270,,,1,948.781,282.20012,44.42228,,6067,1.461,,,0.107,11.47609,,2.01,,,Transit,2014
KMT-2017-BLG-1038L b,KMT-2017-BLG-1038L,,,1,6000,266.17092,-25.14303,,,,0.37,,1.8,,,,640,,Microlensing,2019
KMT-2017-BLG-1146L b,KMT-2017-BLG-1146L,,,1,6500,269.10583,-33.14247,,,,0.33,,1.6,,,,230,,Microlensing,2019
Gl 686 b,Gl 686,86287,,1,8.157,264.47649,18.59595,,3656,0.427,0.426,-1.53,0.091,15.53,0.05,,6.624,,Radial Velocity,2018
Qatar-7 b,Qatar-7,,,1,705.981,358.51513,37.02182,F4 V,6387,1.564,1.409,0.5635,0.0352,2.03205,0,19.055,597.52,2053,Transit,2019
TOI-172 b,TOI-172,,,1,342.831,316.63188,-26.69287,,5645,1.777,1.128,0.4609,0.0914,9.47725,0.381,10.817,1722.639,1198,Transit,2019
K2-293 b,K2-293,,,1,392.251,351.6065,-6.02791,,5532,0.947,0.958,,,13.1225,,2.45,,750,Transit,2019
K2-294 b,K2-294,,,1,373.078,352.05167,-7.60379,,5612,1.2,0.987,,,2.50387,,1.66,,1425,Transit,2019
GJ 685 b,GJ 685,86087,,1,14.316,263.89604,61.67935,M0.5,3816,0.54,0.55,-1.253,0.1344,24.16,0,,9,,Radial Velocity,2019
HD 181234 b,HD 181234,95015,181234,1,47.746,289.99987,-9.32497,,,,0.94,,7.427,7593.40512,0.726,,2980.913,,Radial Velocity,2019
HD 25015 b,HD 25015,18527,25015,1,37.433,59.43355,-20.26733,,,,0.86,,6.248,6134.427,0.341,,2884.928,,Radial Velocity,2019
HD 50499 c,HD 50499,32970,50499,1,46.285,103.00808,-33.91527,G1 V,6099,1.42,1.31,,9.02,8619.9,0,,931.242,,Radial Velocity,2019
HD 92788 c,HD 92788,52409,92788,1,34.654,160.70214,-2.18472,G6 V,5744,1.14,1.15,,10.5,11611.2975,0.46,,1166.436,,Radial Velocity,2019
HD 221416 b,HD 221416,116158,221416,1,95.548,353.03319,-21.8012,,5080,2.943,1.212,0.7118,0.1228,14.2767,0.115,9.17,60.5,,Transit,2019
WASP-177 b,WASP-177,,,1,176.818,334.79699,-1.83443,K2,5017,0.885,0.876,,0.03957,3.07172,,17.71,161.458,1142,Transit,2019
WASP-181 b,WASP-181,,,1,437.495,26.79323,3.13293,G2,5839,0.965,1.04,,0.05427,4.51951,,13.271,95.031,1186,Transit,2019
WASP-183 b,WASP-183,,,1,325.377,163.78885,-0.73707,G9,5313,0.871,0.784,,0.04632,4.11178,,16.477,159.551,1111,Transit,2019
Kepler-47 d,Kepler-47,,,2,1025.02,295.29789,46.92043,,,0.936,0.957,,0.6992,187.366,0.024,7.04,19.02,,Transit,2019
HD 21749 c,GJ 143,16069,21749,1,16.32,51.75019,-63.50017,K4.5,4640,0.695,0.73,-0.6862,0.0695,7.78993,,0.892,3.7,701,Transit,2019
Qatar-8 b,Qatar-8,,,1,281.498,157.41234,70.52708,G0 V,5738,1.315,1.029,0.2279,0.0474,3.71495,0,14.404,117.915,1457,Transit,2019
Kepler-780 b,Kepler-780,,,1,557.652,281.76635,44.29249,,5769,1.02,1.01,,,0.67738,,0.89,,,Transit,2016
Qatar-9 b,Qatar-9,,,1,213.771,160.7481,60.96412,K5 V,4309,0.696,0.719,-0.821,0.0234,1.54073,0,11.31,378.218,1134,Transit,2019
Qatar-10 b,Qatar-10,,,1,559.068,284.44391,69.57084,F7 V,6124,1.254,1.156,0.2995,0.0286,1.64532,0,17.295,233.923,1955,Transit,2019
TOI-216.02,TOI-216,,,1,177.945,73.98001,-63.26033,,,0.748,0.77,,,17.16073,0.16,8,18.752,,Transit,2019
TOI-216.01,TOI-216,,,1,177.945,73.98001,-63.26033,,,0.748,0.77,,,34.52553,0.005,10.1,177.984,,Transit,2019
HD 221420 b,HD 221420,116250,221420,1,31.142,353.3319,-77.38533,G2 IV-V,5847,1.947,1.351,0.6029,10.15,10090,0.14,,7278.271,,Radial Velocity,2019
NGTS-5 b,NGTS-5,,,1,306.779,221.05827,5.60537,K2 V,4987,0.739,0.661,,0.0382,3.35699,0,12.733,72.783,952,Transit,2019
HD 210193 b,HD 210193,109381,210193,1,42.203,332.39513,-41.22521,G3 V,5790,,1.04,,1.487,649.918,0.24,,153.1,,Radial Velocity,2019
HD 211970 b,HD 211970,110443,211970,1,13.128,335.56616,-54.5596,K7 V,4127,,0.61,,0.143,25.201,0.15,,13,,Radial Velocity,2019
HD 39855 b,HD 39855,27922,39855,1,23.26,88.62607,-19.70445,G8 V,5576,,0.87,,0.041,3.2498,0.14,,8.5,,Radial Velocity,2019
HIP 35173 b,HIP 35173,35173,,1,33.156,109.04493,-3.66613,K2 V,4881,,0.79,,0.217,41.516,0.16,,12.7,,Radial Velocity,2019
Kepler-271 b,Kepler-271,,,1,404.542,283.00293,44.28411,,5555,0.87,0.9,,,10.43548,,1.23,,,Transit,2014
HD 102843 b,HD 102843,57735,102843,1,62.758,177.58547,-1.2523,K0 V,5436,,0.95,,4.074,3090.942,0.11,,113.9,,Radial Velocity,2019
HD 103949 b,HD 103949,58374,103949,1,26.5,179.54796,-23.92412,K3 V,4792,,0.77,,0.439,120.878,0.19,,11.2,,Radial Velocity,2019
HD 206255 b,HD 206255,107160,206255,1,75.236,325.59178,-50.09359,G5 IV/V,5635,,1.42,,0.461,96.045,0.23,,34.2,,Radial Velocity,2019
HD 21411 b,HD 21411,16012,21411,1,29.133,51.54742,-30.61684,G8 V,5605,,0.89,,0.362,84.288,0.4,,65.9,,Radial Velocity,2019
HD 64114 b,HD 64114,38392,64114,1,31.526,117.98256,-11.03372,G7 V,5676,,0.95,,0.246,45.791,0.12,,17.8,,Radial Velocity,2019
HD 8326 b,HD 8326,6390,8326,1,30.686,20.53144,-26.89407,K2 V,4914,,0.8,,0.533,158.991,0.2,,66.6,,Radial Velocity,2019
HIP 54373 b,HIP 54373,54373,,1,18.717,166.86435,-19.29169,K5 V,4021,,0.57,,0.063,7.76,0.2,,8.62,,Radial Velocity,2019
HIP 54373 c,HIP 54373,54373,,1,18.717,166.86435,-19.29169,K5 V,4021,,0.57,,0.099,15.144,0.2,,12.44,,Radial Velocity,2019
HD 24085 b,HD 24085,17515,24085,1,54.9,56.25634,-70.02452,G0 V,6034,,1.22,,0.034,2.0455,0.22,,11.8,,Radial Velocity,2019
HIP 71135 b,HIP 71135,71135,,1,32.331,218.21581,-52.64648,M1,4146,,0.66,,0.335,87.19,0.21,,18.8,,Radial Velocity,2019
Kepler-418 c,Kepler-418,,,1,1002.53,294.43352,38.35547,,5822,1.081,0.957,,,12.2183,,5.221,,,Transit,2021
HD 15337 b,HD 15337,11433,15337,1,44.816,36.86788,-27.63612,,5131,0.855,0.829,,,4.75598,0.058,1.77,6.519,,Transit,2019
HD 15337 c,HD 15337,11433,15337,1,44.816,36.86788,-27.63612,,5131,0.855,0.829,,,17.18055,0.096,2.526,6.792,,Transit,2019
NGTS-4 b,NGTS-4,,,1,280.555,89.59889,-30.8118,,5143,0.84,0.75,,0.019,1.33735,0,3.18,20.6,1650,Transit,2019
K2-133 e,K2-133,,,1,75.17,70.14938,25.00981,M1.5 V,3655,0.455,0.461,-1.4789,0.1346,26.5841,,1.73,,296,Transit,2019
K2-32 e,K2-32,,,2,157.682,252.42601,-19.54305,,5271,0.86,0.83,,0.04899,4.34934,0.043,1.212,2.1,1066,Transit,2019
EPIC 201238110 b,EPIC 201238110,,,1,159.259,179.70585,-3.38946,,,,0.41,,,28.1656,,1.87,,,Transit,2019
EPIC 201497682 b,EPIC 201497682,,,1,253.026,168.93668,0.48806,,,,0.78,,,2.13174,,0.692,,,Transit,2019
EPIC 201615463 c,K2-166,,,1,476.882,185.18809,2.28238,,,,1.073,,,3.80464,,1.22,,,Transit,2019
EPIC 201754305 d,K2-16,,,1,334.967,175.09722,4.55743,,,,0.67,,,2.71578,,1.03,,,Transit,2019
EPIC 201833600 c,K2-50,,,1,257.443,169.48365,5.98829,,,,0.611,,,3.96151,,1,,,Transit,2019
EPIC 201841433 b,EPIC 201841433,,,1,436.488,175.20675,6.13481,,5053,0.628,0.802,,0.035,4.1698,,1.04,,,Transit,2019
EPIC 205950854 c,K2-168,,,1,243.935,333.11007,-16.34189,,5503,0.83,0.877,,,8.05072,,1.31,,961,Transit,2019
EPIC 206024342 b,EPIC 206024342,,,1,369.888,331.27714,-14.1218,,,,0.928,,,4.50756,,1.7,,,Transit,2019
EPIC 206032309 b,EPIC 206032309,,,1,161.365,341.24046,-13.90112,,,,0.221,,,2.87814,,1.01,,,Transit,2019
EPIC 206042996 b,EPIC 206042996,,,1,451.769,337.51362,-13.61015,,4114,0.5,,,,5.2986,,1.7,,,Transit,2019
EPIC 206215704 b,EPIC 206215704,,,1,109.888,335.09497,-9.50971,,3297,0.25,,,,2.25544,,1,,,Transit,2019
EPIC 206317286 b,EPIC 206317286,,,1,314.35,337.61784,-7.97246,,,,0.711,,,1.58252,,0.96,,,Transit,2019
EPIC 212297394 b,EPIC 212297394,,,1,418.395,207.20612,-17.6099,,5171,0.8,0.83,,,2.28936,,1.48,,1149,Transit,2019
EPIC 212424622 b,EPIC 212424622,,,1,611.804,202.33138,-14.35944,,,,1.106,,,18.0983,,2.17,,,Transit,2019
EPIC 212499991 b,EPIC 212499991,,,1,283.29,202.48875,-12.73477,,,,0.912,,,34.885,,1.6,,,Transit,2019
Kepler-407 b,Kepler-407,,,1,338.368,286.0363,49.6145,G,5487,1.04,0.99,-0.1079,,0.66931,,1.19,1.93,,Transit,2014
EPIC 212587672 b,EPIC 212587672,,,1,320.07,205.44451,-10.86255,,6004,0.98,0.99,,,15.28078,,1.26,,756,Transit,2019
EPIC 220554210 c,K2-282,,,1,496.289,13.43215,7.99529,,5499,1,,,,0.70531,,1.6,,,Transit,2019
L 98-59 b,L 98-59,,,1,10.619,124.53286,-68.31447,M3 V,3415,0.316,0.292,-1.9136,0.0223,2.25311,0.031,0.837,0.46,620,Transit,2019
L 98-59 c,L 98-59,,,1,10.619,124.53286,-68.31447,M3 V,3415,0.316,0.292,-1.9136,0.0309,3.69068,0.002,1.329,2,526,Transit,2019
L 98-59 d,L 98-59,,,1,10.619,124.53286,-68.31447,M3 V,3415,0.316,0.292,-1.9136,0.0494,7.45073,0.006,1.627,1.64,416,Transit,2019
PDS 70 c,PDS 70,,,1,113.064,212.04214,-41.39804,,4109,,0.982,,34.3,,0.037,22.194,2383.713,1054,Imaging,2019
K2-308 b,K2-308,,,1,1314.53,78.33912,16.4142,,6100,1.24,1.09,,,3.38628,,9.916,,,Transit,2019
Kepler-65 e,Kepler-65,,,1,303.728,288.68872,41.15111,,,1.437,1.248,,,258.8,0.283,,260,,Radial Velocity,2019
HD 2685 b,HD 2685,,2685,1,196.852,7.32892,-76.30403,,6801,1.56,1.43,0.6684,0.0568,4.12688,0.091,16.141,371.861,2061,Transit,2019
Gl 49 b,Gl 49,4872,,2,9.853,15.66873,62.34544,M1.5 V,3805,0.511,0.515,-1.3064,0.0905,13.8508,0.363,,5.63,,Radial Velocity,2019
Kepler-851 b,Kepler-851,,,1,839.255,294.68022,49.14011,,5455,0.85,0.89,,,8.507,,1.68,,,Transit,2016
TOI-150.01,TOI-150,,,1,336.267,112.96542,-73.60604,F,6255,1.526,1.351,0.4965,0.07037,5.85749,0.262,14.067,797.753,1404,Transit,2019
KELT-23 A b,KELT-23 A,,,2,126.261,232.14664,66.35871,G2 V,5899,0.996,0.944,0.0338,0.03302,2.25525,0,14.83,298.125,1561,Transit,2019
HD 180617 b,HD 180617,94761,180617,2,5.911,289.22773,5.16316,,3534,0.481,0.484,-1.49,0.343,105.911,0.101,,12.214,,Radial Velocity,2018
LSPM J2116+0234 b,LSPM J2116+0234,,,1,17.63,319.11475,2.58077,M3.0 V,3475,0.431,0.43,-1.699,0.0876,14.4399,0.183,,13.3,,Radial Velocity,2019
NSVS 14256825 b,NSVS 14256825,,,2,820.877,305.00195,4.63237,,40000,0.188,0.419,,3.12,3225,0.12,,4497.294,,Eclipse Timing Variations,2019
V1298 Tau b,V1298 Tau,,,3,108.199,61.33165,20.15703,,4970,1.32,1.1,,0.1685,24.14001,0.008,9.41,13.1,666,Transit,2019
Teegarden's Star b,Teegarden's Star,,,1,3.831,43.26914,16.8649,,3034,0.12,0.097,-3.1415,0.0259,4.90634,0.03,,1.16,277,Radial Velocity,2019
Teegarden's Star c,Teegarden's Star,,,1,3.831,43.26914,16.8649,,3034,0.12,0.097,-3.1415,0.0455,11.416,0.04,,1.05,209,Radial Velocity,2019
WASP-87 b,WASP-87,,,2,298.392,185.32468,-52.84082,,6450,1.627,1.204,,0.02946,1.6828,0,15.524,692.869,,Transit,2016
Kepler-850 b,Kepler-850,,,1,1661.28,293.08445,48.57536,,5932,1.09,1.06,,,7.19304,,1.78,,,Transit,2016
HIP 79098 AB b,HIP 79098 AB,79098,144844,2,145.798,242.18212,-23.68552,,,,3.75,,345,,,,6515.515,2450,Imaging,2019
Kepler-411 e,Kepler-411,,,2,153.676,287.6057,49.52339,K2 V,,0.82,0.87,,0.186,31.50973,0.016,,10.8,503,Transit Timing Variations,2018
DS Tuc A b,DS Tuc A,116748,222259,2,44.062,354.91547,-69.19604,G6 V,5428,0.964,1.01,-0.1397,,8.13827,0,5.7,,850,Transit,2019
OGLE-2018-BLG-0596L b,OGLE-2018-BLG-0596L,,,1,5650,269.05554,-29.19908,,,,0.231,,0.97,,,,13.93,,Microlensing,2019
DE CVn b,DE CVn,,,2,30.523,201.72072,45.54554,,,,0.51,,5.75,4098.1,0,,3823.273,,Eclipse Timing Variations,2018
OGLE-2015-BLG-1670L b,OGLE-2015-BLG-1670L,,,1,6700,268.15879,-28.55192,,,,0.55,,2.62,,,,17.9,,Microlensing,2019
EPIC 248847494 b,EPIC 248847494,,,1,551.886,159.38908,11.84275,,4898,2.7,0.9,,4.5,3650,0,12.442,4131.79,183,Transit,2018
EPIC 212737443 c,EPIC 212737443,,,1,336.25,204.22151,-7.31806,K3,4684,0.673,0.69,,0.28,65.55,0.2,2.69,,316,Transit,2019
KMT-2017-BLG-0165L b,KMT-2017-BLG-0165L,,,1,4530,269.64967,-28.13367,,,,0.76,,3.45,,,,34,,Microlensing,2018
WASP-166 b,WASP-166,,,1,114.173,144.8751,-20.98242,F9 V,6050,1.22,1.19,,0.0641,5.44354,0,7.062,32.101,1270,Transit,2019
Kepler-476 b,Kepler-476,,,1,813.535,295.16376,43.96307,,5837,1.09,1.03,,,14.00641,,3.08,,,Transit,2016
Kepler-849 b,Kepler-849,,,1,822.134,290.8518,48.52132,,5950,1.822,1.259,0.5729,1.137,394.62508,0.078,8.082,298.759,363,Transit,2016
Kepler-82 f,Kepler-82,,,1,904.326,292.87337,42.96616,,,0.898,0.91,,0.3395,75.732,0.001,,20.9,,Transit Timing Variations,2019
HR 858 b,HR 858,13363,17926,2,31.964,42.98498,-30.81406,,6354,1.258,1.204,0.3636,0.04888,3.58529,0,2.004,3.55,1552,Transit,2019
HR 858 c,HR 858,13363,17926,2,31.964,42.98498,-30.81406,,6354,1.258,1.204,0.3636,0.0687,5.97386,0,1.979,3.8,1309,Transit,2019
HR 858 d,HR 858,13363,17926,2,31.964,42.98498,-30.81406,,6354,1.258,1.204,0.3636,0.1046,11.23051,0,2.001,7.1,1061,Transit,2019
TOI-270 b,TOI-270,,,1,22.479,68.41608,-51.95739,,3506,0.38,0.386,,,3.35992,0.017,1.28,1.48,600,Transit,2019
TOI-270 c,TOI-270,,,1,22.479,68.41608,-51.95739,,3506,0.38,0.386,,,5.66051,0.004,2.33,6.2,489,Transit,2019
TOI-270 d,TOI-270,,,1,22.479,68.41608,-51.95739,,3506,0.38,0.386,,,11.38194,0.007,2,4.2,383,Transit,2019
GJ 357 b,GJ 357,47103,,1,9.442,144.00746,-21.66506,M2.5 V,3505,0.337,0.342,,0.036,3.9306,,1.2,,518,Transit,2019
GJ 357 c,GJ 357,47103,,1,9.442,144.00746,-21.66506,M2.5 V,3505,0.337,0.342,-1.7983,0.061,9.1247,,,3.4,401,Radial Velocity,2019
GJ 357 d,GJ 357,47103,,1,9.442,144.00746,-21.66506,M2.5 V,3505,0.337,0.342,-1.7983,0.204,55.661,,,6.1,220,Radial Velocity,2019
Kepler-848 b,Kepler-848,,,1,1378.47,293.28829,48.81161,,5695,1.2,1.01,,,6.91134,,1.7,,,Transit,2016
K2-43 c,K2-43,,,1,182.536,169.11703,-3.97544,,3841,0.542,0.571,,,2.19888,,2.42,,1094,Transit,2019
LTT 1445 A b,LTT 1445 A,14101,,3,6.869,45.46248,-16.5945,,,0.271,0.257,,0.0381,5.35876,,1.34,2.73,431,Transit,2019
K2-146 c,K2-146,,,1,79.3,130.0267,19.09234,,3385,0.33,0.331,,,4.00498,0.075,2.19,7.49,,Transit,2019
HAT-P-69 b,HAT-P-69,,,1,341.263,130.50564,3.71057,,7394,1.926,1.648,1,0.06555,4.78695,0,18.786,1137.831,1930,Transit,2019
HAT-P-70 b,HAT-P-70,,287325,1,330.739,74.55233,9.99798,,8450,1.858,1.89,1.2227,0.04739,2.74432,0,20.961,2154.887,2562,Transit,2019
HATS-54 b,HATS-54,,,1,748.585,200.63486,-44.68884,G6 V,5621,1.23,1.05,0.1146,0.037,2.54418,0,11.377,239.325,1429,Transit,2019
HATS-55 b,HATS-55,,,1,609.838,114.28338,-32.75542,,6214,1.126,1.196,0.2289,0.05412,4.2042,0.092,14.022,292.721,1367,Transit,2019
HATS-56 b,HATS-56,,,1,564.409,180.16507,-45.79946,,6536,2.201,1.573,0.8976,0.06043,4.3248,0.019,18.921,191.334,1902,Transit,2019
HATS-57 b,HATS-57,,,1,279.485,60.94828,-19.05682,,5587,0.96,1.026,-0.0942,0.03493,2.35062,0.028,12.767,1000.211,1413,Transit,2019
HATS-58 A b,HATS-58 A,,,2,403.591,186.7873,-48.97841,,7175,1.433,1.461,0.6893,0.05798,4.21809,0.168,12.274,327.365,1721,Transit,2019
Kepler-1751 b,Kepler-1751,,,1,1291.47,284.84655,49.69234,,6052,0.967,0.974,,,7.01731,,1.824,,,Transit,2021
bet Pic c,bet Pic,27321,39060,1,19.744,86.82123,-51.06615,,,,1.795,,2.68,1192.77951,0.314,,3222.462,,Radial Velocity,2019
HR 5183 b,HR 5183,67246,120066,2,31.461,206.7358,6.3499,,5794,1.53,1.07,,18,27000,0.84,,1026.591,171,Radial Velocity,2019
OGLE-2018-BLG-0740L b,OGLE-2018-BLG-0740L,,,1,3200,272.17696,-29.83581,G V,5912,,1,,5,5480,0,,1500,,Microlensing,2019
WASP-169 b,WASP-169,,,1,627.066,127.38723,-12.94477,F8,6110,2.011,1.337,,0.0681,5.61141,0,14.617,178.303,1604,Transit,2019
WASP-171 b,WASP-171,,,1,757.84,171.84505,-44.0887,G0,5965,1.637,1.171,,0.0504,3.81862,0,10.985,344.528,1642,Transit,2019
WASP-175 b,WASP-175,,,1,539.36,166.3188,-34.12275,F7,6229,1.204,1.212,,0.04403,3.06529,0,13.54,314.652,1571,Transit,2019
WASP-182 b,WASP-182,,,1,327.602,311.67334,-41.82098,G5,5638,1.34,1.076,,0.0451,3.37698,0,9.528,47.039,1479,Transit,2019
OGLE-2018-BLG-1011L b,OGLE-2018-BLG-1011L,,,1,7100,269.014,-29.08289,,,,0.18,,1.8,,,,570,,Microlensing,2019
OGLE-2018-BLG-1011L c,OGLE-2018-BLG-1011L,,,1,7100,269.014,-29.08289,,,,0.18,,0.8,,,,890,,Microlensing,2019
KMT-2016-BLG-0212L b,KMT-2016-BLG-0212L,,,1,6300,268.43925,-29.08689,,,,0.48,,2.2,,,,5700,,Microlensing,2018
Kepler-301 b,Kepler-301,,,1,719.166,283.9829,49.23295,,5815,0.9,,,0.036,2.50855,,1.35,,,Transit,2014
OGLE-2016-BLG-1067L b,OGLE-2016-BLG-1067L,,,1,3730,273.2045,-27.01264,,,,0.3,,1.7,,,,140,,Microlensing,2019
KELT-24 b,KELT-24,52796,93148,2,96.517,161.90903,71.65573,,6426,1.338,1.268,0.4393,0.0665,5.55149,0.032,12.711,1458.832,1391,Transit,2019
NGTS-6 b,NGTS-6,,,1,308.262,75.79538,-30.39946,,4730,0.754,0.767,-0.5918,0.01677,0.88206,0,14.863,425.574,1284,Transit,2019
WASP-180 A b,WASP-180 A,,,2,253.985,123.39225,-1.98279,F7 V,6600,1.19,1.3,,0.048,3.40926,0,13.899,286.047,1540,Transit,2019
GJ 15 A c,GJ 15 A,1475,1326,2,3.562,4.61267,44.02473,M1,3607,0.38,0.38,-1.655,5.4,7600,0.27,,36,,Radial Velocity,2018
WASP-178 b,WASP-178,,134004,1,427.678,227.27033,-42.70497,A1 IV-V,9360,1.67,2.07,,0.0558,3.34483,0,20.288,527.598,2470,Transit,2019
WASP-184 b,WASP-184,,,1,663.231,209.51701,-30.34815,G0 V,6000,1.65,1.23,,0.0627,5.1817,0,14.908,181.163,1480,Transit,2019
WASP-185 b,WASP-185,,,1,279.35,214.05958,-19.54231,G0 V,5900,1.5,1.12,,0.0904,9.38755,0.24,14.011,311.473,1160,Transit,2019
WASP-192 b,WASP-192,,,1,508.885,223.65872,-38.74455,G0 V,5910,1.32,1.09,,0.0408,2.87868,0,13.787,731.009,1620,Transit,2019
GJ 3512 b,GJ 3512,,,1,9.486,130.33166,59.49184,M5.5 V,3141,0.139,0.123,,0.3376,203.109,0.428,,146.519,,Radial Velocity,2019
Kepler-300 c,Kepler-300,,,1,1098.45,295.28869,48.59972,,5986,0.9,,,0.232,40.71496,,2.25,,,Transit,2014
GJ 27.1 b,GJ 27.1,3143,,1,23.606,9.998,-44.25417,M0.5 V,3542,,0.53,-1.585,0.101,15.819,0.08,,13,,Radial Velocity,2014
GJ 160.2 b,GJ 160.2,19165,,1,25.856,61.64542,-20.85647,M0 V,4347,,0.69,-0.7959,0.053,5.2354,0.06,,10.2,,Radial Velocity,2014
GJ 180 b,GJ 180,22762,,1,11.941,73.4601,-17.77619,,,,0.43,,0.092,17.133,0.07,,6.49,,Radial Velocity,2014
GJ 180 c,GJ 180,22762,,1,11.941,73.4601,-17.77619,M2 V,3371,,0.43,-1.8861,0.129,24.329,0.09,,6.4,,Radial Velocity,2014
GJ 229 b,GJ 229,29295,42581,3,5.756,92.6436,-21.86772,,,,0.509,,1.086,579.47495,0.404,,14.938,,Radial Velocity,2014
GJ 422 b,GJ 422,55042,304043,1,12.663,168.98105,-57.54256,,,,0.35,,0.111,20.129,0.11,,11.07,,Radial Velocity,2014
GJ 433 c,GJ 433,56528,,1,9.065,173.86192,-32.54363,,,,0.48,,4.819,5094.105,0.12,,32.422,,Radial Velocity,2014
GJ 682 b,GJ 682,86214,,1,5.007,264.26102,-44.32325,M3.5 V,3028,,0.27,-2.699,0.08,17.478,0.08,,4.4,,Radial Velocity,2014
GJ 682 c,GJ 682,86214,,1,5.007,264.26102,-44.32325,M3.5 V,3028,,0.27,-2.699,0.176,57.32,0.1,,8.7,,Radial Velocity,2014
OGLE-2015-BLG-1649L b,OGLE-2015-BLG-1649L,,,1,4230,271.20504,-32.63303,,,,0.34,,2.07,,,,807,,Microlensing,2019
Kepler-847 b,Kepler-847,,,1,513.103,283.50481,49.45094,,4940,0.77,0.83,,,2.34323,,1.18,,,Transit,2016
V1298 Tau c,V1298 Tau,,,3,108.199,61.33165,20.15703,,4970,1.32,1.1,,0.0824,8.24916,0.009,5.08,4.7,953,Transit,2019
V1298 Tau d,V1298 Tau,,,3,108.199,61.33165,20.15703,,4970,1.32,1.1,,0.1081,12.40139,0.009,6.53,6,831,Transit,2019
V1298 Tau e,V1298 Tau,,,3,108.199,61.33165,20.15703,,4970,1.32,1.1,,0.2689,48.67771,0.012,10.17,15.3,527,Transit,2019
HD 97048 b,HD 97048,54413,97048,1,183.857,167.01334,-77.65485,Be9.5/AO,10000,2.25,2.4,1.6021,130,,,,794.575,,Disk Kinematics,2019
7 CMa c,7 CMa,31592,47205,1,19.81,99.17128,-19.25618,,4826,4.87,1.34,1.0626,2.153,996,0.08,,276.512,,Radial Velocity,2019
NY Vir c,NY Vir,,,2,544.024,204.70058,-2.03039,,32780,0.151,0.459,1.3751,,8799,0.15,,1760.778,,Eclipse Timing Variations,2019
eps Ind A b,eps Ind A,108870,209100,3,3.639,330.8714,-56.7969,,,,0.781,,20.9,39400,0.244,,2425.031,,Radial Velocity,2019
LP 791-18 b,LP 791-18,,,1,26.493,165.69048,-16.40644,M(6.1 +/- 0.7) V,2960,0.182,0.139,-2.6383,0.00978,0.948,,1.212,,564,Transit,2019
LP 791-18 c,LP 791-18,,,1,26.493,165.69048,-16.40644,M(6.1 +/- 0.7) V,2960,0.182,0.139,-2.6383,0.02961,4.98991,0,2.488,7.16,,Transit,2019
TOI-163 b,TOI-163,,271181,1,411.719,79.76825,-71.89553,F,6495,1.648,1.435,0.6365,0.058,4.23131,0,16.69,387.753,1669,Transit,2019
Kepler-846 b,Kepler-846,,,1,1127.12,287.05707,49.04601,,5579,0.91,0.94,,,19.80792,,2.48,,,Transit,2016
Kepler-448 c,KOI-12,,,1,399.398,297.45374,41.01102,,,1.4,1.5,,4.2,2500,0.65,,6992.26,,Transit Timing Variations,2017
TOI-125 b,TOI-125,,,1,111.059,23.59343,-66.67635,K0 V,5320,0.848,0.859,-0.2848,0.05186,4.65382,0.194,2.726,9.5,1037,Transit,2019
TOI-125 c,TOI-125,,,1,111.059,23.59343,-66.67635,K0 V,5320,0.848,0.859,-0.2848,0.0814,9.15059,0.066,2.759,6.63,828,Transit,2019
KMT-2018-BLG-1990L b,KMT-2018-BLG-1990L,,,1,967,268.43538,-22.15254,M,,,0.094,,0.763,,,,111,,Microlensing,2019
MOA-bin-29 b,MOA-bin-29,,,1,7120,269.37596,-29.73656,,,,0.03,,0.48,,,,190,,Microlensing,2019
HD 125390 b,HD 125390,69888,125390,1,153.647,214.53875,38.96691,,,,1.82,,3.496,1757.39151,0.597,,8646.204,,Radial Velocity,2019
NGTS-8 b,NGTS-8,,,1,428.976,328.97592,-14.06844,K0 V,5241,0.98,0.89,,0.035,2.4997,0.01,12.218,295.582,1345,Transit,2019
NGTS-9 b,NGTS-9,,,1,609.128,141.92064,-19.34765,F8 V,6330,1.38,1.34,,0.058,4.43527,0.06,11.994,921.707,1448,Transit,2019
HD 220197 b,HD 220197,115359,220197,1,64.411,350.49469,16.63233,,5683,0.98,0.91,,2.729,1728,0.187,,63.566,,Radial Velocity,2018
HD 233832 b,HD 233832,55806,233832,2,58.742,171.51965,50.37631,,4981,0.68,0.71,,2.827,2058,0.359,,565.737,,Radial Velocity,2018
Kepler-299 c,Kepler-299,,,1,1052.24,283.20702,48.58052,,5617,1.032,,,0.07,6.88588,,2.65,,,Transit,2014
Qatar-6 b,Qatar-6,,,2,100.848,222.21008,22.15261,K2 V,5052,0.722,0.822,-0.5143,0.0423,3.50619,0,11.904,212.31,1006,Transit,2017
PSR B0329+54 b,PSR B0329+54,,,1,,53.24727,54.57916,,,,1.44,,10.26,10140,0.236,,1.97,,Pulsar Timing,2017
Kepler-1660 AB b,Kepler-1660 A,,,2,1188.54,290.55195,40.23504,,,1.491,1.137,,,239.5044,0.055,,1586.599,,Eclipse Timing Variations,2023
HD 213885 b,HD 213885,111553,213885,1,48.088,338.98372,-59.86483,G,5978,1.101,1.068,0.1386,0.02012,1.00804,0,1.745,8.83,2128,Transit,2019
HD 213885 c,HD 213885,111553,213885,1,48.088,338.98372,-59.86483,G,5978,1.101,1.068,0.1386,0.0568,4.78503,0,,19.95,1265,Radial Velocity,2019
WASP-18 c,WASP-18,7562,10069,2,123.483,24.35446,-45.67779,,6400,1.23,1.22,,0.035,2.1558,0.015,,55.2,,Transit Timing Variations,2019
WASP-126 c,WASP-126,,,1,216.526,63.37471,-69.22659,,5800,1.27,1.12,,,7.63,0.05,,64.2,,Transit Timing Variations,2019
XO-7 b,XO-7,,,1,234.149,277.47808,85.23332,G0 V,6250,1.48,1.405,,0.04421,2.86414,0.038,15.39,225.341,1743,Transit,2019
USco1621 b,USco1621 A,,,1,137.901,245.37309,-25.49543,M2.5 V,3460,,0.36,-1.02,2880,,,,5085.28,2270,Imaging,2019
USco1556 b,USco1556 A,,,1,140.635,239.10372,-25.68905,M3.0 V,3410,,0.33,-1.09,3500,,,,4767.45,2240,Imaging,2019
DMPP-1 b,DMPP-1,27305,38677,1,62.539,86.77612,-10.63032,,,,1.21,,0.1423,17.812,0.2,,16.8,,Radial Velocity,2019
DMPP-1 c,DMPP-1,27305,38677,1,62.539,86.77612,-10.63032,,,,1.21,,0.0973,10.03,0.22,,10.94,,Radial Velocity,2019
DMPP-1 d,DMPP-1,27305,38677,1,62.539,86.77612,-10.63032,,,,1.21,,0.04467,3.1417,0.36,,4.72,,Radial Velocity,2019
DMPP-1 e,DMPP-1,27305,38677,1,62.539,86.77612,-10.63032,F8 V,6196,1.26,1.21,,0.0651,5.516,0.07,,4.13,1314,Radial Velocity,2019
DMPP-2 b,DMPP-2,8501,11231,1,137.94,27.40773,-34.4591,,,,1.41,,0.06638,5.203,0.06,,171.48,,Radial Velocity,2019
DMPP-3 A b,DMPP-3 A,28941,42936,2,46.892,91.62435,-72.51431,,,,0.9,,0.05958,5.59,0.42,,2.67,,Radial Velocity,2019
TOI-813 b,TOI-813,,,1,263.145,72.69401,-60.90546,G0 IV,5907,1.94,1.32,,0.423,83.8911,0,6.71,,610,Transit,2020
GJ 180 d,GJ 180,22762,,1,11.941,73.4601,-17.77619,,,,0.43,,0.309,106.3,0.14,,7.56,,Radial Velocity,2020
GJ 229 A c,GJ 229,29295,42581,3,5.756,92.6436,-21.86772,,,,0.509,,0.384,121.93268,0.366,,8.581,,Radial Velocity,2020
GJ 433 d,GJ 433,56528,,1,9.065,173.86192,-32.54363,,,,0.48,,0.178,36.059,0.07,,5.223,,Radial Velocity,2020
Kepler-298 b,Kepler-298,,,1,518.204,283.03984,48.82533,,4465,0.582,,,0.08,10.47546,,1.96,,,Transit,2014
GJ 3082 b,GJ 3082,5812,,1,16.619,18.64324,-53.94078,,,,0.47,,0.079,11.949,0.22,,8.2,,Radial Velocity,2020
GJ 1252 b,GJ 1252,,,1,20.373,306.92865,-56.46229,M3,3458,0.391,0.381,-1.7077,,0.51823,0,1.193,1.32,,Transit,2020
EPIC 249893012 b,EPIC 249893012,,,1,321.296,228.24824,-16.72465,G8 IV/V,5430,1.71,1.05,,0.047,3.5951,0.06,1.95,8.75,1616,Transit,2020
EPIC 249893012 c,EPIC 249893012,,,1,321.296,228.24824,-16.72465,G8 IV/V,5430,1.71,1.05,,0.13,15.624,0.07,3.67,14.67,990,Transit,2020
EPIC 249893012 d,EPIC 249893012,,,1,321.296,228.24824,-16.72465,G8 IV/V,5430,1.71,1.05,,0.22,35.747,0.15,3.94,10.18,752,Transit,2020
L 168-9 b,L 168-9,115211,,1,25.15,350.02859,-60.06573,M0.5 V,3842,0.604,0.614,-1.1409,0.0208,1.40153,0,1.63,4.07,998,Transit,2020
TOI-125 d,TOI-125,,,1,111.059,23.59343,-66.67635,K0 V,5320,0.848,0.859,-0.2848,0.137,19.98,0.168,2.93,13.6,638,Transit,2020
Kepler-1661 b,Kepler-1661,,,2,410.607,285.16709,41.96694,K,5100,0.762,0.841,,0.633,175.06,0.057,3.87,17,243,Transit,2020
TOI-132 b,TOI-132,,,1,163.678,338.39966,-43.43687,G8 V,5397,0.9,0.97,-0.2218,0.026,2.1097,0.059,3.42,22.4,1395,Transit,2020
GJ 1061 b,GJ 1061,,,1,3.673,54.00325,-44.51431,M5.5 V,2953,0.156,0.12,-2.7696,0.021,3.2073,0.05,,1.11,,Radial Velocity,2020
Kepler-95 b,Kepler-95,,,1,445.656,284.48243,44.39789,,5699,1.41,1.08,,,11.5231,,3.42,13,,Transit,2014
Kepler-1750 b,Kepler-1750,,,1,1497.33,292.35149,48.51107,,5644,0.969,0.981,,,205.912,,6.004,,,Transit,2021
GJ 1061 c,GJ 1061,,,1,3.673,54.00325,-44.51431,M5.5 V,2953,0.156,0.12,-2.7696,0.0342,6.6821,0.02,,1.81,,Radial Velocity,2020
GJ 1061 d,GJ 1061,,,1,3.673,54.00325,-44.51431,M5.5 V,2953,0.156,0.12,-2.7696,0.054,13.066,0.04,,1.67,,Radial Velocity,2020
HATS-47 b,HATS-47,,,1,300.67,287.4844,-49.66494,,4512,0.656,0.674,-0.7962,0.04269,3.9228,0.088,12.52,117.279,853,Transit,2020
HATS-48 A b,HATS-48 A,,,2,263.609,288.672,-59.57935,,4546,0.715,0.728,-0.7088,0.03769,3.13167,0.162,8.967,77.233,955,Transit,2020
HATS-49 b,HATS-49,,,1,324.413,6.61359,-56.34428,,4405,0.698,0.713,-0.7849,0.04515,4.14805,0.071,8.575,112.194,835,Transit,2020
HATS-72 b,HATS-72,,,1,127.589,339.02584,-17.0003,,4656,0.721,0.731,-0.659,0.06652,7.32795,0.013,8.097,39.856,739,Transit,2020
OGLE-2013-BLG-0911L b,OGLE-2013-BLG-0911L,,,1,3220,268.88325,-29.25383,,,,0.29,,0.39,,,,3020,,Microlensing,2019
KMT-2016-BLG-1836L b,KMT-2016-BLG-1836L,,,1,7100,268.25033,-30.04075,,,,0.49,,3.5,,,,700,,Microlensing,2019
OGLE-2016-BLG-1227L b,OGLE-2016-BLG-1227L,,,1,,265.59713,-33.75978,,,,0.1,,3.4,,,,250,,Microlensing,2020
NGTS-10 b,NGTS-10,,,1,,91.87228,-25.5949,K5 V,4600,0.697,0.696,,0.0143,0.76689,0,13.507,687.148,1332,Transit,2020
Kepler-845 b,Kepler-845,,,1,431.051,290.95764,49.20373,,4913,0.75,0.79,,,0.92786,,2.04,,,Transit,2016
MASCARA-4 b,MASCARA-4,,85628,2,170.696,147.58007,-66.11393,,7800,1.79,1.75,,0.0474,2.82409,,16.982,532.363,2250,Transit,2020
LHS 1815 b,LHS 1815,28754,,1,29.842,91.08999,-55.31154,M1,3643,0.501,0.502,-1.3872,,3.81433,0,1.088,1.58,,Transit,2020
TYC 8998-760-1 b,TYC 8998-760-1,,,1,94.618,201.30011,-64.93916,K3 IV,,,,,146,,0.44,,,,Imaging,2020
TOI-1130 b,TOI-1130,,,1,58.261,286.376,-41.43764,,4360,0.697,0.745,,0.0453,4.07455,0.052,3.66,19.8,825,Transit,2020
TOI-1130 c,TOI-1130,,,1,58.261,286.376,-41.43764,,4360,0.697,0.745,,0.0731,8.35019,0.04,13,336,650,Transit,2020
HD 158259 b,HD 158259,85268,158259,1,27.05,261.34958,52.79047,G0,,1.21,1.08,,,2.178,,,2.22,,Radial Velocity,2020
HD 158259 c,HD 158259,85268,158259,1,27.05,261.34958,52.79047,G0,,1.21,1.08,,,3.432,,,5.6,,Radial Velocity,2020
HD 158259 d,HD 158259,85268,158259,1,27.05,261.34958,52.79047,G0,,1.21,1.08,,,5.19808,,,5.41,,Radial Velocity,2020
HD 158259 e,HD 158259,85268,158259,1,27.05,261.34958,52.79047,G0,,1.21,1.08,,,7.951,,,6.08,,Radial Velocity,2020
HD 158259 f,HD 158259,85268,158259,1,27.05,261.34958,52.79047,G0,,1.21,1.08,,,12.028,,,6.14,,Radial Velocity,2020
Kepler-844 b,Kepler-844,,,1,431.776,287.85785,48.77396,,4128,0.57,0.59,,,2.61302,,1.68,,,Transit,2016
CoRoT-30 b,CoRoT-30,,,1,1032.23,277.60118,6.83593,G3 V,5650,0.91,0.98,,0.0844,9.06005,0.007,11.31,921.707,,Transit,2020
CoRoT-31 b,CoRoT-31,,,1,2005.76,94.82073,-4.4223,G2 IV,5700,2.15,1.25,,0.0586,4.62941,0.02,16.365,266.977,,Transit,2020
TOI-677 b,TOI-677,,,1,141.812,144.11936,-50.46309,F8,6295,1.28,1.181,,0.1041,11.2366,0.46,13.115,392.2,,Transit,2020
HD 164922 d,HD 164922,88348,164922,1,22.002,270.63047,26.31041,,5390,0.946,0.926,-0.1487,0.103,12.458,0.12,,4,,Radial Velocity,2020
WASP-150 b,WASP-150,,,1,527.995,264.26302,53.02128,F8,6218,1.651,1.394,,0.0694,5.64421,0.378,11.994,2688.842,1460,Transit,2020
WASP-176 b,WASP-176,,,1,568.42,313.68729,9.17907,F9,5941,1.925,1.345,,0.0535,3.89905,0,16.87,271.745,1721,Transit,2020
HD 332231 b,HD 332231,,332231,1,80.666,306.74113,33.74439,,6128,1.266,1.164,0.3079,0.145,18.71202,0,9.073,74.1,798,Transit,2020
Kepler-88 d,KOI-142,,,1,376.863,291.1481,40.66941,,5466,0.897,0.99,,,1403,0.41,,965.147,,Radial Velocity,2020
LTT 3780 b,LTT 3780,,,2,21.981,154.6449,-11.7178,,3358,0.38,0.381,-1.7825,0.01195,0.76838,0,1.325,2.46,903,Transit,2020
LTT 3780 c,LTT 3780,,,2,21.981,154.6449,-11.7178,,3358,0.38,0.381,-1.7825,0.0757,12.25228,0.024,2.39,8.04,359,Transit,2020
Kepler-297 b,Kepler-297,,,1,692.14,283.20916,48.77762,,5619,0.915,,,0.217,38.87183,,2.87,,,Transit,2014
TOI-1235 b,TOI-1235,,,1,39.635,152.21825,69.27662,M0.5 V,3997,0.619,0.63,-1.054,,3.44471,0.049,1.69,6.69,,Transit,2020
HD 81817 b,HD 81817,47193,81817,1,269.126,144.27157,81.32631,,,,4.3,,3.233,1021.20159,0.097,,7668.564,,Radial Velocity,2020
TOI-1338 b,TOI-1338 A,,,2,399.017,92.1331,-59.54099,,,1.313,1.094,,,95.4001,0.033,7.661,11.3,,Transit,2020
OGLE-2018-BLG-0677L b,OGLE-2018-BLG-0677L,,,1,7580,268.75113,-32.01653,,,,0.12,,0.63,,,,3.96,,Microlensing,2020
OGLE-2015-BLG-1771L b,OGLE-2015-BLG-1771L,,,1,7070,268.799,-28.86275,,,,0.077,,0.85,,,,138,,Microlensing,2020
OGLE-2018-BLG-1700L b,OGLE-2018-BLG-1700L,,,2,7600,269.95604,-28.52864,,,,0.42,,2.8,,,,1400,,Microlensing,2020
KMT-2018-BLG-0029L b,KMT-2018-BLG-0029L,,,1,3380,264.46946,-27.9847,,,,1.14,,4.27,,,,7.59,,Microlensing,2020
KMT-2018-BLG-1292L b,KMT-2018-BLG-1292L,,,1,3460,263.42758,-33.52067,,,,1.09,,6.03,,,,1400,,Microlensing,2020
OGLE-2012-BLG-0838L b,OGLE-2012-BLG-0838L,,,1,6320,273.00308,-25.71161,,,,0.4,,4.43,,,,53.1,,Microlensing,2020
AU Mic b,AU Mic,102409,197481,1,9.722,311.29114,-31.34245,M1 V,3540,0.862,0.635,-0.9776,0.07,8.46345,0.07,4.79,8.99,555,Transit,2020
Kepler-843 b,Kepler-843,,,1,1165.66,296.32198,48.97144,,5830,1.03,1.02,,,2.05388,,2.59,,,Transit,2016
GJ 338 B b,GJ 338 B,120005,79211,2,6.333,138.59167,52.68352,M0 V,4014,0.58,0.64,-1.1013,0.142,24.422,0.109,,10.6,,Radial Velocity,2020
OGLE-2017-BLG-0406L b,OGLE-2017-BLG-0406L,,,1,5200,268.99967,-29.86314,,,,0.56,,3.5,,,,130,,Microlensing,2020
Kepler-160 d,Kepler-160,,,1,937.013,287.77357,42.86928,,5471,1.118,,0.0043,0.17,30,,,100,,Transit Timing Variations,2020
WASP-148 b,WASP-148,,,1,246.353,254.1305,44.30254,,5555,0.912,0.954,-0.1391,0.08215,8.80381,0.208,8.474,91.217,,Transit,2020
WASP-148 c,WASP-148,,,1,246.353,254.1305,44.30254,,5555,0.912,0.954,-0.1391,0.2044,34.524,0.181,,124.589,,Radial Velocity,2020
TOI-1728 b,TOI-1728,,,1,60.798,120.61168,64.79715,M0,3980,0.624,0.646,-1.0555,0.0391,3.49151,0.057,5.05,26.78,767,Transit,2020
NGTS-11 b,NGTS-11,,,1,190.422,23.52145,-14.41915,K,5050,0.832,0.862,,0.201,35.45533,0.13,9.158,109.334,435,Transit,2020
GJ 887 b,GJ 887,114046,217987,1,3.287,346.50276,-35.84735,M1 V,3688,0.468,0.495,-1.4342,0.0683,9.2619,0.14,,3.9,426,Radial Velocity,2020
GJ 887 c,GJ 887,114046,217987,1,3.287,346.50276,-35.84735,M1 V,3688,0.468,0.495,-1.4342,0.121,21.784,0.17,,6.5,320,Radial Velocity,2020
TOI-849 b,TOI-849,,,1,225.734,28.7158,-29.42171,,5257,0.97,0.97,,0.0155,0.76555,0,3.64,41.8,,Transit,2020
Kepler-842 b,Kepler-842,,,1,532.726,292.3286,49.65352,,4848,0.73,0.78,,,1.21957,,1.6,,,Transit,2016
Wendelstein-1 b,Wendelstein-1,,,1,305.3,299.05064,17.56996,K7 V,4251,0.61,0.65,,0.0282,2.66342,0.012,11.561,188.155,2198,Transit,2020
Wendelstein-2 b,Wendelstein-2,,,1,565.541,297.79092,16.91257,K6 V,4591,0.66,0.73,,0.0234,1.75222,0.057,12.993,232.334,2470,Transit,2020
HD 95338 b,HD 95338,53719,95338,1,36.994,164.85634,-56.62356,,5097,0.868,0.848,,,55.08269,,4.272,,,Radial Velocity,2020
HD 191939 b,HD 191939,99175,191939,1,53.609,302.02562,66.8503,G9 V,5348,0.94,0.81,-0.1871,0.0804,8.88033,0.031,3.41,10,880,Transit,2020
HD 191939 c,HD 191939,99175,191939,1,53.609,302.02562,66.8503,G9 V,5348,0.94,0.81,-0.1871,0.1752,28.57974,0.034,3.195,8,600,Transit,2020
HD 191939 d,HD 191939,99175,191939,1,53.609,302.02562,66.8503,G9 V,5348,0.94,0.81,-0.1871,0.2132,38.35304,0.031,2.995,2.8,540,Transit,2020
TOI-700 b,TOI-700,,,1,31.127,97.09572,-65.57861,M2.5 V,3459,0.421,0.415,-1.6402,0.0677,9.97722,0.075,0.914,,,Transit,2020
TOI-700 c,TOI-700,,,1,31.127,97.09572,-65.57861,M2.5 V,3459,0.421,0.415,-1.6402,0.0929,16.05114,0.068,2.6,,,Transit,2020
TOI-700 d,TOI-700,,,1,31.127,97.09572,-65.57861,M2.5 V,3459,0.421,0.415,-1.6402,0.1633,37.42396,0.042,1.073,,,Transit,2020
TYC 8998-760-1 c,TYC 8998-760-1,,,1,94.618,201.30011,-64.93916,,,,1,,320,,,12.33,1906.98,1240,Imaging,2020
Kepler-841 b,Kepler-841,,,1,998.961,284.25136,48.8096,,5324,0.81,0.85,,,124.41984,,5.23,,,Transit,2016
BD-11 4672 c,BD-11 4672,90979,,1,27.166,278.36887,-11.63705,,4550,0.639,0.651,-0.8041,0.3,74.2,0.4,,15.37,,Radial Velocity,2020
HIP 67522 b,HIP 67522,67522,120411,1,127.28,207.526,-40.8359,,5675,1.38,1.22,0.243,0.0748,6.95947,0.064,9.987,,1175,Transit,2020
TOI-1899 b,TOI-1899,,,1,128.438,299.42685,40.14335,,3926,0.607,0.632,,0.1525,29.09031,0.044,11.097,212.945,378,Transit,2020
HIP 65 A b,HIP 65 A,65,,2,61.786,0.18561,-54.83082,K4 V,4590,0.724,0.781,-0.678,0.01782,0.98097,0,22.754,1021.188,1411,Transit,2020
TOI-157 b,TOI-157,,,1,355.683,73.70144,-76.68061,G9 IV,5404,1.167,0.948,0.0199,0.03138,2.08454,0,14.415,375.039,1588,Transit,2020
TOI-169 b,TOI-169,,,1,407.84,16.77869,-75.19895,G1 V,5880,1.288,1.147,0.2526,0.03524,2.25545,0,12.173,251.404,1715,Transit,2020
K2-315 b,K2-315,,,1,56.969,228.02109,-20.10816,M(3.5+/-0.5) V,3300,0.196,0.174,-2.3872,,3.14432,,0.95,,460,Transit,2020
HATS-37 A b,HATS-37 A,,,2,211.896,199.80183,-22.98684,,5326,0.877,0.843,-0.2557,0.04913,4.33154,0,6.793,31.465,1085,Transit,2020
HATS-38 b,HATS-38,,,1,343.525,154.27106,-25.2763,,5732,1.105,0.89,0.0715,0.05036,4.37502,0,6.882,23.519,1294,Transit,2020
HD 86226 c,HD 86226,48739,86226,1,45.683,149.12352,-24.09919,G1 V,5863,1.053,1.019,0.0719,0.049,3.98442,0.075,2.16,7.25,1311,Transit,2020
Kepler-296 c,Kepler-296,,,2,,286.54003,49.43726,,3740,0.48,0.498,,0.0521,5.84164,0.33,2,,,Transit,2014
GJ 2056 b,GJ 2056,34785,,1,28.443,108.01949,-24.8921,,,,0.62,,0.283,69.971,0.72,,16.2,,Radial Velocity,2020
GJ 480 b,GJ 480,61706,,1,14.236,189.71342,11.69507,,3509,0.449,0.45,-1.562,0.068,9.5536,0,,8.8,406,Radial Velocity,2020
GJ 687 c,GJ 687,86162,,1,4.549,264.10417,68.33367,,,,0.4,,1.165,727.562,0.4,,16,,Radial Velocity,2020
GJ 9066 c,GJ 9066,,,1,4.471,30.05883,13.04432,M5.0 V,3154,0.164,0.15,-2.5952,0.88,771.36,0.46,,66.744,,Radial Velocity,2020
HIP 107772 b,HIP 107772,107772,,1,23.643,327.49771,-41.24404,M0 V,,,0.63,,0.243,55.199,0.18,,12.9,,Radial Velocity,2020
HIP 38594 b,HIP 38594,38594,,2,17.789,118.54391,-25.30231,M0,,,0.61,,0.256,60.722,0.17,,8.1,,Radial Velocity,2020
HIP 38594 c,HIP 38594,38594,,2,17.789,118.54391,-25.30231,M0,,,0.61,,3.805,3477.768,0.16,,48.4,,Radial Velocity,2020
HIP 4845 b,HIP 4845,4845,,1,21.097,15.58817,-10.42462,,,,0.62,,0.176,34.15,0.25,,14.4,,Radial Velocity,2020
HIP 48714 b,HIP 48714,48714,,1,10.53,149.03327,62.78595,M0.5 Ve,,,0.58,,0.112,17.818,0.5,,22.9,,Radial Velocity,2020
2MASS J01033563-5515561 AB b,2MASS J01033563-5515561 A,,,2,,15.89925,-55.26583,M5.5/M6,,,0.19,,84,,,,4131.79,,Imaging,2013
KMT-2019-BLG-1339L b,KMT-2019-BLG-1339L,,,1,6120,265.74342,-25.57392,,,,0.48,,2.15,,,,397,,Microlensing,2020
KMT-2019-BLG-1953L b,KMT-2019-BLG-1953L,,,1,7040,269.11625,-28.20111,,,,0.31,,,,,,200,,Microlensing,2020
K2-316 b,K2-316,,,1,112.486,233.62473,-23.25947,,3436,0.379,0.408,,0.0147,1.133,,1.33,,841,Transit,2020
K2-316 c,K2-316,,,1,112.486,233.62473,-23.25947,,3436,0.379,0.408,,0.0582,5.26,,1.83,,423,Transit,2020
K2-317 b,K2-317,,,1,176.291,228.61886,-21.02272,,3387,0.379,0.403,,0.0542,6.22,,2.93,,432,Transit,2020
K2-318 b,K2-318,,,1,147.866,232.44614,-17.55746,,3851,0.552,0.561,,0.0911,7.01,,1.66,,456,Transit,2020
K2-319 b,K2-319,,,1,209.071,166.80101,3.03994,,5440,0.898,0.954,,0.1516,26.68,,2.79,,641,Transit,2020
K2-320 b,K2-320,,,1,108.74,163.25191,5.30648,,3157,0.3,0.117,,0.0142,1.995,,2.62,,698,Transit,2020
K2-321 b,K2-321,,,1,77.689,156.4055,2.51388,,3750,0.595,0.578,-1.2007,0.02839,2.29797,0.44,2.051,,830,Transit,2020
K2-322 b,K2-322,,,1,123.415,156.6227,4.76402,,4141,0.602,0.63,,0.0594,8.205,,1.92,,635,Transit,2020
K2-323 b,K2-323,,,1,118.318,159.42099,6.28587,,3710,0.549,0.478,,0.1275,24.93,,2.1,,318,Transit,2020
K2-324 b,K2-324,,,1,136.667,157.62222,6.86367,,3752,0.505,0.517,,0.0331,3.262,,2.43,,707,Transit,2020
K2-325 b,K2-325,,,1,111.638,353.91695,-7.68672,,3287,0.298,0.274,,0.0419,6.93,,2.2,,423,Transit,2020
K2-326 b,K2-326,,,1,282.308,351.61226,1.33759,,3924,0.688,0.507,,0.0198,1.256,,2.28,,1114,Transit,2020
WD 1856+534 b,WD 1856+534,,,3,24.736,284.41568,53.50902,DC,4710,0.013,0.518,,0.0204,1.40794,0,10.4,4386.054,163,Transit,2020
LTT 9779 b,LTT 9779,117883,,1,80.437,358.66888,-37.62822,G7 V,5443,0.949,1.02,-0.1675,0.01679,0.79205,0,4.72,29.32,1978,Transit,2020
HD 63433 b,HD 63433,38228,63433,1,22.404,117.47937,27.36313,G5 V,5553,0.934,0.956,-0.1261,,7.10795,,2.14,21.755,967,Transit,2020
HD 63433 c,HD 63433,38228,63433,1,22.404,117.47937,27.36313,G5 V,5553,0.934,0.956,-0.1261,,20.54383,,2.692,15.539,679,Transit,2020
TOI-763 b,TOI-763,,,1,95.127,194.4681,-39.75806,G,5450,0.897,0.917,,0.06,5.6057,0.04,2.28,9.79,1038,Transit,2020
Kepler-77 b,Kepler-77,,,1,639.411,289.60794,44.34543,G5 V,5520,0.99,0.95,,0.04501,3.57878,0,10.761,136.661,1440,Transit,2013
TOI-763 c,TOI-763,,,1,95.127,194.4681,-39.75806,G,5450,0.897,0.917,,0.1011,12.2737,0.04,2.63,9.32,800,Transit,2020
HATS-71 b,HATS-71,,,1,140.225,15.55189,-61.75613,M3 V,3405,0.478,0.486,-1.5599,0.03745,3.79552,0,11.478,117.597,587,Transit,2020
TOI-824 b,TOI-824,,,1,63.926,222.16547,-57.58887,K4 V,4600,0.695,0.71,-0.71,0.02177,1.39298,,2.926,18.467,1253,Transit,2020
OGLE-2018-BLG-1269L b,OGLE-2018-BLG-1269L,,,1,2510,269.69342,-27.61794,,,,1.11,,4.51,,,,210,,Microlensing,2020
KMT-2018-BLG-0748L b,KMT-2018-BLG-0748L,,,1,7300,267.8745,-30.64639,,,,0.087,,0.62,,,,60,,Microlensing,2020
KMT-2019-BLG-0842L b,KMT-2019-BLG-0842L,,,1,3320,268.45846,-29.87744,,,,0.76,,3.31,,,,10.28,,Microlensing,2020
TOI-540 b,TOI-540,,,1,14.002,76.30969,-47.93754,M V,3216,0.19,0.159,-2.4609,0.01223,1.23915,0,0.903,,611,Transit,2020
TOI-1266 b,TOI-1266,,,1,36.012,197.99658,65.8337,M2,3563,0.423,0.437,-1.5802,0.073,10.8945,0.039,2.52,4.46,415,Transit,2020
TOI-1266 c,TOI-1266,,,1,36.012,197.99658,65.8337,M2,3563,0.423,0.437,-1.5802,0.105,18.8027,0.071,1.98,3.17,346,Transit,2020
TOI-421 b,TOI-421,,,2,74.797,81.85328,-14.27674,G9 V,5291,0.866,0.833,,0.0554,5.19758,0.13,2.64,6.7,922,Transit,2020
TOI-421 c,TOI-421,,,2,74.797,81.85328,-14.27674,G9 V,5291,0.866,0.833,,0.117,16.06754,0.19,5.09,14.1,635,Transit,2020
NGTS-12 b,NGTS-12,,,1,446.442,176.24994,-35.64056,G,5690,1.589,1.021,,0.0757,7.53281,0,11.747,66.109,1257,Transit,2020
GJ 3473 b,GJ 3473,,,2,27.364,120.59361,3.33716,,3347,0.364,0.36,-1.8239,0.01589,1.198,0,1.264,1.86,773,Transit,2020
GJ 3473 c,GJ 3473,,,2,27.364,120.59361,3.33716,,3347,0.364,0.36,-1.8239,0.0876,15.509,0,,7.41,329,Radial Velocity,2020
TOI-837 b,TOI-837,,,1,142.488,157.03728,-64.50521,F9/G0,5995,1.052,1.142,0.1271,0.0888,8.32491,,9.169,120.457,995,Transit,2020
KMT-2016-BLG-2364L b,KMT-2016-BLG-2364L,,,1,6440,265.71567,-27.43556,,,,0.5,,2.63,,,,1250,,Microlensing,2020
KMT-2016-BLG-2397L b,KMT-2016-BLG-2397L,,,1,4880,266.21254,-23.20138,,,,0.64,,3.64,,,,836,,Microlensing,2020
OGLE-2017-BLG-0604L b,OGLE-2017-BLG-0604L,,,1,3950,267.89167,-30.94656,,,,0.7,,4.06,,,,160,,Microlensing,2020
OGLE-2017-BLG-1375L b,OGLE-2017-BLG-1375L,,,1,3930,269.15488,-30.31142,,,,0.81,,3.04,,,,3585,,Microlensing,2020
EPIC 201170410.02,EPIC 201170410,,,1,,170.14086,-4.807,,3648,0.282,0.287,,0.0349,6.7987,0,1.047,,,Transit,2020
EPIC 201757695.02,EPIC 201757695,,,1,,173.93851,4.61643,,4520,0.655,0.727,-0.3635,0.0296,2.0478,0,0.908,,,Transit,2020
TOI-954 b,TOI-954,,,1,238.768,61.94106,-25.2088,,5710,1.892,1.201,0.5353,0.04963,3.68497,0.14,9.55,55.302,1526,Transit,2020
K2-329 b,K2-329,,,1,233.237,351.13538,-5.16415,,5282,0.822,0.901,-0.3251,0.1016,12.45512,0.07,8.676,82.636,650,Transit,2020
MOA-2013-BLG-220L b,MOA-2013-BLG-220L,,,1,6720,270.98542,-29.54472,,,,0.88,,3.03,,,,871,,Microlensing,2014
TOI-481 b,TOI-481,,,1,179.366,110.51269,-57.385,G,5735,1.66,1.14,0.4346,0.097,10.33111,0.153,11.097,486.28,1370,Transit,2020
TOI-892 b,TOI-892,,,1,340.543,86.73823,-11.23534,F,6261,1.39,1.28,0.4314,0.092,10.62656,0.125,11.994,301.938,1397,Transit,2020
TIC 237913194 b,TIC 237913194,,,1,306.063,22.44581,-60.73991,G3,5788,1.088,1.026,0.0777,0.1207,15.16887,0.575,12.52,617.226,974,Transit,2020
HD 190007 b,HD 190007,98698,190007,1,12.714,300.69563,3.3267,K4 V,4610,,0.77,,,11.72413,0.136,,15.5,,Radial Velocity,2020
HD 216520 b,HD 216520,112527,216520,1,19.552,341.87687,83.69753,,5103,0.76,0.82,-0.452,0.198,35.45,0.09,,10.26,,Radial Velocity,2020
HD 216520 c,HD 216520,112527,216520,1,19.552,341.87687,83.69753,,5103,0.76,0.82,-0.452,0.528,154.43,0.12,,9.44,,Radial Velocity,2020
TOI-122 b,TOI-122,,,1,62.118,332.94824,-58.94608,M3 V,3403,0.334,0.312,-1.8539,0.0392,5.07803,0,2.72,,471,Transit,2020
TOI-237 b,TOI-237,,,1,38.075,353.24354,-29.41649,M4.5 V,3212,0.211,0.179,-2.3872,0.0341,5.4361,0,1.44,,388,Transit,2020
WASP-186 b,WASP-186,,,1,278.514,18.99531,21.61691,F,6361,1.47,1.22,,0.06,5.0268,0.33,12.442,1341.243,,Transit,2020
WASP-187 b,WASP-187,,,1,371.414,17.47474,25.68165,F,6150,2.83,1.54,,0.0653,5.14788,0,18.383,254.264,,Transit,2020
K2-111 c,K2-111,,,1,200.394,59.89031,21.29853,G2,5775,1.25,0.84,,0.11565,15.6748,0.069,,11.1,923,Radial Velocity,2020
LP 714-47 b,LP 714-47,,,1,52.616,64.19022,-12.08486,M0.0 V,3950,0.584,0.59,-1.1249,0.0417,4.05204,0.04,4.7,30.8,700,Transit,2020
TOI-942 b,TOI-942,,,1,152.601,76.64962,-20.24561,,,0.894,0.822,,0.04866,4.32421,0.34,3.89,,,Transit,2020
TOI-942 c,TOI-942,,,1,152.601,76.64962,-20.24561,,,0.894,0.822,,0.08598,10.15627,0.32,4.67,,,Transit,2020
WASP-107 c,WASP-107,,,1,64.741,188.38643,-10.14621,,,,,,,1066,0.27,,111.24,,Radial Velocity,2020
TOI-251 b,TOI-251,,,1,99.523,353.06207,-37.25586,,5875,0.881,1.036,-0.0804,0.05741,4.93777,0,2.74,317.83,,Transit,2021
HAT-P-68 b,HAT-P-68,,,1,202.152,118.48315,23.93822,K,4508,0.67,0.678,-0.7791,0.02996,2.29841,0.041,12.016,230.109,1028,Transit,2020
TOI-776 b,TOI-776,,,1,27.17,178.578,-37.55336,,3725,0.547,0.542,,0.0653,8.24662,0.052,1.798,5,520,Transit,2020
TOI-776 c,TOI-776,,,1,27.17,178.578,-37.55336,,3725,0.547,0.542,,0.1001,15.66532,0.089,2.047,6.9,420,Transit,2020
TOI-561 b,TOI-561,,,1,85.799,148.18515,6.2161,,,0.843,0.806,,0.01064,0.44657,0,1.397,2.02,2319,Transit,2020
TOI-561 c,TOI-561,,,1,85.799,148.18515,6.2161,,,0.843,0.806,,0.0889,10.77884,0.023,2.865,5.93,802,Transit,2020
TOI-561 d,TOI-561,,,1,85.799,148.18515,6.2161,,,0.843,0.806,,0.1587,25.71268,0.111,2.615,13.33,600,Transit,2020
TOI-561 e,TOI-561,,,1,85.799,148.18515,6.2161,,,0.843,0.806,,0.33,77.144,0.074,2.517,12.4,416,Transit,2020
HD 108236 b,HD 108236,60689,108236,1,64.598,186.57406,-51.36305,,5660,0.877,0.869,-0.15,0.04527,3.79596,0.045,1.615,,,Transit,2020
HD 108236 c,HD 108236,60689,108236,1,64.598,186.57406,-51.36305,,5660,0.877,0.869,-0.15,0.062,6.20345,0.034,2.071,,,Transit,2020
TOI-1233.01,HD 108236,60689,108236,1,64.598,186.57406,-51.36305,,5660,0.877,0.869,-0.15,0.1074,14.17568,0.055,2.539,,,Transit,2021
HD 108236 e,HD 108236,60689,108236,1,64.598,186.57406,-51.36305,,5660,0.877,0.869,-0.15,0.1367,19.59003,0.058,3.083,,,Transit,2020
TOI-564 b,TOI-564,,,1,199.581,130.29515,-16.03633,,5640,1.088,0.998,0.0326,0.02734,1.65114,0.072,11.433,464.985,1714,Transit,2020
TOI-905 b,TOI-905,,,1,158.649,227.65868,-71.36163,,5570,0.918,0.968,-0.1367,0.04666,3.73949,0.024,13.126,211.993,1192,Transit,2020
TOI-451 b,TOI-451,,,2,123.739,62.96639,-37.93973,G8 V,5490,0.85,0.93,-0.2291,0.0274,1.8587,0,1.84,4.7,1474,Transit,2020
TOI-451 c,TOI-451,,,2,123.739,62.96639,-37.93973,G8 V,5490,0.85,0.93,-0.2291,0.0795,9.19246,0,2.93,3.7,865,Transit,2020
TOI-451 d,TOI-451,,,2,123.739,62.96639,-37.93973,G8 V,5490,0.85,0.93,-0.2291,0.1168,16.36496,0,3.93,10.2,714,Transit,2020
HD 108236 f,HD 108236,60689,108236,1,64.598,186.57406,-51.36305,,5660,0.877,0.869,-0.15,0.1758,29.54115,0.051,2.017,,,Transit,2021
NGTS-13 b,NGTS-13,,,1,647.595,176.24023,-38.13972,,5819,1.788,1.3,0.5172,0.0549,4.11903,0.086,12.801,1538.297,1605,Transit,2021
HD 110113 b,HD 110113,61820,110113,1,106.307,190.03656,-44.31208,G,5732,0.968,0.997,,0.035,2.541,0.093,2.05,4.55,1371,Transit,2021
Kepler-295 b,Kepler-295,,,1,1699.19,285.34584,45.36778,,5603,0.898,,,0.099,12.64516,,1.22,,,Transit,2014
HD 110113 c,HD 110113,61820,110113,1,106.307,190.03656,-44.31208,G,5732,0.968,0.997,,0.068,6.744,0.045,,10.5,990,Radial Velocity,2021
TOI-178 b,TOI-178,,,1,62.699,7.30201,-30.45412,,4316,0.662,0.647,-0.8665,,1.91456,,1.2,0.96,,Transit,2021
TOI-178 c,TOI-178,,,1,62.699,7.30201,-30.45412,,4316,0.662,0.647,-0.8665,,3.23849,0,1.754,4.64,,Transit,2021
TOI-178 d,TOI-178,,,1,62.699,7.30201,-30.45412,,4316,0.662,0.647,-0.8665,,6.55757,0.007,2.695,5.2,,Transit,2021
TOI-178 e,TOI-178,,,1,62.699,7.30201,-30.45412,,4316,0.662,0.647,-0.8665,,9.96318,0,2.301,3.48,,Transit,2021
TOI-178 f,TOI-178,,,1,62.699,7.30201,-30.45412,,4316,0.662,0.647,-0.8665,,15.23335,0,2.417,5.63,,Transit,2021
TOI-178 g,TOI-178,,,1,62.699,7.30201,-30.45412,,4316,0.662,0.647,-0.8665,,20.71663,0,2.939,4.4,,Transit,2021
HD 4760 b,HD 4760,3869,4760,1,537.873,12.41617,6.40714,,4076,42.4,1.05,2.93,1.14,434,0.23,,4417.837,,Radial Velocity,2021
HD 96992 b,HD 96992,54595,96992,1,396.082,167.59662,43.91899,,4725,7.43,0.96,1.47,1.24,514,0.41,,362.326,,Radial Velocity,2021
TYC 0434-04538-1 b,TYC 0434-04538-1,,,1,613.422,271.33965,2.06228,,4679,9.99,1.04,1.67,0.66,193.2,0.08,,1938.763,,Radial Velocity,2021
Kepler-839 b,Kepler-839,,,1,944.561,291.07468,45.24254,,6058,1.31,1.22,,,37.81445,,2.57,,,Transit,2016
HD 183579 b,HD 183579,96160,183579,1,57.265,293.28661,-54.53273,,5784,0.96,0.996,-0.0339,0.1322,17.47129,0.061,3.49,20.4,752,Transit,2021
NGTS-14 A b,NGTS-14 A,,,2,322.148,328.51748,-38.37742,K1 V,5187,0.842,0.898,,0.0403,3.53572,0,4.977,29.24,1143,Transit,2021
HD 110082 b,HD 110082,62662,110082,2,105.096,192.58929,-88.12111,F8 V,6200,1.19,1.21,0.281,0.113,10.18271,0.2,3.2,,,Transit,2021
K2-138 g,K2-138,,,1,202.585,348.94903,-10.84974,,5356,0.863,0.935,,0.23109,41.96797,0.059,3.013,4.32,,Transit,2021
TOI-628 b,TOI-628,,288842,1,178.68,99.26306,1.76755,,6250,1.345,1.311,0.3945,0.0486,3.40957,0.072,11.882,2011.864,1586,Transit,2021
TOI-640 b,TOI-640,,,1,341.997,99.73459,-36.64613,,6460,2.082,1.536,,,5.00378,0.013,19.279,181.162,1816,Transit,2021
TOI-1333 b,TOI-1333,,,2,200.492,325.01454,48.40677,,6274,1.925,1.464,0.7135,0.0626,4.72022,0.073,15.648,753.257,1679,Transit,2021
TOI-1478 b,TOI-1478,,,1,152.892,126.43374,-13.55955,,,,,,0.0818,10.18021,0.055,11.994,279.689,,Transit,2021
TOI-1601 b,TOI-1601,,,1,336.608,38.36157,41.01343,,5982,2.195,1.506,0.7477,0.069,5.33175,0,14.199,387,1494,Transit,2021
GJ 251 b,GJ 251,33226,265866,1,5.581,103.70025,33.26646,,3342,0.36,0.35,-1.8097,0.0808,14.237,0,,3.85,336,Radial Velocity,2020
HD 238090 b,HD 238090,59514,238090,1,15.235,183.08864,54.48615,M0.0 V,3933,0.57,0.578,-1.1537,0.0932,13.671,0.3,,6.89,470,Radial Velocity,2020
GJ 486 b,GJ 486,62452,,1,8.074,191.98153,9.74942,,3317,0.324,0.312,-1.9389,0.01714,1.46712,0.001,1.289,2.77,696,Radial Velocity,2021
GJ 414 A b,GJ 414 A,54646,97101,2,11.889,167.7745,30.44517,K7 V,4120,0.68,0.65,-0.9244,0.2324,50.8,0.45,2.63,7.6,309,Radial Velocity,2021
GJ 414 A c,GJ 414 A,54646,97101,2,11.889,167.7745,30.44517,K7 V,4120,0.68,0.65,-0.9244,1.4,749.83,0.105,8.4,53.83,125,Radial Velocity,2021
OGLE-2018-BLG-1428L b,OGLE-2018-BLG-1428L,,,1,6220,265.54871,-26.13789,,,,0.43,,3.3,,,,240,,Microlensing,2021
OGLE-2017-BLG-1049L b,OGLE-2017-BLG-1049L,,,1,5670,269.53354,-27.14422,,,,0.55,,3.92,,,,1760,,Microlensing,2020
GJ 740 b,GJ 740,93101,176029,1,11.102,284.49972,5.90287,M1.0 V,3913,0.56,0.58,-1.206,0.029,2.37756,0.24,,2.96,829,Radial Velocity,2021
TOI-201 b,TOI-201,27515,39474,1,113.825,87.40178,-54.91042,F,6423,1.31,1.32,0.4166,0.303,52.9786,0.275,11.4,164,,Transit,2021
HD 60292 b,HD 60292,37196,60292,1,315.211,114.62017,66.23505,K0 III,4348,27,1.7,2.3941,1.5,495.4,0.27,,2065.895,,Radial Velocity,2020
Kepler-838 b,Kepler-838,,,1,1104.04,285.43547,45.97596,,5770,0.96,0.98,,,15.74958,,2.73,,,Transit,2016
HD 112640 b,HD 112640,63203,112640,1,323.335,194.24152,67.24291,K0 III,4155,39,1.8,2.4526,1.7,613.2,0.24,,1589.15,,Radial Velocity,2020
TOI-519 b,TOI-519,,,1,115.557,124.60676,-19.66279,M V,3322,0.35,0.335,-1.8508,0.0159,1.26523,0.33,11.545,147.155,687,Transit,2021
NGTS-15 b,NGTS-15,,,1,786.485,73.35531,-32.80035,G6 V,5600,0.954,0.995,,0.0441,3.27623,0,12.33,238.689,1146,Transit,2021
NGTS-16 b,NGTS-16,,,1,898.168,58.26393,-30.80464,G7 V,5550,1.213,1.002,,0.0523,4.84532,0,14.572,211.992,1177,Transit,2021
NGTS-17 b,NGTS-17,,,1,1040.28,72.90057,-34.22621,G4 V,5650,1.337,1.025,,0.0391,3.24253,0,13.899,242.821,1457,Transit,2021
NGTS-18 b,NGTS-18,,,1,1096.19,180.54622,-35.54861,G5 V,5610,1.392,1.003,,0.0448,3.05125,0,13.563,129.992,1381,Transit,2021
LHS 1478 b,LHS 1478,,,1,18.228,44.33887,76.5514,m3 V,3381,0.246,0.236,-2.1457,0.01848,1.94954,,1.242,2.33,595,Transit,2021
TOI-257 b,TOI-257,,19916,1,76.903,47.51726,-50.83226,,6095,1.867,1.407,0.6365,0.1528,18.38818,0,7.163,43.86,1027,Transit,2021
HD 5278 b,HD 5278,3911,5278,1,57.585,12.54678,-83.74377,F V,6203,1.194,1.126,0.2803,0.1202,14.33916,0.08,2.45,7.8,943,Transit,2021
HD 5278 c,HD 5278,3911,5278,1,57.585,12.54678,-83.74377,F V,6203,1.194,1.126,0.2803,0.2416,40.87,0.07,,18.4,,Radial Velocity,2021
Kepler-106 c,Kepler-106,,,1,444.322,300.86401,44.33755,,5858,1.04,1,,,13.5708,,2.5,10.44,,Transit,2014
Kepler-837 b,Kepler-837,,,1,901.907,285.24676,45.95011,,5403,0.81,0.85,,,16.5606,,2.56,,,Transit,2016
HIP 56640 b,HIP 56640,56640,100939,1,122.324,174.20089,-37.03913,,,,1.75,,4.55,2675.57603,0.118,,2151.698,,Radial Velocity,2021
HIP 75092 b,HIP 75092,75092,136295,1,81.67,230.17242,-25.99105,K0 III,4891,4.53,1.28,1.0199,2.02,926.4,0.42,,568.913,,Radial Velocity,2021
HIP 90988 b,HIP 90988,90988,170707,1,94.035,278.38928,-50.21169,,,,1.613,,1.36,455.73816,0.081,,668.075,,Radial Velocity,2021
HIP 114933 b,HIP 114933,114933,219553,1,101.766,349.20719,-21.20331,K0 III,4823,5.27,1.39,1.1399,2.84,1481.6,0.21,,616.587,,Radial Velocity,2021
TOI-269 b,TOI-269,,,1,57.023,75.84628,-54.17772,M2 V,3514,0.398,0.392,,0.0345,3.69771,0.425,2.77,8.8,531,Transit,2021
CFHTWIR-Oph 98 b,CFHTWIR-Oph 98 A,,,1,,246.93428,-23.98115,M9-L1,2320,0.245,0.015,-2.85,200,8040000,,20.849,2479.062,1800,Imaging,2020
TOI-220 b,TOI-220,,,1,90.74,91.7997,-61.99721,K0 V,5298,0.858,0.825,,0.08911,10.69526,0.032,3.03,13.8,805,Transit,2021
TOI-1444 b,TOI-1444,,,1,125.463,305.47493,70.94371,,5460,0.91,0.951,-0.1759,0.0116,0.47027,0,1.418,3.58,2130,Transit,2021
Kepler-1749 b,Kepler-1749,,,1,268.2,290.29458,45.56452,,3957,0.553,0.551,,,14.5341,,1.613,,,Transit,2021
TOI-1231 b,TOI-1231,,,1,27.623,156.74726,-52.46787,M3 V,3553,0.476,0.485,-1.4868,0.1288,24.24559,0.087,3.65,15.4,330,Transit,2021
BD+45 564 b,BD+45 564,,,1,53.622,32.94705,45.92422,K1,5004,,0.81,,0.83,307.88,0.12,,432.247,,Radial Velocity,2021
BD+55 362 b,BD+55 362,,,1,52.57,23.96367,56.69823,K3,5012,,0.909,,0.78,265.59,0.27,,228.836,,Radial Velocity,2021
BD+63 1405 b,BD+63 1405,88617,,1,38.047,271.39793,63.67001,K0,5000,,0.816,,2.06,1198.48,0.88,,1258.6,,Radial Velocity,2021
HD 124330 b,HD 124330,,124330,1,60.198,212.82071,54.40897,G4 IV,5873,,1.15,,0.86,270.66,0.34,,238.371,,Radial Velocity,2021
HD 155193 b,HD 155193,,155193,1,57.8,257.42089,10.0381,F8 IV,6239,,1.221,,1.04,352.65,0.21,,238.371,,Radial Velocity,2021
HD 331093 b,HD 331093,,331093,1,50.193,295.62001,31.73955,K0,5544,,1.03,,1.44,621.62,0.59,,476.743,,Radial Velocity,2021
HD 152843 b,HD 152843,,152843,1,107.898,253.78489,20.49152,,6310,1.43,1.15,,0.1049,11.62071,0.046,3.05,9.82,,Transit,2021
HD 152843 c,HD 152843,,152843,1,107.898,253.78489,20.49152,,6310,1.43,1.15,,0.1482,19.5021,0.074,5.94,9.67,,Transit,2021
HD 107148 c,HD 107148,60081,107148,2,49.416,184.80598,-3.31999,,5753,1.169,1.105,,0.1407,18.3267,0.34,,19.896,,Radial Velocity,2021
HD 136925 b,HD 136925,75281,136925,1,47.874,230.71575,13.36631,,5773,1.193,0.875,,5.13,4540,0.103,,266.976,,Radial Velocity,2021
HD 141004 b,HD 141004,77257,141004,1,11.815,236.60992,7.35277,,5885,1.389,1.052,,0.1238,15.5083,0.16,,13.635,,Radial Velocity,2021
HD 145675 c,14 Her,79248,145675,1,17.932,242.6021,43.81636,K0,,,0.97,,20,,0.52,,2510.844,,Radial Velocity,2021
HD 156668 c,HD 156668,84607,156668,1,24.332,259.41835,29.22816,,4904,0.775,0.785,,1.57,811.3,0.089,,31.497,,Radial Velocity,2021
HD 164922 e,HD 164922,88348,164922,1,22.002,270.63047,26.31041,,5393,1.002,0.921,,0.2292,41.763,0.086,,10.52,,Radial Velocity,2021
HD 168009 b,HD 168009,89474,168009,1,23.303,273.88479,45.20882,,5778,1.21,0.986,,0.1192,15.1479,0.12,,9.535,,Radial Velocity,2021
HD 213472 b,HD 213472,111136,213472,1,64.453,337.707,40.72223,,5730,1.434,1.048,,13,17000,0.53,,1112.399,,Radial Velocity,2021
HD 24040 c,HD 24040,17960,24040,1,46.622,57.59621,17.47529,,5776,1.387,1.104,,1.3,515.4,0.11,,63.884,,Radial Velocity,2021
HD 26161 b,HD 26161,19428,26161,1,40.913,62.41223,31.65243,,,,1.12,,10.087,10942.29013,0.922,,9045.396,,Radial Velocity,2021
Kepler-836 b,Kepler-836,,,1,980.035,287.45277,45.7044,,5895,1.04,1.03,,,11.36112,,2.73,,,Transit,2016
HD 3765 b,HD 3765,3206,3765,1,17.926,10.2073,40.18429,,5050,0.831,0.852,,2.108,1211,0.298,,54.984,,Radial Velocity,2021
HD 66428 c,HD 66428,39417,66428,1,53.282,120.86917,-1.1636,,,,1.01,,9.408,10478.84437,0.207,,560.649,,Radial Velocity,2021
HD 68988 c,HD 68988,40687,68988,1,60.845,124.59354,61.46085,,5883,1.256,1.172,,13.2,16000,0.45,,4767.426,,Radial Velocity,2021
HD 95735 c,GJ 411,54035,95735,1,5.676,165.83447,35.97232,,3719,0.368,0.39,,2.94,2946,0.132,,13.6,,Radial Velocity,2021
WASP-110 b,WASP-110,,,1,274.96,305.87244,-44.0587,,5392,0.853,0.814,,,3.7784,,13.193,154.782,1158,Transit,2021
Kepler-129 d,Kepler-129,,,1,408.845,285.31118,47.84848,G4 V,5770,1.653,1.178,,4,2646,0.15,,2637.976,,Radial Velocity,2021
GJ 849 c,GJ 849,109388,,1,8.801,332.42299,-4.64083,M3.5,3467,0.45,0.45,-1.59,4.95,5990,0.092,,314.65,,Radial Velocity,2014
TOI-674 b,TOI-674,,,1,46.085,164.58656,-36.85811,M2 V,3514,0.42,0.42,-1.6144,0.025,1.97714,0,5.25,23.6,635,Transit,2021
TOI-1685 b,TOI-1685,,,1,37.615,68.59395,43.03704,M3 V,3470,0.462,0.466,,0.01164,0.66914,,1.421,3.07,1000,Transit,2021
TOI-1260 b,TOI-1260,,,1,73.598,157.14407,65.8542,,4227,0.672,0.679,-0.8894,0.0367,3.12746,0,2.41,8.56,871,Transit,2021
Kepler-835 b,Kepler-835,,,1,2406.33,283.57422,45.7348,,5954,1.11,1.08,,,11.41909,,2.79,,,Transit,2016
TOI-1260 c,TOI-1260,,,1,73.598,157.14407,65.8542,,4227,0.672,0.679,-0.8894,0.0657,7.49313,0,2.76,13.2,651,Transit,2021
TOI-1634 b,TOI-1634,,,2,35.274,56.39061,37.11228,M2,3550,0.45,0.502,-1.5391,0.01544,0.98935,0,1.759,4.9,900,Transit,2021
GJ 720 A b,GJ 720 A,91128,,2,15.557,278.82942,45.7456,M0.5 V,3837,0.56,0.57,-1.217,0.119,19.466,0.12,,13.64,401,Radial Velocity,2021
G 264-012 b,G 264-012,,,1,16.009,326.67196,66.80385,M4.0 V,3326,0.305,0.297,-1.9722,0.02279,2.30538,,,2.5,587,Radial Velocity,2021
G 264-012 c,G 264-012,,,1,16.009,326.67196,66.80385,M4.0 V,3326,0.305,0.297,-1.9722,0.0525,8.0518,,,3.75,387,Radial Velocity,2021
GJ 393 b,GJ 393,51317,,1,7.031,157.22887,0.83785,M2.0 V,3579,0.426,0.426,-1.5707,0.05402,7.02679,,,1.71,485,Radial Velocity,2021
TOI-1259 A b,TOI-1259 A,,,2,118.106,282.10017,79.25648,,,0.715,0.746,,0.0408,3.47798,0,11.6,141,,Transit,2021
TOI-1807 b,TOI-1807,65469,,1,42.578,201.28263,38.92237,,4914,0.746,0.805,-0.5331,0.0122,0.54937,0,1.497,2.44,1694,Transit,2021
TOI-2076 b,TOI-2076,,,1,41.909,217.39202,39.7904,K V,,0.758,0.849,,0.08781,10.35504,0.011,2.59,6.7,736,Transit,2021
TOI-2076 c,TOI-2076,,,1,41.909,217.39202,39.7904,K V,,0.758,0.849,,0.1407,21.01447,0.036,3.54,7.2,581,Transit,2021
Kepler-834 b,Kepler-834,,,1,633.937,287.05447,45.18034,,4554,0.66,0.7,,,13.32388,,2.02,,,Transit,2016
TOI-2076 d,TOI-2076,,,1,41.909,217.39202,39.7904,K V,,0.758,0.849,,0.1982,35.12803,0.027,3.27,7.3,490,Transit,2021
HAT-P-58 b,HAT-P-58,,,1,515.59,68.84651,56.86827,,6078,1.53,1.031,0.4564,0.04994,4.01384,0.073,14.93,118.232,1622,Transit,2021
HAT-P-59 b,HAT-P-59,,,1,265.471,292.45882,62.52919,,5678,1.104,1.008,0.0539,0.05064,4.14198,0.03,12.588,489.456,1278,Transit,2021
HAT-P-60 b,HAT-P-60,,,1,233.22,28.28257,52.05392,,6212,2.197,1.435,0.8089,0.06277,4.79478,0.25,18.282,182.434,1772,Transit,2021
HAT-P-61 b,HAT-P-61,,,1,338.84,75.48017,50.13118,,5587,0.938,1.004,-0.1152,0.0301,1.90231,0.113,10.077,335.945,1505,Transit,2021
HAT-P-62 b,HAT-P-62,,,1,348.815,74.50438,48.30086,,5629,1.17,1.023,0.0906,0.03772,2.64532,0.101,12.027,241.867,1512,Transit,2021
HAT-P-63 b,HAT-P-63,,,1,403.458,269.57207,5.76137,,5400,0.966,0.925,-0.1463,0.04294,3.37773,0.069,12.543,195.147,1237,Transit,2021
HAT-P-64 b,HAT-P-64,,,1,651.897,68.9744,2.43127,,6457,1.735,1.298,0.6684,0.05387,4.00723,0.101,19.089,184.34,1766,Transit,2021
TOI-1749 b,TOI-1749,,,1,99.556,282.73723,64.41947,M0 V,3985,0.55,0.58,,0.0291,2.38839,0.14,1.39,57,831,Transit,2021
TOI-1749 c,TOI-1749,,,1,99.556,282.73723,64.41947,M0 V,3985,0.55,0.58,,0.0443,4.4929,0.019,2.12,14,673,Transit,2021
Kepler-833 b,Kepler-833,,,1,467.37,290.47991,45.60058,,4339,0.62,0.64,,,18.7547,,2.02,,,Transit,2016
TOI-1749 d,TOI-1749,,,1,99.556,282.73723,64.41947,M0 V,3985,0.55,0.58,,0.0707,9.0497,0.062,2.52,15,533,Transit,2021
HD 27969 b,HD 27969,20753,27969,1,67.933,66.70684,42.90872,G0 V,5966,1.27,1.16,,1.552,654.5,0.182,,1525.576,261,Radial Velocity,2021
HD 80869 b,HD 80869,46022,80869,1,85.395,140.79129,33.90483,,,,1.06,,2.905,1752.92067,0.924,,1609.801,,Radial Velocity,2021
HD 95544 b,HD 95544,54203,95544,1,87.805,166.32318,81.03899,,,,1.01,,3.166,2041.54152,0.049,,1913.645,,Radial Velocity,2021
HD 109286 b,HD 109286,61298,109286,1,55.416,188.39584,7.28091,G4 V,5694,1.089,0.98,,1.259,520.1,0.338,,950.307,259,Radial Velocity,2021
HD 115954 b,HD 115954,65042,115954,1,87.644,199.98537,38.36914,G0 V,5957,1.213,1.18,,5,3700,0.487,,2634.797,145,Radial Velocity,2021
HD 211403 b,HD 211403,109876,211403,1,83.092,333.81582,58.27556,F7 V,6273,1.206,1.2,,0.768,223.8,0.084,,1760.769,380,Radial Velocity,2021
TOI-1062 b,TOI-1062,,,1,82.173,38.12097,-78.02368,G9 V,5328,0.84,0.94,,0.052,4.11296,0.177,2.265,10.15,1077,Transit,2021
TOI-1062 c,TOI-1062,,,1,82.173,38.12097,-78.02368,G9 V,5328,0.84,0.94,,0.08,7.972,0.14,,9.78,859,Radial Velocity,2021
TOI-1278 b,TOI-1278,,,1,75.576,320.47844,35.64863,M0 V,3799,0.573,0.54,-1.2118,0.095,14.47567,0.013,12.218,5879.826,,Transit,2021
Kepler-832 b,Kepler-832,,,1,1688.12,295.92611,45.38387,,5596,0.9,0.92,,,7.13969,,2.06,,,Transit,2016
KMT-2018-BLG-1976L b,KMT-2018-BLG-1976L,,,1,5840,266.35467,-35.70033,,,,0.65,,3.54,,,,705.579,,Microlensing,2021
KMT-2018-BLG-1996L b,KMT-2018-BLG-1996L,,,1,5910,268.6785,-22.82041,,,,0.69,,4.27,,,,346.433,,Microlensing,2021
OGLE-2019-BLG-0954L b,OGLE-2019-BLG-0954L,,,1,3630,267.91325,-29.611,,,,0.8,,2.65,,,,4513.163,,Microlensing,2021
KIC 8121913 b,KIC 8121913,,,1,707.303,298.9678,43.90938,,5975,2.233,1.456,,,3.2946,,,667.44,,Orbital Brightness Modulation,2021
KIC 10068024 b,KIC 10068024,,,1,721.105,288.84704,47.02286,,6118,1.574,1.22,,,2.07355,,,635.657,,Orbital Brightness Modulation,2021
KIC 5479689 b,KIC 5479689,,,1,454.95,299.3255,40.63812,,5459,0.894,0.966,,,1.70153,,,158.914,,Orbital Brightness Modulation,2021
KMT-2019-BLG-0371L b,KMT-2019-BLG-0371L,,,1,7010,268.38392,-31.55502,,,,0.09,,0.79,,,,2447.279,,Microlensing,2021
AU Mic c,AU Mic,102409,197481,1,9.722,311.29114,-31.34245,M1 V,3540,0.862,0.635,-0.9776,0.119,18.85902,0.18,2.79,14.46,425,Transit,2021
TOI-2406 b,TOI-2406,,,1,55.419,8.80605,-3.37208,,3100,0.204,0.166,-2.4622,0.02267,3.07669,0.17,2.86,15.6,449,Transit,2021
TOI-532 b,TOI-532,,,1,135.047,85.08005,11.56264,,3927,0.612,0.639,-1.0953,0.0296,2.32665,0,5.82,61.5,867,Transit,2021
TOI-431 b,TOI-431,26013,,1,32.569,83.26925,-26.72387,,4850,0.731,0.78,,0.0113,0.49005,0,1.28,3.07,1862,Transit,2021
TOI-431 c,TOI-431,26013,,1,32.569,83.26925,-26.72387,,4850,0.731,0.78,,0.052,4.8494,0,,2.83,867,Radial Velocity,2021
TOI-431 d,TOI-431,26013,,1,32.569,83.26925,-26.72387,,4850,0.731,0.78,,0.098,12.46103,0,3.29,9.9,633,Transit,2021
COCONUTS-2 b,COCONUTS-2 A,,,1,10.886,117.30091,-76.7027,,3552,0.366,0.4,-1.719,,,,12.576,2383.713,493,Imaging,2021
TOI-2202 b,TOI-2202,,,1,235.933,51.22842,-73.95755,,5169,0.808,0.841,,,11.91261,0.022,10.951,287.317,,Transit,2021
TOI-2202 c,TOI-2202,,,1,235.933,51.22842,-73.95755,K8 V,5144,0.794,0.823,-0.4012,0.15544,24.6744,0.062,,117.279,,Transit Timing Variations,2021
L 98-59 e,L 98-59,,,1,10.619,124.53286,-68.31447,M3 V,3415,0.316,0.292,-1.9136,0.0712,12.8278,0.012,,2.82,347,Radial Velocity,2021
K2-331 b,K2-331,,,1,211.43,132.73764,13.17027,,5994,1.06,1.1,,,9.39898,,1.79,,909,Transit,2021
K2-350 b,K2-350,,,1,489.368,204.03551,-14.00925,,5789,1.04,0.98,,,4.16387,,1.54,,1158,Transit,2021
K2-352 b,K2-352,,,1,176.051,140.44515,18.46963,,5791,0.95,0.98,,,3.66591,,1.37,,1160,Transit,2021
K2-353 b,K2-353,,,1,268.515,201.61686,-2.2819,,5698,0.99,0.87,,,15.46681,,5.55,,735,Transit,2021
KMT-2019-BLG-1715L b,KMT-2019-BLG-1715L,,,1,3860,270.37171,-28.77714,,,,0.61,,3.32,,,,813.641,,Microlensing,2021
KMT-2018-BLG-1025L b,KMT-2018-BLG-1025L,,,1,6705,269.86642,-27.87806,,,,0.219,,1.305,,,,6.059,,Microlensing,2021
TOI-1518 b,TOI-1518,,,1,225.888,352.26752,67.03481,,7299,1.942,1.88,0.9841,0.03712,1.90261,,21.05,581.626,2546,Transit,2021
TIC 172900988 b,TIC 172900988 Aa,,,2,250.956,128.66166,31.55398,F9,6050,1.384,1.238,,0.90281,200.452,0.027,11.25,942,,Transit,2021
K2-355 b,K2-355,,,1,500.497,124.64262,13.50278,,5790,0.92,0.96,,0.0632,5.73856,,2.25,,1066,Transit,2021
K2-356 b,K2-356,,,1,355.54,128.32191,13.66138,,5568,0.86,0.9,,0.1599,21.02674,,2.29,,624,Transit,2021
K2-357 b,K2-357,,,1,517.687,131.93866,16.32891,,5794,1,0.98,,0.145,16.34886,,3.72,,735,Transit,2021
K2-358 b,K2-358,,,1,480.307,133.80811,18.94973,,5650,0.91,0.93,,0.0863,11.25103,,2.68,,888,Transit,2021
HD 22496 b,HD 22496,16711,22496,1,13.596,53.75654,-48.41782,,4385,0.674,0.684,-1.1739,0.051,5.09071,,,5.57,573,Radial Velocity,2021
OGLE-2018-BLG-0567L b,OGLE-2018-BLG-0567L,,,1,7060,269.01842,-27.98711,,,,0.25,,2.72,,,,101.705,,Microlensing,2021
OGLE-2018-BLG-0962L b,OGLE-2018-BLG-0962L,,,1,6500,268.17479,-32.30925,,,,0.54,,3.59,,,,425.89,,Microlensing,2021
TOI-1201 b,TOI-1201,,,2,37.887,42.2477,-14.53728,M2.0 V,3476,0.508,0.512,-1.4685,0.0287,2.49199,0,2.415,6.28,703,Transit,2021
GPX-1 b,GPX-1,,,1,655.013,38.36916,56.02571,F2,7000,1.56,1.68,0.7267,0.0338,1.74458,0,16.477,6261.22,2300,Transit,2021
TOI-558 b,TOI-558,,,1,402.63,42.29151,-58.02468,F V,6466,1.496,1.349,0.5465,0.1291,14.57407,0.298,12.173,1147.361,1061,Transit,2021
TOI-559 b,TOI-559,,,1,233.266,46.81862,-31.163,G V,5925,1.233,1.026,0.2274,0.0723,6.98391,0.151,12.229,1910.149,1180,Transit,2021
TIC 257060897 b,TIC 257060897,,,1,505.703,227.53215,72.71031,F,5993,1.863,1.187,0.6053,0.04922,3.66004,0.039,17.262,201.503,1775,Transit,2021
TOI-1431 b,TOI-1431,,201033,1,148.925,316.20369,55.58802,Am C,7690,1.92,1.9,1.0682,0.046,2.65024,0.002,16.701,991.625,2370,Transit,2021
KMT-2018-BLG-1743L b,KMT-2018-BLG-1743L,,,1,6483,274.28337,-26.35964,,,,0.193,,1.449,,,,77.868,,Microlensing,2021
TOI-530 b,TOI-530,,,1,148.762,103.41283,12.88158,M0.5 V,3659,0.54,0.53,-1.3098,0.052,6.3876,0,9.303,127.131,565,Transit,2021
Kepler-1748 b,Kepler-1748,,,1,1083.28,285.9679,45.73908,,5774,0.864,0.916,,,5.82352,,2.713,,,Transit,2021
TOI-1789 b,TOI-1789,,82139,1,229.067,142.74341,26.54,F,5991,2.168,1.507,0.7364,0.04882,3.20866,,16.141,222.48,1927,Transit,2021
TOI-1296 b,TOI-1296,,,1,323.265,256.77064,70.23848,,5567,1.703,1.158,0.4016,0.051,3.94437,0,14.116,95.3,1415,Transit,2021
TOI-1298 b,TOI-1298,,,1,319.036,241.3229,70.19004,,5752,1.454,1.219,0.3206,0.057,4.53714,0,9.658,99,1278,Transit,2021
HD 63935 b,HD 63935,38374,63935,1,48.974,117.92464,9.38524,,5513,0.96,0.941,-0.1146,0.083,9.05881,0,2.916,10.5,825,Transit,2021
HD 63935 c,HD 63935,38374,63935,1,48.974,117.92464,9.38524,,5513,0.96,0.941,-0.1146,0.148,21.4027,0,3.065,11.1,620,Radial Velocity,2021
TOI-3362 b,TOI-3362,,,1,366.987,155.98414,-56.84312,,6532,1.83,1.445,0.7388,0.153,18.09547,0.815,12.801,1598.359,,Transit,2021
OGLE-2018-BLG-1185L b,OGLE-2018-BLG-1185L,,,1,7400,269.79275,-27.83508,,,,0.37,,1.54,,,,8.4,,Microlensing,2021
HD 25723 b,HD 25723,19011,25723,1,114.816,61.09472,-12.79222,K1 III,4766,13.76,2.12,1.9444,1.49,457.01,0.04,,794.571,,Radial Velocity,2020
17 Sco b,17 Sco,79540,,1,124.953,243.46209,-11.83779,K3 III,4157,25.92,1.22,2.2544,1.45,578.38,0.06,,1373.019,,Radial Velocity,2020
GJ 9689 b,GJ 9689,99699,,1,30.62,303.46773,13.38889,M0.5,3836,0.57,0.59,-1.2,0.1139,18.27,0.29,,9.65,453,Radial Velocity,2020
EPIC 201427007 b,EPIC 201427007,,,1,706.391,184.60213,-0.55129,,5633,0.94,,,,0.72091,,1.5,,,Transit,2021
EPIC 212624936 b,EPIC 212624936,,,1,561.929,210.63762,-10.02369,,5765,0.93,,,,0.57866,,1.2,,,Transit,2021
EPIC 220492298 b,EPIC 220492298,,,1,624.512,16.7615,6.5888,,5620,0.89,,,,0.76241,,0.99,,,Transit,2021
TOI-2285 b,TOI-2285,,,1,42.409,332.56326,58.70609,,3491,0.464,0.454,-1.5421,,13.63511,,1.77,,358,Transit,2021
CD Cet b,CD Cet,,,1,8.607,48.35302,4.77519,M5.0 V,3130,0.175,0.161,-2.5325,0.0185,2.2907,,,3.95,464,Radial Velocity,2020
LHS 1678 b,LHS 1678,,,2,19.878,68.17899,-39.79087,M2.0 V,3490,0.329,0.345,-1.8386,0.01239,0.86023,0.033,0.685,,,Transit,2021
LHS 1678 c,LHS 1678,,,2,19.878,68.17899,-39.79087,M2.0 V,3490,0.329,0.345,-1.8386,0.0327,3.69428,0.039,0.941,,,Transit,2021
HD 39194 b,HD 39194,27080,39194,1,26.413,86.12907,-70.13824,,,,0.86,,0.05895,5.63692,0.101,,4.62,,Radial Velocity,2021
HD 39194 c,HD 39194,27080,39194,1,26.413,86.12907,-70.13824,,,,0.86,,0.1083,14.0309,0.078,,7.49,,Radial Velocity,2021
HD 39194 d,HD 39194,27080,39194,1,26.413,86.12907,-70.13824,,,,0.86,,0.1949,33.874,0.159,,5.16,,Radial Velocity,2021
Kepler-294 c,Kepler-294,,,1,1357.01,287.39204,46.05926,,5913,0.976,,,0.071,6.6264,,2.71,,,Transit,2014
HD 93385 b,HD 93385,,93385,1,43.347,161.56271,-41.4646,G2/G3 V,5977,,1.04,0.2068,0.0756,7.3426,0.295,,4.2,,Radial Velocity,2021
HD 93385 c,HD 93385,,93385,1,43.347,161.56271,-41.4646,G2/G3 V,5977,,1.04,0.2068,0.112,13.18,0.2,,7.1,,Radial Velocity,2021
HD 93385 d,HD 93385,,93385,1,43.347,161.56271,-41.4646,G2/G3 V,5977,,1.04,0.2068,0.2565,45.85,0.09,,8.7,,Radial Velocity,2021
HD 96700 b,HD 96700,54400,96700,1,25.411,166.97426,-30.17514,G0 V,5845,,0.89,0.1399,0.0777,8.1245,0.138,,8.9,,Radial Velocity,2021
HD 96700 c,HD 96700,54400,96700,1,25.411,166.97426,-30.17514,G0 V,5845,,0.89,0.1399,0.141,19.88,0.293,,3.5,,Radial Velocity,2021
HD 96700 d,HD 96700,54400,96700,1,25.411,166.97426,-30.17514,G0 V,5845,,0.89,0.1399,0.424,103.5,0.27,,12.7,,Radial Velocity,2021
HD 154088 b,HD 154088,83541,154088,1,18.269,256.11642,-28.58383,K0 IV-V,5374,,0.91,-0.1308,0.134,18.56,0.344,,6.6,,Radial Velocity,2021
HD 189567 b,HD 189567,98959,189567,1,17.905,301.39596,-67.3238,G3 V,5726,,0.83,0.3243,0.111,14.288,0.189,,8.5,,Radial Velocity,2021
HD 189567 c,HD 189567,98959,189567,1,17.905,301.39596,-67.3238,G3 V,5726,,0.83,0.3243,0.197,33.688,0.16,,7,,Radial Velocity,2021
HIP 97166 b,HIP 97166,97166,,1,65.95,296.24462,74.06286,,5216,0.842,0.934,-0.3251,0.091,10.28891,0.29,2.48,19.1,702,Transit,2021
Kepler-1747 b,Kepler-1747,,,1,1321.38,284.20966,45.25808,,5477,0.865,0.983,,,6.23032,,4.265,,,Transit,2021
HIP 97166 c,HIP 97166,97166,,1,65.95,296.24462,74.06286,,5216,0.842,0.934,-0.3251,0.124,16.432,0,,8,,Radial Velocity,2021
TOI-2257 b,TOI-2257,,,1,57.791,194.73961,77.66172,M3,3430,0.313,0.328,,0.145,35.18935,0.496,2.194,,256,Transit,2021
KMT-2016-BLG-2605L b,KMT-2016-BLG-2605L,,,1,6421,269.82308,-26.982,,,,0.064,,0.681,,,,245.046,,Microlensing,2021
HD 29399 b,HD 29399,,29399,1,44.152,68.39035,-62.82376,K1 III,4845,4.5,1.17,1.0017,1.913,892.7,0.05,,498.991,,Radial Velocity,2022
OGLE-2019-BLG-0304L b,OGLE-2019-BLG-0304L,,,2,6980,264.02671,-26.14599,,,,0.27,,1.23,,,,162.092,,Microlensing,2021
HD 207897 b,HD 207897,107038,207897,1,28.294,325.20165,84.33376,,5106,0.783,0.821,-0.4214,0.117,16.20166,0,2.343,14.8,582,Transit,2021
HD 137496 b,HD 137496,,137496,1,155.317,231.74205,-16.509,G,5799,1.59,1.04,,0.02732,1.62116,0,1.31,4.04,2130,Transit,2021
HD 137496 c,HD 137496,,137496,1,155.317,231.74205,-16.509,G,5799,1.59,1.04,,1.2163,479.9,0.477,,2434.566,370,Radial Velocity,2021
K2-388 b,K2-388,,,1,290.495,352.71393,-11.07736,,5310,0.91,0.93,,,6.33932,,3.9,,874,Transit,2022
K2-389 b,K2-389,,,1,259.208,355.63042,-9.71358,,5773,1.094,0.99,,,8.58289,,2.33,,932,Transit,2022
K2-389 c,K2-389,,,1,259.208,355.63042,-9.71358,,5782,1.084,0.802,,,20.85134,,2.04,,,Transit,2022
K2-390 b,K2-390,,,1,456.122,355.70239,-9.58871,,5558,0.966,0.789,,,3.31279,,4.662,,,Transit,2022
K2-391 b,K2-391,,,1,507.94,356.22602,-7.70152,,5543,0.566,0.757,,,4.62265,,1.371,,,Transit,2022
K2-392 b,K2-392,,,1,406.985,354.64991,-7.47888,,5726,1.058,0.841,,,15.39872,,1.85,,,Transit,2022
Kepler-1990 b,Kepler-1990,,,1,392.739,299.70474,44.43571,,5751,1.071,1.028,,0.0286,1.73514,0,3.27,,1554,Transit,2023
K2-370 b,K2-370,,,1,144.202,67.82053,19.83169,G5 V,5662,0.945,0.962,,0.0321,2.14081,0,2.67,11.1,,Transit,2022
K2-395 b,K2-395,,,1,286.727,70.44387,16.67434,,5007,0.783,0.952,,,4.80335,,2.597,,,Transit,2022
K2-395 c,K2-395,,,1,286.727,70.44387,16.67434,,5007,0.783,0.952,,,8.49128,,3.395,,,Transit,2022
K2-396 b,K2-396,,,1,274.864,74.69286,17.26906,,5236,0.92,0.954,,,0.67386,,1.579,,,Transit,2022
K2-397 b,K2-397,,,1,199.354,79.95166,21.25916,,5387,0.966,0.937,,,3.57233,,2.417,,,Transit,2022
Kepler-826 b,Kepler-826,,,1,779.596,284.86011,39.24051,,6079,1.15,1.05,,,4.48759,,1.25,,,Transit,2016
K2-398 b,K2-398,,,1,606.992,161.73497,1.9367,,5946,1.239,0.945,,,6.39302,,2.274,,,Transit,2022
K2-398 c,K2-398,,,1,606.992,161.73497,1.9367,,5946,1.239,0.945,,,18.78784,,5.098,,,Transit,2022
K2-400 b,K2-400,,,1,62.38,154.51103,3.69693,,3578,0.382,0.374,,,3.86505,,1.163,,,Transit,2022
K2-401 b,K2-401,,,1,200.727,154.9876,3.95483,,4213,0.675,0.87,,,6.2931,,2.262,,,Transit,2022
Kepler-825 b,Kepler-825,,,1,807.85,294.76983,39.39841,,5976,1.08,1.03,,,3.7736,,1.53,,,Transit,2016
K2-402 b,K2-402,,,1,523.055,161.45191,6.41932,,5716,1.28,0.944,,,17.27474,,2.678,,,Transit,2022
K2-403 b,K2-403,,,1,246.599,164.18939,9.67395,,5511,0.886,0.784,,,33.58998,,5.333,,,Transit,2022
K2-404 b,K2-404,,,1,121.63,160.32495,12.19111,,3748,0.552,0.552,,,13.11537,,2.53,,,Transit,2022
Kepler-824 b,Kepler-824,,,1,1201.4,290.47741,39.732,,6035,1.22,1.15,,,4.51437,,1.87,,,Transit,2016
K2-405 b,K2-405,,,1,197.234,164.376,12.53561,,4927,0.765,1.034,,,3.43547,,4.569,,,Transit,2022
K2-406 b,K2-406,,,1,85.375,230.88722,-25.37061,,5784,0.961,0.798,,,22.54941,,4.602,,,Transit,2022
Kepler-823 b,Kepler-823,,,1,1389.27,284.58257,39.22017,,5643,0.96,0.98,,,4.16809,,1.57,,,Transit,2016
K2-407 b,K2-407,,,1,218.376,232.55526,-23.00674,,5563,0.927,0.881,,,4.94191,,1.283,,,Transit,2022
K2-407 c,K2-407,,,1,218.376,232.55526,-23.00674,,5563,0.927,0.881,,,9.22453,,1.36,,,Transit,2022
Kepler-822 b,Kepler-822,,,1,860.391,292.27609,39.55011,,5928,1.08,1.06,,,3.22297,,1.77,,,Transit,2016
K2-408 b,K2-408,,,1,162.306,227.91686,-17.68427,,5335,0.784,0.813,,,20.97896,,1.677,,,Transit,2022
Kepler-821 b,Kepler-821,,,1,614.571,285.61739,39.37947,,5191,0.8,0.84,,,1.9228,,1.31,,,Transit,2016
K2-409 b,K2-409,,,1,431.031,228.45511,-16.3513,,5742,1.228,0.886,,,1.90808,,2.482,,,Transit,2022
K2-374 b,K2-374,,,1,359.439,137.3795,16.35583,,5789,0.907,0.731,,,4.52195,,1.593,,,Transit,2022
K2-374 c,K2-374,,,1,359.439,137.3795,16.35583,,5789,0.907,0.731,,,16.43445,,2.213,,,Transit,2022
Kepler-58 b,Kepler-58,,,1,969.252,296.35863,39.1152,,5843,1.03,0.95,,,10.2185,,2.78,35.5,,Transit,2012
K2-376 b,K2-376,,,1,161.61,132.71933,25.03808,,5937,1.149,0.908,,,5.77647,,1.736,,,Transit,2022
Kepler-498 b,Kepler-498,,,1,938.844,290.35816,44.51872,,5744,0.96,0.98,,,9.61375,,3.03,,,Transit,2016
Kepler-820 b,Kepler-820,,,1,1387.2,291.02015,39.22061,,6260,1.36,1.23,,,127.83381,,6.09,,,Transit,2016
GJ 367 b,GJ 367,47780,,1,9.413,146.12146,-45.77902,M1.0 V,3522,0.458,0.455,-1.5391,0.00709,0.32192,0.06,0.699,0.633,1365,Transit,2021
TOI-2109 b,TOI-2109,,,1,262.041,253.1863,16.57992,F,6540,1.698,1.453,0.673,0.01791,0.67247,,15.098,1595.499,3646,Transit,2021
TOI-1842 b,TOI-1842,,,1,223.465,201.96266,9.03064,,6039,2.032,1.464,0.695,0.1,9.57392,0.276,12.349,89.4,1200,Transit,2021
2M0437 b,2MASS J04372171+2651014,,,1,128.484,69.34055,26.8503,M V,3100,0.84,0.17,-1.1637,118,,,,1271.314,1450,Imaging,2021
HATS-74 A b,HATS-74 A,,,2,299.389,171.01479,-19.55696,,3777,0.576,0.601,-1.2161,0.02384,1.73186,0.044,11.568,464.029,895,Transit,2021
HATS-75 b,HATS-75,,,1,194.964,60.94939,-25.40892,,3790,0.585,0.602,-1.1966,0.03274,2.78866,0.064,9.909,156.054,772,Transit,2021
HATS-76 b,HATS-76,,,1,385.689,70.33977,-32.32042,,4016,0.626,0.662,-1.0381,0.02658,1.94164,0.062,12.094,835.571,940,Transit,2021
HATS-77 b,HATS-77,,,1,436.176,149.82367,-27.39282,,4071,0.643,0.655,-0.9918,0.03607,3.08763,0.045,13.058,436.696,828,Transit,2021
Kepler-1708 b,Kepler-1708,,,1,1666.69,296.82411,43.62482,,6157,1.117,1.088,0.182,1.64,737.1131,0.4,9.96,1462.011,,Transit,2021
Kepler-1705 c,Kepler-1705,,,1,1633.49,301.57853,44.31216,,6312,1.259,1.139,0.3541,,11.28,0.028,2.05,5.42,,Transit,2021
Kepler-288 c,Kepler-288,,,1,1194.15,288.9164,39.59475,,5918,1.091,,,0.14,19.30577,,2.85,,,Transit,2014
BD+60 1417 b,BD+60 1417,,,1,44.954,190.88755,60.01436,K0,4993,0.797,1,0.3559,1662,,,14.684,4767.426,1303,Imaging,2021
HD 360 b,HD 360,,360,1,111.542,2.0729,-8.82426,G8 III,4770,10.86,1.69,1.7416,0.98,273.1,0.139,,238.371,,Radial Velocity,2021
HD 10975 b,HD 10975,,10975,1,116.506,27.1628,37.95275,K0 III,4840,11.16,1.41,1.7899,0.95,283.8,0.442,,143.023,,Radial Velocity,2021
HD 79181 b,HD 79181,,79181,1,103.335,137.99447,-19.74743,G8 III,4862,11.06,1.28,1.7896,0.9,273.1,0.259,,203.41,,Radial Velocity,2021
HD 99283 b,HD 99283,,99283,1,111.093,171.48741,55.85067,K0 III,4886,11.21,1.76,1.8096,1.08,310.4,0.2,,308.294,,Radial Velocity,2021
ups Leo b,ups Leo,,,1,52.597,174.23722,-0.82356,G9 III,4836,11.22,1.48,1.8,1.18,385.2,0.32,,162.092,,Radial Velocity,2021
HD 161178 b,HD 161178,,161178,1,107.188,264.28736,72.45586,G9 III,4786,10.95,1.06,1.751,0.85,279.3,0.044,,181.162,,Radial Velocity,2021
HD 219139 b,HD 219139,,219139,1,104.935,348.36041,11.06498,G5 III,4831,11.22,1.46,1.7946,0.94,275.5,0.11,,247.906,,Radial Velocity,2021
gam Psc b,gam Psc,,,1,41.311,349.29468,3.28237,G7 III,4742,11.2,0.99,1.7665,1.32,555.1,0.204,,425.89,,Radial Velocity,2021
HIP 5763 b,HIP 5763,5763,,1,31.904,18.49534,16.49427,K6 V,,,0.72,,0.17,30.014,0.054,,162.092,,Radial Velocity,2021
HIP 34222 b,HIP 34222,34222,,1,22.839,106.42578,27.47041,K7 V,,,0.62,,0.492,159.986,0.305,,263.798,,Radial Velocity,2021
HIP 86221 b,HIP 86221,86221,,1,29.49,264.29487,27.89639,K5 V,,,0.79,,0.031,2.224,0.086,,225.658,,Radial Velocity,2021
OGLE-2019-BLG-0960L b,OGLE-2019-BLG-0960L,,,1,980,274.01429,-25.77467,,,,0.5,,1.9,,,,2.5,,Microlensing,2021
TOI-2180 b,TOI-2180,,,1,116.685,277.94363,56.65068,G5,5695,1.636,1.111,0.4055,0.828,260.79,0.368,11.321,875.617,348,Transit,2022
OGLE-2018-BLG-0383L b,OGLE-2018-BLG-0383L,,,1,7700,268.68075,-28.73928,,,,0.1,,1.8,,,,6.4,,Microlensing,2022
LTT 1445 A c,LTT 1445 A,14101,,3,6.869,45.46248,-16.5945,,3340,0.265,0.257,,0.02661,3.1239,0.223,1.147,1.54,508,Transit,2022
KMT-2021-BLG-0322L b,KMT-2021-BLG-0322L,,,2,6600,270.91167,-29.60439,,,,0.62,,,,,,2034.102,,Microlensing,2021
OGLE-2018-BLG-0532L b,OGLE-2018-BLG-0532L,,,1,773,269.98342,-28.99775,,,,0.195,,1.064,,,,6.228,,Microlensing,2020
b Cen AB b,b Cen A,,,2,98.094,220.4898,-37.79363,B2.5 V,,,5.5,,556,1790000,0.4,,3464.33,,Imaging,2021
TOI-1064 b,TOI-1064,,,1,68.073,296.00393,-47.56203,,4734,0.726,0.748,-0.6234,0.06152,6.44387,0.047,2.587,13.5,784,Transit,2022
TOI-1064 c,TOI-1064,,,1,68.073,296.00393,-47.56203,,4734,0.726,0.748,-0.6234,0.09429,12.22657,0.088,2.651,2.5,634,Transit,2022
HD 22532 b,HD 22532,,22532,1,161.183,53.81485,-49.41727,G8 III/IV,5038,5.69,1.57,1.2742,1.9,872.6,0.03,,673.796,,Radial Velocity,2022
HD 64121 b,HD 64121,,64121,1,129.966,117.36514,-54.81261,G8/K0 III,5078,5.44,1.64,1.248,1.51,623,0.11,,813.641,,Radial Velocity,2022
HD 69123 b,HD 69123,40344,69123,1,75.116,123.55499,-35.48992,K1 III,4842,7.72,1.68,1.47,2.482,1193.3,0.19,,966.198,,Radial Velocity,2022
TOI-2184 b,TOI-2184,,,1,788.317,100.83312,-66.94766,,5966,2.9,1.53,,,6.90683,0.08,11.4,206.588,,Transit,2022
TOI-1268 b,TOI-1268,,,1,109.557,198.38858,62.30538,K1-K2,5300,0.92,0.96,,0.0711,8.15771,0.105,9.1,96.4,919,Transit,2022
TOI-2337 b,TOI-2337,,,1,536.046,290.61989,60.8539,,4780,3.22,1.325,,,2.99432,0.019,10.088,508.525,,Transit,2022
Kepler-819 b,Kepler-819,,,1,664.306,295.37083,39.17729,,5279,0.81,0.86,,,33.19956,,2.76,,,Transit,2016
TOI-4329 b,TOI-4329,,,1,717.128,329.56392,71.1316,,6000,2.31,1.538,,,2.9223,0.068,16.813,143.023,,Transit,2022
TOI-2669 b,TOI-2669,,,1,393.443,134.72264,-13.31258,,4800,4.1,1.19,,,6.2034,0.09,19.728,193.875,,Transit,2022
TOI-206 b,TOI-206,,,1,47.746,73.73822,-62.52187,,3383,0.35,0.35,,0.0112,0.73631,,1.3,,910,Transit,2022
TOI-500 b,TOI-500,,,1,47.392,106.5591,-47.58782,K6 V,4440,0.678,0.74,,0.01189,0.54818,0.063,1.166,1.42,1617,Transit,2022
TOI-544 b,TOI-544,,290498,1,41.117,82.29007,-0.3429,,4169,0.623,0.631,,0.0225,1.54835,0,2.018,2.89,999,Transit,2022
TOI-833 b,TOI-833,,,1,41.715,145.64547,-62.47589,,3920,0.6,0.61,,0.0171,1.04188,,1.27,,1118,Transit,2022
TOI-1075 b,TOI-1075,,,1,61.459,309.97121,-65.4497,K9 V/M0 V,3875,0.581,0.604,,0.01159,0.60473,0,1.791,9.95,1323,Transit,2022
TOI-1411 b,TOI-1411,76042,,1,32.478,232.94605,47.05555,,4115,0.614,0.605,-1.0132,0.02122,1.45205,0,1.199,2,976,Transit,2022
TOI-1442 b,TOI-1442,,,1,41.166,287.2921,74.17428,,3330,0.31,0.29,,0.0071,0.40907,,1.17,,1072,Transit,2022
TOI-1693 b,TOI-1693,,,1,30.795,90.30835,34.77309,,3499,0.46,0.49,,0.0226,1.7667,,1.41,,764,Transit,2022
TOI-1860 b,TOI-1860,,,1,45.864,226.45673,64.04768,G V,5752,0.94,0.99,,0.0204,1.06621,,1.31,,1885,Transit,2022
TOI-2260 b,TOI-2260,,,1,101.251,247.667,49.04679,G V,5534,0.94,0.99,,0.0097,0.35247,,1.62,,2609,Transit,2022
TOI-2411 b,TOI-2411,,,1,59.536,20.92246,-8.70179,,4099,0.68,0.65,,0.0144,0.78269,,1.68,,1355,Transit,2022
TOI-2427 b,TOI-2427,,,1,28.515,52.29173,-31.36287,,4072,0.65,0.64,,0.0202,1.306,,1.8,,1117,Transit,2022
TOI-2445 b,TOI-2445,,,1,48.582,43.31616,0.05234,,3333,0.27,0.25,,0.0064,0.37113,,1.25,,1060,Transit,2022
GJ 3929 b,GJ 3929,,,1,15.809,239.57757,35.40811,,3384,0.32,0.313,-1.9626,0.0252,2.61624,0,1.09,1.75,568,Transit,2022
TOI-1759 b,TOI-1759,,,1,40.065,326.85166,62.75382,M0.0 V,4065,0.597,0.606,-1.0572,0.1177,18.85019,0,3.14,10.8,443,Transit,2022
KMT-2017-BLG-2509L b,KMT-2017-BLG-2509L,,,1,7040,265.58988,-26.31715,,,,0.46,,2.14,,,,664.261,,Microlensing,2021
OGLE-2017-BLG-1099L b,OGLE-2017-BLG-1099L,,,1,7250,263.96425,-29.58586,,,,0.45,,2.73,,,,959.842,,Microlensing,2021
OGLE-2019-BLG-0299L b,OGLE-2019-BLG-0299L,,,1,5830,266.67946,-23.58431,,,,0.59,,2.8,,,,1976.893,,Microlensing,2021
KMT-2021-BLG-0912L b,KMT-2021-BLG-0912L,,,1,5560,269.82117,-31.99764,K,,,0.8,,3.14,,,,2.81,,Microlensing,2022
KMT-2018-BLG-1988L b,KMT-2018-BLG-1988L,,,1,4150,265.28254,-35.5947,,,,0.47,,3.09,,,,5.56,,Microlensing,2022
K2-384 b,K2-384,,,1,82.66,20.49984,0.75097,M4 V,3623,0.348,0.33,,,2.23153,,1.076,,,Transit,2022
K2-396 c,K2-396,,,1,274.864,74.69286,17.26906,,5236,0.92,0.954,,,25.76051,,3.124,,,Transit,2022
WASP-189 b,WASP-189,73608,133112,1,99.731,225.68673,-3.03149,,8000,2.36,2.03,,0.05053,2.72403,0,18.147,632.479,3353,Transit,2020
HD 73583 b,HD 73583,42401,73583,1,31.567,129.6883,-13.25653,K4 V,4511,0.65,0.73,,0.0604,6.39804,0.09,2.79,10.2,714,Transit,2022
HD 73583 c,HD 73583,42401,73583,1,31.567,129.6883,-13.25653,K4 V,4511,0.65,0.73,,0.1242,18.87974,0.08,2.39,9.7,498,Transit,2022
TOI-1670 b,TOI-1670,,,1,168.067,259.01725,72.16118,F7 V,6170,1.316,1.21,,0.103,10.98462,0.59,2.06,41.318,1062,Transit,2022
TOI-1670 c,TOI-1670,,,1,168.067,259.01725,72.16118,F7 V,6170,1.316,1.21,,0.249,40.74976,0.09,11.063,200.232,684,Transit,2022
HD 191939 e,HD 191939,99175,191939,1,53.609,302.02562,66.8503,G9 V,5348,0.94,0.81,-0.1871,0.407,101.12,0.031,,112.2,390,Radial Velocity,2022
HD 191939 f,HD 191939,99175,191939,1,53.609,302.02562,66.8503,,5348,0.94,0.81,-0.1871,3.71,2898,,,915.346,,Radial Velocity,2022
OGLE-2014-BLG-0319L b,OGLE-2014-BLG-0319L,,,1,7730,266.96117,-33.93504,M,,,0.52,,3.49,,,,181.162,,Microlensing,2022
TOI-1227 b,TOI-1227,,,1,100.641,186.76736,-72.45185,M4.5V-M5V,3072,0.56,0.17,-2.6003,0.0886,27.36397,,9.572,,,Transit,2022
Kepler-818 b,Kepler-818,,,1,925.037,296.23511,39.37029,,5638,0.92,0.94,,,10.03539,,5.11,,,Transit,2016
AB Aur b,AB Aur,,,1,162.127,73.94104,30.55109,,9770,,2.4,1.7709,93.9,,0.4,,2860.456,,Imaging,2022
TOI-620 b,TOI-620,,,1,33.023,142.17345,-12.16717,M2.5 V,3708,0.55,0.577,-1.2882,0.04825,5.09882,0.22,3.76,,604,Transit,2022
GJ 514 b,GJ 514,65859,,1,7.618,202.50404,10.37254,M0.5-1.0 V,3728,0.5,0.51,-1.3665,0.422,140.43,0.45,,5.2,202,Radial Velocity,2022
Kepler-451 c,2MASS J19383260+4603591,,,2,396.332,294.63592,46.06641,,29564,0.203,0.48,,,1460,0.29,,511.704,,Eclipse Timing Variations,2022
Kepler-817 b,Kepler-817,,,1,1484.46,296.08185,39.16161,,5861,1.03,1.03,,,3.99011,,9.03,,,Transit,2016
Kepler-451 d,2MASS J19383260+4603591,,,2,396.332,294.63592,46.06641,,29564,0.203,0.48,,,43,0,,559.378,,Eclipse Timing Variations,2022
pi Men d,HD 39091,26394,39091,1,18.27,84.29928,-80.4646,,5998,1.19,1.07,,,124.64,0.22,,13.38,,Radial Velocity,2022
TYC 2187-512-1 b,TYC 2187-512-1,,,1,15.474,320.52668,22.93194,M1.0 V,3734,0.495,0.498,-1.3809,1.22,691.9,0.05,,104.883,,Radial Velocity,2022
iot Dra c,iot Dra,75458,137759,1,31.328,231.23232,58.96614,K2 III,4504,11.79,1.54,1.7225,19.4,25000,0.455,,4958.123,,Radial Velocity,2021
TOI-1246 b,TOI-1246,,,1,169.422,251.11587,70.42999,K V,5151,0.86,0.87,,0.049,4.30744,,3.01,8.1,955,Transit,2022
TOI-1246 c,TOI-1246,,,1,169.422,251.11587,70.42999,,5213,0.865,0.889,-0.301,0.061,5.90414,0,2.451,9.1,862,Transit,2022
TOI-1246 d,TOI-1246,,,1,169.422,251.11587,70.42999,,5213,0.865,0.889,-0.301,0.132,18.65487,0,3.431,5.4,588,Transit,2022
TOI-1246 e,TOI-1246,,,1,169.422,251.11587,70.42999,,5213,0.865,0.889,-0.301,0.212,37.92548,0,3.514,14.5,464,Transit,2022
TOI-1696 b,TOI-1696,,,1,64.917,65.28065,48.81983,M5V,3185,0.278,0.255,-2.1481,0.0229,2.50031,,3.09,48.8,489,Transit,2022
TOI-2136 b,TOI-2136,,,1,33.363,281.17634,36.56313,M4.5 V,3342,0.34,0.34,-1.8861,0.057,7.85193,0,2.19,6.37,395,Transit,2022
HIP 94235 b,HIP 94235,94235,,2,58.515,287.74114,-60.27264,G V,5991,1.08,1.094,,0.0787,7.71306,0.32,3,379,1060,Transit,2022
TOI-1710 b,TOI-1710,,,2,81.227,94.28384,76.21102,,5684,0.957,1.026,-0.0635,0.166,24.28338,0,5.203,22.4,603,Transit,2022
HD 103891 b,HD 103891,58331,103891,1,55.521,179.43829,-8.54862,F9,6072,2.22,1.28,0.786,3.27,1919,0.31,,457.673,,Radial Velocity,2022
HD 105779 b,HD 105779,,105779,1,55.241,182.66121,-16.95649,G2,5792,0.94,0.89,-0.1079,3.38,2412,0,,203.41,,Radial Velocity,2022
TOI-500 c,TOI-500,,,1,47.392,106.5591,-47.58782,K6 V,4440,0.678,0.74,,,6.6356,0.072,,5.03,,Radial Velocity,2022
TOI-500 d,TOI-500,,,1,47.392,106.5591,-47.58782,K6 V,4440,0.678,0.74,,,26.233,0.016,,33.12,,Radial Velocity,2022
TOI-500 e,TOI-500,,,1,47.392,106.5591,-47.58782,K6 V,4440,0.678,0.74,,,61.3,0.073,,15.05,,Radial Velocity,2022
TOI-1181 b,TOI-1181,,,1,302.819,297.21582,64.35435,,6054,1.961,1.467,0.6425,,2.10319,0.011,17.026,374.72,,Transit,2022
TOI-1516 b,TOI-1516,,,1,247.054,340.08462,69.50373,F8 V,6520,1.14,1.14,,,2.05601,,15.244,1004.338,,Transit,2022
TOI-2046 b,TOI-2046,,,1,289.668,16.18494,74.33131,F8 V,6250,1.21,1.13,,,1.49718,,16.141,731.005,,Transit,2022
WASP-132 c,WASP-132,,,1,122.91,217.6092,-46.15952,K4 V,4686,0.758,0.789,-0.5751,0.01833,1.01154,0,1.841,6.26,1329,Transit,2022
Kepler-1656 c,Kepler-1656,,,1,185.875,284.47225,39.91189,,,1.1,1.03,,3.053,1919,0.527,,126.4,,Radial Velocity,2022
Gaia-1 b,Gaia-1,,,1,363.66,90.64367,-0.57711,,5470,0.952,0.949,,0.04047,3.05252,,13.776,533.952,,Transit,2022
Gaia-2 b,Gaia-2,,,1,209.229,110.73533,67.25266,,5720,1.064,1,,0.0467,3.69152,,14.818,259.666,,Transit,2022
TOI-1107 b,TOI-1107,,,1,281.314,155.60786,-82.21887,F6 V,6311,1.81,1.35,0.6712,0.0561,4.07824,0.025,14.572,1064.725,1728,Transit,2022
Ross 508 b,Ross 508,,,1,11.21,230.9613,17.46053,M4.5 V,3071,0.211,0.177,-2.445,0.05366,10.77,0.33,,4,,Radial Velocity,2022
HD 83443 c,HD 83443,47202,83443,1,40.899,144.29941,-43.27272,K0 V,5442,0.94,1,-0.104,8,8241,0.76,,476.743,,Radial Velocity,2022
mu2 Sco b,mu2 Sco,,151985,1,,253.08387,-38.01763,B2 IV,21700,5.6,9.1,,242.4,,0.56,,4576.729,,Imaging,2022
HD 28109 b,HD 28109,20295,28109,1,139.611,65.23831,-68.10269,F8,6189,1.425,1.227,0.433,,22.89105,0.007,2.69,6.2,867,Transit,2022
HD 28109 c,HD 28109,20295,28109,1,139.611,65.23831,-68.10269,F8,6189,1.425,1.227,0.433,,55.99712,0.004,4.13,9.2,643,Transit,2022
Kepler-816 b,Kepler-816,,,1,983.697,293.36282,39.21244,,5286,0.85,0.9,,,10.50683,,10.24,,,Transit,2016
HD 28109 d,HD 28109,20295,28109,1,139.611,65.23831,-68.10269,F8,6189,1.425,1.227,0.433,,84.2899,0.005,3.11,5.8,561,Transit,2022
HD 260655 b,HD 260655,31635,260655,1,10.005,99.29154,17.56627,M0 V,3803,0.439,0.439,-1.44,0.02933,2.76953,0.039,1.24,2.14,709,Transit,2022
HD 260655 c,HD 260655,31635,260655,1,10.005,99.29154,17.56627,M0 V,3803,0.439,0.439,-1.44,0.04749,5.70588,0.038,1.533,3.09,557,Transit,2022
HD 33142 d,HD 33142,23844,33142,1,121.375,76.89806,-13.98634,K0 III,5025,4.17,1.52,1.0004,0.452,89.9,0.191,,63.566,,Radial Velocity,2022
HD 19615 b,HD 19615,,19615,1,265.155,48.78133,73.86801,K0,4263,32.3,1.1,2.5145,1.1,402,0.2,,2701.541,,Radial Velocity,2022
HD 150010 b,HD 150010,,150010,1,144.49,247.86707,72.61258,K2 III,4153,16.2,1.3,1.9823,1.4,562,0.2,,762.788,,Radial Velocity,2022
HD 174205 b,HD 174205,,174205,1,234.027,280.7932,70.79282,K2,4308,26.6,1.8,2.3784,1.7,582,0.4,,1334.879,,Radial Velocity,2022
TOI-3714 b,TOI-3714,,,2,112.71,69.55234,39.458,M2,3660,0.51,0.53,,0.027,2.15485,0.03,11.321,222.48,750,Transit,2022
TOI-3629 b,TOI-3629,,,1,130.091,359.79339,39.31426,M1,3870,0.6,0.63,,0.043,3.93655,0.05,8.295,82.635,690,Transit,2022
TOI-4479 b,TOI-4479,,,1,80.653,316.09694,24.65367,M3.0,3400,0.451,0.452,-1.6043,0.0164,1.1589,,2.82,,861,Transit,2022
TOI-2081 b,TOI-2081,,,1,62.345,264.30226,53.02557,M1.0,3800,0.534,0.54,-1.3385,0.0752,10.50534,,2.04,,488,Transit,2022
TOI-1272 b,TOI-1272,,,1,137.572,199.1962,49.86106,,5065,0.793,0.877,-0.426,0.0417,3.31599,0.35,4.132,27,975,Transit,2022
TOI-1272 c,TOI-1272,,,1,137.572,199.1962,49.86106,,5065,0.793,0.877,-0.426,0.079,8.6811,0.12,,21.7,,Radial Velocity,2022
KOI-984 c,KOI-984,,,1,252.667,291.04894,36.84008,,5295,0.818,0.928,,0.1467,21.512,0.38,,209.8,597,Transit Timing Variations,2022
TOI-5153 b,TOI-5153,,,1,390.484,91.54032,-19.95344,F8 V,6300,1.4,1.24,,0.158,20.33003,0.091,11.882,1036.121,906,Transit,2022
NGTS-20 b,NGTS-20,,,1,382.898,46.29264,-21.93365,G1 IV,5980,1.78,1.47,,0.313,54.18915,0.432,11.994,947.129,688,Transit,2022
HIP 21152 b,HIP 21152,21152,28736,2,43.407,68.02052,5.41007,F5 V,6655,,1.4,,17,22000,0.36,,7627.882,1300,Imaging,2022
TOI-1422 b,TOI-1422,,,1,155.141,354.24083,39.63928,G2 V,,,,,0.107,12.99894,0.2,3.83,9.5,870,Transit,2022
GJ 3512 c,GJ 3512,,,1,9.486,130.33166,59.49184,M5.5 V,3141,0.139,0.123,,1.731,2354,0.089,,143.976,,Radial Velocity,2020
CoRoT-7 d,CoRoT-7,,,1,159.906,100.95617,-1.06301,G9 V,5250,,0.915,,,8.966,,,17.142,,Radial Velocity,2022
CoRoT-35 b,CoRoT-35,,,1,1123.21,289.31435,-2.77471,F6 V,6390,1.65,1.01,,0.0429,3.22748,0,18.831,349.611,1747,Transit,2022
CoRoT-36 b,CoRoT-36,,,1,925.958,277.75101,7.18335,F3 V,6730,1.52,1.32,,0.066,5.61653,0,15.805,216.123,1567,Transit,2022
GJ 3929 c,GJ 3929,,,1,15.809,239.57757,35.40811,,3384,0.32,0.313,-1.9626,0.081,15.04,0,,5.71,317,Radial Velocity,2022
HD 93963 A b,HD 93963 A,,93963,2,82.343,162.7767,25.64107,,5908,1.031,1.084,0.0678,0.02061,1.03761,0,1.47,2.8,1842,Transit,2022
HD 93963 A c,HD 93963 A,,93963,2,82.343,162.7767,25.64107,,5908,1.031,1.084,0.0678,0.04726,3.64514,0,3.12,18.4,1212,Transit,2022
KMT-2020-BLG-0414L b,KMT-2020-BLG-0414L,,,1,1220,271.915,-28.48522,WD,,,0.49,,2.07,,,,1.87,,Microlensing,2021
KMT-2020-BLG-0414L c,KMT-2020-BLG-0414L,,,1,1220,271.915,-28.48522,WD,,,0.49,,22.3,,,,8581.367,,Microlensing,2021
TOI-128.01,TOI-128,24718,,1,68.473,79.52094,-80.96438,,6086,1.13,0.852,,0.05381,4.94047,,2.219,,1345,Transit,2024
TOI-139 b,TOI-139,,,1,42.406,336.40241,-34.90971,,4570,0.701,0.69,,,11.07085,,2.457,,561,Transit,2023
Kepler-1743 b,Kepler-1743,,,1,538.807,290.55236,48.12626,,5855,1.613,1.266,,,7.64971,,1.599,,,Transit,2021
Kepler-18 c,Kepler-18,,,1,433.047,298.07944,44.74625,,5345,1.108,0.972,-0.031,0.0752,7.64159,0,5.49,17.3,,Transit,2011
TOI-159 b,TOI-159,,,2,347.593,51.78227,-78.54983,F0 V,7287,1.62,1.661,0.8222,0.056,3.76284,0.24,18.18,1110,1891,Transit,2026
Kepler-815 b,Kepler-815,,,1,1259.28,285.22112,47.8813,,5028,3.42,1.25,,,8.57504,,4.11,,,Transit,2016
GJ 3090 b,GJ 3090,6365,,1,22.475,20.43843,-46.71472,M2 V,3707,0.516,0.519,-1.342,0.0316,2.8531,0.25,2.18,4.52,723,Transit,2022
HD 18599 b,HD 18599,13754,18599,2,38.565,44.26201,-56.19187,K2 V,5145,0.767,0.863,-0.4295,0.048,4.13744,0.34,2.6,24.1,,Transit,2022
TOI-181 b,TOI-181,,,1,96.234,352.17254,-34.49141,K,4994,0.745,0.822,-0.5258,0.0539,4.532,0.154,6.956,46.169,895,Transit,2023
TOI-199 b,TOI-199,,,1,102.27,80.10587,-59.89543,G9 V,5255,0.82,0.936,-0.3382,0.4254,104.854,0.09,9.079,54.031,,Transit,2023
Kepler-814 b,Kepler-814,,,1,2055.77,284.91053,48.43159,,6162,1.22,1.15,,,6.14699,,2.12,,,Transit,2016
TOI-205 b,TOI-205,,,1,177.759,7.97546,-56.96508,,6303,1.454,,,,4.25301,,2.501,,,Transit,2026
TOI-209 b,TOI-209,,,1,113.387,19.39418,-66.90307,,4807,0.743,,,,4.37944,,2.395,,,Transit,2026
Kepler-1667 b,Kepler-1667,,,1,626.819,283.53295,48.09436,,5942,1.088,1.09,0.1232,,83.5781,,2.984,,,Transit,2020
Kepler-813 b,Kepler-813,,,1,,285.66268,48.43533,,5743,0.93,0.95,,,19.12947,,2.14,,,Transit,2016
Kepler-812 b,Kepler-812,,,1,1482.74,288.85528,48.20852,,6761,1.71,1.45,,,10.11717,,3.55,,,Transit,2016
TOI-238 b,TOI-238,,,1,80.541,349.23108,-18.60665,K2 V,5059,0.756,0.781,,0.0212,1.2731,,1.559,3.37,1378,Transit,2024
TOI-244 b,TOI-244,,,1,22.034,10.56975,-36.71797,M2.5 V,3433,0.426,0.428,-1.6426,0.0559,7.39722,,1.52,2.68,458,Transit,2023
Kepler-811 b,Kepler-811,,,1,985.041,285.42416,47.83456,,5747,1.24,1.01,,,23.58448,,2.7,,,Transit,2016
TOI-260 b,TOI-260,,,1,20.185,4.77302,-9.96615,K8 V,4026,0.607,0.616,-1.059,0.0943,13.47585,0,1.71,4.23,493,Transit,2024
TOI-261.01,TOI-261,4739,,1,114.495,15.21814,-24.42399,,5890,1.28,0.497,,0.03479,3.36393,,3.045,,1722,Transit,2021
TOI-261.02,TOI-261,4739,,1,114.495,15.21814,-24.42399,,5890,1.314,,,,13.03936,,3.348,,1008,Transit,2021
TOI-262 b,TOI-262,10117,,1,43.932,32.53469,-31.07063,K0 V,5310,0.853,0.913,,0.163,11.14529,,2.07,,584,Transit,2023
HIP 8152 b,HIP 8152,8152,,1,101.694,26.20925,-18.40138,,5618,0.96,0.937,-0.0804,0.093,10.75101,0,2.536,8.9,795,Transit,2023
Kepler-287 c,Kepler-287,,,1,835.86,290.92743,48.44346,,5806,1.032,,,0.246,44.8519,,3.26,,,Transit,2014
HIP 8152 c,HIP 8152,8152,,1,101.694,26.20925,-18.40138,,5618,0.96,0.937,-0.0804,0.139,19.60562,0.2,2.524,10.7,651,Transit,2023
TOI-277 b,TOI-277,,,1,64.669,19.0767,-20.95328,,4031,0.362,0.16,,0.0269,3.994,,2.65,,,Transit,2022
Kepler-286 b,Kepler-286,,,1,1226.85,290.67619,48.29424,,5580,0.863,,,0.027,1.7963,,1.24,,,Transit,2014
TOI-283 b,TOI-283,,,1,82.701,118.56931,-65.44148,K,5213,0.85,0.8,-0.3372,0.123,17.61745,0,2.34,6.54,661,Transit,2025
TOI-286 b,TOI-286,,,1,59.229,90.98428,-60.66633,K3 V,5152,0.78,0.832,-0.4136,0.0503,4.51172,0,1.42,4.53,979,Transit,2024
TOI-286 c,TOI-286,,,1,59.229,90.98428,-60.66633,K3 V,5152,0.78,0.832,-0.4136,0.213,39.36183,0,1.88,3.72,475,Transit,2024
Kepler-69 b,Kepler-69,,,1,730.625,293.2609,44.86887,G4 V,5638,0.93,0.81,-0.097,0.094,13.72234,0.16,2.24,,779,Transit,2013
Kepler-285 b,Kepler-285,,,1,824.31,291.39085,48.06554,,5411,0.808,,,0.036,2.63387,,1.34,,,Transit,2014
Kepler-810 b,Kepler-810,,,1,1458.59,296.61486,48.08256,,5803,1.04,1.03,,,4.59725,,1.93,,,Transit,2016
Kepler-809 b,Kepler-809,,,1,961.405,289.08363,48.01807,,5734,0.98,0.99,,,55.63934,,3.01,,,Transit,2016
TOI-329 b,TOI-329,,,1,284.388,351.3211,-15.63463,,5614,1.533,1.068,0.3251,0.0638,5.70439,0.39,4.941,40.4,1213,Transit,2024
TOI-332 b,TOI-332,,,1,222.852,348.05895,-44.87649,K0 V,5251,0.87,0.88,,0.0159,0.77704,0,3.2,57.2,1871,Transit,2023
Kepler-284 b,Kepler-284,,,1,1031.95,293.14657,47.72971,,5615,0.814,,,0.104,12.69915,,2.24,,,Transit,2014
TOI-333 b,TOI-333,,,1,352.269,353.3575,-41.17152,,6241,1.1,1.2,,0.049,3.78525,0,4.26,20.1,1445,Transit,2025
Kepler-808 b,Kepler-808,,,1,,291.59415,48.44549,,4653,0.71,0.76,,,0.63133,,1.46,,,Transit,2016
Kepler-432 b,Kepler-432,,,2,848.023,293.28223,48.28592,,4995,4.06,1.32,,0.301,52.50113,0.513,12.834,1719.46,,Transit,2015
Kepler-283 b,Kepler-283,,,1,468.094,293.61374,47.83894,,4351,0.566,,,0.082,11.00815,,2.13,,,Transit,2014
TOI-375 b,TOI-375,,,1,396.213,47.1499,-77.38333,,5260,2.9,1.441,0.76,0.099,9.45469,0.087,10.772,236.782,1373,Transit,2026
Kepler-463 b,Kepler-463,,,1,394.804,298.93682,44.85786,,5661,0.9,0.87,,,8.98102,,3.05,,,Transit,2016
TOI-406.01,TOI-406,,,1,31.06,49.26264,-42.24415,M3,3392,0.41,0.408,-1.7144,0.0809,13.17568,0.056,2.08,6.57,368,Transit,2024
TOI-406 c,TOI-406,,,1,31.06,49.26264,-42.24415,M3,3392,0.41,0.408,-1.7144,0.0322,3.30744,0.032,1.32,2.08,584,Transit,2024
TOI-411 c,HD 22946,17047,22946,1,62.779,54.81954,-42.76303,,6169,1.117,1.098,,0.1017,9.57308,,2.328,9.72,931,Transit,2022
TOI-411 b,HD 22946,17047,22946,1,62.779,54.81954,-42.76303,,6169,1.117,1.098,,0.05727,4.0403,,1.362,13.71,1241,Transit,2022
TOI-444 b,TOI-444,19950,,1,57.397,64.184,-26.76641,K1/2 V,5225,0.779,0.96,,0.133,17.9636,,2.77,,609,Transit,2023
HD 15906 b,HD 15906,,15906,1,45.562,38.27125,-10.35218,K V,4757,0.762,0.79,-0.5686,0.09,10.92471,0.11,2.24,,668,Transit,2023
TOI-469.01,TOI-469,29442,42813,1,68.192,93.05784,-14.64932,,5289,0.98,0.901,,0.111,13.63082,,3.41,9.1,716,Transit,2021
TOI-470 b,TOI-470,,,1,130.46,94.0099,-25.03141,G,5190,0.831,0.87,,0.119,12.19148,,4.34,,660,Transit,2023
TOI-480 b,TOI-480,27849,,1,54.531,88.37846,-16.2654,,6174,1.488,1.279,0.462,0.077,6.8662,0,2.854,20.8,1199,Transit,2024
TOI-512 b,TOI-512,,,1,67.397,96.6467,-38.60721,,5277,0.89,0.74,-0.257,,7.18886,0.02,1.54,3.57,1009,Transit,2025
TOI-521 b,TOI-521,,,1,60.943,123.34426,12.22211,M3,3544,0.421,0.42,-1.5986,0.0195,1.54285,0,1.98,5.3,794,Transit,2025
HD 25463 b,HD 25463,18893,25463,1,45.618,60.74834,9.20777,,6353,1.418,1.251,0.4728,0.076,7.04914,0,2.545,8.7,1198,Transit,2023
HD 25463 c,HD 25463,18893,25463,1,45.618,60.74834,9.20777,,6353,1.418,1.251,0.4728,0.0443,3.04405,0,1.364,4.3,1586,Transit,2023
Kepler-806 b,Kepler-806,,,1,361.896,296.0072,44.85357,,5770,1.16,0.99,,,8.0922,,1.14,,,Transit,2016
Kepler-805 b,Kepler-805,,,1,638.49,293.23002,45.05336,,6112,1.65,1.19,,,30.86389,,2.89,,,Transit,2016
Kepler-1742 b,Kepler-1742,,,1,669.573,286.96681,44.99243,,5776,0.849,0.939,,,49.4782,,2.178,,,Transit,2021
TOI-615 b,TOI-615,,,1,360.408,133.40869,-40.5437,F2 V,6850,1.732,1.449,0.7679,0.0678,4.6616,0.39,18.977,138.255,1666,Transit,2023
TOI-622 b,TOI-622,,,1,123.297,125.30505,-46.4843,F6 V,6400,1.415,1.313,0.4741,0.0708,6.40251,0.42,9.236,96.302,1388,Transit,2023
Kepler-804 b,Kepler-804,,,1,649.65,293.37221,44.78518,,5817,1.05,1.01,,,14.37457,,1.94,,,Transit,2016
Kepler-282 d,Kepler-282,,,1,1337.61,284.67724,44.79764,,,0.89,0.97,,,24.806,,2.46,61,,Transit,2013
TOI-654.01,TOI-654,,,1,57.755,164.72455,-5.54754,M2 V,3521,0.43,0.419,-1.6091,0.01944,1.52756,0,2.378,8.71,794,Transit,2024
TOI-663 b,TOI-663,,,1,64.231,160.06585,-8.51108,M1 V,3681,0.512,0.514,,0.0295,2.5989,,2.27,4.45,674,Transit,2024
Kepler-1991 c,Kepler-1991,,,1,855.82,285.03605,45.07099,,5478,1.053,0.914,,0.1528,22.7902,0,2.57,,634,Transit,2023
TOI-663 c,TOI-663,,,1,64.231,160.06585,-8.51108,M1 V,3681,0.512,0.514,,0.0437,4.69555,,2.26,3.65,553,Transit,2024
TOI-663 d,TOI-663,,,1,64.231,160.06585,-8.51108,M1 V,3681,0.512,0.514,,0.0576,7.10273,,1.92,5.2,482,Transit,2024
TOI-669 b,TOI-669,,,1,142.867,158.9007,-5.18137,,5597,0.988,0.924,-0.0625,0.048,3.94515,0,2.586,10,1125,Transit,2023
TOI-672 b,TOI-672,,,1,66.907,167.99086,-39.32812,M0 V,3810,0.54,0.54,-1.3189,0.0376,3.63358,0,5.31,50.9,700,Transit,2023
Kepler-410 A b,Kepler-410 A,,175289,2,147.527,283.15104,45.14008,,6273,1.352,1.214,0.435,0.1226,17.83365,0.17,2.838,,,Transit,2013
Kepler-803 b,Kepler-803,,,1,639.771,299.22167,44.6939,,5919,1.12,1.05,,,50.28638,,3.79,,,Transit,2016
TOI-682.01,TOI-682,,,1,83.155,167.88543,-22.07278,,5085,1.08,,,,6.83924,,3.742,,1090,Transit,2021
Kepler-421 b,Kepler-421,,,1,348.558,283.25681,45.08768,G9/K0,5308,0.757,0.794,-0.398,1.219,704.1984,0.041,4.16,,185,Transit,2014
TOI-697 b,TOI-697,,,1,93.771,69.70422,-36.68133,,5682,0.968,,,,8.60789,,2.359,,,Transit,2026
Kepler-802 b,Kepler-802,,,1,780.585,286.0158,45.00774,,5507,0.9,0.93,,,40.05875,,3.54,,,Transit,2016
TOI-700 e,TOI-700,,,1,31.127,97.09572,-65.57861,M2.5 V,3459,0.421,0.415,-1.6402,0.134,27.80978,0.059,0.953,,,Transit,2023
TOI-707 b,TOI-707,,,1,130.959,98.72959,-67.53727,,5424,0.978,0.99,-0.1085,0.275,52.79918,,2.416,,492,Transit,2026
TOI-712 b,TOI-712,,,1,58.621,92.93611,-65.82584,K4.5 V,4622,0.674,0.732,-0.7279,0.07928,9.53136,0.54,2.049,,650,Transit,2022
TOI-712 c,TOI-712,,,1,58.621,92.93611,-65.82584,K4.5 V,4622,0.674,0.732,-0.7279,0.2447,51.69906,0.089,2.701,,370,Transit,2022
TOI-712 d,TOI-712,,,1,58.621,92.93611,-65.82584,K4.5 V,4622,0.674,0.732,-0.7279,0.3405,84.8396,0.073,2.474,,314,Transit,2022
TOI-715 b,TOI-715,,,1,42.405,113.85233,-73.57741,M4,3075,0.24,0.225,,0.083,19.288,,1.55,,234,Transit,2023
Kepler-57 b,Kepler-57,,,1,644.14,293.64131,44.65707,,5188,0.826,0.859,,,5.72,0.016,3.135,25.06,,Transit,2012
TOI-733 b,TOI-733,,,1,75.209,159.40932,-40.88826,G,5585,0.949,0.956,-0.0862,0.0618,4.88476,0.046,1.992,5.72,1056,Transit,2023
TOI-756 b,TOI-756,,,1,86.176,192.10374,-45.47047,M1 V,3657,0.505,0.505,-1.3872,0.018,1.23925,0,2.81,9.83,934,Transit,2025
TOI-757 b,TOI-757,,,1,60.342,187.99484,-35.55445,K0 V,5278,0.78,0.8,-0.3767,0.122,17.46819,0.39,2.5,10.5,641,Transit,2024
TOI-762 A b,TOI-762 A,,,2,98.446,166.07474,-47.8215,,3266,0.425,0.442,-1.7328,0.03418,3.47168,0.083,8.339,79.775,555,Transit,2024
TOI-771 b,TOI-771,,,1,25.279,164.11389,-72.98517,M3,3370,0.232,0.22,-2.2034,0.0208,2.32602,0.055,1.36,2.47,543,Transit,2024
TOI-778 b,TOI-778,,115447,1,161.743,199.33385,-15.2737,F3 V,6643,1.71,1.4,0.7604,0.06,4.63361,0.21,15.4,878,1561,Transit,2023
Kepler-801 b,Kepler-801,,,1,440.426,286.07518,44.66463,,4435,0.63,0.67,,,11.41928,,2,,,Transit,2016
TOI-782 b,TOI-782,,,1,52.512,183.92036,-18.91034,,3370,0.413,0.397,-1.7025,0.0578,8.024,0.19,2.734,19.1,435,Transit,2024
TOI-784 b,HD 307842,,307842,1,64.6,159.34122,-63.65569,G,5558,0.907,0.91,,0.038,2.79704,0,1.93,9.67,,Transit,2023
Kepler-800 b,Kepler-800,,,1,1019.26,286.57477,44.79519,,5315,0.82,0.85,,,14.13176,,2.85,,,Transit,2016
TOI-799 b,TOI-799,,,1,158.526,98.46912,-52.4603,,5663,0.916,,,,5.54519,,2.066,,,Transit,2026
TOI-808 b,TOI-808,,,1,98.185,133.74855,-44.28863,,5078,0.833,,,,9.73945,,2.203,,,Transit,2026
TOI-815 b,TOI-815,,,2,59.712,155.87194,-43.83492,K3 V,4869,0.77,0.776,,0.0903,11.19726,0.2,2.94,7.6,686,Transit,2024
WASP-108 b,WASP-108,,,1,258.777,195.82816,-49.63977,F9,,,,,,,,15.132,,1589,Transit,2020
Kepler-799 b,Kepler-799,,,1,,287.1749,44.87848,,5681,0.93,0.95,,,133.46052,,6.88,,,Transit,2016
TOI-836.01,TOI-836,73427,,1,27.502,225.07988,-24.4542,K V,4552,0.665,0.678,,0.075,8.59545,0.078,2.587,9.6,665,Transit,2021
TOI-836 b,TOI-836,73427,,1,27.502,225.07988,-24.4542,K V,4552,0.665,0.678,,0.0422,3.81673,0.053,1.704,4.53,871,Transit,2023
TOI-858 B b,TOI-858 B,,,2,250.489,60.19983,-54.59292,G0,5842,1.308,1.081,0.2529,0.04435,3.27972,0.15,14.067,349.611,1529,Transit,2023
Kepler-281 c,Kepler-281,,,1,1745.45,294.10815,44.77065,,5723,0.899,,,0.215,36.33737,,5.31,,,Transit,2014
TOI-871 b,TOI-871,,,1,68.047,74.73763,-50.62742,,4929,0.719,0.758,-0.56,0.1054,14.36257,,1.664,,621,Transit,2024
KOI-1257 b,KOI-1257,,,2,,291.22509,44.92729,G5 V,5520,1.13,0.99,,0.382,86.64766,0.772,10.54,460.83,511,Transit,2014
TOI-880 c,TOI-880,,,1,60.668,94.16447,-13.98734,K,5050,0.83,0.87,,0.0635,6.38727,,4.95,,805,Transit,2025
TOI-880.02,TOI-880,,,1,60.668,94.16447,-13.98734,K,5050,0.83,0.87,,0.0349,2.57571,,2.19,,1085,Transit,2024
TOI-883 b,TOI-883,,,1,102.637,103.36906,-6.50783,,5713,1.015,,,,10.05772,,7.172,,,Transit,2026
Kepler-115 c,Kepler-115,,,1,623.609,297.71193,45.26199,,5979,1.205,,,0.087,8.99089,,2.6,,,Transit,2014
TOI-904 b,TOI-904,,,1,46.089,89.37127,-83.12973,,3770,0.527,0.557,-1.2924,0.056,10.8772,,2.426,,429,Transit,2023
TOI-904 c,TOI-904,,,1,46.089,89.37127,-83.12973,,3770,0.527,0.557,-1.2924,0.312,83.9997,,2.167,,217,Transit,2023
TOI-907.01,TOI-907,,,1,312.529,262.18341,-62.84038,,6272,2.06,1.069,,0.05523,4.58491,,9.616,,1847,Transit,2024
TOI-908 b,TOI-908,,,1,175.748,53.15943,-81.25074,G V,5626,1.028,0.95,,0.04166,3.18379,0.132,3.186,16.137,1317,Transit,2023
LHS 475 b,LHS 475,,,1,12.481,290.23794,-82.55979,M3.5 V,3300,0.279,0.262,,,2.02909,,0.991,,586,Transit,2023
TOI-912 b,TOI-912,,,1,26.107,229.32857,-80.47334,M3,3572,0.419,0.418,-1.5901,0.041,4.67807,0.58,1.93,5.1,551,Transit,2025
TOI-913 b,TOI-913,,,1,65.177,234.57232,-80.80343,,4969,0.733,0.82,,,11.09864,,2.453,,712,Transit,2023
TOI-921 b,TOI-921,,,1,294.015,99.6742,-56.22054,,6012,1.142,,,,5.12872,,3.534,,,Transit,2026
TOI-929 b,TOI-929,,,1,114.421,45.90717,-39.93078,,4457,0.717,,,,5.83015,,2.69,,,Transit,2026
TOI-938 b,TOI-938,,,1,215.034,63.03234,-12.11884,,5829,0.985,,,,8.80734,,4.824,,,Transit,2026
TOI-941 b,TOI-941,,,1,263.386,78.30052,6.54591,,5746,1.185,,,,8.51461,,6.512,,,Transit,2026
TOI-969 b,TOI-969,,,1,77.255,115.13669,2.09859,K V,4435,0.671,0.734,,0.02636,1.82373,,2.765,9.1,941,Transit,2022
Kepler-798 b,Kepler-798,,,1,972.274,292.47828,42.14228,,6224,1.29,1.19,,,13.71933,,2.39,,,Transit,2016
TOI-1011 b,TOI-1011,36964,,1,52.62,113.98476,-32.842,,5475,0.92,0.91,-0.1549,,2.4705,0,1.45,4.04,,Transit,2025
TOI-1036 b,TOI-1036,,,1,184.015,157.86711,-42.24045,,5665,1.176,,,,3.77952,,6.285,,,Transit,2026
Kepler-56 c,Kepler-56,,,1,912.994,293.7583,41.87181,,4840,4.23,1.32,,0.1652,21.40239,,9.8,181,,Transit,2012
Kepler-280 b,Kepler-280,,,1,780.361,291.39053,42.18047,,5744,0.886,,,0.032,2.13954,,1.45,,,Transit,2014
TOI-1052 b,TOI-1052,,212729,1,129.804,337.51027,-75.64656,,6146,1.264,1.204,,0.09103,9.1397,0.18,2.87,16.9,1135,Transit,2023
TOI-1054.01,TOI-1054,99212,,1,88.434,302.11417,-54.3175,,6122,1.17,,,,15.50779,,2.434,,853,Transit,2021
TOI-1080 b,TOI-1080,,,1,25.559,276.36832,-52.21457,M4.0&plusmn;1.0 V,3065,0.202,0.167,-2.4895,0.0272,3.96525,,1.2,10.7,368,Transit,2026
Kepler-797 b,Kepler-797,,,1,1315.26,297.20891,41.78164,,5680,0.95,0.96,,,27.07238,,2.17,,,Transit,2016
HD 109833 b,HD 109833,61723,109833,1,79.556,189.77586,-74.57402,,5881,1,1.08,0.0719,,9.18853,0.18,2.888,,,Transit,2022
HD 109833 c,HD 109833,61723,109833,1,79.556,189.77586,-74.57402,,5881,1,1.08,0.0719,,13.90015,0.3,2.59,,,Transit,2022
Kepler-279 c,Kepler-279,,,1,1037.4,287.3913,42.19482,,,1.07,1.1,,,35.736,,4.3,49.4,,Transit,2013
TOI-1105 b,TOI-1105,,,1,79.522,146.05397,-89.47151,,4678,0.756,,,,10.86818,,3.058,,,Transit,2026
TOI-1117 b,TOI-1117,,,1,167.598,273.60206,-66.41997,G5 V,5635,1.05,0.97,-0.4437,0.033,2.22816,0,2.46,8.9,1538,Transit,2025
TOI-1135 b,TOI-1135,62908,,1,114.048,193.39637,85.1295,,6320,1.202,1.119,0.3181,0.0815,8.02773,0.062,9.92,58.798,1171,Transit,2024
TOI-1136 d,TOI-1136,,,1,84.536,192.1849,64.85528,,5770,0.968,1.022,,0.1062,12.5199,0.042,,8.35,843,Transit,2022
TOI-1136 c,TOI-1136,,,1,84.536,192.1849,64.85528,,5770,0.968,1.022,,0.0669,6.2574,0.11,,6.32,1062,Transit,2022
TOI-1136 f,TOI-1136,,,1,84.536,192.1849,64.85528,,5770,0.968,1.022,,0.174,26.321,0.001,,9.7,658,Transit,2022
TOI-1136 e,TOI-1136,,,1,84.536,192.1849,64.85528,,5770,0.968,1.022,,,18.801,0.043,,6.07,737,Transit,2022
TOI-1173 b,TOI-1173,,,2,132.353,197.6831,70.76801,G9,5350,0.934,0.911,,0.0696,7.06466,0.023,9.19,27.4,868,Transit,2024
TOI-1174 b,TOI-1174,,,1,94.638,209.21718,68.61821,,5030,0.76,0.85,,0.07994,8.95349,,2.562,,,Transit,2024
TOI-1180 b,TOI-1180,,,1,72.024,214.55577,82.19376,,4738,0.73,0.75,,0.0808,9.68676,,3.072,,,Transit,2024
TOI-1184 b,TOI-1184,,,1,58.595,272.20452,60.67878,,4534,0.69,0.71,,0.05603,5.74843,,2.39,,,Transit,2024
TOI-1194 b,TOI-1194,,,1,149.667,167.82148,69.96477,,5394,0.961,0.984,-0.1512,0.034,2.31064,0,8.717,120,1264,Transit,2023
TOI-1199 b,TOI-1199,,,1,248.427,166.88066,61.35257,,5710,1.45,1.23,0.3043,0.04988,3.67146,0.03,10.514,75.961,1486,Transit,2024
TOI-1203.01,TOI-1203,54779,,1,64.994,168.22674,-34.40694,G3 V,5737,1.179,0.886,,0.1632,25.50267,0.032,2.918,7.39,744,Transit,2021
Kepler-44 b,Kepler-44,,,1,1188,300.10235,45.76219,G2 IV,5800,1.35,1.12,,0.0446,3.24673,0.066,12.22,317.82,1544,Transit,2011
TOI-1221 b,TOI-1221,,,1,138.411,107.92103,-65.50886,,5592,1.031,0.93,,0.387,91.68278,0.21,2.91,1112.399,440,Transit,2023
TOI-1226 b,TOI-1226,,,1,257.93,103.75484,-69.86713,,5435,0.987,,,,3.92881,,2.41,,,Transit,2026
HD 56414 b,HD 56414,,56414,1,272.217,107.84368,-68.83334,,8500,1.751,1.89,1.1581,0.229,29.04992,0.68,3.71,,1133,Transit,2022
TOI-1230.01,TOI-1230,,,1,143.138,118.12959,-83.82506,,5696,1.153,,,,25.05713,,3.24,,689,Transit,2021
TOI-1232 b,TOI-1232,,,1,328.604,116.5014,-61.87979,G1 V,5823,1.072,1.058,0.073,0.117,14.256,0.065,10.929,220.573,,Transit,2026
TOI-1238 c,TOI-1238,,,1,70.715,201.38234,68.83607,K7/M0,4089,0.58,0.59,-1.0825,0.037,3.29474,0.15,2.11,8.32,695,Transit,2022
TOI-1238 b,TOI-1238,,,1,70.715,201.38234,68.83607,K7/M0,4089,0.58,0.59,-1.0825,0.0139,0.7646,0.25,1.21,3.76,1133,Transit,2022
TOI-1243 b,TOI-1243,,,1,43.187,135.73264,71.63642,M2.0 V,3515,0.511,0.515,-1.4455,,4.65948,,2.33,7.7,450,Transit,2026
TOI-1244 b,TOI-1244,,,1,102.551,256.27956,69.51909,,4599,0.721,0.73,,0.06069,6.40032,,2.467,,,Transit,2024
HD 135694 b,HD 135694,74326,135694,1,73.871,227.86786,71.8413,,5712,1.08,1.02,,0.1247,15.92348,,2.857,,,Transit,2023
TOI-1248 b,TOI-1248,,,1,168.735,259.02359,63.10561,,5205,0.869,0.904,-0.3002,0.051,4.36016,0,6.808,27.4,952,Transit,2024
TOI-1249 b,TOI-1249,,,1,139.49,200.56158,66.30853,,5497,0.979,1.006,-0.1013,0.109,13.07915,0,3.271,11.9,727,Transit,2024
TOI-1269 b,TOI-1269,,,1,172.138,249.69664,64.55918,,5499,0.852,0.903,-0.2197,0.0496,4.25299,0,2.401,6.4,1005,Transit,2024
TOI-1269 c,TOI-1269,,,1,172.138,249.69664,64.55918,,5554,0.849,,,,9.23786,,2.23,,,Transit,2026
TOI-1273 b,TOI-1273,,,1,177.118,214.12086,58.39025,,5690,1.06,1.06,0.0294,0.0549,4.6313,0.055,11.097,70.558,1211,Transit,2024
Kepler-278 b,Kepler-278,,,1,443.03,290.10721,38.70227,K2 III-IV,4965,2.861,1.227,0.6493,0.202,30.1556,0.696,3.955,56,586,Transit,2014
TOI-1279 b,TOI-1279,,,1,107.055,185.06287,56.20141,,5457,0.843,0.878,-0.2434,0.085,9.61419,0,2.661,10.6,759,Transit,2024
Kepler-796 b,Kepler-796,,,1,817.584,287.3079,39.14471,,5475,1.09,0.93,,,6.40088,,1.3,,,Transit,2016
TOI-1288 b,TOI-1288,,,1,114.865,313.16703,65.60878,,5388,0.958,0.955,-0.1549,0.0374,2.69983,0,4.968,44.1,1203,Transit,2022
TOI-1291 b,TOI-1291,,,1,428.123,245.81801,62.92512,,6140,1.811,,,,7.16201,,5.638,,,Transit,2026
TOI-1294 b,TOI-1294,,,1,332.648,223.09264,70.47656,,5718,1.557,1.158,0.3685,0.051,3.91529,0,10.124,63.9,1393,Transit,2024
TOI-1295 b,TOI-1295,,,1,388.227,256.6722,67.8715,F,6280,1.7,1.38,0.5866,0.047,3.19688,0.024,15.693,451.316,2360,Transit,2024
TOI-1301.01,TOI-1301,,,1,90.869,275.86254,71.58175,,4820,0.732,0.77,,0.05987,6.09641,,2.477,,,Transit,2024
Kepler-795 b,Kepler-795,,,2,492.122,291.019,38.54557,,5631,0.96,0.94,,,29.61934,,1.68,,,Transit,2016
Kepler-794 b,Kepler-794,,,1,931.192,288.13368,38.99689,,5839,1.38,1.19,,,11.13125,,2.11,,,Transit,2016
Kepler-504 b,Kepler-504,,,2,99.069,284.92196,45.97233,,3519,0.33,0.33,,,9.54928,,1.59,,,Transit,2016
Kepler-277 b,Kepler-277,,,1,976.643,286.58319,39.07726,,,1.69,1.12,,,17.324,,2.92,87.3,,Transit,2013
TOI-1346 c,TOI-1346,,,1,115.45,256.62268,68.8433,,5099,0.78,0.82,,,5.50256,,2.23,,928,Transit,2025
TOI-1346 b,TOI-1346,,,1,115.45,256.62268,68.8433,,5099,0.78,0.82,,,1.76225,,2.39,,1324,Transit,2025
TOI-1347 b,TOI-1347,,,1,147.476,280.32668,70.29005,,5464,0.83,0.913,-0.2596,,0.84742,0,1.8,11.1,1400,Transit,2024
TOI-1347 c,TOI-1347,,,1,147.476,280.32668,70.29005,,5464,0.83,0.913,-0.2596,,4.84196,0,1.6,6.4,1000,Transit,2024
Kepler-793 b,Kepler-793,,,1,985.699,295.21673,38.77443,,5745,0.97,0.98,,,4.24154,,1.37,,,Transit,2016
Kepler-792 b,Kepler-792,,,1,1425.47,292.00682,38.8207,,5971,1.12,1.09,,,11.30119,,1.96,,,Transit,2016
TOI-1386 b,TOI-1386,,,1,146.858,334.5041,54.31905,,5735,1.024,1.036,0.0103,0.173,25.8401,0,6.216,45.8,615,Transit,2024
Kepler-791 b,Kepler-791,,,1,1266.34,293.5958,39.02943,,6383,1.47,1.3,,,14.55398,,3.05,,,Transit,2016
TOI-1408 b,TOI-1408,,,1,139.484,313.51105,72.58065,F8 V,6117,1.53,1.312,0.4713,0.05778,4.42587,0.002,25,593,,Transit,2023
TOI-1410.01,TOI-1410,,,1,72.751,334.88285,42.56031,,4635,0.756,0.794,-0.6216,0.0207,1.21687,0,3.101,12.5,1237,Transit,2024
TOI-1416 b,TOI-1416,70705,,1,55.014,216.92349,41.95299,G9 V,4884,0.793,0.798,,0.019,1.06976,0,1.62,3.48,1517,Transit,2023
TOI-1420 b,TOI-1420,,,1,201.918,322.94181,66.34901,,5510,0.923,0.987,-0.1518,0.071,6.95611,0.17,11.89,25.1,957,Transit,2023
Kepler-790 b,Kepler-790,,,1,703.168,286.91715,38.87221,,5208,0.8,0.84,,,13.7347,,2.18,,,Transit,2016
HD 235088 b,HD 235088,98668,235088,1,41.171,300.61545,53.37744,K V,5075,0.772,0.849,-0.4437,0.0706,7.43413,0,1.982,4.15,,Transit,2023
TOI-1437 b,TOI-1437,,,1,103.297,256.13875,56.84255,,6008,1.17,1.1,0.2847,0.14,18.84094,0.17,2.24,9.6,,Transit,2024
TOI-1438 b,TOI-1438,,,1,110.513,280.92378,74.93783,K0 V,5230,0.82,0.876,-0.3468,0.0553,5.13967,0,3.04,9.4,971,Transit,2025
TOI-1438 c,TOI-1438,,,1,110.513,280.92378,74.93783,K0 V,5230,0.82,0.876,-0.3468,0.083,9.42809,0,2.75,10.6,794,Transit,2025
TOI-1439 b,TOI-1439,,,1,230.306,241.76394,67.87764,,5841,1.618,1.231,0.4409,0.192,27.644,0.157,4.243,38.5,748,Transit,2024
TOI-1443 b,TOI-1443,,,1,85.803,297.39868,76.13918,,5224,0.751,0.766,-0.4202,0.147,23.54068,0,2.304,30,521,Transit,2024
Kepler-41 b,Kepler-41,,,1,1093.08,294.51325,45.98165,G2 V,5750,1.29,1.15,,0.03101,1.85556,0,14.46,177.98,1790,Transit,2011
Kepler-789 b,Kepler-789,,,1,1480.16,295.97515,38.94664,,5870,1.02,1.01,,,8.63848,,2.12,,,Transit,2016
TOI-1448 b,TOI-1448,,,1,73.335,316.324,57.77109,,3412,0.38,0.372,-1.755,0.0567,8.11224,0.36,2.749,19.5,426,Transit,2024
TOI-1450 A b,TOI-1450 A,,,2,22.447,286.85406,59.08663,M3.0 V,3437,0.483,0.48,,,2.04393,,1.13,1.258,722,Transit,2024
TOI-1451 b,TOI-1451,,,1,91.936,186.52428,61.25893,,5801,1.016,1.002,0.0245,0.127,16.53794,0,2.611,15.2,723,Transit,2024
TOI-1452 b,TOI-1452,,,2,30.521,290.17397,73.19511,M4 +/- 0.5 V,3185,0.275,0.249,-2.1549,0.061,11.06201,0,1.672,4.82,326,Transit,2022
TOI-1453 c,TOI-1453,,,2,78.742,258.22327,57.19778,,4975,0.72,0.715,,,6.5887,0,2.224,2.95,820,Transit,2025
TOI-1453 b,TOI-1453,,,2,78.742,258.22327,57.19778,,4975,0.72,0.715,,,4.31352,0,1.173,2.32,944,Transit,2025
Kepler-788 b,Kepler-788,,,1,1775.8,290.00042,38.53986,,6159,1.23,1.16,,,8.39846,,2.55,,,Transit,2016
TOI-1466 b,TOI-1466,,,1,86.578,307.39653,61.55073,,4435,0.75,,,,1.87191,,2.467,,,Transit,2026
TOI-1467 b,TOI-1467,,,1,37.442,19.11464,49.23314,,3834,0.491,0.489,,0.05075,5.97115,,1.92,,,Transit,2024
TOI-1468 c,TOI-1468,,,1,24.74,16.65387,19.22492,,3376,0.371,0.353,-1.7921,0.08608,15.53248,0.111,2.126,4.1,338,Transit,2022
TOI-1468 b,TOI-1468,,,1,24.74,16.65387,19.22492,,3376,0.371,0.353,-1.7921,0.02107,1.88052,0.01,1.401,3.04,684,Transit,2022
TOI-1470 b,TOI-1470,,,1,51.95,10.08914,61.21339,M1.5 V,3709,0.469,0.471,-1.4248,0.0285,2.52709,0.3,2.18,7.32,734,Transit,2023
Kepler-276 c,Kepler-276,,,1,1144.86,293.5682,39.03631,,,1.03,1.1,,,31.884,,2.9,16.6,,Transit,2013
HIP 9618 b,HIP 9618,9618,12572,1,67.548,30.90501,21.28133,,5649,0.959,0.942,-0.0716,0.145,20.77286,0,3.828,8.3,641,Transit,2023
HIP 9618 c,HIP 9618,9618,12572,1,67.548,30.90501,21.28133,,5649,0.959,0.942,-0.0716,0.269,52.56363,0,3.429,7,470,Transit,2023
TOI-1472 b,TOI-1472,,,1,121.84,14.11426,48.63752,,5100,0.84,0.87,,0.064,6.36339,0.041,4.058,18.05,891,Transit,2024
HD 6061 b,HD 6061,,6061,2,67.62,15.59814,37.18544,,5934,1.007,1.027,0.0554,0.06,5.2549,0,2.428,10,1075,Transit,2023
Kepler-787 b,Kepler-787,,,1,503.568,291.69248,38.57291,,4248,0.62,0.65,,,0.92831,,1.28,,,Transit,2016
Kepler-1741 b,Kepler-1741,,,1,270.739,292.57707,39.12094,,3683,0.424,0.454,,,2.75759,,1.273,,,Transit,2021
Kepler-786 b,Kepler-786,,,1,485.318,293.74392,38.93922,,4838,0.74,0.81,,,53.52935,,2.43,,,Transit,2016
Kepler-275 c,Kepler-275,,,1,2034.25,292.4797,38.5149,,6165,1.383,,,0.132,16.08813,,3.38,,,Transit,2014
Kepler-465 b,Kepler-465,,,1,553.077,284.55579,46.06389,,6310,1.29,1.23,,,9.94067,,2.95,,,Transit,2016
Kepler-415 c,Kepler-415,,,1,530.487,293.8045,38.63905,,,0.643,0.67,,,8.708,,,,,Transit Timing Variations,2014
Kepler-1740 b,Kepler-1740,,,1,1061.77,293.87366,38.92245,,5705,0.905,0.943,,,8.1724,,3.323,,,Transit,2021
TOI-1630.01,TOI-1630,,,1,66.093,352.01668,75.55261,,5504,0.83,0.95,,0.10115,12.05573,,2.417,,,Transit,2024
TOI-1648 b,TOI-1648,,,1,69.835,45.40118,69.22992,,4850,0.81,0.83,,0.0694,7.3316,0.178,2.54,7.4,799,Transit,2025
TOI-1659.01,TOI-1659,,,1,122.494,277.92519,82.30595,,5977,1.006,1.1,,0.06576,5.87756,,2.255,,,Transit,2024
TOI-1669 c,TOI-1669,,,1,111.276,45.95647,83.58743,,5497,1.056,0.987,-0.0357,0.0376,2.68005,0,2.296,13,1285,Transit,2024
Kepler-484 b,Kepler-484,,,1,382.136,284.39428,46.24911,,5668,0.87,0.96,,,10.04557,,2.28,,,Transit,2016
TOI-1680 b,TOI-1680,,,1,37.221,292.31398,65.9738,M4.5+/-0.5,3225,0.211,0.18,-2.3625,0.03144,4.80263,,1.466,,404,Transit,2023
TOI-1683.01,TOI-1683,20528,,1,51.188,65.97965,27.82237,,4402,0.7,0.695,,0.03651,3.05754,,2.638,,929,Transit,2024
TOI-1691 b,TOI-1691,,,1,111.445,272.40412,86.86034,,5759,1,1.03,,0.12937,16.73689,,3.66,,,Transit,2024
TOI-1694 b,TOI-1694,,,1,124.68,97.74871,66.3606,,5058,0.804,0.853,-0.4179,0.045,3.77011,0,5.342,31.3,943,Transit,2023
TOI-1695 b,TOI-1695,,,1,45.131,21.92173,72.29661,M1 V,3690,0.515,0.513,-1.3536,0.03355,3.13428,0.097,1.9,6.36,698,Transit,2022
TOI-1716.01,TOI-1716,,,1,104.158,105.08333,56.82419,,5879,1.24,1.07,,0.0805,8.08238,,3.143,,,Transit,2024
TOI-1718 b,TOI-1718,36272,,1,52.304,112.01803,30.32173,,5305,0.939,,,,5.58704,,4.108,,,Transit,2026
TOI-1722 b,TOI-1722,,,1,136.419,114.34521,61.15392,,6000,1.094,,,,9.60523,,4.383,,,Transit,2026
TOI-1723 b,TOI-1723,,,1,100.727,116.7972,68.47668,,5777,1.09,1.04,,0.1135,13.72701,,3.435,,,Transit,2024
LHS 1903 c,LHS 1903,34730,,1,35.692,107.86583,48.32793,M,3664,0.539,0.538,,0.05387,6.22619,0.089,2.046,4.55,559,Transit,2026
LHS 1903 b,LHS 1903,34730,,1,35.692,107.86583,48.32793,M,3664,0.539,0.538,,0.02656,2.15551,0.015,1.382,3.28,796,Transit,2026
LHS 1903 d,LHS 1903,34730,,1,35.692,107.86583,48.32793,M,3664,0.539,0.538,,0.08604,12.56629,0.112,2.5,5.96,442,Transit,2026
TOI-1732 b,TOI-1732,,,1,74.76,111.80145,53.04527,,4202,0.633,,,,4.11924,,2.495,,,Transit,2026
TOI-1736 b,TOI-1736,,,1,88.948,43.43446,69.10134,,5636,1.429,1.037,0.2707,0.073,7.07308,0,3.182,12.3,1100,Transit,2023
TOI-1739 b,TOI-1739,,,1,70.982,240.17248,83.25866,,4814,0.781,0.78,,0.07387,8.30334,,1.946,,,Transit,2024
TOI-1742 b,TOI-1742,,,1,72.887,257.32887,71.87667,,5815,1.131,1.086,0.1212,0.154,21.26908,0.3,2.365,9.7,694,Transit,2024
TOI-1743 b,TOI-1743,,,1,41.276,257.74733,71.8722,M4 V,3277,0.338,0.339,,0.03589,4.26605,,1.83,,485,Transit,2025
TOI-1744.01,TOI-1744,,,1,114.39,294.29107,60.8813,,6179,1.14,1.18,,0.16409,22.3417,,2.68,,,Transit,2024
TOI-1750 b,TOI-1750,,,1,162.46,240.30198,68.9373,,4684,0.769,,,,11.33727,,2.789,,,Transit,2026
TOI-1751 b,TOI-1751,,,1,113.335,243.48885,63.53353,,5970,1.314,0.938,0.2973,0.215,37.46852,0.327,2.951,19.5,652,Transit,2024
TOI-1752 b,TOI-1752,,,1,103.021,253.46149,60.70962,M1.0&plusmn0.5 V,3762,0.53,0.524,-1.2967,0.01624,0.93519,,1.693,,1036,Transit,2026
TOI-1752 c,TOI-1752,,,1,103.021,253.46149,60.70962,M1.0&plusmn0.5 V,3762,0.53,0.524,-1.2967,0.1614,32.71443,,2.29,,291,Transit,2026
TOI-1753 b,TOI-1753,,,1,226.671,252.46984,61.17358,,5621,0.972,0.948,-0.0696,0.059,5.38461,0,2.479,16.6,1005,Transit,2024
TOI-1756 b,TOI-1756,,,1,86.716,306.32877,77.63641,,3892,0.563,,,,2.78302,,1.942,,,Transit,2026
TOI-1758 b,TOI-1758,,,1,96.621,354.74158,75.68523,,5169,0.81,0.88,,0.14141,20.70507,,3.62,,,Transit,2024
TOI-1768.01,TOI-1768,,,1,157.597,152.10278,55.53996,,5994,1.1,1.1,,0.07638,7.3377,,3.453,,,Transit,2024
TOI-1772.01,TOI-1772,,,1,97.756,156.8377,34.39095,,5583,0.995,0.99,,0.07838,8.05425,,2.905,,,Transit,2024
Kepler-785 b,Kepler-785,,,1,642.051,292.06831,38.8422,,4739,0.71,0.77,,,1.97376,,13.02,,,Transit,2016
TOI-1774.01,TOI-1774,48443,85426,1,53.974,148.16193,35.11101,,5746,1.13,0.991,,,16.70988,0.05,2.78,8.5,824,Transit,2021
TOI-1775 b,TOI-1775,,,1,149.234,150.1151,39.45775,,5284,0.829,0.922,-0.316,0.08,10.24055,0,8.047,96,708,Transit,2024
TOI-1776 b,TOI-1776,53688,,1,44.647,164.77729,40.98372,,5785,0.936,0.92,-0.0531,0.0378,2.79987,0,1.216,1.4,1269,Transit,2024
TOI-1777.01,TOI-1777,49576,,1,79.766,151.80703,46.11488,,5859,0.98,1.06,,0.11947,14.65011,,2.246,,,Transit,2024
HD 77946 b,HD 77946,44746,77946,1,99.451,136.77764,46.67243,,6007,1.317,1.197,0.3088,0.073,6.52736,0.211,2.896,10.9,1129,Transit,2024
TOI-1782.01,TOI-1782,,,1,95.265,213.07877,74.41179,,4336,0.669,0.68,,0.05024,4.98764,,2.368,,,Transit,2024
TOI-1782.02,TOI-1782,,,1,95.265,213.07877,74.41179,,4336,0.669,0.68,,0.02574,1.82902,,1.839,,,Transit,2024
Kepler-105 b,Kepler-105,,,1,459.223,287.88724,46.27612,,5933,1.026,0.991,,,5.4122,0.02,2.53,10.8,,Transit,2013
Kepler-784 b,Kepler-784,,,1,1303.72,295.92067,47.44862,,5674,1.32,1,,,31.59226,,1.58,,,Transit,2016
TOI-1794 b,TOI-1794,,,1,155.791,203.39749,49.06084,,5631,1.316,0.97,0.1973,0.082,8.76553,0,3.297,8.7,993,Transit,2024
TOI-1798.01,TOI-1798,,,1,113.181,211.09394,46.51928,,5165,0.78,0.87,,0.07498,8.02152,,2.448,,,Transit,2024
TOI-1798.02,TOI-1798,,,1,113.181,211.09394,46.51928,,5165,0.78,0.87,,0.01079,0.43781,,1.464,,,Transit,2024
TOI-1799 b,TOI-1799,54491,,1,62.127,167.23292,34.30301,,5690,0.957,1.01,,0.0725,7.09457,,1.642,,,Transit,2024
TOI-1801 b,TOI-1801,57099,,2,30.68,175.5756,23.02703,M0.5+/-0.5 V,3863,0.547,0.556,-1.23,,10.64387,0,2.079,5.738,494,Transit,2023
TOI-1803 c,TOI-1803,,,1,119.24,178.04611,35.1718,,4687,0.715,0.756,-0.6536,0.097,12.88578,0,4.29,8,588,Transit,2025
TOI-1803 b,TOI-1803,,,1,119.24,178.04611,35.1718,,4687,0.715,0.756,-0.6536,0.06,6.29329,0,2.99,10.32,747,Transit,2025
TOI-1806.01,TOI-1806,,,1,55.521,166.11815,30.45858,,3272,0.402,0.393,,0.08774,15.14547,,3.41,,337,Transit,2024
TOI-1811 b,TOI-1811,,,1,128.23,188.92236,27.21438,,4766,0.769,0.817,-0.5602,0.04389,3.71308,0.052,11.142,308.929,962,Transit,2023
TOI-1814 b,TOI-1814,,,1,362.522,236.81688,77.23264,,4873,2.389,,,,6.36861,,5.185,,,Transit,2026
TOI-1820 b,TOI-1820,,,1,248.504,187.68672,27.452,,5734,1.51,1.04,,0.061,4.86067,0.043,12.778,731.005,1375,Transit,2022
TOI-1823 b,TOI-1823,,,1,71.646,196.21972,63.75326,,4927,0.805,0.841,-0.4609,0.212,38.8,0,7.541,67.4,424,Transit,2024
TOI-1824 b,TOI-1824,,,1,59.431,197.73123,61.74485,,5165,0.812,0.88,-0.3726,0.151,22.80853,0,2.744,16,529,Transit,2024
TOI-1836 b,TOI-1836,,148193,1,191.649,245.90792,54.69008,,6380,1.577,1.307,0.5682,0.1597,20.3808,0,8.003,38.457,966,Transit,2024
TOI-1836 c,TOI-1836,,148193,1,191.649,245.90792,54.69008,,6237,1.645,1.252,0.5698,0.03089,1.77275,0,2.6,8,2008,Transit,2024
TOI-1839 b,TOI-1839,,,1,116.086,196.83311,5.85205,,5316,0.848,,,,1.42378,,2.219,,,Transit,2026
TOI-1846 b,TOI-1846,,,1,47.25,257.95496,54.52785,,3568,0.397,0.418,-1.6371,0.03646,3.93067,,1.792,,568,Transit,2025
TOI-1853 b,TOI-1853,,,1,165.105,211.45935,16.99237,K2.5 V,4985,0.808,0.837,-0.4323,0.0213,1.24363,0.03,3.46,73.2,1479,Transit,2023
TOI-1855 b,TOI-1855,,,1,176.833,205.35395,17.68687,,5359,1.041,0.987,-0.0947,0.02398,1.36415,0.033,18.495,360.1,1701,Transit,2024
TOI-1859 b,TOI-1859,,,1,224.385,279.83176,69.52287,,6341,1.36,1.287,,0.337,63.48347,0.57,9.752,,,Transit,2023
TOI-1873 b,TOI-1873,,,1,182.014,212.56848,84.37186,,5598,0.972,,,,7.00573,,2.864,,,Transit,2026
TOI-1883 b,TOI-1883,,,1,115.369,134.08925,-12.93064,M,3477,0.494,0.492,-1.4938,0.0468,4.50638,,5.65,,525,Transit,2024
TOI-1898 b,TOI-1898,47288,,1,79.668,144.5553,23.54675,,6241,1.613,1.248,0.5512,0.269,45.52234,0.485,9.396,129,675,Transit,2024
TOI-1937 A b,TOI-1937 A,,,2,415.135,116.37072,-52.38326,,5814,1.08,1.072,0.0799,0.01932,0.94668,0,13.978,638.835,2097,Transit,2023
TOI-1994 b,TOI-1994,,,1,515.603,147.17458,-51.75656,,7700,2.3,1.86,1.2227,0.0613,4.03371,0.341,13.675,7024.008,2290,Transit,2024
TOI-2000 c,TOI-2000,,,1,175.713,146.39706,-66.68663,,5611,1.134,1.082,0.0596,0.0878,9.12706,0.063,8.14,81.7,1038,Transit,2023
TOI-2000 b,TOI-2000,,,1,175.713,146.39706,-66.68663,,5611,1.134,1.082,0.0596,0.04271,3.09833,0,2.7,11,1488,Transit,2023
TOI-2005 b,TOI-2005,,,1,328.475,164.03165,-43.3767,,7130,2.02,1.59,0.9624,0.16,17.3059,0.597,11.994,2034.102,,Transit,2025
TOI-2010 b,TOI-2010,,,1,109.19,292.16694,53.48737,F0,5929,1.079,1.112,0.1136,0.5516,141.83402,0.212,11.814,408.727,400,Transit,2023
TOI-2015 b,TOI-2015,,,1,47.344,232.13265,27.36107,M4 +/- 0.5,3297,0.327,0.304,-1.4921,0.02932,3.34824,0.079,3.309,9.2,531,Transit,2023
TOI-2019 b,TOI-2019,,,1,198.007,234.43177,48.95521,,5626,1.746,1.183,0.4407,0.128,15.3444,0,5.333,34.4,917,Transit,2024
TOI-2025 b,TOI-2025,,,1,335.985,282.79526,82.24541,,5977,1.459,1.199,0.3874,0.0892,8.8721,0.394,11.893,1144.182,1166,Transit,2022
Kepler-831 b,Kepler-831,,,1,593.54,294.98556,42.72774,,5732,0.97,0.99,,,5.62154,,1.27,,,Transit,2016
TOI-2031 A b,TOI-2031 A,,,2,276.105,331.11781,81.56595,,6490,1.241,1.174,0.3909,0.066,5.71549,0.076,14.202,254.263,1358,Transit,2025
KOI-217 b,KOI-217,,,1,914.699,294.86547,46.28581,,5545,0.86,0.95,,0.0477,3.90512,0,12.442,,,Transit,2010
Kepler-830 b,Kepler-830,,,1,,295.05424,42.75683,,6037,1.11,1.07,,,11.29695,,1.7,,,Transit,2016
TOI-2048 b,TOI-2048,,,1,116.567,237.92411,52.30631,G V,5185,0.79,0.83,-0.3872,,13.79019,0.13,2.61,,,Transit,2022
TOI-2068 b,TOI-2068,,,1,52.933,186.27356,60.41835,,3710,0.535,0.559,-1.3107,0.0632,7.76891,,1.821,,521,Transit,2024
Kepler-1746 b,Kepler-1746,,,1,979.541,288.3204,42.26139,,6018,1.286,1.09,,,321.21201,,8.935,,,Transit,2021
TOI-2071 b,TOI-2071,,,1,231.311,256.60118,57.66103,,5755,1.003,,,,5.67395,,2.565,,,Transit,2026
TOI-2084 b,TOI-2084,,,2,114.549,259.25454,72.74702,M2+/-0.5,3551,0.475,0.453,-1.4921,0.05006,6.07842,,2.47,,527,Transit,2023
TOI-2088 b,TOI-2088,,,1,126.46,261.37489,75.88228,,5081,0.848,0.903,-0.3615,0.472,124.72997,0,3.683,37,300,Transit,2024
TOI-2092 b,TOI-2092,,,1,176.759,212.54749,45.56387,,5842,1.052,,,,4.30326,,2.949,,,Transit,2026
TOI-2093 c,TOI-2093,,,1,82.798,302.73752,70.86965,K5 V,4426,0.729,0.745,-0.7357,0.257,53.81149,0,2.3,15.8,329,Transit,2025
TOI-2094 b,TOI-2094,,,1,50.025,254.14253,70.02732,M3 V,3435,0.384,0.425,-1.7447,0.136,18.79319,,1.9,,276,Transit,2026
TOI-2095 b,TOI-2095,,,1,41.918,285.63652,75.41851,M2.5 V,3759,0.44,0.44,-1.4589,0.101,17.66484,0,1.25,4.1,347,Transit,2023
TOI-2095 c,TOI-2095,,,1,41.918,285.63652,75.41851,M2.5 V,3759,0.44,0.44,-1.4589,0.137,28.17232,0,1.33,7.4,297,Transit,2023
TOI-2096 b,TOI-2096,,,1,48.481,151.6187,74.82721,M4,3300,0.235,0.231,-2.2277,0.025,3.11906,0.15,1.243,,445,Transit,2023
TOI-2096 c,TOI-2096,,,1,48.481,151.6187,74.82721,M4,3300,0.235,0.231,-2.2277,0.04,6.38784,0.1,1.914,,349,Transit,2023
TOI-2104 b,TOI-2104,,,1,76.742,151.61221,83.08784,,4856,0.724,,,,5.90437,,1.529,,,Transit,2026
TOI-2107 b,TOI-2107,,,1,236.705,286.79654,-58.69683,,5627,0.932,0.961,-0.1046,0.03515,2.45455,0.033,13.574,263.798,1397,Transit,2024
Kepler-829 b,Kepler-829,,,1,1073.76,282.33283,42.46381,,5698,0.97,0.98,,,6.88338,,2.11,,,Transit,2016
TOI-2120 b,TOI-2120,,,1,32.175,23.50731,65.51399,,3131,0.245,0.211,-2.2865,0.0377,5.79982,0.32,2.122,6.8,384,Transit,2024
Kepler-1745 b,Kepler-1745,,,1,996.105,293.46899,42.82236,,5611,1.4,0.995,,,3.01619,,1.929,,,Transit,2021
TOI-2128 b,TOI-2128,83827,,1,36.578,256.9818,32.1053,,5968,1.117,1.025,0.1562,0.127,16.34136,0,2.089,4.5,781,Transit,2024
TOI-2133 b,TOI-2133,,,1,75.197,261.24383,32.7984,,4250,0.62,0.644,,0.041,3.82665,,2.37,,798,Transit,2026
TOI-2134 b,TOI-2134,,,1,22.62,271.9355,39.07293,K5 V,4580,0.709,0.744,-0.7167,0.078,9.2292,0.06,2.69,9.13,666,Transit,2023
TOI-2134 c,TOI-2134,,,1,22.62,271.9355,39.07293,K5 V,4580,0.709,0.744,-0.7167,0.371,95.5,0.67,7.27,41.89,306,Transit,2023
TOI-2141 b,TOI-2141,,,1,77.682,258.76235,18.34034,,5635,0.95,0.896,,0.1322,18.26161,,3.147,20.1,728,Transit,2023
Kepler-422 b,Kepler-422,,,1,722.795,282.62963,46.32328,,5972,1.24,1.15,0.24,0.082,7.89145,,12.89,136.66,,Transit,2014
TOI-2145 b,TOI-2145,86040,,1,224.731,263.75808,40.69504,,6206,2.75,1.71,,0.1117,10.26113,0.214,12.24,1805.265,,Transit,2023
TOI-2152 A b,TOI-2152,,,3,303.006,26.33897,77.79012,F4 V,6630,1.612,1.516,0.6532,0.05064,3.37735,0.057,14.359,899.454,1802,Transit,2023
TOI-2154 b,TOI-2154,,,1,296.46,71.02815,84.36427,,6280,1.396,1.233,0.4346,0.0513,3.82408,0.117,16.287,292.402,1580,Transit,2023
Kepler-828 b,Kepler-828,,,1,575.322,286.88726,42.47123,,5039,0.77,0.81,,,0.56786,,1.51,,,Transit,2016
TOI-2158 b,TOI-2158,,,1,198.473,276.81005,20.52689,,5673,1.41,1.12,,0.075,8.60077,0.07,10.761,260.619,1188,Transit,2022
Kepler-293 b,Kepler-293,,,1,974.633,286.35806,42.40649,,5804,0.957,,,0.144,19.2542,,3.07,,,Transit,2014
TOI-2169 A b,TOI-2169 A,,,2,351.487,279.17011,23.25862,,6270,1.82,1.42,0.6656,0.0896,8.21483,0.045,12.509,329.588,1364,Transit,2025
Kepler-292 f,Kepler-292,,,1,1056.48,295.7662,42.42428,,5299,0.826,,,0.141,20.83424,,2.35,,,Transit,2014
TOI-2193 A b,TOI-2193 A,,,2,337.064,313.69123,-72.80464,,5966,1.248,1.082,0.2502,0.03319,2.12257,0,19.84,298.759,1763,Transit,2022
TOI-2194 b,TOI-2194,,,1,19.571,299.15634,-31.33518,,4756,0.691,0.74,,,15.3376,,1.989,,591,Transit,2023
TOI-2196 b,TOI-2196,,,1,259.947,312.34007,-70.48507,G V,5634,1.043,1.032,-0.0044,0.02234,1.19473,0,3.51,26,1860,Transit,2022
TOI-2200 b,TOI-2200,,,1,251.245,98.78351,-72.45678,,5036,0.826,,,,2.93603,,6.963,,,Transit,2026
TOI-2207 b,TOI-2207,,,1,373.345,307.59669,-44.88762,,6101,1.564,1.296,0.4843,0.0854,8.00197,0.174,11.153,203.41,1259,Transit,2022
Kepler-291 b,Kepler-291,,,1,1786.48,287.9163,42.43727,,6002,1.016,,,0.047,3.54651,,2.16,,,Transit,2014
TOI-2211.01,TOI-2211,101503,,1,70.293,308.53909,-29.67261,,5253,0.834,0.9,,0.04011,3.09269,,1.561,,,Transit,2024
TOI-2227 b,TOI-2227,,,1,165.441,337.51776,-67.85015,,5890,1.208,,,,4.22176,,3.099,,,Transit,2026
Kepler-61 b,Kepler-61,,,1,335.079,295.30449,42.47532,K7 V,4017,0.62,0.635,,,59.87756,0.25,2.15,,273,Transit,2013
TOI-2236 b,TOI-2236,,,1,355.59,20.16601,-86.97997,,6248,1.573,1.343,0.5327,0.05009,3.53159,0,14.37,502.169,1688,Transit,2022
Kepler-290 c,Kepler-290,,,1,694.627,286.41003,42.68151,,5147,0.743,,,0.205,36.77031,,2.7,,,Transit,2014
Kepler-1744 b,Kepler-1744,,,1,1091.63,291.02068,42.46246,,5986,0.85,0.886,,,37.1011,,3.768,,,Transit,2021
Kepler-423 b,Kepler-423,,,1,758.753,292.85572,46.39119,G4 V,5560,0.95,0.85,,0.03585,2.68433,0.019,13.361,189.101,1605,Transit,2014
Kepler-1987 d,Kepler-1987,,,1,595.683,295.82547,42.94337,,4769,0.714,0.799,,0.0571,5.64491,0,2.66,,744,Transit,2023
TOI-2266 b,TOI-2266,,,1,51.6,245.28004,31.57704,M5.0+0.5-0.5,3200,0.24,0.23,,0.02,2.32632,,1.54,,550,Transit,2024
TOI-2267 c,TOI-2267 A,,,2,,65.0615,84.90082,M5 V,3030,0.207,0.171,-2.4815,0.0263,3.49504,,1.14,,374,Transit,2025
TOI-2267 b,TOI-2267 A,,,2,,65.0615,84.90082,M5 V,3030,0.207,0.171,-2.4815,0.0205,2.28909,,1,,424,Transit,2025
TOI-2274 b,TOI-2274,,,1,48.876,277.45931,40.54141,M,3943,0.631,0.612,-1.0623,0.05,2.67963,,2.45,,771,Transit,2024
Kepler-827 b,Kepler-827,,,1,2046.68,294.966,42.70856,,5602,0.91,0.93,,,51.92928,,5.63,,,Transit,2016
TOI-2295 b,TOI-2295,,,1,126.279,281.5762,50.49247,,5730,1.459,1.168,0.3139,0.1992,30.0333,0.334,16.477,278.1,747,Transit,2024
Kepler-289 c,Kepler-289,,,1,704.438,297.46534,42.88285,,5990,1,1.08,0.061,,125.8723,,11.23,157.18,,Transit,2014
TOI-2322 c,TOI-2322,,,1,59.861,116.9731,-71.00197,K4,4664,0.662,0.703,-0.7423,0.1362,20.22553,0,1.874,18.1,497,Transit,2025
TOI-2322 b,TOI-2322,,,1,59.861,116.9731,-71.00197,K4,4664,0.662,0.703,-0.7423,0.0924,11.30717,0,0.994,2.31,603,Transit,2025
TOI-2328 b,TOI-2328,,,1,231.782,31.69074,-81.24738,,5525,0.9,0.95,-0.1701,0.127,17.10197,0.057,9.976,50.853,842,Transit,2025
TOI-2338 b,TOI-2338,,,1,313.996,81.34458,-34.66825,,5581,1.05,0.99,-0.0132,0.158,22.65398,0.676,11.209,1900.614,799,Transit,2023
TOI-2345 b,TOI-2345,,,1,81.654,43.88479,-34.97797,K,4687,0.729,0.727,-0.6364,0.01705,1.05286,,1.504,3.49,1478,Transit,2025
TOI-2345 c,TOI-2345,,,1,81.654,43.88479,-34.97797,K,4687,0.729,0.727,-0.6364,0.1257,21.0643,,2.451,7.27,544,Transit,2025
TOI-2346 b,TOI-2346,,,1,437.484,88.09291,-13.37247,,6480,1.38,1.271,0.4814,0.0473,3.3312,0.086,16.119,394.107,1689,Transit,2025
Kepler-487 c,Kepler-487,,,1,872.343,295.28723,41.222,,5444,0.88,0.91,,,38.652,,2.68,,,Transit,2016
Kepler-458 c,KIC 9663113,,,1,1594.74,297.0454,46.32867,,6117,2.216,1.15,0.7919,,20.74028,,4.2,,,Transit,2016
TOI-2364 b,TOI-2364,,,1,219.614,89.13003,-5.01203,,5306,0.886,0.954,-0.2518,0.04871,4.01975,0,8.608,71.511,1091,Transit,2023
Kepler-889 b,Kepler-889,,,1,598.313,291.46745,50.75956,,5961,1.25,1.14,,,3.74444,,1.09,,,Transit,2016
TOI-2368 b,TOI-2368,,,1,210.915,134.95762,-48.48849,,5360,0.846,0.897,-0.2749,0.05649,5.17501,0.061,10.839,206.588,1000,Transit,2024
TOI-2373 b,TOI-2373,,,1,508.686,61.68622,-16.75575,,5651,1.102,1.041,0.0512,0.112,13.33668,0.112,10.424,2955.804,860,Transit,2023
TOI-2374 b,TOI-2374,,,2,134.655,319.49824,-22.04982,,5002,0.711,0.802,-0.5452,0.04818,4.31362,,7.488,61.659,926,Transit,2024
Kepler-888 b,Kepler-888,,,1,420.817,295.52129,49.73868,,5875,0.9,0.97,,,70.69791,,1.76,,,Transit,2016
TOI-2379 b,TOI-2379,,,1,211.247,358.09205,-53.04316,,3707,0.622,0.645,,0.05263,5.46938,0.342,11.725,1830.692,624,Transit,2024
TOI-2382 b,TOI-2382,,,1,434.92,356.37519,-16.11412,,6033,1.417,1.26,0.3797,0.059,4.66121,0.18,12.251,235.193,1426,Transit,2025
TOI-2384 b,TOI-2384,,,1,191.51,36.15615,-65.0002,,3943,0.611,0.635,,0.02793,2.1357,0,11.489,624.851,890,Transit,2024
Kepler-887 b,Kepler-887,,,1,886.588,290.09079,39.81691,,6194,1.29,1.19,,,20.42229,,1.84,,,Transit,2016
Kepler-886 b,Kepler-886,,,1,711.297,286.27172,43.5952,,6098,1.16,1.1,,,6.24146,,1.52,,,Transit,2016
TOI-2407 b,TOI-2407,,,1,92.437,49.74654,-46.45802,,3530,0.567,0.548,-1.3487,0.033,2.70297,0.08,4.26,,705,Transit,2025
Kepler-885 b,Kepler-885,,,1,651.318,288.66157,49.73715,,6187,1.35,1.21,,,18.11473,,2.5,,,Transit,2016
TOI-2416 b,TOI-2416,,,1,557.733,57.33894,-60.78719,,5808,1.236,1.118,0.197,0.0831,8.27548,0.32,9.864,953.485,1080,Transit,2023
TOI-2420 b,TOI-2420,,,1,435.174,14.82681,-19.77116,,,2.369,1.158,0.6866,0.0684,5.84264,0.055,15.02,294.627,1572,Transit,2024
TOI-2421 b,TOI-2421,,,1,327.927,33.15402,-35.39092,,5607,1.75,1.131,0.436,0.0543,4.3474,0,10.368,105.837,1534,Transit,2022
TOI-2431 b,TOI-2431,11707,,1,36.056,37.7653,8.38163,K7 V,4109,0.651,0.661,-0.9626,0.0063,0.2242,0,1.534,6.2,2063,Transit,2026
Kepler-853 b,Kepler-853,,,1,568.676,283.93678,49.11027,,6350,1.55,1.3,,,7.16892,,1.69,,,Transit,2016
TOI-2447 b,TOI-2447,,,1,148.987,70.99759,-31.90664,,5730,1.006,1.034,,0.347,69.33684,0.17,9.606,124.907,414,Transit,2024
TOI-2449 b,TOI-2449,,,1,156.786,67.98437,-34.45553,G,6021,1.065,1.079,,0.45,106.14468,0.098,11.24,222,400,Transit,2025
Kepler-852 b,Kepler-852,,,1,1619.03,297.39159,48.56069,,6100,1.16,1.19,,,44.93098,,2.54,,,Transit,2016
TOI-2453 b,TOI-2453,,,1,81.904,74.83748,12.93635,,3720,0.502,,,,4.44143,,3.244,,,Transit,2026
TOI-2458 b,TOI-2458,,34562,1,112.958,79.62153,1.25344,F9-F9.5,6005,1.31,1.05,,0.0482,3.73659,0.087,2.83,13.31,1509,Transit,2024
TOI-2459 b,TOI-2459,,,1,36.611,82.14333,-39.37305,,4195,0.675,0.66,,,19.10472,,2.953,,445,Transit,2023
Kepler-26 b,Kepler-26,,,1,335.307,284.94106,46.56645,,3914,0.512,0.544,,,12.28,,2.78,5.12,,Transit,2011
Kepler-884 b,Kepler-884,,,1,476.733,292.58443,49.9232,,5715,0.94,1,,,5.6992,,1.23,,,Transit,2016
TOI-2485 b,TOI-2485,,,1,397.953,205.20432,22.98397,,,1.72,1.163,0.5198,0.1093,11.23479,0.034,12.139,766.602,1134,Transit,2024
Kepler-883 b,Kepler-883,,,1,627.455,286.43373,50.30023,,6116,1.09,1.06,,,12.98496,,1.78,,,Transit,2016
Kepler-59 c,Kepler-59,,,1,1163.22,287.03949,46.64017,,6074,0.94,1.04,,,17.98012,,1.98,,,Transit,2012
TOI-2497 b,TOI-2497,,,1,285.289,90.06259,11.88406,,7360,2.36,1.859,1.1673,0.1166,10.65567,0.195,11.142,1531.933,1595,Transit,2023
TOI-2498 b,TOI-2498,,,1,275.265,95.41622,11.25165,,5905,1.26,1.12,,0.0491,3.73825,0.089,6.06,34.62,1443,Transit,2023
Kepler-882 b,Kepler-882,,,1,504.605,294.65003,43.33561,,5476,0.87,0.9,,,3.98954,,1.23,,,Transit,2016
TOI-2518 b,TOI-2518,,,1,160.825,105.44485,-34.91969,,5751,0.993,,,,6.89797,,2.268,,,Transit,2026
TOI-2524 b,TOI-2524,,,1,438.842,160.88684,-1.9127,,5831,1.119,1.007,0.1163,0.073,7.18585,0,11.209,203.41,1100,Transit,2023
TOI-2525 b,TOI-2525,,,1,395.398,86.85097,-60.52131,K8 V,5096,0.785,0.849,-0.4401,0.1511,23.2856,0.17,8.676,26.698,,Transit,2023
TOI-2525 c,TOI-2525,,,1,395.398,86.85097,-60.52131,K8 V,5096,0.785,0.849,-0.4401,0.249,49.2519,0.157,10.133,208.813,,Transit,2023
Kepler-881 b,Kepler-881,,,1,1375.18,288.99255,46.67065,,5961,1.09,1.06,,,4.44448,,1.78,,,Transit,2016
TOI-2529 b,TOI-2529,,,1,296.271,118.99454,-52.35483,,5802,1.7,1.11,0.4639,0.327,64.5949,0.021,11.545,743.718,636,Transit,2024
Kepler-880 b,Kepler-880,,,1,601.324,281.97123,43.67278,,6761,1.74,1.46,,,7.71469,,2.66,,,Transit,2016
TOI-2537 b,TOI-2537,,,1,184.986,54.38827,10.05775,,4870,0.771,0.771,-0.5214,0.3715,94.1022,0.364,11.254,415.402,338,Transit,2024
TOI-2545 b,TOI-2545,,,1,107.118,135.5458,-3.42082,,5846,1.253,1.055,0.2183,,7.99404,,2.75,,,Transit,2022
Kepler-43 b,Kepler-43,,,1,1005.84,285.24083,46.66824,,6041,1.42,1.32,,0.046,3.02409,,13.664,1026.591,1620,Transit,2011
Kepler-879 b,Kepler-879,,,1,802.672,295.80655,50.90975,,5792,1.02,1.02,,,33.38559,,2.57,,,Transit,2016
TOI-2567 b,TOI-2567,,,1,504.775,288.46567,66.34794,,5611,1.686,1.13,0.4048,0.0672,5.98394,0,10.929,63.884,1352,Transit,2022
TOI-2570 b,TOI-2570,,,1,361.857,87.18804,32.08404,,5771,1.095,1.063,0.0788,0.04145,2.98876,0,13.641,260.619,1431,Transit,2022
Kepler-878 b,Kepler-878,,,1,791.625,285.29626,46.60345,,5044,0.77,0.81,,,25.9422,,1.93,,,Transit,2016
TOI-2580 b,TOI-2580,,,1,379.253,62.19921,67.11653,F,6120,1.81,1.33,0.6159,0.048,3.39775,0.08,17.374,200.232,2410,Transit,2024
TOI-2583 A b,TOI-2583 A,,,2,566.189,272.26703,45.3369,,5936,1.477,1.215,0.3883,0.0571,4.52073,0,14.46,79.457,1456,Transit,2023
TOI-2587 A b,TOI-2587 A,,,2,373.675,115.93171,-1.07333,,5760,1.726,1.15,0.4713,0.0635,5.45664,0,12.072,69.287,1445,Transit,2023
Kepler-877 b,Kepler-877,,,1,602.176,289.8591,46.52274,,5261,0.81,0.85,,,18.45847,,2.12,,,Transit,2016
TOI-2589 b,TOI-2589,,,1,200.273,107.48815,-37.23095,,5579,1.07,0.93,-0.0044,0.3,61.6277,0.522,12.106,1112.399,592,Transit,2023
Kepler-876 b,Kepler-876,,,1,820.913,283.47817,43.38372,,5060,0.77,0.81,,,5.14438,,1.43,,,Transit,2016
Kepler-875 b,Kepler-875,,,1,1242.62,297.30125,43.14183,,5958,1.11,1.06,,,27.50738,,2.9,,,Transit,2016
Kepler-874 b,Kepler-874,,,1,1082.16,294.95685,43.0143,,6020,1.13,1.09,,,40.06867,,3.94,,,Transit,2016
Kepler-873 b,Kepler-873,,,1,1182.22,296.40313,51.27128,,6163,1.27,1.18,,,20.55338,,3.75,,,Transit,2016
Kepler-303 b,Kepler-303,,,1,209.738,283.13547,43.6567,,3944,0.485,,,0.024,1.93705,,0.89,,,Transit,2014
TOI-2641 b,TOI-2641,,,1,344.045,171.13037,-42.73214,F9 V,6100,1.336,1.16,0.3404,0.0607,4.88097,0.18,18.103,122.682,1387,Transit,2023
TOI-2654 b,TOI-2654,,,1,248.964,52.98154,-47.99469,,4594,0.756,,,,2.9676,,7.945,,,Transit,2026
Kepler-872 b,Kepler-872,,,1,879.683,295.41747,43.60561,,5902,1.08,1.05,,,2.57886,,1.99,,,Transit,2016
Kepler-871 b,Kepler-871,,,1,1976.05,294.52706,43.36813,,5993,1.14,1.11,,,22.0459,,3.74,,,Transit,2016
Kepler-870 b,Kepler-870,,,1,1259.46,295.40256,50.4786,,5857,1.02,1.01,,,21.35876,,2.78,,,Transit,2016
TOI-2714 b,TOI-2714,,,1,597.873,61.40125,-14.92675,,5665,1.25,1.07,0.1602,0.036,2.49939,0.164,13.72,228,1603,Transit,2024
TOI-2719 b,TOI-2719,,,1,588.368,71.55494,-0.80487,,5762,1.69,1.02,,,3.37594,,5.98,,1710,Transit,2025
NGTS-31 b,NGTS-31,,,1,497.376,80.42125,-38.65683,,5710,1.7,0.96,,0.064,4.16273,0,18.046,355.968,1410,Transit,2025
Kepler-869 b,Kepler-869,,,1,939.455,289.4246,50.99412,,5664,0.95,0.97,,,40.42878,,3.61,,,Transit,2016
Kepler-868 b,Kepler-868,,,1,1593.13,282.36353,46.67524,,5614,0.89,0.93,,,5.03252,,2.05,,,Transit,2016
Kepler-867 b,Kepler-867,,,1,1195.54,287.28526,51.24995,,5541,0.91,0.92,,,150.24213,,4.64,,,Transit,2016
TOI-2768 b,TOI-2768,,,1,78.453,99.36413,-15.4812,M,4008,0.657,0.63,-0.998,0.027,1.50801,,2.63,,855,Transit,2024
KOI-13 b,KOI-13,,,3,519.096,286.97139,46.86825,,7650,1.74,1.72,,0.03641,1.76359,0.001,16.948,2949.462,2550,Transit,2011
Kepler-866 b,Kepler-866,,,1,646.667,290.12221,43.08541,,4751,0.71,0.75,,,2.61703,,1.63,,,Transit,2016
Kepler-865 b,Kepler-865,,,1,586.137,297.72423,43.52728,,5570,0.92,0.93,,,14.16399,,2.49,,,Transit,2016
TOI-2796 b,TOI-2796,,,1,350.343,84.15272,0.89628,,5764,1.069,1.063,0.0554,0.0569,4.8085,0,17.262,139.844,1205,Transit,2023
TOI-2803 A b,TOI-2803 A,,,2,494.818,93.11474,-23.4925,,6280,1.245,1.118,0.3365,0.03185,1.96229,0,18.114,309.883,1893,Transit,2023
Kepler-864 b,Kepler-864,,,1,2022.9,285.05709,46.32061,,5754,1,1,,,5.83376,,2.4,,,Transit,2016
TOI-2818 b,TOI-2818,,,1,312.674,119.05982,-35.11671,,5721,1.229,0.977,0.1643,0.0493,4.03971,0,15.278,225.658,1376,Transit,2023
Kepler-863 b,Kepler-863,,,1,1499.66,297.66447,43.24899,,5678,0.95,0.96,,,15.59462,,2.9,,,Transit,2016
TOI-2842 b,TOI-2842,,,1,460.995,108.04421,-10.63934,,5910,1.265,1.135,0.2455,0.0475,3.55141,0,12.845,117.597,1471,Transit,2023
Kepler-1754 b,Kepler-1754,,,1,718.945,295.45708,50.07718,,4723,0.747,0.734,,,8.19595,,2.44,,,Transit,2021
Kepler-862 b,Kepler-862,,,1,1039.03,297.77925,46.49267,,5333,0.84,0.88,,,3.14866,,2.21,,,Transit,2016
TOI-2876 b,TOI-2876,,,1,225.744,110.24735,-21.11464,,5271,0.873,0.939,-0.2765,0.0654,6.29964,0.13,9.64,54.031,929,Transit,2025
TOI-2886 b,TOI-2886,,,1,413.673,110.00766,-10.56984,,6240,1.241,1.229,0.3222,0.02871,1.602,0.11,18.641,444.96,1978,Transit,2025
Kepler-1753 b,Kepler-1753,,,1,707.688,288.23666,46.60587,,5180,0.769,0.86,,,16.0046,,2.227,,,Transit,2021
Kepler-861 b,Kepler-861,,,1,850.327,292.35396,46.22625,,5047,0.78,0.82,,,3.94963,,2.28,,,Transit,2016
Kepler-302 c,Kepler-302,,,1,1402.58,294.31693,43.62924,,5740,1.22,,,0.503,127.28218,,12.45,,,Transit,2014
TOI-2969 b,TOI-2969,,,1,163.996,150.06262,-47.44524,K3 V,4738,0.7,0.71,-0.585,0.0261,1.82371,0,12.33,368.681,1186,Transit,2025
Kepler-102 e,Kepler-102,,,1,107.796,281.48247,47.20783,,4909,0.724,0.803,,0.1162,16.1457,0.089,2.17,4.7,590,Transit,2013
Kepler-860 b,Kepler-860,,,1,1056.36,295.57727,46.2547,,5836,1.06,1.04,,,5.10138,,3.24,,,Transit,2016
TOI-2977 b,TOI-2977,,,1,,143.92652,-60.35748,,5691,1.073,0.936,0.037,0.03386,2.35056,0,13.159,533.952,1544,Transit,2023
TOI-2981 b,TOI-2981,,,1,527.789,163.48739,-25.5246,,5940,1.08,1.03,0.1159,0.048,3.6015,0.035,13.4,638,1358,Transit,2024
Kepler-859 b,Kepler-859,,,1,839.903,286.74183,43.19012,,5020,0.77,0.81,,,20.38178,,3.09,,,Transit,2016
TOI-2986 b,TOI-2986,,,1,563.149,163.77156,-6.47845,,5906,1.458,1.122,0.3677,0.04489,3.27837,0.14,9.292,96.62,1622,Transit,2025
TOI-2989 b,TOI-2989,,,1,195.795,171.23168,-27.06236,K4 V,4672,0.76,0.77,-0.7376,0.0384,3.12283,0,12.554,953.485,1001,Transit,2025
TOI-2992 b,TOI-2992,,,1,542.026,164.31656,-32.32244,,6000,1.545,1.21,0.4456,0.0434,3.00781,0.089,13.753,1058.369,1726,Transit,2025
Kepler-858 b,Kepler-858,,,1,298.532,288.84886,51.20904,,5653,0.91,0.96,,,76.13602,,4.87,,,Transit,2016
TOI-3023 b,TOI-3023,,,1,389.916,165.31582,-72.3567,,5760,1.668,1.12,0.444,0.0505,3.9015,0,16.432,197.054,1596,Transit,2023
Kepler-1752 b,Kepler-1752,,,1,962.888,290.85414,51.22274,,5446,0.821,0.824,,,56.3585,,4.541,,,Transit,2021
Kepler-1669 c,Kepler-1669,,,1,543.444,297.43038,39.84788,,4224,0.603,0.609,,,1.60932,,1.901,,,Transit,2021
Kepler-419 b,Kepler-419,,,1,1011.36,295.41791,51.18476,,6430,1.74,1.39,,0.37,69.7546,0.833,10.8,794.5,,Transit,2014
Kepler-857 b,Kepler-857,,,1,983.502,294.6324,43.40045,,5773,0.99,0.99,,,85.35129,,6.8,,,Transit,2016
TOI-3071 b,TOI-3071,,,1,485.219,173.27905,-56.50339,,6177,1.31,1.29,,0.0249,1.26694,0.09,7.16,68.2,2155,Transit,2024
Kepler-14 b,Kepler-14,,,2,,287.70881,47.33305,,6395,2.048,1.512,0.799,,6.79012,0.035,12.733,2669.66,,Transit,2011
TOI-3082 b,TOI-3082,,,1,113.048,195.90807,-19.21898,,4263,0.685,0.664,,,1.92691,,3.662,,1033,Transit,2023
Kepler-1668 b,Kepler-1668,,,1,1335.64,297.35231,46.09593,,5542,1.017,0.98,-0.0557,,15.434,,4.348,,,Transit,2020
TOI-3135 b,TOI-3135,,,1,221.673,207.85923,-69.77256,,5890,0.985,1.044,0.0212,0.04756,3.70656,0.24,13.653,327.363,1292,Transit,2025
TOI-3160 A b,TOI-3160 A,,,2,567.678,224.56586,-27.68255,,6190,1.346,1.088,0.3784,0.0505,3.97128,0.18,13.765,378.216,1539,Transit,2025
Kepler-94 b,Kepler-94,,,1,191.904,281.19473,47.49726,,4781,0.76,0.81,,,2.50806,,3.51,10.84,,Transit,2014
Kepler-856 b,Kepler-856,,,1,1351.17,289.60384,46.31491,,5535,0.93,0.96,,,8.02768,,9.3,,,Transit,2016
NGTS-27 b,NGTS-27,,,1,942.122,206.02653,-32.52297,,5700,1.77,1.07,0.5138,0.0446,3.37042,0,15.648,188.472,1783,Transit,2024
Kepler-855 b,Kepler-855,,,1,1506.58,295.09496,43.53757,,5835,1.03,1.03,,,7.88663,,8.35,,,Transit,2016
TOI-3235 b,TOI-3235,,,1,72.811,207.47385,-46.06651,M V,3389,0.37,0.394,-1.7897,0.02709,2.59262,0.029,11.4,211.356,604,Transit,2023
TOI-3261 b,TOI-3261,,,1,300.141,47.72852,-73.53197,K1.5+/-1,5068,0.849,0.861,-0.3665,0.01714,0.88313,0,3.82,30.3,1722,Transit,2024
Kepler-125 b,Kepler-125,,,1,183.365,298.25811,47.605,,3810,0.512,,,0.041,4.16439,,2.37,,,Transit,2014
TOI-3288 b,TOI-3288,,,2,200.5,297.11032,-43.018,M0&plusmn;0.5,4072,0.672,0.643,-0.9519,0.02285,1.43386,0.021,12.24,536.177,973,Transit,2025
TOI-3321 b,TOI-3321,,,1,285.895,265.76034,-65.00825,,5850,1.549,1.041,0.4048,0.047,3.65251,0.054,15.558,176.077,1616,Transit,2024
TOI-3331 A b,TOI-3331 A,,,2,217.193,271.32417,-34.10717,,5609,0.952,1.016,-0.0931,0.03144,2.01802,0,12.98,721.47,1488,Transit,2022
TOI-3353.01,TOI-3353,,,1,78.758,106.52981,-75.81956,,6365,1.021,1.332,,0.06012,4.6658,,2.667,,1264,Transit,2024
TOI-3364 b,TOI-3364,,,1,277.899,144.53777,-49.33522,,5706,1.419,1.186,0.2856,0.0675,5.87689,0,12.229,530.773,1264,Transit,2023
TOI-3457 b,TOI-3457,,,1,370.666,183.20827,-79.7572,,6300,1.474,1.04,0.2927,0.2001,32.60027,0.59,10.64,797.749,824,Transit,2026
TOI-3464 b,TOI-3464,,,1,597.774,234.48304,-44.78998,,6370,1.56,1.363,0.5587,0.0515,3.65156,0.25,13.765,397.286,1693,Transit,2025
TOI-3474 b,TOI-3474,,,1,420.123,233.50335,-47.96366,,6020,1.256,1.121,0.2695,0.0502,3.87951,0.13,14.673,193.875,1451,Transit,2025
Kepler-890 b,Kepler-890,,,1,1712.12,288.43572,43.76347,,5954,1.13,1.09,,,52.75876,,8.89,,,Transit,2016
TOI-3486 b,TOI-3486,,,1,154.715,249.4432,-59.30511,,4930,0.788,0.837,-0.4828,0.03138,2.21778,0.078,10.57,99.162,1190,Transit,2025
TOI-3493 b,TOI-3493,,119355,1,96.722,205.79903,-22.58544,G1/2 V,5844,1.228,1.023,,,8.15947,,3.22,8.97,1102,Transit,2025
TOI-3523 A b,TOI-3523 A,,,3,645.294,304.28346,42.90653,,6450,1.448,1.131,0.5145,0.03559,2.30459,0.047,15.973,435.425,1984,Transit,2025
Kepler-304 b,Kepler-304,,,1,434.684,294.4418,40.55754,,4731,0.687,,,0.039,3.29571,,2.86,,,Transit,2014
TOI-3540 A b,TOI-3540 A,,,2,,328.91137,28.1795,,5810,1.228,1.081,0.19,0.04289,3.12,0,23.539,375.038,1498,Transit,2022
TOI-3568 b,TOI-3568,,,1,197.906,322.60237,34.73958,,4969,0.719,0.78,0.33,0.0485,4.41796,0.035,5.3,26.4,899,Transit,2024
Kepler-305 b,Kepler-305,,,1,868.477,299.22426,40.34317,,,0.8,0.76,,,5.487,,3.6,10.5,,Transit,2013
TOI-3593 b,TOI-3593,,,1,226.63,331.50636,34.21166,,5550,0.918,1.015,-0.1415,0.0481,3.82129,0.105,11.03,565.735,1170,Transit,2025
Kepler-891 b,Kepler-891,,,1,2340.58,291.08376,40.35523,,5887,1.07,1.06,,,53.44946,,6.41,,,Transit,2016
Kepler-306 c,Kepler-306,,,1,775.679,288.53871,40.61605,,4954,0.719,,,0.067,7.24019,,2.35,,,Transit,2014
Kepler-892 b,Kepler-892,,,1,570.727,283.12964,43.8881,,4747,0.72,0.75,,,13.75211,,2.81,,,Transit,2016
Kepler-893 b,Kepler-893,,,1,1285.59,284.96306,43.91303,,5820,0.99,1,,,6.33856,,3.03,,,Transit,2016
TOI-3682 b,TOI-3682,,,1,404.211,50.27523,25.29727,,5703,1.735,1.32,0.4579,0.048,3.34624,0.22,12.801,69.287,1657,Transit,2025
Kepler-17 b,Kepler-17,,,1,720.753,298.39524,47.81499,,5781,1.01,1.04,0.0116,0.02591,1.48571,0.011,14.68,778.65,1570,Transit,2011
Kepler-894 b,Kepler-894,,,1,1162.91,288.73405,46.93936,,5603,0.85,0.87,,,9.80322,,2.78,,,Transit,2016
TOI-3688 A b,TOI-3688 A,,,2,396.378,39.28234,54.85122,,5950,1.302,1.199,0.2833,0.0456,3.24607,0,13.081,311.472,1534,Transit,2023
TOI-3693 b,TOI-3693,,,1,176.436,15.65439,51.30389,,5321,0.791,0.867,-0.3439,0.0813,9.08852,0,12.599,324.185,801,Transit,2022
Kepler-1755 b,Kepler-1755,,,1,982.383,296.84609,40.13858,,6086,0.921,1.003,,,24.8121,,5.917,,,Transit,2021
Kepler-87 b,Kepler-87,,,1,1232.9,297.91684,46.96511,,5600,1.82,1.1,,0.481,114.73635,0.036,13.49,324.2,478,Transit,2013
Kepler-307 b,Kepler-307,,,1,575.581,297.79509,40.41764,,5367,0.814,0.907,,,10.4208,,2.43,7.44,,Transit,2013
Kepler-895 b,Kepler-895,,,1,540.134,289.2907,51.40899,,4315,0.61,0.65,,,2.80624,,1.54,,,Transit,2016
TOI-3757 b,TOI-3757,,,1,181.139,91.00364,55.01998,M0 V,3913,0.62,0.64,-1.0605,0.03845,3.43875,0.14,12,85.3,759,Transit,2022
Kepler-896 c,Kepler-896,,,1,2334.93,282.43914,43.73443,,5510,0.803,0.877,,0.1792,29.54226,0,3.15,,515,Transit,2023
TOI-3785 b,TOI-3785,,,1,79.763,130.90023,63.07808,M2 V,3576,0.5,0.52,-1.4353,0.043,4.67474,0.11,5.14,14.95,582,Transit,2023
Kepler-107 e,Kepler-107,,,1,525.997,297.02816,48.2086,,5854,1.447,1.238,,0.12638,14.74914,0.1,2.903,14.1,955,Transit,2014
WASP-194 b,WASP-194,,,1,476.831,295.38771,56.2178,,6405,1.409,1.29,,0.047,3.18339,0,15.48,373.131,1693,Transit,2025
Kepler-897 b,Kepler-897,,,1,1519.25,290.5868,51.69577,,5839,1.04,1.03,,,8.04726,,2.39,,,Transit,2016
TOI-3807 b,TOI-3807,,,1,421.745,139.11256,69.07413,,5772,1.468,1.181,0.3324,0.0421,2.89897,0,18.495,330.542,1646,Transit,2023
Kepler-898 b,Kepler-898,,,1,484.891,286.58541,46.87089,,4223,0.62,0.65,,,5.87062,,1.49,,,Transit,2016
TOI-3819 b,TOI-3819,,,1,558.141,121.86326,29.38864,,5859,1.538,1.242,0.3997,0.04611,3.24431,0,13.137,352.79,1633,Transit,2023
Kepler-899 b,Kepler-899,,,1,1246.43,297.48256,40.68074,,5595,0.91,0.93,,,19.17891,,2.68,,,Transit,2016
Kepler-900 b,Kepler-900,,,1,487.525,296.17727,46.99896,,4836,0.73,0.78,,,6.99131,,2.08,,,Transit,2016
TOI-3837 b,TOI-3837,,,1,311.705,152.66628,24.27312,,5905,1.2,0.89,0.1962,0.099,11.88865,0.221,10.873,187.519,1178,Transit,2025
Kepler-901 b,Kepler-901,,,1,253.867,291.15281,40.88768,,4184,0.57,0.59,,,3.51749,,1.37,,,Transit,2016
TOI-3856 b,TOI-3856,,,1,314.443,145.22292,27.95016,,5622,1.055,1.096,0.0009,0.0325,2.0436,0.083,13.596,171.627,1544,Transit,2025
Kepler-84 b,Kepler-84,,,1,1023.9,298.25202,40.49608,,,1.43,1,,,8.726,,2.23,,,Transit,2012
TOI-3862 b,TOI-3862,,,1,249.02,185.90056,50.54462,,5300,0.92,0.9,,0.02539,1.55746,0.023,5.53,53.7,1539,Transit,2026
TOI-3877 b,TOI-3877,,,1,493.77,170.45447,33.99138,,5731,1.445,1.16,0.3075,0.0529,4.1236,0.22,11.68,99.798,1445,Transit,2025
Kepler-1757 b,Kepler-1757,,,1,807.308,297.73978,46.9419,,5288,0.74,0.828,,,19.6564,,2.947,,,Transit,2021
TOI-3884 b,TOI-3884,,,1,43.145,181.57183,12.50703,,3180,0.302,0.298,,0.0361,4.54458,0.06,6.43,32.59,441,Transit,2022
TOI-3894 b,TOI-3894,,,1,417.365,201.37483,52.7681,,6000,1.502,1.138,0.419,0.05354,4.33454,0.05,15.278,260.619,1531,Transit,2024
TOI-3896 b,TOI-3896,,,1,181.653,187.93024,63.90855,,5111,0.748,,,,4.3773,,3.149,,,Transit,2026
Kepler-308 b,Kepler-308,,,1,1335.92,295.78524,40.43958,,5895,0.941,,,0.09,9.69493,,2.12,,,Transit,2014
TOI-3912 b,TOI-3912,,,1,465.992,215.8015,24.07656,,5725,1.392,1.088,0.2732,0.0463,3.49363,0,14.28,129.038,1512,Transit,2023
TOI-3919 b,TOI-3919,,,1,604.591,208.94475,40.39181,,6100,1.319,1.208,0.3361,0.0795,7.43323,0.259,12.319,1233.174,1198,Transit,2024
Kepler-902 b,Kepler-902,,,1,1165.34,289.73171,46.95387,,5647,0.93,0.95,,,40.10995,,2.54,,,Transit,2016
Kepler-309 b,Kepler-309,,,1,544.568,297.50989,46.96141,,4713,0.721,,,0.059,5.92365,,1.56,,,Transit,2014
Kepler-310 c,Kepler-310,,,1,602.268,288.83928,46.98675,,5797,0.876,,,0.281,56.47542,,3.38,,,Transit,2014
KOI-1599.01,KOI-1599,,,1,1131.64,298.37384,40.61845,,,0.972,1.02,,0.14728,20.4415,0.014,1.9,4.6,,Transit,2019
TOI-3976 A b,TOI-3976 A,,,2,516.087,224.35601,44.27432,,5975,1.501,1.254,0.413,0.0743,6.60766,0,12.274,55.62,1295,Transit,2023
TOI-3980 b,TOI-3980,,,1,486.721,12.84194,59.57586,,5840,1.626,1.24,0.4425,0.0494,3.60893,0.16,14.46,187.519,1621,Transit,2025
Kepler-903 b,Kepler-903,,,1,1369.24,288.77101,40.66418,,5682,0.97,0.98,,,10.35077,,2.01,,,Transit,2016
TOI-3984 A b,TOI-3984 A,,,2,108.883,226.33715,36.78697,M4+/-0.5,3476,0.47,0.49,,0.041,4.35333,0.23,7.9,44,563,Transit,2023
Kepler-1758 b,Kepler-1758,,,1,1588.41,297.79682,39.92134,,5557,1.616,1.035,,,9.97721,,2.571,,,Transit,2021
Kepler-904 b,Kepler-904,,,1,978.125,288.8229,40.38901,,6160,1.25,1.16,,,3.02167,,1.77,,,Transit,2016
TOI-4010 c,TOI-4010,,,1,177.504,20.21482,66.0722,K V,4960,0.83,0.88,,0.058,5.41465,0.03,5.93,20.31,907,Transit,2023
TOI-4010 d,TOI-4010,,,1,177.504,20.21482,66.0722,K V,4960,0.83,0.88,,0.113,14.70886,0.07,6.18,38.15,650,Transit,2023
TOI-4010 b,TOI-4010,,,1,177.504,20.21482,66.0722,K V,4960,0.83,0.88,,0.0229,1.34834,0.03,3.02,11,1441,Transit,2023
Kepler-905 b,Kepler-905,,,1,529.268,290.05115,46.71341,,5461,0.86,0.95,,,5.08275,,1.41,,,Transit,2016
TOI-4029 b,TOI-4029,,,1,274.436,239.23372,16.98029,,5663,1.178,,,,5.88498,,6.738,,,Transit,2026
TOI-4030 b,TOI-4030,,,1,571.615,277.62284,56.77045,,5640,0.992,,,,2.509,,5.846,,,Transit,2026
Kepler-311 b,Kepler-311,,,1,778.654,282.06127,47.0855,,5905,1.188,,,0.087,9.17609,,1.7,,,Transit,2014
WASP-195 b,WASP-195,,,1,484.852,247.54964,49.89579,,6300,1.578,1.3,,0.063,5.05193,0,10.312,33.054,1522,Transit,2025
Kepler-906 b,Kepler-906,,,1,757.791,291.40556,40.12543,,6035,1.02,1.06,,,41.698,,2.11,,,Transit,2016
Kepler-275 b,Kepler-275,,,1,2034.25,292.4797,38.5149,,6165,1.383,,,0.098,10.30068,,2.34,,,Transit,2014
TOI-4087 b,TOI-4087,,,1,301.676,217.92578,83.37271,,6060,1.112,1.178,0.1761,0.04469,3.17748,0,13.047,232.015,1458,Transit,2023
Kepler-424 b,Kepler-424,,,1,698.646,298.62498,48.57745,,5460,0.94,1.01,-0.15,0.044,3.31186,,9.98,327.35,,Transit,2014
Kepler-276 b,Kepler-276,,,1,1144.86,293.5682,39.03631,,6105,1.046,,,0.119,14.12841,,2.87,,,Transit,2014
Kepler-277 c,Kepler-277,,,1,976.643,286.58319,39.07726,,,1.69,1.12,,,33.006,,3.36,64.2,,Transit,2013
Kepler-278 c,Kepler-278,,,1,443.03,290.10721,38.70227,K2 III-IV,4965,2.861,1.227,0.6493,0.287,51.111,0.616,3.268,34.9,492,Transit,2014
Kepler-279 b,Kepler-279,,,1,1037.4,287.3913,42.19482,,6363,1.746,,,0.112,12.30968,,3.62,,,Transit,2014
TOI-4127 b,TOI-4127,,,1,319.632,105.40455,72.41493,,6096,1.293,1.23,0.3164,0.303,56.3987,0.748,12.07,743.718,556,Transit,2023
TOI-4137 b,TOI-4137,,,1,334.993,77.61288,70.39108,,6202,1.438,1.313,0.4393,0.05222,3.80161,0,13.574,457.673,1570,Transit,2022
Kepler-56 b,Kepler-56,,,1,912.994,293.7583,41.87181,,4840,4.23,1.32,,0.1028,10.5016,,6.51,22.1,,Transit,2012
TOI-4145 A b,TOI-4145 A,,,2,205.387,39.42974,80.26738,,5281,0.859,0.905,-0.2873,0.04823,4.06644,0,13.305,136.666,1074,Transit,2023
Kepler-282 e,Kepler-282,,,1,1337.61,284.67724,44.79764,,,0.89,0.97,,,44.347,,3.1,56.2,,Transit,2013
TOI-4153 b,TOI-4153,,,1,423.84,335.39347,82.21608,,6860,1.605,1.572,0.7135,0.06311,4.61741,0.039,16.119,365.503,1669,Transit,2024
TOI-4155 b,TOI-4155,,,1,240.737,325.63623,77.73438,,5724,0.95,1.16,,,3.32073,,3.21,,1255,Transit,2025
TOI-4156 b,TOI-4156,,,1,213.719,230.78083,76.33188,,5972,1.04,,,,4.46189,,2.538,,,Transit,2026
Kepler-284 c,Kepler-284,,,1,1031.95,293.14657,47.72971,,5615,0.814,,,0.213,37.51446,,2.61,,,Transit,2014
Kepler-286 c,Kepler-286,,,1,1226.85,290.67619,48.29424,,5580,0.863,,,0.042,3.46809,,1.37,,,Transit,2014
Kepler-287 b,Kepler-287,,,1,835.86,290.92743,48.44346,,5806,1.032,,,0.145,20.3422,,2.33,,,Transit,2014
TOI-4184 b,TOI-4184,,,1,69.365,43.82847,-79.4147,M5.5+/-0.5,3238,0.235,0.211,-2.2644,0.0336,4.90198,,2.43,,412,Transit,2023
HD 35843 c,HD 35843,25359,35843,1,69.603,81.34889,-44.43128,,5666,0.897,0.94,-0.1249,0.25,46.9622,0.153,2.54,11.32,479,Transit,2025
Kepler-110 b,Kepler-110,,,1,586.531,292.92917,48.60283,,5960,1.149,,,0.107,12.69111,,1.83,,,Transit,2014
Kepler-290 b,Kepler-290,,,1,694.627,286.41003,42.68151,,5147,0.743,,,0.11,14.58935,,2.25,,,Transit,2014
TOI-4201 b,TOI-4201,,,1,189.011,90.47472,-13.46137,M1.0+/-0.5,3794,0.63,0.61,-1.1192,0.04,3.58192,0.041,13.675,788.214,725,Transit,2023
Kepler-292 d,Kepler-292,,,1,1056.48,295.7662,42.42428,,5299,0.826,,,0.068,7.05568,,2.23,,,Transit,2014
TOI-4214 b,TOI-4214,,,1,346.881,110.24951,-13.92626,,6370,1.434,1.382,0.4829,0.05018,3.49139,0.17,10.682,165.271,1642,Transit,2025
Kepler-294 b,Kepler-294,,,1,1357.01,287.39204,46.05926,,5913,0.976,,,0.048,3.70121,,1.77,,,Transit,2014
Kepler-296 d,Kepler-296,,,2,,286.54003,49.43726,,3740,0.48,0.498,,0.118,19.85029,0.33,2.09,,,Transit,2014
Kepler-297 c,Kepler-297,,,1,692.14,283.20916,48.77762,,5619,0.915,,,0.336,74.92014,,6.54,,,Transit,2014
Kepler-1669 b,Kepler-1669,,,1,543.444,297.43038,39.84788,,4303,0.714,0.67,-0.8026,,9.51216,,2.78,,,Transit,2020
Kepler-302 b,Kepler-302,,,1,1402.58,294.31693,43.62924,,5740,1.22,,,0.193,30.1841,,4.06,,,Transit,2014
Kepler-306 b,Kepler-306,,,1,775.679,288.53871,40.61605,,4954,0.719,,,0.05,4.64619,,1.52,,,Transit,2014
NGTS-24 b,NGTS-24,,,1,683.062,168.56389,-37.91013,G2 IV,5820,1.64,1.26,0.4459,0.0479,3.46788,0,13.608,165.271,1499,Transit,2022
Kepler-84 c,Kepler-84,,,1,1023.9,298.25202,40.49608,,,1.43,1,,,12.883,,2.36,,,Transit,2012
Kepler-509 b,Kepler-509,,,1,332.443,289.66439,48.70616,,6060,1.2,1.1,,,41.746,,2.49,,,Transit,2016
Kepler-1756 b,Kepler-1756,,,1,,294.3649,40.72089,,4915,0.812,0.781,,,2.35575,,1.472,,,Transit,2021
Kepler-309 c,Kepler-309,,,1,544.568,297.50989,46.96141,,4713,0.721,,,0.401,105.35638,,2.51,,,Transit,2014
LP 890-9 b,LP 890-9,,,1,32.43,64.13091,-28.31579,M6 V,2850,0.156,0.118,-2.8413,0.01875,2.7299,,1.32,13.2,396,Transit,2022
TOI-4308 b,TOI-4308,,,1,108.932,327.75307,-43.56236,,5243,0.793,0.9,,,9.1512,,2.419,,763,Transit,2023
Kepler-65 b,Kepler-65,,,1,303.728,288.68872,41.15111,,6211,1.41,1.25,,0.035,2.15491,,1.42,,,Transit,2012
TOI-4311 c,TOI-4311,,,1,134.988,41.68552,-31.17932,K,5063,0.844,0.816,-0.3747,0.1116,15.07043,0.22,2.47,13.58,671,Transit,2026
TOI-4311 b,TOI-4311,,,1,134.988,41.68552,-31.17932,K,5063,0.844,0.816,-0.3747,0.01817,0.99027,,1.376,4.5,1664,Transit,2026
Kepler-466 c,Kepler-466,,,1,530.122,295.64866,48.49552,,5927,1.05,1.04,,,3.70921,,1.25,,,Transit,2016
Kepler-23 d,Kepler-23,,,1,835.756,294.21891,49.47925,,5828,1.548,1.078,,,15.27,0.01,2.206,4.44,,Transit,2014
TOI-4336 A b,TOI-4336 A,,,3,22.546,206.10701,-40.33735,M3.5 V,3307,0.326,0.306,-1.9586,0.0849,16.33635,0,2.137,3.33,309,Transit,2024
Kepler-119 c,Kepler-119,,,1,701.996,295.94639,42.65883,,5595,0.839,,,0.049,4.1251,,0.92,,,Transit,2014
TOI-4342 b,TOI-4342,,,1,61.52,324.38942,-77.97915,M0 V,3866,0.598,0.587,-1.1249,0.0519,5.53826,0,2.329,7.3,639,Transit,2023
TOI-4342 c,TOI-4342,,,1,61.52,324.38942,-77.97915,M0 V,3866,0.598,0.587,-1.1249,0.0804,10.68866,0,2.349,4.8,514,Transit,2023
Kepler-121 c,Kepler-121,,,1,510.523,286.16213,39.67802,,5311,0.701,,,0.216,41.00801,,2.27,,,Transit,2014
Kepler-449 c,Kepler-449,,,1,241.949,293.73279,41.90064,,5649,,,,,33.6727,0.05,2.764,,,Transit,2015
TOI-4363 b,TOI-4363,,,1,77.775,37.11056,-12.54936,,4278,0.691,,,,2.11868,,1.767,,,Transit,2026
TOI-4364 b,TOI-4364,,,1,43.966,80.06693,-4.23925,M4 V,3528,0.468,0.487,-1.5122,0.04753,5.42402,0.29,2.01,,488,Transit,2025
Kepler-450 c,Kepler-450,,,1,455.982,295.48658,51.01352,,6197,1.642,1.19,0.554,,15.41314,0.02,2.62,,,Transit,2015
Kepler-130 b,Kepler-130,,,2,316.663,288.45059,40.2452,,5884,1.127,,,0.079,8.45746,,1.02,,,Transit,2014
TOI-4377 b,TOI-4377,,,1,455.82,164.93247,-82.22135,,4974,3.52,1.36,0.8222,0.0579,4.37808,0.045,15.11,304.162,,Transit,2023
TOI-4379 b,TOI-4379,,,1,645.158,252.04788,-32.43375,,6020,1.976,1.372,0.6375,,3.25352,0.018,16.69,353.743,,Transit,2024
Kepler-1663 b,Kepler-1663,,,1,337.926,290.40152,48.82272,,3844,0.629,0.611,-1.1094,,17.6046,,3.304,,,Transit,2020
Kepler-133 b,Kepler-133,,,1,653.6,297.27789,48.32035,,5736,1.425,,,0.083,8.12998,,1.76,,,Transit,2014
Kepler-529 c,Kepler-529,,,1,799.008,285.88841,47.88036,,6087,1.14,1.07,,,12.8345,,2,,,Transit,2016
TOI-4405 b,TOI-4405,,,1,155.501,101.59534,-75.44413,,4467,0.687,,,,5.92144,,2.555,,,Transit,2026
TOI-4406 b,TOI-4406,,,1,261.834,18.04852,-56.92539,,6219,1.29,1.19,0.3617,0.201,30.08364,0.15,11.209,95.349,904,Transit,2023
Kepler-149 d,Kepler-149,,,1,571.034,285.8537,38.38409,,5381,0.953,,,0.571,160.01803,,3.96,,,Transit,2014
Kepler-152 c,Kepler-152,,,1,441.09,286.86538,41.98896,,5088,0.724,,,0.356,88.25505,,2.39,,,Transit,2014
Kepler-153 c,Kepler-153,,,1,459.368,282.4605,48.25703,,5404,0.892,,,0.237,46.90232,,2.53,,,Transit,2014
TOI-4438 b,TOI-4438,,,1,30.035,270.31724,35.5949,M3.5 V,3422,0.372,0.368,-1.768,0.0534,7.44628,0.14,2.52,5.4,435,Transit,2024
TOI-4443.01,TOI-4443,,,1,56.074,274.26866,21.90955,,5834,1.017,1.049,,0.02996,1.84986,,1.719,,1639,Transit,2024
Kepler-553 c,Kepler-553,,,1,728.525,298.55089,48.33254,,5191,0.902,0.889,-0.2708,0.898,328.24017,0.346,11.579,2129.45,251,Transit,2016
Kepler-157 b,Kepler-157,,,1,773.713,291.09723,38.8756,,5774,1.044,,,0.028,1.73234,,1.32,,,Transit,2014
TOI-4463 A b,TOI-4463 A,,,2,173.117,279.35813,18.72995,,5640,1.062,1.056,0.0112,0.04036,2.88072,0,13.26,252.356,1395,Transit,2023
TOI-4465 b,TOI-4465,,,1,121.139,276.13403,15.84189,G V,5545,1.014,0.93,,0.416,101.94054,0.24,14.011,1872.009,427,Transit,2025
TOI-4487 A b,TOI-4487 A,,,2,479.145,306.42208,45.97103,,6206,1.634,1.378,0.5527,0.05448,3.95407,0.083,14.605,397.286,1639,Transit,2025
Ross 176 b,Ross 176,,,1,46.449,305.68974,47.30862,K7 V,4041,0.569,0.577,-1.1089,0.0464,5.00663,0.25,1.84,4.57,682,Transit,2025
Kepler-160 b,Kepler-160,,,1,937.013,287.77357,42.86928,,5471,1.118,,0.0043,0.05511,4.3094,,1.715,,,Transit,2014
TOI-4495 c,TOI-4495,,,1,132.214,286.3625,37.02599,,6210,1.309,1.247,,0.06323,5.18553,0.023,4.03,23.2,1365,Transit,2024
TOI-4495 b,TOI-4495,,,1,132.214,286.3625,37.02599,,6210,1.309,1.247,,0.03957,2.56699,0.078,2.483,7.7,1735,Transit,2026
Kepler-162 b,Kepler-162,,,1,855.641,297.27891,43.72397,,5816,0.958,,,0.069,6.9198,,1.26,,,Transit,2014
TOI-4504 c,TOI-4504,,,1,342.605,114.46731,-62.07828,K1 V,5315,0.92,0.89,-0.2076,0.3569,82.97213,0.032,11.097,1197.323,,Transit,2024
TOI-4504 b,TOI-4504,,,1,342.605,114.46731,-62.07828,K1 V,5315,0.92,0.89,-0.2076,0.03392,2.42614,0,2.691,,,Transit,2024
TOI-4507 b,TOI-4507,,,1,178.26,80.45137,-69.98822,F,6260,1.04,1.11,0.1492,0.456,104.61611,0.09,8.2,20,,Transit,2025
Kepler-164 d,Kepler-164,,,1,890.758,287.78081,47.62985,,5888,1.148,,,0.187,28.98677,,2.45,,,Transit,2014
TOI-4511 b,TOI-4511,,,1,121.832,49.30528,15.50173,,5419,1.001,,,,10.98091,,2.753,,,Transit,2026
TOI-4513 b,TOI-4513,,,1,102.609,18.09052,13.75508,,5624,0.797,,,,9.76042,,2.346,,,Transit,2026
TOI-4515 b,TOI-4515,,,1,193.499,21.18618,21.51306,G8/G9,5433,0.86,0.949,-0.2358,0.118,15.26645,0.461,12.17,637,705,Transit,2024
HD 20329 b,HD 20329,15249,20329,1,63.68,49.17812,15.65635,,5596,1.13,0.9,0.0492,0.018,0.92612,0,1.72,7.42,2141,Transit,2022
TOI-4529 b,TOI-4529,,,1,28.384,16.96885,12.88095,M1.5 V,3697,0.48,0.482,-1.4126,,5.87958,,1.77,4.9,511,Transit,2026
Kepler-167 e,Kepler-167,,,2,341.908,292.65853,38.34556,,4884,0.749,0.777,-0.5391,1.883,1071.23205,0.29,10.16,321.007,134,Transit,2016
TOI-4551 b,TOI-4551,,,1,215.986,184.97876,-25.82785,,4896,3.55,1.31,0.8028,0.0994,9.95581,0.101,11.859,473.564,,Transit,2023
TOI-4552 b,TOI-4552,,,1,27.268,264.71426,-47.63705,M4.5 V,3258,0.287,0.262,-2.0778,0.00563,0.3011,0,1.11,1.83,1122,Transit,2026
Kepler-168 b,Kepler-168,,,1,1343.6,294.71018,39.82504,,6282,1.107,,,0.056,4.42539,,1.46,,,Transit,2014
TOI-4559 b,TOI-4559,,,1,31.635,211.01354,-30.01413,,3558,0.374,0.392,-1.6925,0.0359,3.96599,,1.415,,554,Transit,2024
TOI-4561 b,TOI-4561,,,1,179.008,60.9619,-76.02146,,5538,0.852,,,,8.93548,,1.778,,,Transit,2026
TOI-4562 b,TOI-4562,,,1,339.605,112.01006,-63.51778,F7 V,6096,1.152,1.192,,,225.1064,,,,,Transit,2023
Kepler-176 b,Kepler-176,,,1,527.321,294.6679,43.85321,,5232,0.891,,,0.058,5.43307,,1.43,,,Transit,2014
Kepler-177 b,Kepler-177,,,1,1435.44,286.04714,45.0532,,5732,1.324,0.921,,,36.8601,0,3.5,5.84,,Transit,2013
TOI-4578 b,TOI-4578,,,1,182.249,184.21097,75.14024,,5951,0.879,,,,8.62393,,2.27,,,Transit,2026
TOI-4582 b,TOI-4582,,,1,383.846,256.86014,68.86563,,5190,2.5,1.34,,,31.034,0.51,10.536,168.449,,Transit,2023
Kepler-178 d,Kepler-178,,,1,716.025,287.10103,46.8964,,5676,1.066,,,0.397,96.67899,,3.95,,,Transit,2014
TOI-4600 b,TOI-4600,,,1,216.056,258.45037,64.56617,K V,5170,0.81,0.89,-0.3767,0.349,82.6869,0.25,6.8,959.842,347,Transit,2023
TOI-4602.01,TOI-4602,18841,,1,63.064,60.60033,31.32984,,6012,1.157,1.117,,0.051,3.98121,,2.55,,1380,Transit,2024
TOI-4603 b,TOI-4603,,245134,1,225.643,83.86593,21.29424,F,6264,2.738,1.765,1.017,0.0888,7.24599,0.325,11.68,4096.808,1677,Transit,2023
Kepler-181 b,Kepler-181,,,1,609.283,296.15128,50.09578,,5333,0.749,,,0.04,3.13787,,1.27,,,Transit,2014
TOI-4633 c,TOI-4633,,,2,95.202,256.8431,62.47555,G V,5800,1.05,1.1,,0.847,271.9445,0.117,3.2,123,,Transit,2024
TOI-4638.01,TOI-4638,,,1,168.248,12.82066,12.78799,,5700,0.895,1.02,,0.09301,10.28392,,2.933,,,Transit,2024
TOI-4640 b,TOI-4640,,,1,245.089,38.20532,10.07247,,5743,1.067,,,,2.68566,,2.843,,,Transit,2026
TOI-4641 b,TOI-4641,13224,,1,86.35,42.5582,25.33353,,6560,1.72,1.41,0.6946,0.173,22.09341,0.074,8.183,1229.996,,Transit,2023
Kepler-183 b,Kepler-183,,,1,1050.64,293.53081,39.31593,,5888,0.958,,,0.064,5.68795,,2.06,,,Transit,2014
Kepler-598 c,Kepler-598,,,1,681.086,293.12345,40.9348,,5245,0.9,0.9,-0.2575,,86.4945,,3.024,,,Transit,2020
TOI-4662 b,TOI-4662,,,1,111.047,57.51603,-31.09402,,4520,0.694,,,,4.70344,,2.88,,,Transit,2026
Kepler-193 c,Kepler-193,,,1,1009.1,296.4986,46.57725,,6335,1.147,,,0.286,50.69749,,2.75,,,Transit,2014
TOI-4666 b,TOI-4666,,,1,154.749,56.28989,-39.06318,M2&plusmn;0.5,3793,0.585,0.576,-1.1952,0.034,2.90892,0.023,12.532,155.418,695,Transit,2025
WASP-116 b,WASP-116,,,1,559.243,35.21576,-1.82604,,6250,1.426,1.25,,0.065,6.6132,0,13.675,203.41,1414,Transit,2025
Kepler-464 b,Kepler-464,,,1,667.604,294.83511,48.98232,,5933,1.59,1.21,,,7.25697,,3.3,,,Transit,2016
Kepler-194 b,Kepler-194,,,1,1097.97,291.97143,47.86405,,6089,1.025,,,0.032,2.09228,,1.51,,,Transit,2014
Kepler-199 c,Kepler-199,,,1,521.054,295.55943,40.23625,,5644,0.967,,,0.316,67.09341,,3.25,,,Transit,2014
Kepler-207 b,Kepler-207,,,1,875.519,290.03052,42.16606,,5920,1.588,,,0.029,1.61187,,1.57,,,Transit,2014
Kepler-647 b,Kepler-647,,,1,1087.87,284.7883,44.59162,,6020,1.07,1.03,,,16.22546,,1.17,,,Transit,2016
Kepler-214 b,Kepler-214,,,1,1208.44,284.75485,44.95605,,6169,1.352,,,0.13,15.66054,,2.61,,,Transit,2014
Kepler-218 b,Kepler-218,,,1,656.38,295.41288,46.26658,,5502,1.063,,,0.046,3.61934,,1.48,,,Transit,2014
Kepler-219 c,Kepler-219,,,1,787.07,288.73895,46.76259,,5786,1.491,,,0.165,22.71461,,3.58,,,Transit,2014
TOI-4734 b,TOI-4734,,,1,563.068,90.35812,12.54788,,6070,1.857,1.391,0.6243,0.074,6.23563,0.12,10.918,61.659,1468,Transit,2025
Kepler-223 c,Kepler-223,,,1,1859.71,298.31839,47.27948,,,1.72,1.125,,,9.84564,0.15,3.44,5.1,,Transit,2014
TOI-4747 b,TOI-4747,,,1,304.615,86.42767,-45.02923,,5595,0.989,,,,5.21924,,3.958,,,Transit,2026
Kepler-224 d,Kepler-224,,,1,782.088,290.93427,47.35754,,5018,0.676,,,0.089,11.34939,,2.3,,,Transit,2014
Kepler-225 b,Kepler-225,,,1,561.101,292.19398,47.45708,,3682,0.48,,,0.056,6.73897,,1.2,,,Transit,2014
Kepler-124 c,Kepler-124,,,1,420.046,286.75273,49.06488,,4984,0.636,,,0.1,13.82137,,1.75,,,Transit,2014
Kepler-226 b,Kepler-226,,,1,980.138,292.37609,47.88096,,5571,0.802,,,0.047,3.941,,1.55,,,Transit,2014
TOI-4773 b,TOI-4773,,,1,492.888,114.94265,-21.48562,,6740,1.55,1.452,0.6484,0.03216,1.74529,0.024,15.222,1687.669,2255,Transit,2025
Kepler-227 c,Kepler-227,,,1,1083.06,291.93427,48.14168,,5854,1.091,,,0.29,54.41869,,3.04,,,Transit,2014
TOI-4791 b,TOI-4791,,,1,328.802,109.38838,-19.82894,,6058,1.409,1.242,0.3802,0.0555,4.28088,0,12.442,734.184,1472,Transit,2023
Kepler-232 c,Kepler-232,,,1,1349.13,295.81617,51.12172,,5847,0.968,,,0.101,11.37935,,3.83,,,Transit,2014
TOI-4794 b,TOI-4794,,,1,543.008,110.48355,-12.56548,,6390,1.451,1.25,0.4997,0.0492,3.56581,0.1,14.359,308.294,1673,Transit,2025
Kepler-235 d,Kepler-235,,,1,428.018,286.07908,39.27824,,4255,0.554,,,0.122,20.06055,,2.05,,,Transit,2014
Kepler-53 d,Kepler-53,,,1,1366.07,290.46179,40.5625,,6085,0.958,,,0.091,9.75196,,2.12,,,Transit,2014
Kepler-238 d,Kepler-238,,,1,1798.75,287.89711,40.63781,,5751,1.43,,,0.115,13.23355,,3.07,,,Transit,2014
Kepler-240 b,Kepler-240,,,1,746.927,291.15876,40.75021,,4985,0.739,,,0.048,4.1445,,1.37,,,Transit,2014
Kepler-241 c,Kepler-241,,,1,,292.91311,41.06098,,4699,0.668,,,0.189,36.06598,,2.57,,,Transit,2014
Kepler-242 c,Kepler-242,,,1,600.241,286.56569,41.80842,,5020,0.85,,,0.109,14.49648,,2,,,Transit,2014
TOI-4860 b,TOI-4860,,,1,80.142,183.56396,-13.17484,M3.5 V,3260,0.358,0.34,,0.01808,1.52276,0.008,8.7,86.7,694,Transit,2023
NGTS-30 b,NGTS-30,,,1,238.377,173.71487,-24.60548,,5455,0.913,0.94,,0.408,98.29838,0.294,10.402,305.115,500,Transit,2024
Kepler-244 d,Kepler-244,,,1,1036.49,287.24264,42.30142,,5554,0.803,,,0.14,20.0504,,2.31,,,Transit,2014
Kepler-68 b,Kepler-68,,,2,144.166,291.03231,49.04021,,5847,1.256,1.057,,0.06135,5.39875,0.09,2.357,8.03,1275,Transit,2013
Kepler-249 b,Kepler-249,,,1,190.401,296.9853,43.6586,,3568,0.482,,,0.035,3.30654,,1.09,,,Transit,2014
Kepler-254 c,Kepler-254,,,1,1389.48,288.16465,45.81643,,5957,0.91,,,0.105,12.41218,,2.15,,,Transit,2014
Kepler-31 c,Kepler-31,,,1,1664.64,294.02302,45.85305,,6340,1.22,1.21,,0.26,42.6318,,5.3,1493.7,,Transit,2011
TOI-4898 b,TOI-4898,,,1,98.596,197.34167,-32.82945,,4202,0.639,,,,2.7652,,3.72,,,Transit,2026
Kepler-255 d,Kepler-255,,,1,1052.53,296.06427,45.97676,,5431,0.86,0.9,,,1.04562,,1.32,,,Transit,2016
Kepler-1666 c,Kepler-1666,,,1,1379.37,297.95161,46.2647,,6293,1.146,1.23,0.2684,,40.7157,,3.236,,,Transit,2020
TOI-4914 b,TOI-4914,,,1,299.89,204.54267,-28.14292,,5805,1,1.03,0.009,0.098,10.60057,0.408,12.87,227,894,Transit,2024
Kepler-42 c,Kepler-42,,,1,40.059,292.2196,44.61737,M,3068,0.17,0.13,-2.62,0.006,0.45329,,0.73,,720,Transit,2011
TOI-4930 b,TOI-4930,,,1,413.757,208.64189,-45.15448,,5625,1.159,,,,6.7813,,6.933,,,Transit,2026
Kepler-750 c,Kepler-750,,,1,1296.02,289.09683,44.00436,,6160,1.23,1.15,,,4.08899,,1.62,,,Transit,2016
TOI-4940 b,TOI-4940,,,1,345.659,58.25117,-62.40797,G8 V,5504,1.163,1.012,0.0477,0.165,25.86781,,6.61,89,643,Transit,2025
Kepler-758 c,Kepler-758,,,1,1502.32,293.08461,41.1354,,6228,1.42,1.16,,,4.75794,,1.69,,,Transit,2016
Kepler-760 c,Kepler-760,,,1,792.336,287.5932,44.17943,,5322,0.85,0.89,,,2.46697,,1.48,,,Transit,2016
TOI-4961 b,TOI-4961,,,1,213.073,192.50186,-59.89193,,5380,0.912,0.912,-0.2014,0.0726,7.47918,0.182,12.341,572.091,919,Transit,2025
Kepler-24 b,Kepler-24,,,1,1156.81,290.41326,38.34373,,6028,1.099,1.06,,,8.14,0.023,2.348,11.14,,Transit,2011
Kepler-15 b,Kepler-15,,,1,739.412,296.20055,49.14003,,5515,0.992,1.018,-0.087,0.05714,4.94278,0.06,10.76,209.76,,Transit,2011
Kepler-268 c,Kepler-268,,,1,851.87,291.97616,38.05503,,6081,1.274,,,0.391,83.44639,,3.38,,,Transit,2014
Kepler-271 c,Kepler-271,,,1,404.542,283.00293,44.28411,,5555,0.87,0.9,,,7.41086,,0.95,,,Transit,2014
BD-14 3065 b,BD-14 3065 A,,,3,589.423,153.66967,-15.64284,,6935,2.35,1.41,1.06,0.0656,4.28897,0.066,21.59,3932,2001,Transit,2024
TOI-4994 b,TOI-4994,,,1,329.304,283.13253,-78.43443,,5640,1.055,1.005,0.0086,0.1515,21.49198,0.319,8.541,88.992,718,Transit,2024
Kepler-273 c,Kepler-273,,,1,713.964,291.30215,47.69766,,5626,0.815,,,0.073,8.01493,,1.98,,,Transit,2014
Kepler-171 c,Kepler-171,,,1,863.855,296.77191,41.7556,,5642,0.839,,,0.098,11.46346,,2.56,,,Transit,2014
TOI-5005 b,TOI-5005,,,1,207.891,238.10819,-48.1451,G2 V,5749,0.93,0.97,,0.06614,6.3085,,6.25,32.7,1040,Transit,2024
TOI-5007 b,TOI-5007,,,1,203.352,236.06387,-61.04136,M1&plusmn;0.5,3793,0.656,0.632,-1.0953,0.0307,2.54337,0.074,11.074,211.038,774,Transit,2026
Kepler-732 c,Kepler-732,,,1,174.826,283.73173,45.95853,,3631,0.46,0.49,,,0.89304,,1.27,,,Transit,2016
Kepler-80 e,Kepler-80,,,1,369.451,296.11258,39.97875,K5,4540,0.678,0.73,-0.7695,0.0491,4.64489,,1.6,4.13,,Transit,2014
TOI-5027 b,TOI-5027,,,1,204.429,243.88502,-69.2171,,5909,0.92,1.02,-0.0306,0.093,10.24368,0.385,10.761,642.013,1056,Transit,2025
Kepler-238 b,Kepler-238,,,1,1798.75,287.89711,40.63781,,5751,1.43,,,0.034,2.09088,,1.73,,,Transit,2014
Kepler-82 d,Kepler-82,,,1,904.326,292.87337,42.96616,,5428,0.945,,,0.034,2.38296,,1.77,,,Transit,2014
Kepler-33 c,Kepler-33,,,1,1209.16,289.07753,46.00517,,5904,1.82,1.291,0.556,0.1189,13.17562,0,3.2,,,Transit,2011
Kepler-32 e,Kepler-32,,,1,323.847,297.84231,46.57436,,3900,0.53,0.58,,0.033,2.896,,1.5,,,Transit,2012
TOI-5076 b,TOI-5076,15683,,2,82.857,50.51042,17.23921,,4780,0.844,0.789,-0.4737,0.1481,23.44316,0,3.489,16.146,550,Transit,2024
TOI-5082.01,TOI-5082,34271,,1,43.141,106.56958,22.68315,,5670,0.93,0.997,,0.0512,4.24012,,2.548,,1165,Transit,2024
Kepler-223 b,Kepler-223,,,1,1859.71,298.31839,47.27948,,,1.72,1.125,,,7.38449,0.078,2.99,7.4,,Transit,2014
Kepler-107 d,Kepler-107,,,1,525.997,297.02816,48.2086,,5854,1.447,1.238,,0.08377,7.95839,0.11,0.86,7.7,1173,Transit,2014
TOI-5108 b,TOI-5108,54186,,1,130.919,166.2695,11.24641,,5808,1.29,1.1,,0.073,6.75358,,6.6,32,1180,Transit,2025
TOI-5110 b,TOI-5110,,,1,392.259,94.40427,31.61033,,6160,2.333,1.469,0.847,0.2157,30.15858,0.745,11.982,921.702,976,Transit,2024
Kepler-80 f,Kepler-80,,,1,369.451,296.11258,39.97875,K5,4540,0.678,0.73,-0.7695,0.0175,0.98679,,1.21,,,Transit,2016
TOI-5126 b,TOI-5126,,,1,160.414,151.65978,18.63406,F V,6150,1.241,1.24,0.2989,0.06519,5.45884,0,4.74,,1442,Transit,2023
TOI-5126 c,TOI-5126,,,1,160.414,151.65978,18.63406,F V,6150,1.241,1.24,0.2989,0.1439,17.8999,0,3.86,,971,Transit,2023
Kepler-297 d,Kepler-297,,,1,692.14,283.20916,48.77762,,5618,0.897,0.846,,0.523,150.01895,0,32.6,,325,Transit,2023
TOI-5143 c,TOI-5143,,,1,181.38,165.36512,5.13948,K V,5183,0.852,0.864,,0.05602,5.20971,,16.253,,,Transit,2025
Kepler-65 d,Kepler-65,,,1,303.728,288.68872,41.15111,,6211,1.41,1.25,,0.084,8.13123,,1.52,,,Transit,2012
TOI-5159 b,TOI-5159,,,1,55.179,142.78596,20.01934,,5156,0.854,,,,5.83639,,1.547,,,Transit,2026
TOI-5160 b,TOI-5160,,,1,151.465,114.6394,31.39445,,5622,1.033,,,,4.28077,,2.397,,,Transit,2026
TOI-5174 b,TOI-5174,,,1,197.243,174.1095,-2.02335,,5644,1.095,1,0.0395,,12.21429,,5.351,,,Transit,2022
Kepler-23 b,Kepler-23,,,1,835.756,294.21891,49.47925,,5828,1.548,1.078,,,7.1,0.017,1.638,2.56,,Transit,2011
TOI-5181 A b,TOI-5181 A,,,2,480.155,280.67747,21.69982,,6060,1.53,1.25,0.4579,0.0522,3.89223,0.15,13.35,330.542,1585,Transit,2025
Kepler-26 d,Kepler-26,,,1,335.307,284.94106,46.56645,,4486,0.571,,,0.039,3.54392,,1.07,,,Transit,2014
WASP-188 b,WASP-188,,,1,675.281,278.78198,36.61563,,6850,1.83,1.5,,0.072,5.74892,0,14.818,458.626,1666,Transit,2025
Kepler-148 b,Kepler-148,,,1,791.163,289.78616,46.85882,,5272,0.851,,,0.028,1.72937,,1.8,,,Transit,2014
TOI-5205 b,TOI-5205,,,1,86.449,313.77068,24.36098,M4.0,3430,0.394,0.392,-1.7122,0.0199,1.63076,0.02,11.6,343,737,Transit,2023
Kepler-150 e,Kepler-150,,,1,891.092,288.2341,40.5209,,5560,0.939,,,0.189,30.82656,,3.12,,,Transit,2014
TOI-5210 b,TOI-5210,,,1,302.086,314.31692,21.95021,,5723,1.209,1.105,0.1523,0.0557,4.56611,0.066,10.727,82,1286,Transit,2025
TOI-5218 b,TOI-5218,,,1,377.483,292.66346,71.76296,,4230,0.708,0.739,-0.8239,0.0469,4.29145,0,9.86,657,783,Transit,2024
Kepler-167 c,Kepler-167,,,2,341.908,292.65853,38.34556,,4884,0.749,0.777,-0.5391,0.0684,7.40611,0,1.674,,771,Transit,2014
Kepler-426 b,Kepler-426,,,1,843.695,289.43467,49.47346,G1 V,5725,0.92,0.91,-0.089,0.0414,3.21752,0.18,12.22,108.06,1300,Transit,2014
Kepler-80 d,Kepler-80,,,1,369.451,296.11258,39.97875,K5,4540,0.678,0.73,-0.7695,0.0372,3.07222,,1.53,6.75,,Transit,2014
TOI-5232 b,TOI-5232,,,1,609.388,294.33742,35.27649,,6500,1.785,1.389,0.7127,0.05593,4.09667,0.035,12.778,743.718,1772,Transit,2024
TOI-5238 b,TOI-5238,,,1,290.646,223.35889,68.85947,,5631,1.023,1,-0.0233,,4.87217,,5.22,,,Transit,2022
Kepler-176 d,Kepler-176,,,1,527.321,294.6679,43.85321,,5232,0.891,,,0.163,25.75197,,2.51,,,Transit,2014
Kepler-178 c,Kepler-178,,,1,716.025,287.10103,46.8964,,5676,1.066,,,0.142,20.5528,,2.88,,,Transit,2014
Kepler-186 b,Kepler-186,,,1,177.594,298.65274,43.95499,M1,3788,0.472,0.478,-1.385,0.0343,3.88679,,1.07,,,Transit,2014
TOI-5261 b,TOI-5261,,,1,377.054,305.45855,19.43585,,5790,1.021,1.037,0.0208,0.05134,4.15098,0.159,11.601,3651.848,1244,Transit,2025
Kepler-207 c,Kepler-207,,,1,875.519,290.03052,42.16606,,5920,1.588,,,0.044,3.07157,,1.5,,,Transit,2014
Kepler-62 e,Kepler-62,,,1,300.874,283.21256,45.3497,K2 V,4925,0.64,0.69,-0.678,0.427,122.3874,,1.61,36,270,Transit,2013
WASP-154 b,WASP-154,,,1,215.501,327.71917,-8.63595,,4774,0.823,0.8,,0.044,3.81168,0,10.761,198.961,994,Transit,2025
Kepler-33 e,Kepler-33,,,1,1209.16,289.07753,46.00517,,5904,1.82,1.291,0.556,0.2138,31.7844,0,4.02,,,Transit,2011
TOI-5292 A b,TOI-5292 A,,,1,337.095,344.22236,-8.11975,M0&plusmn;0.5,3919,0.611,0.596,-1.1013,0.0279,2.02191,0.034,12.644,412.859,809,Transit,2026
TOI-5293 A b,TOI-5293 A,,,2,162.229,355.82868,-2.04509,M3+/-1,3586,0.52,0.54,,0.034,2.93029,0.38,11.9,170.4,675,Transit,2023
Kepler-218 d,Kepler-218,,,1,656.38,295.41288,46.26658,,5542,1.02,1.01,,,124.52446,,2.66,,,Transit,2016
TOI-5300 b,TOI-5300,,,1,162.51,356.48114,0.4588,K4 V,4610,0.65,0.67,-0.762,0.0295,2.2622,0,9.864,190.697,1043,Transit,2025
TOI-5301 b,TOI-5301,,,1,629.161,12.9908,13.07837,,6240,2.19,1.483,0.8162,0.073,5.85886,0.33,13.092,1182.322,1648,Transit,2024
Kepler-219 d,Kepler-219,,,1,787.07,288.73895,46.76259,,5786,1.491,,,0.272,47.90364,,2.81,,,Transit,2014
Kepler-223 e,Kepler-223,,,1,1859.71,298.31839,47.27948,,,1.72,1.125,,,19.72567,0.051,4.6,4.8,,Transit,2014
TOI-5319 b,TOI-5319,,,1,61.171,35.21356,23.52044,M,3580,0.485,0.5,-1.459,0.0506,4.07853,,2.83,,695,Transit,2024
TOI-5322 b,TOI-5322,,,1,476.899,6.52934,14.33643,,5692,1.462,0.998,0.3075,0.0604,5.42332,0.055,16.612,184.023,1350,Transit,2025
Kepler-224 b,Kepler-224,,,1,782.088,290.93427,47.35754,,5018,0.676,,,0.038,3.13292,,1.39,,,Transit,2014
TOI-5335 b,TOI-5335,,,1,331.289,46.95237,15.35908,,5529,0.917,,,,3.61366,,4.024,,,Transit,2026
Kepler-228 b,Kepler-228,,,1,1644.61,296.28609,48.22463,,6043,1.014,,,0.038,2.56655,,1.53,,,Transit,2014
TOI-5340 b,TOI-5340,,,1,532.629,59.30948,22.37834,,5990,1.842,1.35,0.5955,0.0628,4.93944,0.13,15.076,270.154,1566,Transit,2025
TOI-5344 b,TOI-5344,,,1,138.367,63.26622,20.91516,,3747,0.588,0.612,-1.2125,0.04041,3.79262,0.054,10.604,130.945,689,Transit,2023
Kepler-235 e,Kepler-235,,,1,428.018,286.07908,39.27824,,4255,0.554,,,0.213,46.18367,,2.22,,,Transit,2014
TOI-5349 b,TOI-5349,,,1,188.336,52.71257,20.87963,M1+/-0.5,3751,0.58,0.61,-1.2007,0.0369,3.31792,0.03,10.2,127.4,719,Transit,2026
TOI-5350 b,TOI-5350,,,1,277.419,74.4023,21.60198,,6220,1.263,1.167,0.3345,0.0796,7.58137,0.017,12.42,2094.489,1195,Transit,2025
Kepler-53 c,Kepler-53,,,1,1366.07,290.46179,40.5625,,5858,0.89,0.98,,,38.5583,,3.17,36,,Transit,2012
Kepler-238 c,Kepler-238,,,1,1798.75,287.89711,40.63781,,5751,1.43,,,0.069,6.15556,,2.39,,,Transit,2014
TOI-5380 b,TOI-5380,,,1,286.781,112.76115,73.12878,,6401,1.562,,,,3.77229,,3.481,,,Transit,2026
Kepler-244 c,Kepler-244,,,1,1036.49,287.24264,42.30142,,5554,0.803,,,0.087,9.76729,,2.05,,,Transit,2014
WASP-197 b,WASP-197,,,1,483.675,160.63071,28.19863,,6050,2.112,1.36,,0.065,5.16723,0,14.448,403.324,1665,Transit,2025
TOI-5386 A b,TOI-5386 A,,,2,394.486,226.10692,60.53623,,6094,1.245,1.165,0.2849,0.04856,3.62157,0.072,14.706,155.1,1488,Transit,2025
TOI-5388.01,TOI-5388,,,1,18.523,152.17652,35.54756,M3.0 V,3440,0.3,0.292,-1.9454,,2.59467,,0.99,2.2,488,Transit,2024
Kepler-82 e,Kepler-82,,,1,904.326,292.87337,42.96616,,5428,0.945,,,0.063,5.90221,,2.47,,,Transit,2014
TOI-5398 b,TOI-5398,,,1,130.855,161.87956,36.32943,G V,6000,1.051,1.146,,0.098,10.59055,0.13,10.3,58.7,947,Transit,2022
TOI-5398 c,TOI-5398,,,1,130.855,161.87956,36.32943,G V,6000,1.051,1.146,,0.057,4.77271,0.14,3.52,11.8,1242,Transit,2023
Kepler-247 b,Kepler-247,,,1,663.711,288.64256,43.03938,,5100,0.768,,,0.042,3.33616,,1.64,,,Transit,2014
Kepler-83 c,Kepler-83,,,2,400.409,282.23252,43.66557,,,0.61,0.66,,,20.09,,2.36,,,Transit,2012
Kepler-249 d,Kepler-249,,,1,190.401,296.9853,43.6586,,3568,0.482,,,0.097,15.36846,,1.57,,,Transit,2014
TOI-5422 b,TOI-5422,,,1,346.141,86.84362,25.62603,,5820,1.474,1.066,0.3522,0.0619,5.37722,0.094,9.102,8899.195,1369,Transit,2026
KOI-94 d,KOI-94,,,2,477.052,297.33307,41.89112,,6182,1.52,1.277,0.479,0.1684,22.34299,0.022,11.27,106,806,Transit,2013
Kepler-251 b,Kepler-251,,,1,924.625,296.56622,44.10581,,5526,0.89,,,0.053,4.79094,,1.33,,,Transit,2014
Kepler-254 d,Kepler-254,,,1,1389.48,288.16465,45.81643,,5957,0.91,,,0.139,18.74648,,2.5,,,Transit,2014
Kepler-31 d,Kepler-31,,,1,1664.64,294.02302,45.85305,,6340,1.22,1.21,,0.4,87.6451,,3.9,2161.244,,Transit,2014
Kepler-32 d,Kepler-32,,,1,323.847,297.84231,46.57436,,3900,0.53,0.58,,0.13,22.7802,,2.7,,,Transit,2012
Kepler-42 d,Kepler-42,,,1,40.059,292.2196,44.61737,M,3068,0.17,0.13,-2.62,0.0154,1.86517,,0.57,,450,Transit,2011
Kepler-286 d,Kepler-286,,,1,1226.85,290.67619,48.29424,,5580,0.863,,,0.061,5.91432,,1.33,,,Transit,2014
TOI-5486 b,TOI-5486,,,1,89.681,190.5495,3.7886,,3750,0.553,,,,2.0247,,3.968,,,Transit,2026
TOI-5489 b,TOI-5489,,,1,45.091,128.69129,11.48959,,3547,0.42,0.41,,,3.15222,,1.4,,624,Transit,2025
Kepler-296 b,Kepler-296,,,2,,286.54003,49.43726,,3740,0.48,0.498,,0.079,10.86438,0.33,1.61,,,Transit,2014
Kepler-1731 b,Kepler-1731,,,1,169.948,291.25442,36.74343,,4859,0.72,0.781,,,21.7613,,2.933,,,Transit,2021
TOI-5502 b,TOI-5502,,,1,248.654,135.20406,27.99833,,6089,1.324,,,,11.62593,,4.129,,,Transit,2026
TOI-5515 b,TOI-5515,,,1,135.459,139.61636,16.98996,,5484,0.836,,,,8.59226,,2.654,,,Transit,2026
TOI-5532 b,TOI-5532,,,1,90.999,41.3804,5.15073,,4208,0.662,,,,5.65397,,2.528,,,Transit,2026
Kepler-63 b,Kepler-63,,,1,194.033,289.22629,49.54828,,5576,0.901,0.984,-0.157,0.08,9.43415,0.45,6.11,120,,Transit,2013
Kepler-253 b,Kepler-253,,,1,838.595,291.84193,44.85812,,5208,0.786,,,0.046,3.78399,,1.63,,,Transit,2014
TOI-5542 b,TOI-5542,,,1,348.849,302.79842,-61.13547,G3 V,5700,1.058,0.89,1.057,0.332,75.12375,0.018,11.31,419.533,441,Transit,2022
Kepler-603 c,Kepler-603,,,1,1539.63,294.28097,42.29093,,5808,1.01,1.01,,,127.90758,,6.5,,,Transit,2016
TOI-5573 b,TOI-5573,,,1,186.562,136.426,55.30713,,3790,0.594,0.619,-1.1593,0.0712,8.79759,0.072,9.75,112,528,Transit,2025
KOI-351 g,KOI-351,,,1,848.254,284.43346,49.30512,,,,1.242,,,210.73514,0.029,,15,,Transit,2013
Kepler-11 b,Kepler-11,,,1,646.346,297.11509,41.90911,,5663,1.065,0.961,,0.091,10.3039,0.045,1.8,1.9,,Transit,2010
TOI-5592 b,TOI-5592,,,1,597.026,106.68007,65.85725,,6237,1.393,1.194,0.4216,0.03935,2.60858,0.062,17.15,285.728,1789,Transit,2025
TOI-5595 b,TOI-5595,,,1,136.955,110.46016,35.22198,,4417,0.743,,,,5.99003,,4.737,,,Transit,2026
Kepler-18 b,Kepler-18,,,1,433.047,298.07944,44.74625,,5345,1.108,0.972,-0.031,0.0447,3.50473,0,2,6.9,,Transit,2011
TOI-5599 b,TOI-5599,,,1,547.948,199.32624,55.68154,,6137,1.913,,,,5.43692,,7.189,,,Transit,2026
TOI-5605 b,TOI-5605,,,1,95.073,150.53801,50.14539,,4584,0.736,,,,5.9134,,2.526,,,Transit,2026
TOI-5614 b,TOI-5614,,,1,223.016,189.43232,69.45843,,4553,0.735,,,,4.17221,,3.218,,,Transit,2026
TOI-5616 b,TOI-5616,,,1,390.415,184.90164,48.68329,,3996,0.646,0.666,-0.9927,0.0272,2.00285,0,10.78,624,939,Transit,2024
Kepler-20 e,Kepler-20,,,2,282.563,287.69799,42.33858,,5495,0.916,0.929,,0.0637,6.09849,0.092,0.821,0.76,1004,Transit,2011
TOI-5624 d,TOI-5624,,,1,101.913,180.84435,49.25123,,5327,0.82,0.858,-0.3134,0.1067,13.73147,0,3.584,4.9,713,Transit,2026
KOI-351 d,KOI-351,,,1,848.254,284.43346,49.30512,,6080,1.2,1.2,,0.32,59.73667,,2.87,,,Transit,2013
TOI-5630 b,TOI-5630,,,1,134.047,236.45385,40.37486,,5386,0.933,,,,3.22118,,2.371,,,Transit,2026
TOI-5634 A b,TOI-5634 A,,,2,306.144,175.64364,20.96529,,3896,0.54,0.556,-1.2449,0.0272,2.20354,0,10.42,588,837,Transit,2024
Kepler-16 b,Kepler-16,,,2,75.085,289.07583,51.75723,,4450,0.649,0.69,,0.7048,228.776,0.007,8.449,105.833,,Transit,2011
Kepler-908 b,Kepler-908,,,3,290.843,295.32254,39.37646,,5973,1.12,1.11,,,1.3406,,1.22,,,Transit,2016
TOI-5678 b,TOI-5678,,,1,165.393,47.38419,-34.19848,G7 V,5485,0.938,0.905,,0.249,47.73022,0.14,4.91,20,513,Transit,2023
Kepler-911 b,Kepler-911,,,1,556.168,298.58919,40.75069,,6112,1.99,1.34,,,20.3105,,2.6,,,Transit,2016
TOI-5688 A b,TOI-5688 A,,,2,226.318,266.9231,47.70505,,3713,0.57,0.6,-1.2284,0.03379,2.94816,0.128,10.3,124,742,Transit,2024
HD 23472 f,HD 23472,17264,23472,1,39.034,55.45903,-62.76727,K4 V,4684,0.71,0.67,-0.6252,0.0906,12.16218,0.07,1.137,0.77,630,Transit,2022
HD 23472 d,HD 23472,17264,23472,1,39.034,55.45903,-62.76727,K4 V,4684,0.71,0.67,-0.6252,0.04298,3.97664,0.07,0.75,0.55,909,Transit,2022
Kepler-907 b,Kepler-907,,,1,,285.4765,41.63266,,6106,1.38,1.08,,,15.86622,,1.2,,,Transit,2016
HD 23472 e,HD 23472,17264,23472,1,39.034,55.45903,-62.76727,K4 V,4684,0.71,0.67,-0.6252,0.068,7.90754,0.07,0.818,0.72,723,Transit,2022
TOI-201 d,TOI-201,27515,39474,1,113.825,87.40178,-54.91042,F,6423,1.31,1.32,0.4166,0.0698,5.84889,0.3,1.39,5.8,,Transit,2026
LHS 1678 d,LHS 1678,,,2,19.878,68.17899,-39.79087,M2.0 V,3490,0.329,0.345,-1.8386,0.04,4.96522,0.036,0.981,,,Transit,2024
TOI-1260 d,TOI-1260,,,1,73.598,157.14407,65.8542,,4227,0.672,0.679,-0.8894,0.1116,16.60816,0,3.12,11.84,499,Transit,2022
OGLE-2019-BLG-0362L b,OGLE-2019-BLG-0362L,,,1,5830,263.46525,-24.81036,,,,0.42,,2.18,,,,1036.121,,Microlensing,2022
KMT-2021-BLG-0171L b,KMT-2021-BLG-0171L,,,1,4600,269.24167,-30.09306,,5200,,0.78,,3.5,,,,11.2,,Microlensing,2022
KMT-2021-BLG-1689L b,KMT-2021-BLG-1689L,,,1,7200,269.57917,-30.14528,,4570,,0.58,,2.5,,,,46,,Microlensing,2022
TOI-5704 b,TOI-5704,,,1,89.637,169.82487,44.98908,,4590,0.757,0.73,,,3.77112,,3.227,,949,Transit,2023
Kepler-912 b,Kepler-912,,,1,2004.72,298.11118,41.75832,,5998,1.11,1.07,,,2.53476,,2.8,,,Transit,2016
TOI-5713 b,TOI-5713,,,1,40.867,208.45873,52.60276,M3.5+/-0.5,3225,0.299,0.265,-2.0585,0.06008,10.44199,0.24,1.77,,347,Transit,2024
TOI-5716 b,TOI-5716,,,1,39.412,201.9008,73.17743,,3436,0.22,0.19,,,6.7663,,0.96,,400,Transit,2025
TOI-5720 b,TOI-5720,,,1,35.826,170.31358,25.27329,M3.5 +/- 1.0,3325,0.383,0.383,-1.7918,0.01829,1.43446,,1.09,4.3,708,Transit,2024
TOI-5726.01,TOI-5726,,,1,108.848,123.39505,68.57459,,5874,1.106,1.06,,0.06219,5.49113,,2.554,,,Transit,2024
TOI-5728 b,TOI-5728,,,1,54.705,260.35094,67.55042,,3419,0.37,0.36,,,11.49761,,1.31,,382,Transit,2025
TOI-5734 b,TOI-5734,,,1,32.51,111.25582,37.23112,K3-K4 V,4750,0.639,0.724,-0.7423,0.05921,6.18419,,2.1,9.1,688,Transit,2026
TOI-5736 b,TOI-5736,,,1,92.36,213.7584,49.50094,,3949,0.58,0.57,,,0.64899,,1.56,,1311,Transit,2025
Kepler-2000 b,Kepler-2000,,,1,320.588,285.5743,49.96212,,3757,0.576,0.581,,0.0562,6.38316,0,2.73,,530,Transit,2023
Kepler-913 b,Kepler-913,,,1,991.618,297.58306,41.95235,,4687,0.61,0.63,,,10.29673,,2.06,,,Transit,2016
GJ 896 A b,GJ 896 A,116132,,2,6.26,352.97004,19.937,M3.5 V,,,0.436,,0.63965,284.39,0.35,,718.292,,Astrometry,2022
LP 890-9 c,LP 890-9,,,1,32.43,64.13091,-28.31579,M6 V,2850,0.156,0.118,-2.8413,0.03984,8.45746,,1.367,25.3,272,Transit,2022
Kepler-312 c,Kepler-312,,,1,797.72,298.39577,42.45977,,6115,1.467,,,0.153,19.74741,,3.15,,,Transit,2014
Wolf 327 b,Wolf 327,,,1,28.532,148.37832,35.57055,M2.5 V,3542,0.406,0.405,-1.6299,0.01,0.57347,0,1.24,2.53,996,Transit,2024
Kepler-910 b,Kepler-910,,,1,400.289,296.04729,42.74294,,6230,1.5,1.26,,,2.36437,,0.82,,,Transit,2016
Kepler-914 b,Kepler-914,,,1,753.723,290.41208,44.89932,,5877,1.15,1.1,,,4.40967,,1.38,,,Transit,2016
TOI-5777 b,TOI-5777,,,1,114.277,141.00224,82.8587,,4408,0.672,,,,6.91716,,3.096,,,Transit,2026
HD 105618 b,HD 105618,,105618,1,70.084,182.40213,11.21157,,,,1.01,,0.091,10.02245,0.455,,25.426,,Radial Velocity,2022
HD 105618 c,HD 105618,,105618,1,70.084,182.40213,11.21157,,,,1.01,,35.731,77114.07158,0.126,,8419.592,,Radial Velocity,2022
HD 109988 b,HD 109988,,109988,1,42.528,189.81547,-32.72636,,,,0.88,,12.518,17132.15854,0.056,,6935.334,,Radial Velocity,2022
HD 110537 b,HD 110537,62039,110537,1,45.086,190.74624,-4.05011,,,,1.02,,16.714,24469.67342,0.401,,8612.832,,Radial Velocity,2022
Kepler-909 b,Kepler-909,,,1,309.596,289.50638,45.37097,,6154,1.23,1.17,,,13.9329,,1.47,,,Transit,2016
HD 11112 b,HD 11112,,11112,1,44.38,27.08814,-41.49441,,,,1.07,,13.38,17244.90764,0.285,,2598.565,,Radial Velocity,2022
HD 111232 c,HD 111232,62534,111232,1,28.957,192.21596,-68.42467,,,,0.96,,17.25,26472.44623,0.558,,5740.935,,Radial Velocity,2022
HD 113337 c,HD 113337,63584,113337,3,36.18,195.44385,63.61033,,,,1.41,,6.805,5429.93477,0.164,,6299.677,,Radial Velocity,2020
HD 11343 c,HIP 8541,8541,11343,2,155.121,27.5272,-54.46516,,,,2.009,,0.923,228.53731,0.169,,255.534,,Radial Velocity,2022
HD 11505 b,HD 11505,,11505,1,38.968,28.27503,-1.32844,,,,1.03,,20.247,32669.22247,0.144,,2510.527,,Radial Velocity,2022
HD 11506 d,HD 11506,8770,11506,1,51.261,28.21066,-19.5074,G0 V,6123,,1.22,,18.2,26500,0.29,,4068.204,,Radial Velocity,2022
HD 122562 c,HD 122562,,122562,1,53.253,210.58869,20.88103,,,,1.241,,0.406,84.96276,0.228,,73.101,,Radial Velocity,2022
HD 125271 b,HD 125271,,125271,1,39.347,216.6474,-81.45428,,,,0.75,,10.817,14901.99295,0.165,,3465.601,,Radial Velocity,2022
HD 127506 b,HD 127506,70950,127506,1,22.528,217.68485,35.45461,,,,0.73,,0.287,65.78395,0.24,,27.333,,Radial Velocity,2022
HD 135872 b,HD 135872,,135872,1,82.425,229.42136,-5.20247,,,,1.646,,4.172,2422.32597,0.164,,1744.56,,Radial Velocity,2022
HD 136118 b,HD 136118,74948,136118,1,51.436,229.7306,-1.59229,,,,1.18,,2.327,1187.59765,0.344,,4164.188,,Radial Velocity,2022
HD 13724 c,HD 13724,,13724,1,43.465,33.08596,-46.81667,,,,1.004,,0.534,142.22895,0.651,,50.853,,Radial Velocity,2022
HD 140901 b,HD 140901,77358,140901,1,15.253,236.86899,-37.91723,,,,0.99,,0.085,9.02378,0.472,,15.574,,Radial Velocity,2022
HD 140901 c,HD 140901,77358,140901,1,15.253,236.86899,-37.91723,G7 IV,,,1.06,,11.8,14386,0.77,,572.091,,Radial Velocity,2022
HD 142 A d,HD 142,522,142,2,26.185,1.58368,-49.07536,,,,1.21,,0.474,108.45299,0.13,,82.635,,Radial Velocity,2022
HD 144899 b,HD 144899,,144899,1,115.665,242.5721,-47.91468,,,,1.16,,0.242,40.43914,0.821,,20.341,,Radial Velocity,2022
HD 149806 b,HD 149806,81375,149806,1,20.273,249.28552,0.25468,,,,0.93,,12.404,16521.52778,0.357,,4003.684,,Radial Velocity,2022
HD 151450 b,HD 151450,,151450,1,43.6,252.00801,-15.96434,,,,1.14,,0.16,21.89288,0.496,,38.457,,Radial Velocity,2022
HD 151450 c,HD 151450,,151450,1,43.6,252.00801,-15.96434,,,,1.14,,14.131,18144.76236,0.138,,1636.181,,Radial Velocity,2022
HD 153557 b,HD 153557,83020,153557,1,17.941,254.47065,47.36786,,,,0.79,,0.068,7.29903,0.065,,20.341,,Radial Velocity,2022
HD 153557 c,HD 153557,83020,153557,1,17.941,254.47065,47.36786,,,,0.79,,0.111,15.27018,0.511,,17.481,,Radial Velocity,2022
HD 153557 d,HD 153557,83020,153557,1,17.941,254.47065,47.36786,,,,0.79,,21.449,40654.64809,0.152,,8725.661,,Radial Velocity,2022
HD 155918 b,HD 155918,84988,155918,1,27.561,260.5364,-75.34924,,,,1.03,,0.03,1.87567,0.194,,7.628,,Radial Velocity,2022
HD 155918 c,HD 155918,84988,155918,1,27.561,260.5364,-75.34924,,,,1.03,,13.183,17202.19446,0.071,,1878.048,,Radial Velocity,2022
HD 156098 b,HD 156098,,156098,1,48.249,259.26469,-32.66308,,,,1.29,,0.167,21.85849,0.109,,15.891,,Radial Velocity,2022
HD 156098 c,HD 156098,,156098,1,48.249,259.26469,-32.66308,,,,1.29,,8.415,7841.5839,0.391,,1661.607,,Radial Velocity,2022
HD 168863 b,HD 168863,90055,168863,1,39.898,275.66422,-18.02197,,,,0.8,,10.961,14773.93272,0.187,,2154.877,,Radial Velocity,2022
HD 16905 b,HD 16905,12436,16905,1,39.74,40.01362,-61.35504,K3 V,,,0.85,,8.8,10256,0.68,,3591.461,,Radial Velocity,2022
HD 18143 b,HD 18143,13642,18143,1,22.524,43.91402,26.87238,,,,0.85,,0.088,10.2851,0.224,,10.806,,Radial Velocity,2022
HD 18143 c,HD 18143,13642,18143,1,22.524,43.91402,26.87238,,,,0.85,,17.53,28982.41764,0.194,,3177.648,,Radial Velocity,2022
Kepler-915 b,Kepler-915,,,1,849.036,290.59213,45.73722,,6173,1.38,1.21,,,4.5949,,1.5,,,Transit,2016
HD 188641 b,HD 188641,,188641,1,64.34,299.40483,-37.74488,,,,1.07,,12.027,14583.81038,0.034,,9333.031,,Radial Velocity,2022
HD 190228 b,HD 190228,98714,190228,1,62.715,300.75373,28.30656,,,,1.415,,2.406,1143.59858,0.559,,1598.677,,Radial Velocity,2022
HD 194490 b,HD 194490,,194490,1,80.235,306.99801,-51.66446,,,,1.06,,11.116,13092.18348,0.251,,3561.903,,Radial Velocity,2022
HD 199509 b,HD 199509,104436,199509,1,24.306,317.34456,-82.02749,,,,1.04,,0.426,99.62167,0.373,,43.225,,Radial Velocity,2022
HD 204313 e,HD 204313,106006,204313,1,47.794,322.05106,-21.72742,,,,1.03,,7.457,7325.64666,0.253,,4868.178,,Radial Velocity,2022
HD 205158 b,HD 205158,,205158,1,86.616,323.91862,-59.69331,,,,1.16,,0.177,25.33798,0.145,,124.589,,Radial Velocity,2022
HD 213519 b,HD 213519,,213519,1,41.001,337.77278,45.14525,,,,1.05,,0.099,11.12214,0.413,,9.217,,Radial Velocity,2022
HD 217786 c,HD 217786,113834,217786,2,55.485,345.78381,-0.43036,,,,1.14,,0.038,2.52221,0.399,,7.31,,Radial Velocity,2022
HD 217958 b,HD 217958,,217958,1,61.796,346.13658,-25.69178,,,,1.08,,3.758,2560.19774,0.156,,166.542,,Radial Velocity,2022
HD 25912 b,HD 25912,,25912,1,49.166,60.9075,-51.93151,,,,1.08,,0.242,41.83156,0.05,,38.139,,Radial Velocity,2022
Kepler-916 b,Kepler-916,,,1,830.712,290.98338,45.97333,,5248,0.81,0.85,,,32.29688,,1.76,,,Transit,2016
HD 25912 c,HD 25912,,25912,1,49.166,60.9075,-51.93151,,,,1.08,,17.848,26308.65619,0.051,,5252.75,,Radial Velocity,2022
HD 28185 c,HD 28185,20723,28185,1,39.381,66.61005,-10.55108,,5602,1.048,0.974,-0.0132,8.5,9090,0.15,,1906.97,,Radial Velocity,2022
HD 28192 b,HD 28192,,28192,1,49.806,66.70325,-1.72448,,,,1.08,,0.118,14.23283,0.104,,99.798,,Radial Velocity,2022
HD 29985 b,HD 29985,21865,29985,1,31.271,70.52166,-33.92107,,,,0.75,,13.39,20608.14049,0.261,,1739.475,,Radial Velocity,2022
HD 43197 c,HD 43197,29550,43197,1,62.411,93.39932,-29.89719,,,,0.96,,8.54,9295.9735,0.149,,2500.674,,Radial Velocity,2022
HD 457 b,HD 457,,457,1,55.038,2.24929,-39.73724,,,,1.15,,15.369,20324.58153,0.565,,8445.336,,Radial Velocity,2022
HD 56957 b,HD 56957,,56957,1,61.492,109.3254,-40.65607,,,,1.03,,6.426,5859.08992,0.273,,1880.909,,Radial Velocity,2022
HD 62364 b,HD 62364,36941,62364,1,53.112,113.90527,-75.54427,F7 V,6255,1.401,1.157,0.433,6.15,5138,0.607,,5965.639,,Radial Velocity,2022
HD 62364 c,HD 62364,36941,62364,1,53.112,113.90527,-75.54427,,,,1.19,,36.984,74839.94555,0.773,,7923.462,,Radial Velocity,2022
HD 62549 b,HD 62549,,62549,1,49.331,116.08214,-5.05412,,,,1.08,,11.842,14306.88519,0.15,,2707.58,,Radial Velocity,2022
Kepler-50 b,Kepler-50,,,1,250.11,288.10093,50.03368,,6225,1.58,1.24,,0.077,7.81254,,1.71,,,Transit,2012
HD 72659 c,HD 72659,42030,72659,1,51.895,128.51281,-1.56863,G2 V,5929,1.36,1.033,,21.5,35500,0.114,,6165.871,,Radial Velocity,2022
HD 73267 c,HD 73267,42202,73267,1,50.409,129.07351,-34.45945,,,,0.93,,12.688,17071.78045,0.089,,1630.778,,Radial Velocity,2022
HD 80883 b,HD 80883,,80883,1,34.601,139.93318,-59.47808,,,,0.88,,6.462,6383.78352,0.203,,1748.056,,Radial Velocity,2022
HD 80913 b,HD 80913,,80913,1,61.36,138.10215,-81.76845,,,,1.11,,9.95,10839.83341,0.313,,7505.2,,Radial Velocity,2022
HD 81817 c,HD 81817,47193,81817,1,269.126,144.27157,81.32631,,,,4.3,,2.325,622.97802,0.095,,7185.782,,Radial Velocity,2022
HD 86065 b,HD 86065,,86065,1,40.366,148.92567,-18.10694,,,,0.81,,15.947,25775.78859,0.219,,2877.301,,Radial Velocity,2022
HD 88072 b,HD 88072,,88072,1,35.91,152.34675,2.37105,,,,1.04,,13.895,18538.79293,0.156,,2511.798,,Radial Velocity,2022
HD 93351 b,HD 93351,,93351,1,56.163,161.67793,-1.68858,,,,0.94,,0.035,2.45946,0.549,,3.496,,Radial Velocity,2022
HD 93351 c,HD 93351,,93351,1,56.163,161.67793,-1.68858,,,,0.94,,11.154,14010.2941,0.109,,4154.017,,Radial Velocity,2022
HD 97037 b,HD 97037,,97037,1,32.413,167.55456,-7.39015,,,,1.06,,6.925,6449.08337,0.357,,6707.769,,Radial Velocity,2022
GJ 2030 b,GJ 2030,,,1,37.079,50.82376,-7.79504,,,,0.96,,0.034,2.38129,0.239,,4.767,,Radial Velocity,2022
GJ 2030 c,GJ 2030,,,1,37.079,50.82376,-7.79504,,,,0.96,,16.761,25533.11353,0.041,,4069.157,,Radial Velocity,2022
GJ 3222 b,GJ 3222,15799,21175,2,18.238,50.89725,-40.07623,,,,0.89,,0.091,10.66669,0.929,,11.442,,Radial Velocity,2022
GJ 680 b,GJ 680,86057,,2,9.673,263.80722,-48.67884,,,,0.456,,10.138,17281.66514,0.381,,7977.493,,Radial Velocity,2022
GJ 9714 b,GJ 9714,103768,199981,1,20.512,315.41418,-32.525,,,,0.67,,12.319,19240.75467,0.155,,2988.541,,Radial Velocity,2022
HD 115404 A b,HD 115404 A,64797,115404,1,10.982,199.21558,17.01604,,,,0.83,,0.088,10.49488,0.232,,30.829,,Radial Velocity,2022
HD 115404 A c,HD 115404 A,64797,115404,1,10.982,199.21558,17.01604,,,,0.83,,11.364,15319.22517,0.211,,3279.671,,Radial Velocity,2022
HD 12235 b,HD 12235,,12235,1,31.763,30.03916,3.09591,,,,1.1,,0.054,4.36305,0.376,,10.488,,Radial Velocity,2022
HD 12235 c,HD 12235,,12235,1,31.763,30.03916,3.09591,,,,1.1,,22.21,36336.70679,0.174,,3135.695,,Radial Velocity,2022
HD 203387 b,HD 203387,,203387,1,61.748,320.56178,-16.83452,,,,2.817,,1.771,512.5352,0.732,,1106.043,,Radial Velocity,2022
Kepler-408 b,Kepler-408,,,1,88.783,284.78622,48.42326,,6104,1.23,1.08,,,2.46502,,0.82,5,,Transit,2014
HD 203387 c,HD 203387,,203387,1,61.748,320.56178,-16.83452,,,,2.817,,5.067,2481.07227,0.202,,2378.946,,Radial Velocity,2022
HIP 19976 b,HIP 19976,19976,,2,40.271,64.25979,-40.79852,,,,0.67,,0.234,50.65905,0.304,,21.612,,Radial Velocity,2022
HIP 35965 b,HIP 35965,35965,,1,50.168,111.20252,-51.32575,,,,0.78,,15.898,26125.56497,0.138,,2589.984,,Radial Velocity,2022
HIP 55507 b,HIP 55507,55507,,1,25.489,170.52272,46.9078,,,,0.65,,5.062,5138.43727,0.362,,2585.534,,Radial Velocity,2022
HIP 948 b,HIP 948,948,,1,34.852,2.92763,-39.23049,,,,0.71,,15.037,24955.45756,0.23,,6547.265,,Radial Velocity,2022
OGLE-2019-BLG-1470L AB c,OGLE-2019-BLG-1470L A,,,2,5900,271.94921,-27.03356,,,,0.57,,3.2,,,,699.222,,Microlensing,2022
TOI-5786 b,TOI-5786,,,2,192.475,293.32233,30.70425,,6235,1.36,1.23,,0.114,12.77911,,8.54,73,1040,Transit,2025
TOI-5788 c,TOI-5788,,,1,97.614,287.4249,31.76153,,5615,0.87,0.87,-0.1475,0.1197,16.21336,0.046,2.272,6.4,667,Transit,2026
TOI-5788 b,TOI-5788,,,1,97.614,287.4249,31.76153,,5615,0.87,0.87,-0.1475,0.064,6.34076,0.061,1.528,3.72,910,Transit,2026
TOI-5795 b,TOI-5795,,,1,156.53,304.86878,-7.54766,G3 V,5715,1.082,0.901,0.0531,0.064,6.14063,0.25,5.62,23.66,1137,Transit,2025
TOI-5799 b,TOI-5799,,,1,27.812,301.63018,15.98914,M2 V,3452,0.321,0.325,,0.0348,4.16451,,1.733,,505,Transit,2024
TOI-5800 b,TOI-5800,,,1,42.905,305.06555,-7.41192,K3 V,4850,0.773,0.778,-0.51,0.0344,2.62788,0.3,2.46,9.5,1108,Transit,2025
HD 184010 b,HD 184010,,184010,1,60.799,292.84014,26.61728,K0 III-IV,4971,4.86,1.35,1.1169,0.94,286.6,0,,98.527,,Radial Velocity,2022
HD 184010 c,HD 184010,,184010,1,60.799,292.84014,26.61728,K0 III-IV,4971,4.86,1.35,1.1169,1.334,484.3,0,,95.349,,Radial Velocity,2022
HD 184010 d,HD 184010,,184010,1,60.799,292.84014,26.61728,K0 III-IV,4971,4.86,1.35,1.1169,1.92,836.4,0,,143.023,,Radial Velocity,2022
KIC 3526061 b,KIC 3526061,,,1,401.229,285.1864,38.61111,,4829,5.86,1.42,1.2148,5.14,3552,0.85,,5768.586,,Radial Velocity,2022
NGTS-21 b,NGTS-21,,,1,592.891,311.25831,-35.42784,K3 V,4660,0.86,0.72,,0.0236,1.54339,0,14.908,750.075,1357,Transit,2022
KMT-2021-BLG-1898L b,KMT-2021-BLG-1898L,,,1,6900,265.69187,-27.37584,,,,0.48,,1.9,,,,232.015,,Microlensing,2022
HD 3167 e,HD 3167,2736,3167,1,47.29,8.74015,4.38072,,5261,0.88,0.837,,0.3885,96.63,0.15,,8.41,,Radial Velocity,2022
TOI-5803 b,TOI-5803,,,1,84.013,327.24875,6.27818,,5134,0.762,0.87,,,5.38305,,3.273,,679,Transit,2023
Kepler-76 b,Kepler-76,,,1,822.96,294.19212,39.61897,,6409,1.32,1.2,,0.0274,1.54493,,15.244,638.838,2140,Orbital Brightness Modulation,2013
TOI-5817 b,TOI-5817,106097,204660,2,80.754,322.3778,21.47453,G2 IV-V,5770,1.427,0.97,0.3118,0.1223,15.61031,0.2,3.08,10.3,950,Transit,2025
TOI-969 c,TOI-969,,,1,77.255,115.13669,2.09859,K V,4435,0.671,0.734,,2.52,1700,0.628,,3591.461,96,Radial Velocity,2022
OGLE-2017-BLG-1691L b,OGLE-2017-BLG-1691L,,,1,7290,263.59383,-29.28483,,,,0.45,,2.41,,,,14.62,,Microlensing,2022
KMT-2021-BLG-0320L b,KMT-2021-BLG-0320L,,,1,6950,269.38813,-30.50394,,,,0.32,,1.54,,,,31.783,,Microlensing,2022
KMT-2021-BLG-1303L b,KMT-2021-BLG-1303L,,,1,6280,271.86388,-29.28158,,,,0.57,,2.89,,,,120.775,,Microlensing,2022
KMT-2021-BLG-1554L b,KMT-2021-BLG-1554L,,,1,7680,267.80342,-31.86436,,,,0.08,,0.72,,,,38.139,,Microlensing,2022
Kepler-1762 b,Kepler-1762,,,1,1663.74,290.49315,39.78551,,6572,1.238,1.298,,,29.5391,,2.76,,,Transit,2021
HD 206893 b,HD 206893,107412,206893,1,40.758,326.34169,-12.78335,,,,1.31,,10.75,11100,0.069,,6197.654,,Imaging,2021
K2-411 b,K2-411,,,1,298.219,58.00363,19.39099,,5711,1.375,1.018,,0.0511,3.2141,,0.99,,,Transit,2022
K2-413 b,K2-413,,,1,285.162,353.41757,-7.61203,,4116,0.7,0.808,,0.0117,0.8094,,0.76,,,Transit,2022
K2-413 c,K2-413,,,1,285.162,353.41757,-7.61203,,4116,0.7,0.808,,0.0426,5.3301,,1.233,,,Transit,2022
K2-414 c,K2-414,,,1,260.036,351.63619,-4.60666,,4343,0.732,0.814,,0.0552,6.669,,1.929,,,Transit,2022
K2-414 b,K2-414,,,1,260.036,351.63619,-4.60666,,4343,0.732,0.814,,0.0487,4.3696,,1.219,,,Transit,2022
K2-412 b,K2-412,,,1,654.085,76.26213,21.58016,,5590,0.977,0.893,,0.0586,5.9382,,2.116,,,Transit,2022
Kepler-1712 b,Kepler-1712,,,1,156.264,284.9987,50.14669,,3732,0.509,0.515,,,13.815,,2.284,,,Transit,2021
Kepler-923 b,Kepler-923,,,1,1000.28,294.17108,40.05514,,5988,1.26,1.11,,,6.93366,,1.38,,,Transit,2016
NGTS-23 b,NGTS-23,,,1,1074.95,70.43229,-40.04453,F9 V,6057,1.24,1.01,0.2833,0.0504,4.07643,0,14.202,194.829,1327,Transit,2022
NGTS-25 b,NGTS-25,,,1,521.233,307.4183,-39.03236,K0 V,5321,0.86,0.91,-0.2916,0.0388,2.82309,0,11.467,203.092,1101,Transit,2022
HD 191939 g,HD 191939,99175,191939,1,53.609,302.02562,66.8503,G9 V,5348,0.94,0.81,-0.1871,0.812,284,0.03,,13.5,278,Radial Velocity,2022
TOI-5882 b,TOI-5882,,,1,416.104,311.88864,34.73749,,5920,2.26,1.334,0.7536,0.0804,7.14897,0.034,11.467,6995.403,1515,Transit,2025
Kepler-924 b,Kepler-924,,,1,1053.04,290.66851,40.39771,,6167,1.23,1.14,,,61.03701,,3.07,,,Transit,2016
TOI-5916 b,TOI-5916,,,1,199.724,325.29951,9.59905,M2&plusmn;0.5,3613,0.48,0.477,-1.4522,0.0262,2.36713,0.09,11.355,226.612,683,Transit,2026
Kepler-1763 b,Kepler-1763,,,1,756.486,294.11304,40.36289,,5897,1.259,1.026,,,1.48028,,1.147,,,Transit,2021
TOI-5926 b,TOI-5926,,,1,275.103,308.07844,15.50308,,5389,0.89,,,,3.81123,,7.568,,,Transit,2026
Kepler-4 b,Kepler-4,,,1,487.916,285.61545,50.13577,,5857,1.487,1.223,0.354,0.0456,3.21346,0,4.002,24.472,1650,Transit,2009
Kepler-925 b,Kepler-925,,,1,611.115,290.10656,40.49062,,4673,0.72,0.77,,,33.86785,,2.34,,,Transit,2016
TOI-5938 b,TOI-5938,,,1,114.035,303.90884,28.65923,,4650,0.712,0.744,,0.0308,2.26042,,3.82,,1077,Transit,2026
HD 167768 b,HD 167768,,167768,1,107.214,274.22133,-3.00858,G8 III,4851,9.7,1.08,1.6693,0.1512,20.6532,0.149,,270.154,,Radial Velocity,2022
HD 114082 b,HD 114082,64184,114082,1,95.391,197.31712,-60.30843,F3 V,6651,1.49,1.47,0.5832,0.5109,109.75,0.395,11.209,2542.627,,Radial Velocity,2022
KMT-2021-BLG-0119L b,KMT-2021-BLG-0119L,,,1,3130,274.00054,-29.74389,,,,0.56,,2.92,,,,1754.413,,Microlensing,2022
KMT-2021-BLG-0192L b,KMT-2021-BLG-0192L,,,1,5120,268.10496,-30.00869,,,,0.27,,1.62,,,,34.961,,Microlensing,2022
KMT-2021-BLG-2294L b,KMT-2021-BLG-2294L,,,1,6800,270.06242,-28.61244,,,,0.14,,1.15,,,,22.248,,Microlensing,2022
MOA-2019-BLG-008L b,MOA-2019-BLG-008L,,,1,2700,267.98287,-29.98973,,,,0.9,,,,,,5720.911,,Microlensing,2022
HD 206893 c,HD 206893,107412,206893,1,40.758,326.34169,-12.78335,,,,1.31,,3.74,2290,0.283,,3527.895,,Imaging,2022
Kepler-926 b,Kepler-926,,,1,921.361,289.67934,40.70043,,5806,1.01,1.01,,,52.06886,,2.31,,,Transit,2016
TOI-1136 b,TOI-1136,,,1,84.536,192.1849,64.85528,,5770,0.968,1.022,,0.05106,4.1727,0.027,,3.5,1216,Transit,2022
TOI-1136 g,TOI-1136,,,1,84.536,192.1849,64.85528,,5770,0.968,1.022,,0.229,39.545,0.04,,5.6,574,Transit,2022
TOI-6000 b,TOI-6000,,,1,75.766,292.6063,68.15459,,3419,0.38,0.37,,,0.44896,,0.94,,1120,Transit,2025
TOI-6002 b,TOI-6002,,,1,32.027,299.61425,32.28717,M3.5+/-0.5,3229,0.243,0.21,-2.2351,0.05722,10.90482,0.15,1.65,,321,Transit,2024
TOI-6008 b,TOI-6008,,,1,23.101,310.44873,49.6469,M5.0,3075,0.242,0.23,-2.3287,0.01078,0.85743,,1.03,4,707,Transit,2024
KMT-2017-BLG-0673L b,KMT-2017-BLG-0673L,,,1,5080,264.75704,-33.80803,,,,0.63,,2.34,,,,1166.43,,Microlensing,2022
KMT-2019-BLG-0414L b,KMT-2019-BLG-0414L,,,1,4410,268.85292,-21.89554,,,,0.74,,1.16,,,,1452.476,,Microlensing,2022
GJ 1002 b,GJ 1002,,,1,4.849,1.67646,-7.54621,M5.5 V,3024,0.137,0.12,-2.852,0.0457,10.3465,,,1.08,231,Radial Velocity,2022
GJ 1002 c,GJ 1002,,,1,4.849,1.67646,-7.54621,M5.5 V,3024,0.137,0.12,-2.852,0.0738,21.202,,,1.36,182,Radial Velocity,2022
KMT-2021-BLG-0240L b,KMT-2021-BLG-0240L,,,1,6600,267.57729,-30.00497,,,,0.56,,2.8,,,,66.744,,Microlensing,2022
TOI-6016 b,TOI-6016,,,1,364.715,4.52396,59.7662,F,6110,1.51,1.31,0.4609,0.055,4.02369,0,13.675,371.859,1890,Transit,2024
OGLE-2006-BLG-284L A b,OGLE-2006-BLG-284L A,,,2,4000,269.65925,-29.13667,,,,0.35,,2.17,,,,144,,Microlensing,2020
KMT-2021-BLG-1077L b,KMT-2021-BLG-1077L,,,1,8240,266.48913,-33.84281,M V,,,0.14,,1.26,,,,69.922,,Microlensing,2022
KMT-2021-BLG-1077L c,KMT-2021-BLG-1077L,,,1,8240,266.48913,-33.84281,M V,,,0.14,,0.93,,,,79.457,,Microlensing,2022
MOA-2020-BLG-135L b,MOA-2020-BLG-135L,,,1,7900,268.4235,-29.80757,,,,0.23,,1.11,,,,11.3,,Microlensing,2022
Kepler-138 e,Kepler-138,,,1,66.862,290.38141,43.29306,,3841,0.535,0.535,-1.2518,0.1803,38.23,0.112,,0.43,292,Transit Timing Variations,2022
TOI-1288 c,TOI-1288,,,1,114.865,313.16703,65.60878,,5388,0.958,0.955,-0.1549,1.07,416,0,,85.7,,Radial Velocity,2022
nu Oct A b,nu Oct A,107089,205478,2,21.2,325.37028,-77.39109,K1 IV,4910,5.04,1.57,1.1206,1.24,402.4,0.195,,696.044,,Radial Velocity,2016
GJ 1151 c,GJ 1151,,,1,8.036,177.73049,48.37323,M 4.5V,3280,0.178,0.164,-2.4795,0.5714,389.7,,,10.62,,Radial Velocity,2023
Proxima Cen d,Proxima Cen,70890,,3,1.301,217.39347,-62.67618,M5.5 V,2900,0.141,0.122,-2.821,0.02881,5.12338,0,,0.26,282,Radial Velocity,2025
TOI-6029 b,TOI-6029,,,1,603.119,8.38626,61.86077,,6223,2.338,1.548,0.7993,,5.7987,0.091,14.392,519.649,,Transit,2024
TOI-6034 b,TOI-6034,,,2,117.992,317.90014,68.40208,,3635,0.489,0.514,-1.4034,0.02949,2.57618,0.04,11.92,254,714,Transit,2024
TOI-6038 A b,TOI-6038 A,,,2,179.147,51.65727,40.81727,,6110,1.648,1.291,0.5327,0.069,5.82673,,6.41,78.5,1439,Transit,2025
Kepler-927 b,Kepler-927,,,1,831.685,289.38348,41.39267,,5743,0.99,0.99,,,9.11499,,1.72,,,Transit,2016
TOI-6041 b,TOI-6041,,,1,72.473,46.06103,43.55767,G7,5445,0.879,0.885,-0.2125,0.1651,26.04945,,4.55,28.9,606,Transit,2025
OGLE-2019-BLG-0468L b,OGLE-2019-BLG-0468L,,,1,4400,266.406,-24.44728,G,,,0.92,,3.29,,,,1090.151,,Microlensing,2022
OGLE-2019-BLG-0468L c,OGLE-2019-BLG-0468L,,,1,4400,266.406,-24.44728,G,,,0.92,,2.77,,,,3248.206,,Microlensing,2022
TOI-1669 b,TOI-1669,,,1,111.276,45.95647,83.58743,,5497,1.056,0.987,-0.0357,1.27,500,0,,191,,Radial Velocity,2023
TOI-1694 c,TOI-1694,,,1,124.68,97.74871,66.3606,,5058,0.804,0.853,-0.4179,0.1,393.1,0,,297,,Radial Velocity,2023
KMT-2017-BLG-1194L b,KMT-2017-BLG-1194L,,,1,4240,274.32213,-25.32394,,,,0.41,,1.78,,,,3.54,,Microlensing,2023
KMT-2017-BLG-0428L b,KMT-2017-BLG-0428L,,,1,5400,271.38525,-28.49028,,,,0.34,,1.81,,,,5.59,,Microlensing,2023
KMT-2019-BLG-1806L b,KMT-2019-BLG-1806L,,,1,6640,270.53754,-29.41489,,,,0.74,,3.02,,,,4.67,,Microlensing,2023
KMT-2017-BLG-1003L b,KMT-2017-BLG-1003L,,,1,7090,265.4115,-24.37394,,,,0.32,,1.38,,,,5.19,,Microlensing,2023
KMT-2019-BLG-1367L b,KMT-2019-BLG-1367L,,,1,4670,272.47133,-29.76221,,,,0.25,,1.7,,,,4.08,,Microlensing,2023
OGLE-2017-BLG-1806L b,OGLE-2017-BLG-1806L,,,1,6400,266.62325,-24.27227,,,,0.38,,1.75,,,,5.27,,Microlensing,2023
KMT-2016-BLG-1105L b,KMT-2016-BLG-1105L,,,1,5080,266.44725,-26.26637,,,,0.41,,2.44,,,,2.32,,Microlensing,2023
OGLE-2019-BLG-1053L b,OGLE-2019-BLG-1053L,,,1,6800,270.16638,-27.34158,,,,0.61,,3.4,,,,2.48,,Microlensing,2021
KMT-2019-BLG-0253L b,KMT-2019-BLG-0253L,,,1,4900,267.88258,-29.56547,,,,0.7,,3.1,,,,9.2,,Microlensing,2022
OGLE-2018-BLG-0506L b,OGLE-2018-BLG-0506L,,,1,5600,267.62983,-31.92406,,,,0.63,,3,,,,16.3,,Microlensing,2022
Kepler-1764 b,Kepler-1764,,,1,1542.48,293.8799,41.39384,,6461,1.131,1.162,,,70.4683,,4.555,,,Transit,2021
OGLE-2018-BLG-0516L b,OGLE-2018-BLG-0516L,,,1,7000,269.64013,-31.26239,,,,0.47,,2.2,,,,20.1,,Microlensing,2022
OGLE-2019-BLG-1492L b,OGLE-2019-BLG-1492L,,,1,5600,270.09646,-28.63114,,,,0.68,,2.7,,,,37.1,,Microlensing,2022
OGLE-2018-BLG-0977L b,OGLE-2018-BLG-0977L,,,1,6500,268.50612,-30.60481,,,,0.47,,2,,,,6.4,,Microlensing,2022
KMT-2019-BLG-0953L b,KMT-2019-BLG-0953L,,,1,7200,269.33858,-28.67464,,,,0.28,,1.1,,,,15.5,,Microlensing,2022
OGLE-2016-BLG-1093L b,OGLE-2016-BLG-1093L,,,1,8120,269.00429,-32.71347,,,,0.46,,2.13,,,,225.658,,Microlensing,2022
KMT-2021-BLG-1391L b,KMT-2021-BLG-1391L,,,1,5720,270.68358,-28.0605,,,,0.37,,2.29,,,,4.55,,Microlensing,2022
KMT-2021-BLG-1253L b,KMT-2021-BLG-1253L,,,1,6640,267.61721,-29.27928,,,,0.24,,1.52,,,,19.05,,Microlensing,2022
KMT-2021-BLG-1372L b,KMT-2021-BLG-1372L,,,1,5970,264.48854,-28.14839,,,,0.42,,2.37,,,,61.27,,Microlensing,2022
KMT-2021-BLG-0748L b,KMT-2021-BLG-0748L,,,1,6090,272.42133,-25.74658,,,,0.36,,2.43,,,,143.023,,Microlensing,2022
KMT-2019-BLG-1042L b,KMT-2019-BLG-1042L,,,1,6600,270.54404,-27.58067,,,,0.3,,1.7,,,,60.387,,Microlensing,2022
KMT-2019-BLG-1552L b,KMT-2019-BLG-1552L,,,1,4600,269.59579,-27.56694,,,,0.79,,2.6,,,,1287.205,,Microlensing,2022
KMT-2019-BLG-2974L b,KMT-2019-BLG-2974L,,,1,6100,267.85208,-29.42316,,,,0.47,,2,,,,88.992,,Microlensing,2022
Kepler-928 b,Kepler-928,,,1,508.809,289.92068,41.54278,,4700,0.7,0.73,,,3.93246,,1.59,,,Transit,2016
TOI-6054.01,TOI-6054,17540,,1,79.407,56.33701,60.35092,,6047,1.662,1.107,0.5224,0.0763,7.50143,0.164,2.64,12.5,1360,Transit,2024
TOI-6054.02,TOI-6054,17540,,1,79.407,56.33701,60.35092,,6047,1.662,1.107,0.5224,0.1079,12.56364,0.332,2.82,9.3,1143,Transit,2024
Kepler-929 b,Kepler-929,,,1,1311.23,298.4811,41.61526,,5869,1.02,1.01,,,0.92103,,1.11,,,Transit,2016
Wolf 1069 b,Wolf 1069,,,1,9.583,306.52425,58.5753,M5.0 V,3158,0.181,0.167,-2.5311,0.0672,15.564,,,1.26,250,Radial Velocity,2023
L 363-38 b,L 363-38,,,1,10.229,10.85554,-41.29529,,3129,0.274,0.21,-1.8861,0.048,8.781,,,4.67,330,Radial Velocity,2023
AF Lep b,AF Lep,25486,35850,1,26.856,81.76992,-11.90118,F8,,,1.218,,8.996,8905,0.015,,1147.361,,Imaging,2023
TOI-6080 b,TOI-6080,,,1,188.183,266.60442,38.07871,,5775,1.062,,,,8.05562,,3.324,,,Transit,2026
GJ 463 b,GJ 463,60398,,1,18.355,185.74405,64.03243,M3.0 V,3563,0.483,0.486,,3.53,3459,0.146,,524.099,,Radial Velocity,2022
TIC 279401253 b,TIC 279401253,,,1,285.584,57.65723,-15.02623,,5951,1.06,1.13,0.0969,0.369,76.8,0.448,11.209,1951.466,,Transit,2023
TIC 279401253 c,TIC 279401253,,,1,285.584,57.65723,-15.02623,,5951,1.06,1.13,0.0969,0.591,155.3,0.254,,2548.984,,Transit,2023
HD 169142 b,HD 169142,,169142,1,113.6,276.12407,-29.78053,,,,1.85,,37.2,,,,953.485,,Imaging,2023
OGLE-2018-BLG-0799L b,OGLE-2018-BLG-0799L,,,1,4050,273.459,-25.48572,,,,0.093,,1.28,,,,82.635,,Microlensing,2022
TOI-4156 c,TOI-4156,,,1,213.719,230.78083,76.33188,,5972,1.04,,,,12.82283,,2.923,,,Transit,2026
TOI-6086 b,TOI-6086,,,1,31.457,265.37042,30.30378,M3.0,3200,0.259,0.254,-2.1979,0.01541,1.38887,,1.18,,634,Transit,2024
HD 18438 b,HD 18438,14417,18438,1,224.146,46.53184,79.41858,M2.5 III,3860,88.475,1.84,2.968,2.1,803,0.1,,6674.397,,Radial Velocity,2023
TOI-1338 c,TOI-1338 A,,,2,399.017,92.1331,-59.54099,,,1.313,1.094,,,215.79,0.037,,75.4,,Radial Velocity,2023
Kepler-314 c,Kepler-314,,,1,268.881,294.67415,42.0756,,5378,0.95,,,0.064,5.96039,,2.9,,,Transit,2014
KMT-2021-BLG-0712L b,KMT-2021-BLG-0712L,,,1,3090,269.28567,-31.18447,,,,0.22,,2.22,,,,38.19,,Microlensing,2023
KMT-2021-BLG-0909L b,KMT-2021-BLG-0909L,,,1,6480,265.62021,-27.63914,,,,0.38,,1.75,,,,400.464,,Microlensing,2023
KMT-2021-BLG-2478L b,KMT-2021-BLG-2478L,,,1,2970,269.30921,-29.10197,,,,0.2,,1.85,,,,286.046,,Microlensing,2023
KMT-2021-BLG-1105L b,KMT-2021-BLG-1105L,,,1,4540,265.73225,-25.50891,,,,0.63,,3.54,,,,413.177,,Microlensing,2023
K2-415 b,K2-415,,,1,21.818,137.20154,11.86225,M5 V,3173,0.197,0.164,-2.4547,0.027,4.01797,,1.015,7.5,412,Transit,2023
WASP-84 c,WASP-84,,,1,100.588,131.107,1.85989,K0,,0.768,0.853,,0.02359,1.44688,,1.95,15.2,1329,Transit,2023
TOI-6109 c,TOI-6109,,,1,151.738,50.13192,42.60696,G3,5660,1.021,1.03,-0.0545,0.0786,8.53888,,4.833,,,Transit,2025
PZ Tel b,PZ Tel,92680,174429,1,47.065,283.27458,-50.1809,G9 IV,,,1.36,,27,44000,0.52,,8581.367,,Imaging,2023
KMT-2018-BLG-0030L b,KMT-2018-BLG-0030L,,,1,6480,264.51667,-28.04162,,,,0.51,,4.39,,,,460.851,,Microlensing,2022
KMT-2018-BLG-0087L b,KMT-2018-BLG-0087L,,,1,7020,264.327,-27.83206,,,,0.1,,0.87,,,,73.101,,Microlensing,2022
KMT-2018-BLG-0247L b,KMT-2018-BLG-0247L,,,1,6760,264.56004,-27.15041,,,,0.29,,2.46,,,,670.618,,Microlensing,2022
Kepler-930 b,Kepler-930,,,1,848.396,298.31445,42.24737,,6335,1.4,1.25,,,71.45178,,2.13,,,Transit,2016
OGLE-2018-BLG-0298L b,OGLE-2018-BLG-0298L,,,1,6540,264.2845,-29.70911,,,,0.69,,2.86,,,,44.496,,Microlensing,2022
KMT-2018-BLG-2602L b,KMT-2018-BLG-2602L,,,1,4310,267.39704,-21.9762,,,,0.66,,3.81,,,,365.503,,Microlensing,2022
OGLE-2018-BLG-1119L b,OGLE-2018-BLG-1119L,,,1,5760,270.02925,-32.37528,,,,0.48,,4.06,,,,289.224,,Microlensing,2022
WASP-149 b,WASP-149,,,1,211.73,124.07368,-8.68658,,5750,1.08,1.05,,0.024,1.33281,0,15.244,314.968,1855,Transit,2025
TOI-6130 b,TOI-6130,,,1,220.882,339.20508,16.82719,F,6110,1.51,1.31,0.4609,0.036,2.39268,0.036,14.347,333.72,1750,Transit,2024
WASP-155 b,WASP-155,,,1,399.63,347.97972,33.04761,,5660,1.24,1.09,,0.043,3.11041,0,13.451,276.829,1468,Transit,2025
Kepler-931 b,Kepler-931,,,1,,297.13269,42.76829,,5241,0.81,0.86,,,8.03756,,1.33,,,Transit,2016
WASP-102 b,WASP-102,,,1,535.689,336.4643,15.85664,,5990,1.375,1.08,,0.041,2.70981,0,14.908,197.689,1671,Transit,2025
Kepler-485 b,Kepler-485,,,1,1140.95,294.99634,50.47005,,5958,1.09,1.07,,,3.24326,,14.41,,,Transit,2016
Kepler-1650 b,Kepler-1650,,,1,134.397,297.72923,42.86669,,3410,0.334,0.326,-1.871,,1.53818,0.01,0.96,,,Transit,2017
Kepler-1765 b,Kepler-1765,,,1,764.456,298.01446,42.95743,,5692,1.064,0.946,,,10.4189,,2.495,,,Transit,2021
Kepler-1670 b,Kepler-1670,,,1,2065.98,290.32646,43.12176,,5838,1.519,1.05,0.3828,,20.4998,,3.356,,,Transit,2020
Kepler-932 b,Kepler-932,,,1,465.612,296.95208,43.27202,,5331,0.84,0.87,,,1.92144,,1.37,,,Transit,2016
TOI-6223 b,TOI-6223,,,1,133.122,355.9506,33.06724,M0 V,3895,0.576,0.582,,0.04018,3.85522,,5.07,,714,Transit,2025
Kepler-315 b,Kepler-315,,,1,1160.63,298.0231,43.36348,,5796,1.037,,,0.402,96.10114,,3.77,,,Transit,2014
Gliese 12 b,Gliese 12,,,1,12.21,3.95791,13.55762,,3328,0.265,0.255,,,12.76142,0.24,0.93,0.95,,Transit,2024
TOI-6255 b,TOI-6255,,,1,20.317,331.50316,39.29883,,3421,0.37,0.353,,,0.23818,0,1.079,1.44,,Transit,2024
Kepler-933 b,Kepler-933,,,1,1017.2,289.56853,43.53854,,5346,0.84,0.87,,,14.20443,,2.46,,,Transit,2016
HIP 99770 b,HIP 99770,99770,,1,40.077,303.63383,36.8066,,,,1.9,,15.8,,0.31,,5403.083,,Imaging,2023
Kepler-68 e,Kepler-68,,,2,144.166,291.03231,49.04021,,5847,1.256,1.057,,4.6,3455,0.33,,86.449,,Radial Velocity,2023
Kepler-454 d,Kepler-454,,,2,230.869,287.47865,38.22908,,5687,1.066,1.03,,5.1,4073,0.089,,734.184,,Radial Velocity,2023
K2-312 c,HD 80653,,80653,1,109.86,140.33908,14.36787,,5959,1.22,1.18,,1.961,921.2,0.853,,1719.452,,Radial Velocity,2023
Kepler-10 d,Kepler-10,,,1,185.506,285.6793,50.24148,,5708,1.065,0.91,,0.5379,151.06,0.19,,12,387,Radial Velocity,2023
Kepler-934 b,Kepler-934,,,1,608.738,290.28845,43.75526,,5001,0.77,0.81,,,55.67383,,2.09,,,Transit,2016
Kepler-104 c,Kepler-104,,,2,400.785,287.60466,42.16651,,5711,1.349,,,0.153,23.66821,,3.13,,,Transit,2014
Kepler-507 b,Kepler-507,,,1,391.644,297.01881,50.40905,,6113,1.32,1.16,,,3.5681,,1.3,,,Transit,2016
K2-2016-BLG-0005L b,K2-2016-BLG-0005L,,,1,5200,269.87983,-27.60747,,,,0.584,,4.16,4700,,,349.611,,Microlensing,2023
WISE J033605.05-014350.4 b,WISE J033605.05-014350.4,,,1,,54.02104,-1.73069,,415,,0.013,,0.97,2560,,,2622.084,325,Imaging,2023
OGLE-2018-BLG-1126L b,OGLE-2018-BLG-1126L,,,1,5700,268.35588,-31.72472,,,,0.69,,3.23,,,,17.798,,Microlensing,2022
OGLE-2018-BLG-1647L b,OGLE-2018-BLG-1647L,,,1,7880,268.96238,-31.817,,,,0.092,,1.36,,,,308.294,,Microlensing,2022
OGLE-2018-BLG-1367L b,OGLE-2018-BLG-1367L,,,1,5370,269.75563,-29.16836,,,,0.28,,,,,,301.937,,Microlensing,2022
OGLE-2018-BLG-0932L b,OGLE-2018-BLG-0932L,,,1,6620,268.35121,-29.02181,,,,0.72,,1.75,,,,282.867,,Microlensing,2022
OGLE-2018-BLG-1212L b,OGLE-2018-BLG-1212L,,,1,1550,271.07763,-28.19408,,,,0.16,,1.68,,,,63.566,,Microlensing,2022
TOI-815 c,TOI-815,,,2,59.712,155.87194,-43.83492,K3 V,4869,0.77,0.776,,0.193,34.97615,0.22,2.62,23.5,469,Transit,2024
WASP-193 b,WASP-193,,,2,362.087,164.34914,-29.99712,,6080,1.213,1.018,0.2601,0.0668,6.24635,0.081,14.785,35.597,1250,Transit,2023
Kepler-316 c,Kepler-316,,,1,384.938,290.82583,44.1839,,4204,0.52,,,0.058,6.82777,,1.16,,,Transit,2014
HD 101581 c,HIP 56998,56998,101581,1,12.778,175.2563,-44.40415,,4675,0.63,0.653,,0.0573,6.20401,,0.99,,747,Transit,2025
HD 101581 b,HIP 56998,56998,101581,1,12.778,175.2563,-44.40415,,4675,0.63,0.653,,0.046,4.46569,,0.956,,834,Transit,2025
TOI-6281 b,TOI-6281,,,1,57.745,172.37852,-40.60942,,4533,0.874,,,,1.05426,,1.924,,,Transit,2026
LP 791-18 d,LP 791-18,,,1,26.493,165.69048,-16.40644,M(6.1 +/- 0.7) V,2960,0.182,0.139,-2.6383,0.01992,2.75485,0.001,1.032,0.91,,Transit,2023
Kepler-1766 b,Kepler-1766,,,1,501.229,294.27723,46.67524,,5868,1.042,0.915,,,105.015,,2.279,,,Transit,2021
TOI-6303 b,TOI-6303,,,1,152.219,46.78065,40.14717,,3977,0.609,0.644,-1.0867,0.0761,9.48524,0.02,11.59,2493,541,Transit,2025
Kepler-935 b,Kepler-935,,,1,471.782,295.02172,46.6192,,4830,0.73,0.78,,,4.88084,,1.35,,,Transit,2016
Kepler-936 b,Kepler-936,,,1,823.399,293.5778,46.7363,,5482,0.89,0.92,,,10.56134,,1.45,,,Transit,2016
Kepler-937 b,Kepler-937,,,1,1571.46,294.16881,46.71462,,6095,1.22,1.15,,,67.66883,,3.72,,,Transit,2016
TOI-6324 b,TOI-6324,,,1,20.549,330.84454,67.49868,,3247,0.293,0.269,,,0.27922,0,1.059,1.17,1216,Transit,2025
TOI-6330 b,TOI-6330,,,1,139.042,22.16798,53.68608,,3539,0.49,0.531,-1.4317,0.05763,6.85002,0.34,10.89,3179,495,Transit,2025
Kepler-1767 b,Kepler-1767,,,1,820.506,293.64412,46.98967,,5243,0.831,0.887,,,59.6583,,3.013,,,Transit,2021
Kepler-938 b,Kepler-938,,,1,1182.05,294.78906,46.98394,,5533,0.89,0.92,,,52.62984,,2.22,,,Transit,2016
Kepler-939 b,Kepler-939,,,1,2093.62,293.86562,47.02681,,5471,0.85,0.88,,,14.8783,,1.75,,,Transit,2016
Kepler-940 b,Kepler-940,,,1,1260.78,294.24131,47.27596,,5769,0.96,0.97,,,59.62253,,3.34,,,Transit,2016
TOI-6383 A b,TOI-6383 A,,,2,171.319,60.4247,60.89137,M3,3444,0.457,0.458,-1.4868,0.02292,1.79059,0.05,11.29,331,745,Transit,2024
Kepler-941 b,Kepler-941,,,1,1088.36,294.32626,47.21755,,5539,0.86,0.89,,,17.42395,,3.08,,,Transit,2016
TOI-6393 b,TOI-6393,,,1,186.229,141.24369,68.78831,,5008,0.766,,,,9.53176,,2.76,,,Transit,2026
Kepler-917 b,Kepler-917,,,1,3460.51,299.05126,47.94927,,5418,0.76,0.8,,,2.97041,,1.91,,,Transit,2016
TOI-6420 b,TOI-6420,,,1,634.712,125.5443,-19.12429,,6020,1.312,1.165,0.3118,0.0753,6.96151,0.078,11.938,2606.193,1213,Transit,2025
NGTS-33 b,NGTS-33,,,1,437.855,107.83333,-35.85052,,7437,1.47,1.6,0.7716,0.048,2.82797,0,18.383,1153.717,1991,Transit,2024
TOI-6448 b,TOI-6448,,,1,386.879,110.17041,-33.92233,,5910,0.897,1.03,-0.0419,0.131,14.84426,0.2,8.474,,745,Transit,2025
Kepler-918 b,Kepler-918,,,1,1025.03,298.20073,48.26779,,6028,1.14,1.11,,,4.85387,,1.74,,,Transit,2016
KMT-2022-BLG-0440L b,KMT-2022-BLG-0440L,,,1,3500,269.58358,-32.29531,,,,0.53,,1.9,,,,15.4,,Microlensing,2023
KMT-2019-BLG-0298L b,KMT-2019-BLG-0298L,,,1,6710,264.878,-27.63814,,,,0.7,,5.67,,,,575.269,,Microlensing,2023
KMT-2019-BLG-1216L b,KMT-2019-BLG-1216L,,,1,2740,268.48062,-35.13664,,,,0.39,,2.44,,,,29.876,,Microlensing,2023
KMT-2019-BLG-2783L b,KMT-2019-BLG-2783L,,,1,5910,269.29192,-33.78852,,,,0.34,,1.85,,,,368.681,,Microlensing,2023
OGLE-2019-BLG-0249L b,OGLE-2019-BLG-0249L,,,1,6370,265.4035,-34.70175,,,,0.91,,1.84,,,,2262.938,,Microlensing,2023
OGLE-2019-BLG-0679L b,OGLE-2019-BLG-0679L,,,1,5630,265.74042,-27.77288,,,,0.66,,6.99,,,,1061.547,,Microlensing,2023
HD 207496 b,HD 207496,108162,207496,1,23.606,328.71817,-77.3388,K2.5 V,4819,0.769,0.8,,0.0629,6.44101,0.231,2.25,6.1,743,Transit,2023
Kepler-919 b,Kepler-919,,,1,1119.87,298.11479,48.49438,,6113,1.21,1.15,,,11.04603,,2.25,,,Transit,2016
K2-416 b,K2-416,,,1,120.311,349.22118,-5.2015,M V,3746,0.554,0.548,-1.27,0.088,13.102,,2.66,1652.708,447,Transit,2023
K2-417 b,K2-417,,,1,94.042,350.14177,-10.03659,M V,3861,0.578,0.569,-1.202,0.063,6.535,,3.31,699.222,558,Transit,2023
MOA-2020-BLG-208L b,MOA-2020-BLG-208L,,,1,7490,268.4325,-32.58931,,,,0.43,,2.74,,,,46,,Microlensing,2023
HD 167677 b,HD 167677,89583,167677,1,54.326,274.20678,-11.40679,G5 V,5474,,0.96,,2.877,1820,0.182,,905.811,,Radial Velocity,2023
HD 89839 b,HD 89839,50653,89839,1,57.306,155.16888,-53.66403,,,,1.21,,4.713,3391.2,0.185,,1196.9,,Radial Velocity,2023
HD 165131 b,HD 165131,88595,165131,1,57.426,271.3444,-21.6737,G3/5 V,5870,,1.06,,3.54,2342.6,0.671,,5943.391,,Radial Velocity,2023
HD 15906 c,HD 15906,,15906,1,45.562,38.27125,-10.35218,K V,4757,0.762,0.79,-0.5686,0.141,21.5833,0.04,2.93,,532,Transit,2023
TOI-4010 e,TOI-4010,,,1,177.504,20.21482,66.0722,K V,4960,0.83,0.88,,1.57,762,0.26,,692,174,Radial Velocity,2023
GJ 328 c,GJ 328,43790,,1,20.527,133.78195,1.542,M0.0,3897,0.63,0.65,-1.08,0.657,241.8,,,21.4,,Radial Velocity,2023
HIP 54597 b,HIP 54597,54597,,1,39.743,167.60822,-29.4143,K5 V,,,0.8,,4,3274,0.03,,762.788,,Radial Velocity,2023
BD-210397 b,BD-210397,10337,,1,23.732,33.30242,-21.19621,K7 V,4051,0.747,0.679,-0.8697,2.63,1891,0.1,,214,,Radial Velocity,2023
BD-210397 c,BD-210397,10337,,1,23.732,33.30242,-21.19621,K7 V,,,0.69,,5.9,6240,0.43,,1525.576,,Radial Velocity,2023
HD 74698 b,HD 74698,42532,74698,1,52.065,130.07448,-71.87687,G5 V,5783,1.333,1.039,0.2529,0.121,15.017,0.1,,23,,Radial Velocity,2023
HD 74698 c,HD 74698,42532,74698,1,52.065,130.07448,-71.87687,G5 V,5783,1.333,1.039,0.2529,4.5,3449,0.2,,126,,Radial Velocity,2023
HD 94771 b,HD 94771,53437,94771,1,57.781,163.97468,-35.11452,G3/G5 V,5631,1.903,1.2,0.5159,3.48,2164,0.39,,169,,Radial Velocity,2023
TOI-2018 b,TOI-2018,74981,,1,27.996,229.83744,29.20788,K V,4174,0.62,0.57,-1,,7.43558,0,2.268,9.2,,Transit,2023
Kepler-1759 b,Kepler-1759,,,1,385.348,298.46563,48.55933,,5017,0.797,0.76,,,3.72023,,0.904,,,Transit,2021
TOI-6478 b,TOI-6478,,,2,38.606,149.99181,-16.15979,M4.0+/-0.5,3230,0.234,0.23,,0.1136,34.00502,,4.6,,204,Transit,2025
Kepler-313 b,Kepler-313,,,1,,298.29487,48.7754,,5727,1.536,,,0.125,14.97042,,2.53,,,Transit,2014
Kepler-1760 b,Kepler-1760,,,1,,284.13261,48.82515,,5229,0.903,0.821,,,38.3261,,2.29,,,Transit,2021
Kepler-1761 b,Kepler-1761,,,1,221.186,284.13297,49.14263,,3871,0.532,0.573,,,4.04354,,1.391,,,Transit,2021
Kepler-920 b,Kepler-920,,,1,1001.68,284.29694,49.1586,,5403,0.85,0.89,,,6.53193,,2.42,,,Transit,2016
Kepler-921 b,Kepler-921,,,1,934.49,284.61623,49.19074,,5663,0.91,0.93,,,51.30063,,2.87,,,Transit,2016
rho CrB e,rho CrB,78459,143761,1,17.467,240.26006,33.30019,G0,,,1,,,12.904,0.082,,3.71,,Radial Velocity,2023
TOI-1634 c,TOI-1634,,,2,35.274,56.39061,37.11228,,3472,0.45,0.451,-1.5784,,103,0,,,,Radial Velocity,2022
HD 22946 d,HD 22946,17047,22946,1,62.779,54.81954,-42.76303,,6169,1.117,1.098,,0.2958,47.42489,,2.607,26.57,546,Transit,2023
HIP 81208 C b,HIP 81208 C,81208,,3,147.533,248.8075,-35.72476,M,,,0.135,,23.04,104100,,,4703.86,2050,Imaging,2023
MOA-2022-BLG-249L b,MOA-2022-BLG-249L,,,1,2000,268.86554,-28.30606,,,,0.18,,1.63,,,,4.83,,Microlensing,2023
DMPP-4 b,DMPP-4,96258,184960,1,25.328,293.58266,51.23581,F5-F8 V,6400,1.38,1.25,0.4594,0.04853,3.4982,0.063,,12.2,,Radial Velocity,2023
TOI-1470 c,TOI-1470,,,1,51.95,10.08914,61.21339,M1.5 V,3709,0.469,0.471,-1.4248,0.106,18.08816,0.5,2.47,7.24,373,Transit,2023
GJ 367 c,GJ 367,47780,,1,9.413,146.12146,-45.77902,M1.0 V,3522,0.458,0.455,-1.5391,,11.5301,0.09,,4.13,,Radial Velocity,2023
GJ 367 d,GJ 367,47780,,1,9.413,146.12146,-45.77902,M1.0 V,3522,0.458,0.455,-1.5391,,34.369,0.14,,6.03,,Radial Velocity,2023
HN Lib b,HN Lib,71253,,1,6.244,218.56848,-12.51701,M4.0 V,3347,0.299,0.291,-1.9954,0.1417,36.116,0.079,,5.46,234,Radial Velocity,2023
TOI-1052 c,TOI-1052,,212729,1,129.804,337.51027,-75.64656,,6146,1.264,1.204,,0.2263,35.806,0.237,,34.3,719,Radial Velocity,2023
HD 6860 b,HD 6860,5447,6860,1,61.125,17.43298,35.6205,M0 III,3802,86.4,2.49,3.224,2.03,663.87,0.28,,8981.831,,Radial Velocity,2023
HD 112300 b,HD 112300,63090,112300,1,62.073,193.89884,3.39724,M1 III,3657,65.8,1.4,2.7012,1.33,466.63,0.36,,5031.224,,Radial Velocity,2023
TOI-6109 b,TOI-6109,,,1,151.738,50.13192,42.60696,G3,5660,1.021,1.03,-0.0545,0.0599,5.69048,,4.87,,,Transit,2025
Kepler-922 b,Kepler-922,,,1,536.323,284.73161,49.53315,,5671,0.93,0.95,,,0.93847,,1.42,,,Transit,2016
Kepler-943 b,Kepler-943,,,1,2300.53,284.27393,41.53498,,5612,0.91,0.93,,,49.77014,,5.93,,,Transit,2016
Kepler-945 b,Kepler-945,,,1,1651.25,291.26974,42.09603,,5718,0.97,0.97,,,31.00338,,2.63,,,Transit,2016
HD 36384 b,HD 36384,26638,36384,1,209.309,84.932,75.04399,M0 III,3940,38.4,1.14,2.5892,1.3,490,0.2,,2097.667,,Radial Velocity,2023
MWC 758 c,MWC 758,25793,36112,1,159.537,82.61472,25.33241,A8Ve,,,1.5,,100,,,,,500,Imaging,2023
Kepler-944 b,Kepler-944,,,1,1349.43,293.60129,42.37979,,5409,0.83,0.86,,,43.31677,,2.63,,,Transit,2016
TOI-4600 c,TOI-4600,,,1,216.056,258.45037,64.56617,K V,5170,0.81,0.89,-0.3767,1.152,482.8191,0.21,9.42,2946.269,191,Transit,2023
Kepler-942 b,Kepler-942,,,1,216.354,294.95508,44.14995,,4861,0.75,0.81,,,44.96417,,2.13,,,Transit,2016
Kepler-120 c,Kepler-120,,,1,388.63,287.89157,39.3391,,4096,0.534,,,0.088,12.79458,,1.53,,,Transit,2014
TOI-6628 b,TOI-6628,,,1,320.527,225.83705,-35.23058,,5463,1.01,0.97,-0.0878,0.134,18.18424,0.67,10.985,235.193,833,Transit,2025
TOI-198 b,TOI-198,738,,1,23.726,2.27151,-27.12175,,3801,0.418,0.417,-1.484,0.0675,10.21521,0.15,1.36,3.17,456,Transit,2023
HD 73256 c,HD 73256,42214,73256,1,36.708,129.095,-30.03733,G8 IV,,,1,,3.8,2690,0.16,,5085.255,,Radial Velocity,2023
HD 75302 b,HD 75302,43297,75302,1,30.329,132.30156,3.48501,G5 V,,,1.06,,5.3,4356,0.39,,1716.273,,Radial Velocity,2023
HD 108202 b,HD 108202,60648,108202,1,38.685,186.46132,-1.11092,K4/5 V,,,0.74,,3.7,2990,0.52,,953.485,,Radial Velocity,2023
HD 135625 b,HD 135625,74856,135625,1,56.518,229.45115,-45.92259,G3 IV/V,,,1.28,,5.4,4055,0.16,,731.005,,Radial Velocity,2023
HD 185283 b,HD 185283,96861,185283,1,31.395,295.32336,-56.32211,K3 V,,,0.8,,4.6,4060,0.07,,413.177,,Radial Velocity,2023
GJ 9404 b,GJ 9404,60093,,1,23.884,184.84721,28.38271,,,,0.62,,0.0943,13.4586,0.49,,11.9,,Radial Velocity,2023
HIP 29442 c,TOI-469,29442,42813,1,68.192,93.05784,-14.64932,,5289,0.98,0.901,,0.04518,3.53796,,1.551,4.5,1123,Radial Velocity,2023
HIP 29442 d,TOI-469,29442,42813,1,68.192,93.05784,-14.64932,,5289,0.98,0.901,,0.0673,6.42957,,1.538,5.14,920,Radial Velocity,2023
KMT-2021-BLG-2010L b,KMT-2021-BLG-2010L,,,1,7090,268.0085,-32.26975,,,,0.37,,1.79,,,,340.076,,Microlensing,2023
KMT-2022-BLG-0371L b,KMT-2022-BLG-0371L,,,1,7140,265.36192,-34.69867,,,,0.63,,3.02,,,,82.635,,Microlensing,2023
KMT-2022-BLG-1013L b,KMT-2022-BLG-1013L,,,1,7710,264.70925,-28.35567,,,,0.18,,1.38,,,,98.527,,Microlensing,2023
Kepler-1651 b,Kepler-1651,,,2,66.407,283.62826,48.39081,,3713,0.503,0.522,-1.368,,9.87864,0.13,1.84,,,Transit,2017
HD 99492 c,HD 99492,55848,99492,2,18.204,171.68969,3.00713,K2 V,4929,,0.85,,,95.233,0.063,,17.9,,Radial Velocity,2023
75 Cet c,75 Cet,11791,15779,2,82.961,38.03916,-1.03503,G3 III,4809,10.38,1.92,1.7145,3.929,2051.62,0.023,,289.86,,Radial Velocity,2023
HIP 113103 b,HIP 113103,113103,,1,46.212,343.57238,-43.01023,,4930,0.742,0.761,,0.06899,7.6103,0.17,1.829,,721,Transit,2023
HIP 113103 c,HIP 113103,113103,,1,46.212,343.57238,-43.01023,,4930,0.742,0.761,,0.10479,14.24565,0.17,2.4,,585,Transit,2023
HAT-P-2 c,HAT-P-2,80076,147506,1,127.774,245.15143,41.04796,,,,1.33,,,8500,0.37,,3400.764,,Radial Velocity,2023
TOI-199 c,TOI-199,,,1,102.27,80.10587,-59.89543,G9 V,5255,0.82,0.936,-0.3382,0.807,273.69,0.096,,88.992,,Transit Timing Variations,2023
TOI-6651 b,TOI-6651,,,1,212.128,15.78859,35.38904,,5940,1.721,1.323,0.5224,0.0633,5.05697,0.091,5.09,61,1493,Transit,2024
Kepler-1777 b,Kepler-1777,,,1,619.146,290.32865,37.72312,,5771,1.068,0.984,,,12.1842,,2.132,,,Transit,2021
NGTS-35 b,NGTS-35,,,1,183.078,170.27634,-26.06662,K3.5 V,4717,0.753,0.789,-0.5969,0.16,25.24119,0.192,10.9,152,451,Transit,2025
TOI-6677 b,TOI-6677,,,1,340.52,290.47191,-46.87496,,6572,1.572,,,,5.45061,,5.835,,,Transit,2026
Kepler-1034 b,Kepler-1034,,,1,654.549,286.11541,37.96695,,5198,0.8,0.83,,,12.12401,,2.26,,,Transit,2016
TOI-6692 b,TOI-6692,,,1,312.903,312.69404,-81.2724,,5890,1.385,1.047,0.3181,0.512,131.125,0.537,11.68,197.054,467,Transit,2026
TOI-6695 b,TOI-6695,,,1,282.536,129.57202,-23.55022,F5V-G0V,6400,1.517,1.338,0.5403,0.402,80.389,0.04,9.528,66.744,599,Transit,2025
Kepler-109 c,Kepler-109,,,1,474.861,290.39268,40.28491,,5950,1.387,1.094,,0.1546,21.22265,0.098,2.65,8.2,859,Transit,2014
Kepler-1978 b,Kepler-1978,,,1,865.512,286.00673,38.00954,,5251,0.778,0.869,,0.0914,10.84969,0,2.67,,676,Transit,2023
TOI-6699 b,TOI-6699,,,1,85.846,317.06958,-63.2505,,4705,0.753,,,,5.32006,,2.326,,,Transit,2026
Kepler-951 b,Kepler-951,,,2,382.509,287.73758,38.11465,,4834,0.73,0.77,,,71.52531,,5.59,,,Transit,2016
TOI-6707 b,TOI-6707,,,1,641.467,109.76347,-58.11553,,6289,1.582,,,,3.83479,,5.727,,,Transit,2026
Kepler-323 c,Kepler-323,,,1,454.883,291.3823,38.12746,,6004,1.12,1.015,,0.0458,3.55382,0.095,1.57,6.8,1431,Transit,2014
TOI-6716 b,TOI-6716,,,1,18.887,111.65708,-30.55218,M4,3110,0.231,0.223,,0.0319,4.71859,0.88,0.982,,369,Transit,2026
HIP 66074 b,HIP 66074,66074,,1,35.444,203.16356,75.0071,,4300,0.69,0.705,-0.8182,0.799,310.9,0.948,,1589.142,,Astrometry,2023
Kepler-1513 c,Kepler-1513,,,1,349.247,289.79176,39.28527,G V,5491,0.95,0.943,-0.129,,841.4,0.125,,84.542,,Transit Timing Variations,2023
GJ 724 b,GJ 724,91608,,1,16.966,280.23836,-13.3825,M1.0 V,3799,0.522,0.527,-1.2909,0.04685,5.10128,0.577,,10.75,611,Radial Velocity,2023
GJ 3988 b,GJ 3988,,,1,9.911,255.85037,51.40898,M4.5 V,3273,0.197,0.184,-2.3951,0.0405,6.9442,0,,3.69,348,Radial Velocity,2023
AU Mic e,AU Mic,102409,197481,1,9.722,311.29114,-31.34245,,3665,0.82,0.6,-0.99,,33.11,,,21.1,,Radial Velocity,2025
Kepler-1773 b,Kepler-1773,,,1,681.255,286.22323,38.25817,,6183,1.3,1.241,,,40.8097,,3.505,,,Transit,2021
Kepler-1024 b,Kepler-1024,,,1,1087.4,291.95103,38.25164,,5143,0.78,0.81,,,66.41621,,3.91,,,Transit,2016
TIC 87422071 b,TIC 87422071,,,1,384.758,273.0346,-44.2434,,6150,1.489,1.239,0.4472,0.106,11.36493,0.124,10.862,409.999,1110,Transit,2026
Kepler-967 b,Kepler-967,,,1,568.546,286.55801,38.40524,,5178,0.8,0.84,,,13.22713,,2.35,,,Transit,2016
Kepler-49 c,Kepler-49,,,1,311.222,292.29452,40.59181,,4096,0.618,0.607,,,10.91,0.008,2.444,8.38,,Transit,2012
Kepler-975 b,Kepler-975,,,1,426.088,290.54851,38.49524,,4897,0.75,0.8,,,1.97034,,1.48,,,Transit,2016
Kepler-1775 b,Kepler-1775,,,1,657.023,286.40235,38.73857,,5818,1.647,1.149,,,85.654,,3.648,,,Transit,2021
TOI-1736 c,TOI-1736,,,1,88.948,43.43446,69.10134,,5636,1.429,1.037,0.2707,1.37,571.25,0.368,,2441,,Radial Velocity,2023
AU Mic d,AU Mic,102409,197481,1,9.722,311.29114,-31.34245,,3678,0.744,0.51,-1.0381,,12.73596,0.003,,1.053,,Transit Timing Variations,2023
GJ 806 b,GJ 806,102401,,1,12.044,311.2697,44.50024,M1.5 V,3600,0.414,0.413,-1.5853,0.01406,0.92632,,1.331,1.9,940,Transit,2023
GJ 806 c,GJ 806,102401,,1,12.044,311.2697,44.50024,M1.5 V,3600,0.414,0.413,-1.5853,0.0523,6.64064,,,5.8,490,Radial Velocity,2023
HD 110067 b,HD 110067,,110067,3,32.158,189.83922,20.02734,K0.0 V,5266,0.788,0.798,,0.0793,9.11368,,2.2,5.69,800,Transit,2023
HD 110067 c,HD 110067,,110067,3,32.158,189.83922,20.02734,K0.0 V,5266,0.788,0.798,,0.1039,13.67369,,2.388,6.3,699,Transit,2023
HD 110067 d,HD 110067,,110067,3,32.158,189.83922,20.02734,K0.0 V,5266,0.788,0.798,,0.1362,20.51962,,2.852,8.52,602,Transit,2023
HD 110067 e,HD 110067,,110067,3,32.158,189.83922,20.02734,K0.0 V,5266,0.788,0.798,,0.1785,30.79309,,1.94,3.9,533,Transit,2023
HD 110067 f,HD 110067,,110067,3,32.158,189.83922,20.02734,K0.0 V,5266,0.788,0.798,,0.2163,41.05854,,2.601,5.04,489,Transit,2023
HD 110067 g,HD 110067,,110067,3,32.158,189.83922,20.02734,K0.0 V,5266,0.788,0.798,,0.2621,54.76992,,2.607,8.4,440,Transit,2023
HD 88986 b,HD 88986,50316,88986,1,33.267,154.11669,28.68207,G2 V,5861,1.543,1.25,,0.58,146.05,0.24,2.49,17.2,460,Radial Velocity,2023
HD 112570 b,HD 112570,63211,112570,1,101.166,194.28243,46.17656,K0 III,4750,9.85,1.15,1.6466,3.9,2615,0.2,,1086.973,,Radial Velocity,2023
HD 154391 b,HD 154391,83289,154391,1,100.947,255.32013,60.64892,K1 III,4909,8.56,2.07,1.5812,7.46,5163,0.2,,2892.239,,Radial Velocity,2023
LHS 3154 b,LHS 3154,,,1,15.761,241.63673,40.90682,M6.5,2861,0.141,0.112,-2.7212,0.02262,3.71778,0.076,,13.15,,Radial Velocity,2023
TOI-544 c,TOI-544,,290498,1,41.117,82.29007,-0.3429,,4169,0.623,0.631,,,50.089,0.32,,21.5,,Radial Velocity,2023
Kepler-317 b,Kepler-317,,,1,940.584,294.94388,39.03205,,5497,0.941,,,0.061,5.52424,,2.09,,,Transit,2014
KMT-2021-BLG-1547L b,KMT-2021-BLG-1547L,,,1,5070,272.39958,-29.08394,,,,0.72,,4.5,,,,467.208,,Microlensing,2023
KMT-2021-BLG-1770L b,KMT-2021-BLG-1770L,,,1,6920,270.43996,-27.41867,,,,0.13,,0.9,,,,6674.397,,Microlensing,2023
HD 63433 d,HD 63433,38228,63433,1,22.404,117.47937,27.36313,G5 V,5688,0.912,0.99,-0.1249,0.0503,4.20908,0.16,1.073,,1040,Transit,2023
OGLE-2019-BLG-1180L b,OGLE-2019-BLG-1180L,,,1,6070,269.24654,-27.97544,,,,0.545,,5.19,,,,555.246,,Microlensing,2023
Kepler-995 b,Kepler-995,,,1,609.638,284.61572,39.131,,5206,0.8,0.83,,,28.26732,,2.7,,,Transit,2016
KMT-2018-BLG-0885L b,KMT-2018-BLG-0885L,,,1,6890,268.96633,-28.51336,,,,0.29,,1.07,,,,9217.024,,Microlensing,2023
KMT-2019-BLG-0297L b,KMT-2019-BLG-0297L,,,1,3090,270.06329,-28.96528,,,,0.21,,0.96,,,,6038.74,,Microlensing,2023
KMT-2019-BLG-0335L b,KMT-2019-BLG-0335L,,,1,7710,262.84013,-29.59069,,,,0.32,,1.64,,,,6674.397,,Microlensing,2023
GJ 341 b,GJ 341,45908,304636,1,10.454,140.39938,-60.28117,M1,3770,0.507,0.48,,,7.57686,0,0.88,4,,Transit,2025
Kepler-48 c,Kepler-48,,,1,306.738,299.13931,40.94894,,5194,0.89,0.88,,,9.67395,,2.71,14.61,,Transit,2012
Kepler-1053 b,Kepler-1053,,,1,151.129,291.41863,39.12737,,4529,0.69,0.74,,,2.41435,,0.98,,,Transit,2016
TIC 393818343 b,TIC 393818343,,,2,93.734,310.2917,3.6383,,5756,1.086,1.082,0.0674,0.1291,16.24921,0.606,12.184,1379.375,806,Transit,2024
TOI-6894 b,TOI-6894,,,1,73.813,173.46914,12.45109,,3007,0.228,0.207,-2.426,0.02604,3.37077,0.029,9.584,53.395,418,Transit,2025
TOI-1386 c,TOI-1386,,,1,146.858,334.5041,54.31905,,5735,1.024,1.036,0.0103,0.75,232,0.38,,75.2,,Radial Velocity,2024
TOI-238 c,TOI-238,,,1,80.541,349.23108,-18.60665,K2V,5059,0.733,0.79,-0.4708,0.0749,8.46565,0.36,2.18,6.7,696,Radial Velocity,2024
Kepler-48 f,Kepler-48,,,1,306.738,299.13931,40.94894,,,,0.916,,5.71919,5219.68185,0.015,,298.581,,Radial Velocity,2023
Kepler-100 e,Kepler-100,,,1,304.645,291.38613,41.99014,,,,1.097,,0.31239,60.88859,0.026,,24.143,,Radial Velocity,2023
Kepler-139 e,Kepler-139,,,1,391.038,282.39195,43.88942,,,,1.078,,3.2358,2047.63537,0.013,,426.116,,Radial Velocity,2023
HD 134606 b,HD 134606,74653,134606,1,26.791,228.81039,-70.52033,,5576,1.158,1.046,0.0648,0.1046,12.089,0.092,,9.09,,Radial Velocity,2024
HD 134606 c,HD 134606,74653,134606,1,26.791,228.81039,-70.52033,,5576,1.158,1.046,0.0648,0.3007,58.883,0.055,,11.31,,Radial Velocity,2024
HD 134606 d,HD 134606,74653,134606,1,26.791,228.81039,-70.52033,,5576,1.158,1.046,0.0648,1.941,966.5,0.092,,44.8,,Radial Velocity,2024
Kepler-1772 b,Kepler-1772,,,1,871.564,289.43812,39.27036,,5541,0.934,0.942,,,3.21509,,2.686,,,Transit,2021
HD 134606 e,HD 134606,74653,134606,1,26.791,228.81039,-70.52033,,5576,1.158,1.046,0.0648,0.0527,4.3203,0.2,,2.34,,Radial Velocity,2024
HD 134606 f,HD 134606,74653,134606,1,26.791,228.81039,-70.52033,,5576,1.158,1.046,0.0648,0.1784,26.915,0.081,,5.63,,Radial Velocity,2024
Teegarden's Star d,Teegarden's Star,,,1,3.831,43.26914,16.8649,,3034,0.12,0.097,-3.1415,0.0791,26.13,0.07,,0.82,159,Radial Velocity,2024
Kepler-416 b,Kepler-416,,,1,690.819,291.55696,39.22729,,,1.075,1,,,6.319,,2.48,58.2,,Transit Timing Variations,2014
Kepler-331 b,Kepler-331,,,1,580.119,291.83435,39.30735,,4347,0.492,,,0.065,8.4575,,1.82,,,Transit,2014
TOI-6954 b,TOI-6954,,,1,190.042,168.32406,-2.78776,,5171,0.947,,,,4.02074,,3.635,,,Transit,2026
Kepler-1671 b,Kepler-1671,,,1,357.059,291.74843,39.44678,,5136,0.93,0.866,-0.2662,,4.16787,,1.326,,,Transit,2020
HS Psc b,HS Psc,,,1,37.66,24.34738,26.9528,K7 V,4203,0.65,0.69,-0.9136,0.0435,3.986,0.27,,464.029,,Radial Velocity,2024
NGC 2682 Sand 1429 b,NGC 2682 Sand 1429,,,1,852.793,133.01478,11.68996,F9.5 V,6000,2.13,1.26,,0.384,77.48,0,,572.091,683,Radial Velocity,2024
CI Tau c,CI Tau,,,1,157.998,68.46677,22.84162,,,,,,0.17,25.2,0.58,,1144.182,,Radial Velocity,2024
Kepler-487 d,Kepler-487,,,1,872.343,295.28723,41.222,,5422,0.887,0.874,,,2.41839,,2.775,,,Transit,2021
Kepler-1060 b,Kepler-1060,,,1,946.565,286.02523,39.63092,,5797,0.99,0.99,,,46.87794,,2.38,,,Transit,2016
HD 104067 c,HD 104067,58451,104067,1,20.363,179.79235,-20.35561,,4952,0.78,0.82,,0.1058,13.8992,0.29,,13.2,,Radial Velocity,2024
Luhman 16 b,Luhman 16 A,,,1,,162.32826,-53.31937,,,,0.034,,3.52,9697,0.344,,9344.155,,Imaging,2017
KMT-2021-BLG-1150L b,KMT-2021-BLG-1150L,,,1,3800,268.79012,-31.31333,,,,0.73,,4.5,,,,279.689,,Microlensing,2023
M62H b,M62H,,,1,,255.30745,-30.10698,,,,1.4,,,0.13294,,,785.036,,Pulsar Timing,2024
Kepler-350 c,Kepler-350,,,1,956.859,285.41958,39.7061,,,1.25,1,,,17.849,,3.1,6.1,,Transit,2013
OGLE-2017-BLG-0640L b,OGLE-2017-BLG-0640L,,,1,6630,267.46513,-29.4615,,,,0.32,,1.14,,,,514.882,,Microlensing,2024
OGLE-2017-BLG-1275L b,OGLE-2017-BLG-1275L,,,1,7690,267.91542,-29.49797,,,,0.63,,2.09,,,,1875.188,,Microlensing,2024
OGLE-2017-BLG-1237L b,OGLE-2017-BLG-1237L,,,1,6030,271.64996,-28.32883,,,,0.46,,2.53,,,,1207.748,,Microlensing,2024
IRAS 04125+2902 b,IRAS 04125+2902,,,2,159.244,63.92834,29.16654,,4080,1.45,0.7,-0.3316,0.077,8.83498,,10.738,,854,Transit,2024
Kepler-319 c,Kepler-319,,,1,503.436,288.81198,39.77064,,5526,0.903,,,0.069,6.94136,,2.63,,,Transit,2014
HIP 39017 b,HIP 39017,39017,65526,1,66.322,119.76658,-4.3326,A9/F0,,,1.52,,22.1,31000,0.55,,7500.75,,Imaging,2024
KMT-2023-BLG-0416L b,KMT-2023-BLG-0416L,,,1,5900,266.32404,-25.07949,,,,0.63,,2.96,,,,13.031,,Microlensing,2024
KMT-2023-BLG-1454L b,KMT-2023-BLG-1454L,,,1,7220,267.62008,-29.62275,,,,0.17,,1.18,,,,200.232,,Microlensing,2024
KMT-2023-BLG-1642L b,KMT-2023-BLG-1642L,,,1,6980,261.366,-29.05847,,,,0.17,,1.41,,,,343.255,,Microlensing,2024
2MASS J11550485-7919108 b,2MASS J11550485-7919108,,,1,100.862,178.76916,-79.31976,,,,,,587,,,,6356.568,2506,Imaging,2024
2MASS J21252752-8138278 b,2MASS J21252752-8138278,,,1,34.115,321.3663,-81.64149,,,,,,7493,,,,3813.941,1616,Imaging,2024
TOI-5624 b,TOI-5624,,,1,101.913,180.84435,49.25123,,5327,0.82,0.858,-0.3134,0.04201,3.39035,0,2.314,9.4,1136,Transit,2026
Kepler-1042 b,Kepler-1042,,,1,,288.66894,39.82399,,4815,0.72,0.75,,,10.13203,,2.19,,,Transit,2016
TOI-5624 c,TOI-5624,,,1,101.913,180.84435,49.25123,,5327,0.82,0.858,-0.3134,0.07374,7.88539,0,2.474,4.8,857,Transit,2026
TOI-5624 e,TOI-5624,,,1,101.913,180.84435,49.25123,,5327,0.82,0.858,-0.3134,0.1439,21.48994,0,3.247,8.9,614,Transit,2026
2MASS J03590986+2009361 b,2MASS J03590986+2009361,,,1,117.435,59.7911,20.15998,,,,,,572,,,,5720.911,2369,Imaging,2024
ITG 15 b,ITG 15 A,,,2,136.37,69.93704,26.03121,,,,,,435,,,,6674.397,2601,Imaging,2024
G 196-3 b,G 196-3,,,1,21.791,151.08848,50.38618,,,,,,350,,,,8263.539,1670,Imaging,2024
Kepler-1026 b,Kepler-1026,,,1,351.239,283.6053,39.99793,,4948,0.75,0.79,,,36.51561,,2.21,,,Transit,2016
2MASS J11011926-7732383 b,2MASS J11011926-7732383,,,1,,165.32954,-77.54409,,,,,,266,,,,8899.195,2677,Imaging,2024
HIP 77900 b,HIP 77900,77900,,1,150.862,238.62539,-27.33874,,,,,,3319,,,,6674.397,2507,Imaging,2024
TIC 139270665 b,TIC 139270665,,,1,189.875,124.0339,33.29145,G2,5844,1.016,1.035,0.0322,0.163,23.624,0.105,7.23,147.155,703,Transit,2024
TIC 139270665 c,TIC 139270665,,,1,189.875,124.0339,33.29145,G2,5844,1.016,1.035,0.0322,2,1010,0.566,,1554.181,200,Radial Velocity,2024
2MASS J0249-0557 c,2MASS J0249-0557 A,,,2,66.061,42.48516,-5.95999,M6 V,,,0.046,-2.59,,,,17.374,3616.887,1723,Imaging,2018
SPECULOOS-3 b,SPECULOOS-3,,,1,,312.36326,33.61238,M6.5+/-0.5,2800,0.123,0.101,-3.0783,0.00733,0.71913,,0.977,,553,Transit,2024
TOI-1224 b,TOI-1224,,,1,37.331,37.19784,-80.89911,,3326,0.404,0.4,-1.6968,0.0355,4.17827,,2.104,,541,Transit,2024
TOI-1224 c,TOI-1224,,,1,37.331,37.19784,-80.89911,,3326,0.404,0.4,-1.6968,,17.94547,0,2.884,,,Transit,2024
UCAC3 113-933 b,UCAC3 113-933,,,1,52.583,5.27581,-33.80317,M0,,,0.61,,6100,,,,6674.397,,Imaging,2024
UCAC4 328-061594 b,UCAC4 328-061594,,,1,39.909,152.69911,-24.45327,DC,,,1.19,,19000,,,,6674.397,,Imaging,2024
GJ 900 b,GJ 900 A,116384,,3,20.806,353.75262,1.60552,K7,,,1.08,,12000,,,,3496.112,,Imaging,2024
NGTS-26 b,NGTS-26,,,1,1093.69,217.6833,-31.73245,,5550,1.16,0.96,0.1011,0.049,4.51993,0,14.886,92.806,1331,Transit,2024
TOI-1450 A c,TOI-1450 A,,,2,22.447,286.85406,59.08663,M3.0 V,3437,0.483,0.48,,,5.0688,,,1.527,533,Transit,2024
MOA-2022-BLG-563L b,MOA-2022-BLG-563L,,,1,6530,270.30021,-27.83583,,,,0.48,,2.15,,,,127.131,,Microlensing,2024
KMT-2023-BLG-0469L b,KMT-2023-BLG-0469L,,,1,7070,269.40679,-28.71506,,,,0.47,,2.31,,,,39.411,,Microlensing,2024
KMT-2023-BLG-0735L b,KMT-2023-BLG-0735L,,,1,6390,267.57596,-29.20292,,,,0.61,,2.96,,,,38.775,,Microlensing,2024
HD 284149 AB b,HD 284149 A,19176,284149,2,117.807,61.66169,20.30303,,6035,1.36,,0.3424,431.16,,,,8352.531,2395,Imaging,2017
TOI-4527.01,TOI-4527,6069,,1,18.104,19.47226,5.4712,,3702,0.486,0.484,,0.00833,0.39944,,0.909,,1363,Transit,2024
Kepler-1032 b,Kepler-1032,,,1,673.01,289.93088,40.09771,,4647,0.71,0.77,,,3.29012,,1.87,,,Transit,2016
TOI-7008 b,TOI-7008,,,1,410.467,216.98825,79.4504,,5116,0.953,,,,0.84069,,4.947,,,Transit,2026
TOI-7009 b,TOI-7009,,,1,184.12,299.51313,55.65103,,4080,0.564,0.583,,0.0287,2.32066,,3.71,,872,Transit,2026
Kepler-328 c,Kepler-328,,,1,2213.19,295.80928,40.00849,,,1.06,1.15,,,71.312,,5.4,39.4,,Transit,2013
Kepler-11 d,Kepler-11,,,1,646.346,297.11509,41.90911,,5663,1.065,0.961,,0.155,22.6845,0.004,3.12,7.3,,Transit,2010
OGLE-2023-BLG-0836L b,OGLE-2023-BLG-0836L,,,2,5120,267.18687,-23.74152,,,,0.71,,3.7,,,,1385.732,,Microlensing,2024
TIC 365102760 b,TIC 365102760,,,1,555.546,305.83982,54.39432,,4900,3.13,1.17,,0.0622,4.21285,0.406,6.21,19.2,,Transit,2024
KMT-2023-BLG-1431L b,KMT-2023-BLG-1431L,,,1,6800,271.18354,-29.74392,,,,0.57,,3.2,,,,13.6,,Microlensing,2024
OGLE-2014-BLG-0221L b,OGLE-2014-BLG-0221L,,,1,3680,270.30375,-27.42676,,,,0.69,,3.76,,,,1382.554,,Microlensing,2024
HD 48948 b,HD 48948,32769,48948,1,16.904,102.48981,60.33731,K3 V,4593,0.679,0.686,,0.0652,7.34013,0.055,,4.88,957,Radial Velocity,2024
HD 48948 c,HD 48948,32769,48948,1,16.904,102.48981,60.33731,K3 V,4593,0.679,0.686,,0.1951,38.06,0.55,,7.27,553,Radial Velocity,2024
HD 48948 d,HD 48948,32769,48948,1,16.904,102.48981,60.33731,K3 V,4593,0.679,0.686,,0.4894,151.92,0.055,,10.59,349,Radial Velocity,2024
TIC 241249530 b,TIC 241249530,,,2,324.448,95.3089,53.29502,,6166,1.397,1.271,0.4082,0.641,165.7719,0.941,13.294,1582.785,,Transit,2024
TIC 46432937 b,TIC 46432937,,,1,90.537,83.86898,-14.59719,,3572,0.53,0.563,-1.3851,0.02065,1.44045,0.009,13.316,1017.051,872,Transit,2024
TOI-1294 c,TOI-1294,,,1,332.648,223.09264,70.47656,,5718,1.557,1.158,0.3685,0.61,159.9,0,,147,,Radial Velocity,2024
Kepler-1017 b,Kepler-1017,,,1,552.058,283.4693,40.13252,,5473,0.87,0.93,,,7.234,,1.99,,,Transit,2016
TOI-1410 c,TOI-1410,,,1,72.751,334.88285,42.56031,,4635,0.756,0.794,-0.6216,0.239,47.56,0,,27,,Radial Velocity,2024
Gaia22dkvL b,Gaia22dkvL,,,1,1270,151.769,-66.18089,,,,1.145,,1.4,,,,187.837,,Microlensing,2024
TOI-1408 c,TOI-1408,,,1,139.484,313.51105,72.58065,F8 V,6117,1.53,1.312,0.4713,0.03587,2.1664,0.135,2.22,7.6,,Transit Timing Variations,2024
GJ 238 b,GJ 238,31300,,1,15.214,98.45488,-58.52503,M2.5 V,3485,0.431,0.419,-1.6162,0.02123,1.7447,,0.566,,758,Transit,2024
HD 118203 c,HD 118203,66192,118203,1,92.259,203.50996,53.72819,,5742,2.04,1.27,,6.28,5103,0.26,,3747.197,,Radial Velocity,2024
Kepler-974 b,Kepler-974,,,1,134.311,285.01311,40.22095,,3687,0.5,0.52,,,4.1945,,1.57,,,Transit,2016
OGLE-2017-BLG-0448L b,OGLE-2017-BLG-0448L,,,1,7530,268.66863,-31.03192,,,,0.5,,5.75,,,,15.6,,Microlensing,2024
TIC 4672985 b,TIC 4672985,,,1,253.385,38.47068,-10.65738,,5757,1.15,1.01,0.1139,0.33,69.048,0.018,11.5,4049.134,517,Transit,2024
TOI-7041 b,TOI-7041,,,1,439.52,357.80217,-50.86986,,4700,4.1,1.07,0.8808,,9.691,0.04,11.433,114.418,,Transit,2025
Kepler-955 b,Kepler-955,,,1,550.383,288.4715,40.26982,,5350,0.84,0.89,,,14.53244,,3.13,,,Transit,2016
HD 21520 b,HD 21520,16038,21520,1,79.208,51.64034,-43.61366,,5871,1.044,1.09,0.0659,0.1726,25.1292,0,2.697,17.7,637,Transit,2024
HD 222237 b,HD 222237,116745,222237,1,11.447,354.90786,-72.72533,K3 V,4751,0.71,0.76,,10.8,14892,0.56,,1649.529,,Radial Velocity,2024
TOI-4562 c,TOI-4562,,,1,339.605,112.01006,-63.51778,F7 V,6096,1.152,1.192,,5.219,3990,0.122,,1833.87,,Transit Timing Variations,2024
HIP 67522 c,HIP 67522,67522,120411,1,127.28,207.526,-40.8359,,5675,1.38,1.22,0.243,0.1228,14.33489,0.077,7.936,,917,Transit,2024
TOI-5489 c,TOI-5489,,,1,45.091,128.69129,11.48959,,3547,0.42,0.41,,,4.92126,,1.28,,536,Transit,2025
Barnard b,Barnard's star,87937,,1,1.827,269.44861,4.73798,M3.5-4 V,3195,0.185,0.162,-2.4498,0.0229,3.1542,0.03,,0.299,438,Radial Velocity,2024
OGLE-2016-BLG-1598L b,OGLE-2016-BLG-1598L,,,1,5910,270.19075,-29.17544,,,,0.55,,2.5,,,,120.775,,Microlensing,2024
OGLE-2016-BLG-1800L b,OGLE-2016-BLG-1800L,,,1,6480,269.90321,-30.86536,,,,0.41,,1.88,,,,823.176,,Microlensing,2024
MOA-2016-BLG-526L b,MOA-2016-BLG-526L,,,1,6930,266.66829,-34.38608,,,,0.37,,2.07,,,,14.938,,Microlensing,2024
KMT-2016-BLG-2321L b,KMT-2016-BLG-2321L,,,1,3580,264.05792,-25.52488,,,,0.73,,3.58,,,,301.937,,Microlensing,2024
KMT-2023-BLG-1866L b,KMT-2023-BLG-1866L,,,1,6210,273.48225,-28.44739,,,,0.51,,2.63,,,,2.63,,Microlensing,2024
HD 75898 c,HD 75898,43674,75898,1,78.05,133.4612,33.05669,F8 V,6122,,1.295,,7.39,6717,0.08,,2698.363,,Radial Velocity,2024
Kepler-158 d,Kepler-158,,,1,315.177,284.03237,39.78154,K,4896,0.668,0.656,,,0.64509,,0.43,,,Transit,2024
Kepler-963 c,Kepler-963,,,1,771.494,296.75297,45.0411,G,5169,0.928,0.821,,,0.91978,,0.6,,,Transit,2024
Kepler-879 c,Kepler-879,,,1,802.672,295.80655,50.90975,G,5457,1.022,0.974,,,0.64672,,0.4,,,Transit,2024
Kepler-1489 c,Kepler-1489,,,1,1283.05,281.2958,44.46541,G,5566,0.957,0.977,,,0.68074,,0.51,,,Transit,2024
Kepler-1672 b,Kepler-1672,,,1,391.181,297.9401,40.27856,,6132,1.088,1.16,0.1787,,150.878,,2.97,,,Transit,2020
KOI-4978 b,KOI-4978,,,1,936.341,286.59076,38.5583,G,5050,0.966,0.859,,,0.94197,,0.7,,,Transit,2024
Kepler-51 e,Kepler-51,,,1,783.831,296.47976,49.93765,,5674,0.87,0.96,,,264.284,0.02,,5.4,,Transit Timing Variations,2024
Kepler-340 c,Kepler-340,,,1,808.762,295.93347,40.30055,,6620,1.85,,,0.178,22.82467,,3.37,,,Transit,2014
Kepler-20 d,Kepler-20,,,2,282.563,287.69799,42.33858,,5495,0.916,0.929,,0.3474,77.61146,0.082,2.606,13.4,430,Transit,2011
Kepler-20 b,Kepler-20,,,2,282.563,287.69799,42.33858,,5495,0.916,0.929,,0.04565,3.6961,0.083,1.773,9.7,1187,Transit,2011
Kepler-964 b,Kepler-964,,,1,454.626,295.30007,40.55658,,5427,0.84,0.93,,,13.52251,,2.12,,,Transit,2016
Kepler-348 b,Kepler-348,,,1,570.783,297.25508,40.54839,,6177,1.359,,,0.076,7.05677,,1.52,,,Transit,2014
TOI-7149 b,TOI-7149,,,1,126.126,244.73847,19.17581,M4 V,3363,0.351,0.344,-1.9154,0.02603,2.65206,0.078,13.2,224,593,Transit,2025
TOI-7155 b,TOI-7155,,,1,144.751,12.44545,79.28786,,4673,0.671,,,,3.8949,,2.408,,,Transit,2026
TOI-7166 b,TOI-7166,,,1,35.415,320.68064,8.8894,M4.5+/-0.5,3099,0.222,0.19,-2.3869,0.06191,12.92064,0,2.01,,249,Transit,2025
TOI-2458 c,TOI-2458,,34562,1,112.958,79.62153,1.25344,F9-F9.5,6005,1.31,1.05,,0.129,16.553,0.29,,10.22,,Radial Velocity,2024
KMT-2021-BLG-2609L b,KMT-2021-BLG-2609L,,,1,7480,263.51887,-27.59694,,,,0.2,,2.3,,,,10.171,,Microlensing,2024
KMT-2022-BLG-0303L b,KMT-2022-BLG-0303L,,,1,6570,268.03312,-22.68908,,,,0.368,,4.81,,,,163.046,,Microlensing,2024
HD 86728 b,HD 86728,49081,86728,1,14.92,150.25005,31.92182,,5610,1.237,0.967,0.1351,0.1916,31.1515,0.067,,9.43,,Radial Velocity,2025
Kepler-338 b,Kepler-338,,,1,552.798,282.97906,40.78442,,5923,1.735,,,0.117,13.72698,,2.44,,,Transit,2014
KMT-2024-BLG-1044L b,KMT-2024-BLG-1044L,,,1,7140,271.564,-27.59258,,,,0.069,,,,,,7.75,,Microlensing,2024
KMT-2022-BLG-2286L b,KMT-2022-BLG-2286L,,,1,7320,269.16525,-28.85492,,,,0.2,,2.02,,,,6038.74,,Microlensing,2024
KMT-2023-BLG-1743L b,KMT-2023-BLG-1743L,,,1,7130,269.16525,-28.85492,,,,0.11,,1.16,,,,6356.568,,Microlensing,2024
TOI-4504 d,TOI-4504,,,1,342.605,114.46731,-62.07828,K1 V,5315,0.92,0.89,-0.2076,0.2219,40.5634,0.044,,450.236,,Transit Timing Variations,2024
HD 73344 c,HD 73344,42403,73344,1,35.26,129.68945,23.68527,,6148,1.22,1.19,,0.3388,65.94,0.124,,118.55,,Radial Velocity,2025
HD 73344 d,HD 73344,42403,73344,1,35.26,129.68945,23.68527,,6148,1.22,1.19,,6.7,5823,0.18,,810.462,,Radial Velocity,2025
Kepler-111 b,Kepler-111,,,1,657.223,291.65316,44.68826,,5952,1.157,,,0.046,3.34181,,1.58,,,Transit,2014
Kepler-970 b,Kepler-970,,,2,331.545,289.62522,40.70874,,4290,0.71,0.67,-0.7747,0.139,16.73653,0.34,2.609,,,Transit,2016
WASP-132 d,WASP-132,,,1,122.91,217.6092,-46.15952,K4 V,4686,0.758,0.789,-0.5751,2.71,1816.6,0.12,,1639.995,107,Radial Velocity,2024
K2-360 c,EPIC 201595106,,,1,232.1,183.72036,1.96817,,5679,0.98,0.958,-0.0491,0.0883,9.79692,0.11,,15.23,912,Radial Velocity,2024
HD 20794 f,HD 20794,15510,20794,1,6.003,49.99977,-43.06665,G6 V,5368,0.93,0.79,-0.1631,1.3541,647.6,0.45,,5.82,,Radial Velocity,2025
Gaia-4 b,Gaia-4,,,1,73.483,209.50638,31.69549,,4034,0.624,0.644,-0.9996,,571.3,0.338,,3750.375,,Astrometry,2025
Gaia-5 b,Gaia-5,,,1,41.181,302.04082,41.94155,,3447,0.345,0.339,-1.8259,,358.62,0.642,,6633.079,,Astrometry,2025
K2-99 c,K2-99,,,1,519.229,208.77376,-5.44249,,6069,2.55,1.44,0.8993,1.43,522.2,0.21,,2669.759,390,Radial Velocity,2022
Gl 725 A b,Gl 725 A,91768,173739,2,3.521,280.68343,59.63811,M3,3433,0.351,0.33,-1.809,0.068,11.2201,0,,2.78,,Radial Velocity,2025
KOBE-1 b,KOBE-1,5957,,1,23.972,19.16604,25.33104,K7 V,4135,0.619,0.629,-0.9958,0.07006,8.5399,0,,8.8,594,Radial Velocity,2025
KOBE-1 c,KOBE-1,5957,,1,23.972,19.16604,25.33104,K7 V,4135,0.619,0.629,-0.9958,0.16071,29.671,0,,12.4,392,Radial Velocity,2025
TOI-2295 c,TOI-2295,,,1,126.279,281.5762,50.49247,,5730,1.459,1.168,0.3139,2.018,966.5,0.194,,1783.017,235,Radial Velocity,2024
TOI-2537 c,TOI-2537,,,1,184.986,54.38827,10.05775,,4870,0.771,0.771,-0.5214,2.78,1920,0.287,,2297.899,123,Radial Velocity,2024
GJ 2126 b,GJ 2126,83941,,1,38.129,257.36068,-35.39172,M0 V,4159,0.728,0.65,-0.8453,0.71,272.7,0.85,,413.177,,Radial Velocity,2025
KOI-1843.03,Kepler-974,,,1,134.311,285.01311,40.22095,,3584,0.45,0.46,,,0.17689,,0.61,8,,Transit,2013
TOI-2015 c,TOI-2015,,,1,47.344,232.13265,27.36107,M4 +/- 0.5,3297,0.327,0.304,-1.4921,0.04123,5.5828,0,,8.91,448,Transit Timing Variations,2025
TOI-2443 b,TOI-2443,12493,,1,23.926,40.17986,1.19968,K5 V,4375,0.631,0.642,-0.8649,0.105,15.66858,0.301,2.363,4.8,519,Transit,2023
Kepler-959 b,Kepler-959,,,1,807.729,292.17118,40.81138,,7005,2.01,1.6,,,14.80075,,4.38,,,Transit,2016
Kepler-1051 b,Kepler-1051,,,1,829.343,295.15811,40.89882,,6675,1.73,1.43,,,25.962,,3.4,,,Transit,2016
Kepler-1774 b,Kepler-1774,,,1,816.592,288.5744,40.98861,,6214,1.122,1.101,,,59.7708,,3.182,,,Transit,2021
Kepler-333 b,Kepler-333,,,2,324.413,292.28612,40.91354,,4259,0.534,,,0.087,12.55116,,1.32,,,Transit,2014
Kepler-1675 b,Kepler-1675,,,1,651.117,283.80955,41.04125,,5853,1.129,1.06,0.1294,,63.0382,,3.125,,,Transit,2020
Kepler-105 c,Kepler-105,,,1,459.223,287.88724,46.27612,,5933,1.026,0.991,,,7.12592,0.02,1.44,5.6,,Transit,2014
Kepler-971 b,Kepler-971,,,1,338.522,284.09457,41.18281,,5431,0.85,0.88,,,9.59071,,2.13,,,Transit,2016
Kepler-950 b,Kepler-950,,,1,2161.6,287.95658,41.13028,,5857,1.02,1.02,,,98.71804,,8.98,,,Transit,2016
Kepler-336 d,Kepler-336,,,1,768.86,290.23762,41.33136,,5867,1.304,,,0.154,20.67877,,2.37,,,Transit,2014
TOI-7333 b,TOI-7333,,,1,157.217,243.53196,75.91663,,4587,0.666,,,,6.2645,,2.095,,,Transit,2026
Barnard c,Barnard's star,87937,,1,1.827,269.44861,4.73798,M3.5-4 V,3195,0.185,0.162,-2.4498,0.0274,4.1244,0.08,,0.335,400,Radial Velocity,2025
Kepler-1783 b,Kepler-1783,,,1,264.078,297.0211,41.37717,,5129,1.781,0.887,,,8.27744,,1.319,,,Transit,2021
Barnard d,Barnard's star,87937,,1,1.827,269.44861,4.73798,M3.5-4 V,3195,0.185,0.162,-2.4498,0.0188,2.3402,0.04,,0.263,483,Radial Velocity,2025
Barnard e,Barnard's star,87937,,1,1.827,269.44861,4.73798,M3.5-4 V,3195,0.185,0.162,-2.4498,0.0381,6.7392,0.04,,0.193,340,Radial Velocity,2025
GJ 3998 d,GJ 3998,84460,,1,18.146,259.00205,11.05618,,3726,0.5,0.52,-1.358,0.189,41.78,0,,6.07,,Radial Velocity,2025
GJ 1289 b,GJ 1289,,,1,8.351,355.78135,36.53633,M4.5 Ve,3296,,0.21,,0.27,111.74,0,,6.27,150,Radial Velocity,2024
TOI-1266 d,TOI-1266,,,1,36.012,197.99658,65.8337,M2,3563,0.423,0.437,-1.5802,0.1513,32.509,0.087,,3.68,288,Transit Timing Variations,2025
BD+05 4868 A b,BD+05 4868 A,107587,,2,43.569,326.8614,6.60532,K V,4596,0.69,0.7,-0.7167,0.0208,1.27187,,,6.2,1820,Transit,2025
ZTF J1230-2655 b,ZTF J1230-2655,,,1,186.69,187.56893,-26.93096,,10000,0.012,0.646,,,0.23598,,13.787,7024.008,,Transit,2025
ZTF J1828+2308 b,ZTF J1828+2308,,,1,201.827,277.20319,23.14391,,15900,0.013,0.61,,,0.11201,,11.131,6356.568,,Transit,2025
LP 261-75 b,LP 261-75 A,,,1,33.928,147.76853,35.96856,M4.5 V,,,0.22,,450,,,,6674.397,1500,Imaging,2006
KMT-2019-BLG-0578L b,KMT-2019-BLG-0578L,,,1,7300,269.48467,-27.79486,,,,0.28,,2,,,,381.394,,Microlensing,2025
KMT-2021-BLG-0736L b,KMT-2021-BLG-0736L,,,1,7000,268.32258,-29.71242,,,,0.6,,4,,,,21,,Microlensing,2025
G 268-110 b,G 268-110,,,1,,16.22369,-18.1248,M5.0 V,,,0.137,,0.01283,1.43263,0,,1.52,534,Radial Velocity,2025
G 192-15 b,G 192-15,,,1,9.531,90.62209,49.86194,M5.0 V,,,0.132,,0.01723,2.27476,0,,1.03,454,Radial Velocity,2025
G 192-15 c,G 192-15,,,1,9.531,90.62209,49.86194,M5.0 V,,,0.132,,1.137,1219,0.676,,14.3,56,Radial Velocity,2025
G 261-6 b,G 261-6,,,1,10.627,291.07432,75.55584,M5.5 V,,,0.118,,0.02971,5.4536,0,,1.37,322,Radial Velocity,2025
Gl 410 b,Gl 410,53985,95650,1,11.932,165.66042,21.96692,,3842,0.543,0.55,-1.239,0.0531,6.02,,,8.4,,Radial Velocity,2025
Kepler-26 c,Kepler-26,,,1,335.307,284.94106,46.56645,,3914,0.512,0.544,,,17.2559,,2.72,6.2,,Transit,2011
Kepler-996 b,Kepler-996,,,1,1216.58,291.91276,41.53359,,6014,1.14,1.09,,,3.77059,,1.98,,,Transit,2016
Kepler-1029 b,Kepler-1029,,,1,366.656,292.13287,41.54748,,5030,0.77,0.82,,,4.4177,,1.26,,,Transit,2016
Kepler-948 b,Kepler-948,,,1,868.017,293.30028,41.52332,,5679,0.94,0.96,,,7.76847,,1.85,,,Transit,2016
Kepler-1057 b,Kepler-1057,,,1,1201.82,297.45213,41.55808,,5987,1.1,1.07,,,14.08827,,3.36,,,Transit,2016
TOI-7384 b,TOI-7384,,,1,66.79,83.10318,-39.83425,M4,3185,0.319,0.318,,0.0439,6.23403,0.4,3.56,,378,Transit,2026
Kepler-139 f,Kepler-139,,,1,391.038,282.39195,43.88942,,5630,1.045,1.078,,,355,,,36,,Transit Timing Variations,2025
TOI-771 c,TOI-771,,,1,25.279,164.11389,-72.98517,M3,3370,0.232,0.22,-2.2034,0.046,7.61,0.065,,2.87,365,Radial Velocity,2025
OGLE-2016-BLG-0007L b,OGLE-2016-BLG-0007L,,,1,4300,268.35604,-29.64225,,,,0.59,,10.1,14200,,,1.32,,Microlensing,2025
Kepler-1059 b,Kepler-1059,,,1,713.167,289.22021,41.70644,,4906,0.72,0.75,,,3.76419,,1.73,,,Transit,2016
AT2021ueyL b,AT2021ueyL,,,1,1040,324.54504,26.46657,M V,3680,,0.49,,4.01,4168.69,,,425.89,,Microlensing,2025
Kepler-965 b,Kepler-965,,,1,582.828,298.51532,41.89123,,5886,1.15,1.05,,,134.25273,,3.38,,,Transit,2016
Kepler-952 b,Kepler-952,,,1,1304.25,285.37188,41.99387,,5730,0.99,1,,,130.35469,,7.65,,,Transit,2016
Kepler-1048 b,Kepler-1048,,,1,556.006,281.8983,42.16571,,4651,0.7,0.75,,,6.92101,,1.61,,,Transit,2016
Kepler-102 d,Kepler-102,,,1,107.796,281.48247,47.20783,,4909,0.724,0.803,,0.08618,10.31177,0.092,1.154,3,686,Transit,2014
K2-157 c,K2-157,,,1,298.373,183.7515,-5.78202,G9 V,5334,0.86,0.89,,0.165,25.942,0.2,,30.8,587,Radial Velocity,2025
K2-157 d,K2-157,,,1,298.373,183.7515,-5.78202,G9 V,5334,0.86,0.89,,0.309,66.5,0.5,,23.3,429,Radial Velocity,2025
HD 35843 b,HD 35843,25359,35843,1,69.603,81.34889,-44.43128,,5666,0.897,0.94,-0.1249,0.088,9.8991,0,,5.84,,Radial Velocity,2025
KMT-2017-BLG-0849L b,KMT-2017-BLG-0849L,,,1,7220,265.35946,-25.28122,,,,0.19,,2.73,,,,6.39,,Microlensing,2024
KMT-2017-BLG-1057L b,KMT-2017-BLG-1057L,,,1,6500,265.486,-22.33511,,,,0.57,,2.36,,,,23.5,,Microlensing,2024
KMT-2017-BLG-2331L b,KMT-2017-BLG-2331L,,,1,8030,264.40721,-29.46121,,,,0.4,,2.14,,,,171,,Microlensing,2024
OGLE-2017-BLG-0364L b,OGLE-2017-BLG-0364L,,,1,7860,265.22787,-34.61758,,,,0.49,,3.79,,,,75.8,,Microlensing,2024
TOI-2076 e,TOI-2076,,,1,41.909,217.39202,39.7904,K V,,0.758,0.849,,0.03863,3.02238,0,1.301,4.7,1110,Transit,2025
HD 87816 b,HD 87816,49477,87816,1,133.233,151.52965,-52.18787,K0 III,4989,9,2.41,1.6551,1.618,484.17,0.78,,2142.163,,Radial Velocity,2025
HD 87816 c,HD 87816,49477,87816,1,133.233,151.52965,-52.18787,K0 III,4989,9,2.41,1.6551,10.14,7596,0.19,,3877.507,,Radial Velocity,2025
HD 94890 b,HD 94890,53502,94890,1,61.701,164.17978,-37.1383,K0 III,4867,10.71,1.74,1.7635,2.07,824.61,0.22,,676.975,,Radial Velocity,2025
HD 94890 c,HD 94890,53502,94890,1,61.701,164.17978,-37.1383,K0 III,4867,10.71,1.74,1.7635,4.33,2492.19,0.05,,2831.851,,Radial Velocity,2025
HD 102888 b,HD 102888,57749,102888,1,126.484,177.65453,-27.27791,G8 III,4990,8.6,2.42,1.6158,1.05,252.06,0.11,,1808.444,,Radial Velocity,2025
TOI-6695 c,TOI-6695,,,1,282.536,129.57202,-23.55022,F5V-G0V,6400,1.517,1.338,0.5403,0.838,242.4,0.022,,460.851,415,Radial Velocity,2025
TIC 434398831 b,TIC 434398831,,,1,217.011,93.95926,16.02385,G4 V,5638,0.909,0.992,,0.04641,3.6855,0.04,3.51,,1250,Transit,2025
Kepler-988 b,Kepler-988,,,1,304.889,290.70826,42.23722,,4005,0.53,0.55,,,17.7608,,2.07,,,Transit,2016
TIC 434398831 c,TIC 434398831,,,1,217.011,93.95926,16.02385,G4 V,5638,0.909,0.992,,0.06572,6.21029,0.013,5.63,,1050,Transit,2025
KMT-2017-BLG-2197L b,KMT-2017-BLG-2197L,,,1,7800,262.61133,-30.15931,,,,0.36,,15.91,,,,2809.603,,Microlensing,2025
KMT-2022-BLG-1790L b,KMT-2022-BLG-1790L,,,1,6480,271.05625,-27.03475,,,,0.58,,5.25,,,,549.843,,Microlensing,2025
KMT-2022-BLG-2076L b,KMT-2022-BLG-2076L,,,1,5570,268.05113,-29.02793,,,,0.67,,5.67,,,,279.689,,Microlensing,2025
KMT-2023-BLG-2209L b,KMT-2023-BLG-2209L,,,1,5570,268.99421,-29.30567,,,,0.73,,3.51,,,,254.263,,Microlensing,2025
TOI-1117 c,TOI-1117,,,1,167.598,273.60206,-66.41997,G5 V,5635,1.05,0.97,-0.4437,0.0534,4.579,0,,8.78,1210,Radial Velocity,2025
Kepler-977 b,Kepler-977,,,1,568.751,291.5162,42.24807,,5315,0.83,0.87,,,26.85328,,2.62,,,Transit,2016
TOI-1117 d,TOI-1117,,,1,167.598,273.60206,-66.41997,G5 V,5635,1.05,0.97,-0.4437,0.0817,8.665,0,,10.71,978,Radial Velocity,2025
Kepler-725 c,Kepler-725,,,1,758.469,283.97749,44.81156,,5395,0.88,0.95,,0.6744,207.541,0.436,,9.7,268,Transit Timing Variations,2025
TIC 88785435 b,TIC 88785435,,,1,122.386,224.28386,-30.88003,K7 V,3998,0.911,0.724,,0.08432,10.50884,0.131,5.03,,635,Transit,2025
TWA 7 b,TWA 7,,,1,33.996,160.62481,-33.67126,,,,0.46,,52,,,,108.062,316,Imaging,2025
KOI-134 c,KOI-134,,,1,1159.21,295.5866,45.36494,F9V,6160,1.667,1.407,0.6232,0.2305,33.95,0.24,,69.922,,Transit Timing Variations,2025
L 98-59 f,L 98-59,,,1,10.619,124.53286,-68.31447,M3 V,3415,0.316,0.292,-1.9136,0.1052,23.064,0.044,,2.8,285,Radial Velocity,2025
TOI-201 c,TOI-201,27515,39474,1,113.825,87.40178,-54.91042,F,6423,1.31,1.32,0.4166,4.37,2890,0.651,10.4,4990,,Transit Timing Variations,2025
HD 135344 A b,HD 135344 A,,135344,2,141.595,228.95384,-37.14892,A0 V,9540,1.5,,1.22,16.5,,0.5,16.253,3178.284,1585,Imaging,2025
Kepler-947 b,Kepler-947,,,1,1730.78,294.36673,42.25264,,5508,0.87,0.9,,,26.96443,,2.28,,,Transit,2016
MOA-2022-BLG-091L b,MOA-2022-BLG-091L,,,1,4250,268.94221,-32.34144,G8 V,,,0.75,,3.44,,,,1141.004,,Microlensing,2025
KMT-2024-BLG-1209L b,KMT-2024-BLG-1209L,,,1,3930,261.61296,-28.12056,K3 V,,,0.77,,2.51,,,,839.067,,Microlensing,2025
BEBOP-3 b,BEBOP-3,,,2,119.052,110.90265,79.1324,,6033,1.414,1.083,,1.444,547,0.247,,177.348,,Radial Velocity,2025
OGLE-2015-BLG-1609L b,OGLE-2015-BLG-1609L,,,1,3300,270.82379,-26.90711,,,,0.17,,,,,,76.279,,Microlensing,2025
GJ 9773 b,GJ 9773,109638,,1,15.921,333.15023,8.55034,M3.0 V,3528,0.362,0.358,,2.921,2965,0.218,,172.581,,Radial Velocity,2025
GJ 508.2 b,GJ 508.2,65143,,1,16.637,200.24439,34.27766,M1.0 V,3720,0.53,0.54,,4.85,5300,0.27,,587.983,,Radial Velocity,2025
MOA-2022-BLG-033L b,MOA-2022-BLG-033L,,,1,1840,272.87567,-25.05308,F7 V,,,0.51,,2.15,,,,12.15,,Microlensing,2025
KMT-2023-BLG-0119L b,KMT-2023-BLG-0119L,,,1,5410,266.81504,-34.57219,K2.5 V,,,0.71,,3.14,,,,83.7,,Microlensing,2025
Kepler-1781 b,Kepler-1781,,,1,962.63,291.71149,42.34151,,5568,0.957,1.053,,,4.88753,,2.381,,,Transit,2021
KMT-2023-BLG-1896L b,KMT-2023-BLG-1896L,,,1,5490,271.03175,-26.95892,K6 V,,,0.72,,2.86,,,,16.35,,Microlensing,2025
HD 224018 b,HD 224018,,224018,1,105.48,358.63901,-4.72334,G V,5784,1.147,1.013,0.1239,0.0952,10.6413,0.06,0.91,4.1,968,Radial Velocity,2025
HD 224018 c,HD 224018,,224018,1,105.48,358.63901,-4.72334,G V,5784,1.147,1.013,0.1239,0.217,36.57669,0.02,2.42,10.4,641,Transit,2025
HD 224018 d,HD 224018,,224018,1,105.48,358.63901,-4.72334,G V,5784,1.147,1.013,0.1239,0.53,138.0731,0.04,2.4,4.2,411,Transit,2025
K2-73 c,K2-73,,,1,269.183,335.02566,-9.05609,,5867,1.058,1.02,,,1000,,,1142,186,Radial Velocity,2025
HIP 41378 g,HIP 41378,41378,,1,106.289,126.61583,10.08037,,6371,1.306,1.245,,,64.067,0.01,,6.81,,Radial Velocity,2025
HD 28471 b,HD 28471,20625,28471,1,43.645,66.28752,-64.07869,G5 V,5766,1.08,0.98,,0.042,3.1649,0.195,,3.72,1377,Radial Velocity,2025
HD 28471 c,HD 28471,20625,28471,1,43.645,66.28752,-64.07869,G5 V,5766,1.08,0.98,,0.065,6.1245,0.088,,5.72,1066,Radial Velocity,2025
HD 28471 d,HD 28471,20625,28471,1,43.645,66.28752,-64.07869,G5 V,5766,1.08,0.98,,0.1,11.681,0.093,,4.91,945,Radial Velocity,2025
WISPIT 1 b,WISPIT 1,,,2,230.007,117.79855,-50.13769,K4 V,4670,,,,338,,,,3305.415,,Imaging,2025
WISPIT 1 c,WISPIT 1,,,2,230.007,117.79855,-50.13769,K4 V,4670,,,,840,,,,1684.491,,Imaging,2025
WISPIT 2 b,WISPIT 2,,,1,134.907,290.821,-7.68208,,4400,1.418,1.08,-0.1555,57,,,,1541.468,,Imaging,2025
GJ 536 c,GJ 536,68469,122303,1,10.409,210.25973,-2.65229,,3641,0.529,0.528,-1.3529,0.1617,32.761,0,,5.89,290,Radial Velocity,2025
TOI-2141 c,TOI-2141,,,1,77.682,258.76235,18.34034,,5635,0.95,0.896,,0.0585,5.4624,,,6.14,1095,Radial Velocity,2025
TOI-2141 d,TOI-2141,,,1,77.682,258.76235,18.34034,,5635,0.95,0.896,,0.2906,60.45,,,14.9,491,Radial Velocity,2025
Kepler-343 b,Kepler-343,,,1,927.193,291.96066,42.43296,,5807,1.433,,,0.088,8.96855,,2.41,,,Transit,2014
KMT-2024-BLG-0404L b,KMT-2024-BLG-0404L,,,1,7210,271.14708,-27.9535,M,,,0.09,,0.85,,,,8657.646,,Microlensing,2025
KMT-2024-BLG-0404L c,KMT-2024-BLG-0404L,,,1,7210,271.14708,-27.9535,M,,,0.09,,,,,,17.3,,Microlensing,2025
TOI-5799 c,TOI-5799,,,1,27.812,301.63018,15.98914,M2 V,3452,0.321,0.325,,0.0782,14.01045,,1.76,,337,Transit,2025
TOI-1203 b,TOI-1203,54779,,1,64.994,168.22674,-34.40694,G3 V,5737,1.179,0.886,,0.04869,4.15729,0.067,1.52,3.51,1361,Radial Velocity,2025
TOI-1203 c,TOI-1203,54779,,1,64.994,168.22674,-34.40694,G3 V,5737,1.179,0.886,,,13.0766,0.092,,5.46,,Radial Velocity,2025
TOI-1203 e,TOI-1203,54779,,1,64.994,168.22674,-34.40694,G3 V,5737,1.179,0.886,,,204.59,0.152,,42.1,,Radial Velocity,2025
NGTS-32 b,NGTS-32,,,1,837.457,223.85762,-18.43232,,5680,1.85,1.07,,0.044,3.31211,0,15.917,181.162,1750,Transit,2025
HD 143811 AB b,HD 143811 A,78663,143811,2,136.608,240.8892,-30.13716,,6791,,1.32,,63,117000,0.19,15.693,1938.753,,Imaging,2025
Kepler-107 c,Kepler-107,,,1,525.997,297.02816,48.2086,,5854,1.447,1.238,,0.06064,4.90145,0.08,1.597,10,1378,Transit,2014
Kepler-1021 b,Kepler-1021,,,1,810.082,295.2049,42.55967,,5431,0.86,0.89,,,13.4747,,2.33,,,Transit,2016
HD 23079 c,HD 23079,17096,23079,1,33.459,54.92819,-52.91623,F9.5 V,5994,1.08,1.16,0.1303,,5.74891,0.097,,8.26,,Radial Velocity,2025
HD 196067 c,HD 196067,102125,196067,2,39.935,310.43642,-75.3515,G0 V,6072,1.71,1.16,0.549,,4.60109,0.235,,10.4,,Radial Velocity,2025
TOI-2093 b,TOI-2093,,,1,82.798,302.73752,70.86965,K5 V,4426,0.729,0.745,-0.7357,0.097,12.836,0,,10.6,535,Radial Velocity,2025
HIP 18606 b,HIP 18606,18606,,1,47.029,59.71811,-5.4707,K0/1 III,4860,4.83,1.21,1.06,1.61,674.94,,,244.728,,Radial Velocity,2025
HIP 111909 b,HIP 111909,111909,,1,88.077,340.03044,-49.59854,K1 III,4891,4.53,1.28,1.02,1.32,487.08,,,384.572,,Radial Velocity,2025
HIP 111909 c,HIP 111909,111909,,1,88.077,340.03044,-49.59854,K1 III,4891,4.53,1.28,1.02,1.97,893.63,,,257.441,,Radial Velocity,2025
OGLE-2016-BLG-1266L b,OGLE-2016-BLG-1266L,,,1,3080,267.85358,-29.74225,,,,0.015,,0.43,,,,3813.941,,Microlensing,2018
BD+37 3172 b,BD+37 3172,,,1,454.251,278.81551,38.11539,,4500,50.24,3.75,2.84,4.65,1887.76,0.59,,3368.981,,Radial Velocity,2023
BD+42 2315 b,BD+42 2315,,,1,610.715,187.58876,41.26957,,4500,17.85,1.38,1.99,0.54,123.05,0.73,,174.806,,Radial Velocity,2023
55 Cnc B b,55 Cnc B,,,2,12.477,133.16791,28.31529,M4.5 V,3286,0.274,0.26,,0.044,6.7994,0,,3.5,,Radial Velocity,2025
Kepler-1006 b,Kepler-1006,,,1,,295.75421,42.53731,,5328,0.74,0.78,,,19.76172,,1.54,,,Transit,2016
55 Cnc B c,55 Cnc B,,,2,12.477,133.16791,28.31529,M4.5 V,3286,0.274,0.26,,0.13,33.747,0,,5.3,,Radial Velocity,2025
GJ 251 c,GJ 251,33226,265866,1,5.581,103.70025,33.26646,,3342,0.36,0.35,-1.8097,0.196,53.647,0,,3.88,216,Radial Velocity,2025
TOI-7510 b,TOI-7510,,,1,249.006,273.72819,-54.43405,G3,5720,1.035,1.063,0.0112,0.1019,11.53087,0.057,7.31,18.1,878,Transit,2025
TOI-7510 c,TOI-7510,,,1,249.006,273.72819,-54.43405,G3,5720,1.035,1.063,0.0112,0.1595,22.56874,0.009,10.81,131,702,Transit,2025
TOI-7510 d,TOI-7510,,,1,249.006,273.72819,-54.43405,G3,5720,1.035,1.063,0.0112,0.2672,48.86447,0.04,10.52,190,542,Transit,2025
TOI-756 c,TOI-756,,,1,86.176,192.10374,-45.47047,M1 V,3657,0.505,0.505,-1.3872,0.439,149.4,0.445,,1287.205,194,Radial Velocity,2025
Kepler-1009 b,Kepler-1009,,,1,355.019,282.85986,42.66583,,4027,0.57,0.59,,,11.35012,,2.17,,,Transit,2016
Kepler-351 c,Kepler-351,,,1,1083.91,286.45279,42.65779,,5643,0.854,,,0.287,57.24809,,3.19,,,Transit,2014
TIC 231949697 b,TIC 231949697,,,1,50.241,94.25768,-43.36618,,3451,0.493,,,,0.9072,,1.528,,,Transit,2026
Kepler-1027 b,Kepler-1027,,,2,405.104,287.57117,42.81382,,5436,0.82,0.91,,,1.90781,,0.89,,,Transit,2016
Kepler-1035 b,Kepler-1035,,,1,562.116,289.04224,42.8825,,5763,0.97,0.98,,,2.71408,,1.17,,,Transit,2016
BEBOP-4 AB b,BEBOP-4 A,,111605,2,234.294,192.57727,26.15954,G3 V,,,1.507,,3.634,1823.5,0.428,,8358.887,,Radial Velocity,2025
KMT-2023-BLG-0548L b,KMT-2023-BLG-0548L,,,1,6830,270.34762,-27.10675,,,,0.72,,6.85,,,,1086.973,,Microlensing,2025
Kepler-986 b,Kepler-986,,,1,548.364,293.09404,42.89645,,5642,0.98,0.96,,,56.43499,,2.36,,,Transit,2016
KMT-2023-BLG-0830L b,KMT-2023-BLG-0830L,,,1,7250,271.65796,-28.33231,,,,0.22,,1.7,,,,17.798,,Microlensing,2025
KMT-2023-BLG-0949L b,KMT-2023-BLG-0949L,,,1,6060,263.41942,-28.09146,,,,0.48,,2.03,,,,1900.614,,Microlensing,2025
KMT-2024-BLG-1281L b,KMT-2024-BLG-1281L,,,1,7180,270.16938,-32.71425,,,,0.32,,1.96,,,,19.07,,Microlensing,2025
KMT-2024-BLG-2059L b,KMT-2024-BLG-2059L,,,1,6070,270.92975,-28.56819,,,,0.51,,2.55,,,,6.992,,Microlensing,2025
KMT-2024-BLG-2242L b,KMT-2024-BLG-2242L,,,1,7620,268.415,-29.56031,,,,0.069,,0.89,,,,13.984,,Microlensing,2025
2MASS J22501512+2325342 b,2MASS J22501512+2325342,,,1,57.231,342.56341,23.42591,M3,,,,,518,,,,9534.852,1600,Imaging,2018
TOI-1422 c,TOI-1422,,,1,155.141,354.24083,39.63928,G2 V,,,,,0.205,34.5633,0.2,2.61,14,628,Radial Velocity,2025
Kepler-1780 b,Kepler-1780,,,1,790.516,294.08393,42.80951,,5403,0.868,0.868,,,109.445,,3.606,,,Transit,2021
Kepler-49 d,Kepler-49,,,1,311.222,292.29452,40.59181,,4252,0.559,,,0.031,2.57655,,1.6,,,Transit,2014
Kepler-978 b,Kepler-978,,,1,682.522,286.71072,43.04336,,6002,1.09,1.07,,,49.62215,,2.99,,,Transit,2016
Kepler-1002 b,Kepler-1002,,,1,408.303,293.07946,43.07368,,6144,1.57,1.22,,,4.33643,,1.71,,,Transit,2016
TOI-1472 c,TOI-1472,,,1,121.84,14.11426,48.63752,,5100,0.84,0.87,,0.116,15.53817,0.172,3.334,21.13,662,Radial Velocity,2025
CD-35 2722 b,CD-35 2722,,,1,22.39,92.33001,-35.82554,M1 V,3689,,,,67,,,17.374,9375.938,,Imaging,2011
HIP 54515 b,HIP 54515,54515,96855,1,82.81,167.30663,-1.33328,A5 V,8100,,1.9,,24.8,33000,0.42,,5625.563,,Imaging,2026
Kepler-1005 b,Kepler-1005,,,1,567.806,286.2859,43.32051,,5782,1.06,1,,,6.49802,,1.5,,,Transit,2016
TOI-6041 c,TOI-6041,,,1,72.473,46.06103,43.55767,G7,5445,0.879,0.885,-0.2125,0.3721,88,,,77.9,404,Radial Velocity,2025
V2376 Ori b,V2376 Ori,,,1,,83.83982,-5.35156,M,,,0.45,,71,,,87.206,6356.568,2100,Imaging,2025
HD 128717 b,HD 128717,71425,128717,1,73.636,219.08817,57.56095,,6210,1.248,1.212,0.322,4.85,3420,0.85,,6293.002,,Astrometry,2025
NGTS-34 b,NGTS-34,,,1,120.475,162.49972,-44.54786,F8 V,6134,1.367,1.266,0.3766,0.257,43.12655,,3.65,19.1,624,Transit,2025
KMT-2024-BLG-1005L b,KMT-2024-BLG-1005L,,,1,6950,269.80558,-28.75578,,,,0.055,,0.78,,,,6674.397,,Microlensing,2025
Kepler-341 c,Kepler-341,,,1,1047.03,289.86156,43.47274,,6012,1.024,,,0.08,8.01041,,1.7,,,Transit,2014
TIC 270471727 b,TIC 270471727,,,1,182.104,97.21141,-78.47306,,5271,0.997,,,,10.45623,,2.75,,,Transit,2026
Kepler-1015 b,Kepler-1015,,,1,739.357,292.75731,43.42684,,6769,1.81,1.49,,,16.00494,,3.55,,,Transit,2016
Kepler-1769 b,Kepler-1769,,,1,438.412,294.74338,43.46116,,6071,1.295,1.061,,,89.1935,,4.465,,,Transit,2021
Kepler-972 b,Kepler-972,,,1,1198.03,295.82868,43.42544,,6146,1.22,1.15,,,7.03933,,4.65,,,Transit,2016
Kepler-11 e,Kepler-11,,,1,646.346,297.11509,41.90911,,5663,1.065,0.961,,0.195,31.9996,0.012,4.19,8,,Transit,2010
Kepler-1770 b,Kepler-1770,,,1,582.942,299.25029,43.41037,,5602,1.009,0.941,,,16.8419,,2.841,,,Transit,2021
Kepler-1676 b,Kepler-1676,,,1,,287.23688,43.56717,,5878,1.061,,,,29.9221,,3.377,,,Transit,2020
TOI-5789 c,TOI-5789,99452,191785,1,20.458,302.77345,16.18971,K1 V,5185,0.833,0.821,-0.3288,0.1009,12.92775,0.067,2.86,5,718,Transit,
TOI-5789 b,TOI-5789,99452,191785,1,20.458,302.77345,16.18971,K1 V,5185,0.833,0.821,-0.3288,0.03608,2.76369,0,,2.12,1201,Radial Velocity,2026
TOI-5789 d,TOI-5789,99452,191785,1,20.458,302.77345,16.18971,K1 V,5185,0.833,0.821,-0.3288,0.1756,29.65,0.096,,4.29,545,Radial Velocity,2026
TOI-5789 e,TOI-5789,99452,191785,1,20.458,302.77345,16.18971,K1 V,5185,0.833,0.821,-0.3288,0.2901,62.98,0.071,,11.61,424,Radial Velocity,2026
KMT-2022-BLG-1818L b,KMT-2022-BLG-1818L,,,1,5300,270.79863,-27.48111,,,,0.79,,2.6,,,,1271.314,,Microlensing,2026
KMT-2022-BLG-1818L c,KMT-2022-BLG-1818L,,,1,5300,270.79863,-27.48111,,,,0.79,,12.6,,,,114.418,,Microlensing,2026
GJ 3090 c,GJ 3090,6365,,1,22.475,20.43843,-46.71472,M2 V,3707,0.516,0.519,-1.342,0.0997,15.9407,0,,10,407,Radial Velocity,2026
Kepler-961 b,Kepler-961,,,1,574.314,282.03549,43.63125,,5582,0.9,0.96,,,16.87727,,2.55,,,Transit,2016
KOINTREAU-1 b,XEST 17-036,,,1,158.618,68.35929,22.75806,M4,3551,,0.26,,690,,,,3368.981,,Imaging,2026
KMT-2025-BLG-1616L b,KMT-2025-BLG-1616L,,,1,7500,267.77888,-30.13911,M V,,,0.26,,1.6,,,,42.32,,Microlensing,2026
HD 176986 d,HD 176986,93540,176986,1,27.784,285.77391,-11.04494,K2.5 V,4931,0.782,0.789,-0.4802,0.28149,61.376,,,6.76,363,Radial Velocity,2026
HD 85426 c,TOI-1774,48443,85426,1,53.974,148.16193,35.11101,,5746,1.13,0.991,,,35.73,0.06,,10.3,640,Radial Velocity,2026
GJ 4274 b,GJ 4274,,,1,7.236,335.78055,-17.61041,M4.5 V,3228,0.19,0.18,-2.4622,0.0153,1.6339,,,2.97,,Radial Velocity,2026
GJ 4274 c,GJ 4274,,,1,7.236,335.78055,-17.61041,M4.5 V,3228,0.19,0.18,-2.4622,0.186,69.57,,,8.39,,Radial Velocity,2026
TOI-375 c,TOI-375,,,1,396.213,47.1499,-77.38333,,5260,2.9,1.441,0.76,0.524,115.5,,,669.347,596,Radial Velocity,2026
TOI-375 d,TOI-375,,,1,396.213,47.1499,-77.38333,,5260,2.9,1.441,0.76,0.984,297.9,,,445.595,434,Radial Velocity,2026
KMT-2024-BLG-0176L b,KMT-2024-BLG-0176L,,,1,8340,266.53246,-34.21058,,,,0.103,,1.32,,,,241.55,,Microlensing,2026
KMT-2024-BLG-0349L b,KMT-2024-BLG-0349L,,,1,5750,261.37154,-30.24702,,,,0.68,,6.46,,,,3769.445,,Microlensing,2026
KMT-2024-BLG-1870L b,KMT-2024-BLG-1870L,,,1,5480,272.46533,-26.88289,,,,0.67,,3.15,,,,336.898,,Microlensing,2026
KMT-2024-BLG-2087L b,KMT-2024-BLG-2087L,,,1,7190,268.45004,-29.26319,,,,0.48,,3.03,,,,1395.267,,Microlensing,2026
GJ 887 d,GJ 887,114046,217987,1,3.287,346.50276,-35.84735,M1 V,3688,0.468,0.495,-1.4342,0.212,50.77,,,6.1,241,Radial Velocity,2026
GJ 887 e,GJ 887,114046,217987,1,3.287,346.50276,-35.84735,M1 V,3688,0.468,0.495,-1.4342,0.0417,4.4249,,,1.46,544,Radial Velocity,2026
HD 164604 c,HD 164604,88414,164604,1,39.363,270.77872,-28.56083,K3.5 V,4663,0.78,0.77,-0.585,5.556,5387,0.196,,3019.37,,Radial Velocity,2026
LHS 1903 e,LHS 1903,34730,,1,35.692,107.86583,48.32793,M,3664,0.539,0.538,,0.15135,29.31773,0.014,1.732,5.79,333,Transit,2026
KOINTREAU-3 b,ISO-Oph 96,,,1,140.563,246.76878,-24.71668,K6-M1,3920,,,,342,,,,1080.617,,Imaging,2026
KOINTREAU-4 b,2MASS J16262785-2625152,,,1,145.434,246.61605,-26.421,M4.5,,,,,182,,,,4862.775,,Imaging,2026
TOI-4336 A c,TOI-4336 A,,,3,22.546,206.10701,-40.33735,M3.5 V,3307,0.326,0.306,-1.9586,0.05092,7.58727,0,1.251,1.55,400,Transit,2026
DMPP-2 c,DMPP-2,8501,11231,1,137.94,27.40773,-34.4591,,,,1.41,,0.04789,3.168,0.28,,51.79,,Radial Velocity,2026
DMPP-2 d,DMPP-2,8501,11231,1,137.94,27.40773,-34.4591,,,,1.41,,0.1432,16.491,0.1,,91.79,,Radial Velocity,2026
DMPP-6 b,DMPP-6,39242,67200,1,54.63,120.38578,-70.02343,,,1.27,1.079,,0.0779,7.6027,0.34,,5.8,,Radial Velocity,2026
DMPP-6 c,DMPP-6,39242,67200,1,54.63,120.38578,-70.02343,,,1.27,1.079,,0.2206,36.441,0.31,,13.47,,Radial Velocity,2026
DMPP-7 b,DMPP-7,66197,118006,1,101.386,203.52847,0.49881,G1 V,,,1.09,,0.05873,4.984,0.1,,61.39,,Radial Velocity,2026
DMPP-8 b,DMPP-8,100359,191122,1,76.133,305.30835,-81.61667,,,1.24,0.99,,0.3098,62.915,0.275,,81.09,,Radial Velocity,2026
DMPP-9 b,DMPP-9,104083,200133,1,109.539,316.306,-66.95816,,,1.26,1.1,,0.1097,12.733,0.25,,14.43,,Radial Velocity,2026
TOI-2267 d,TOI-2267 B,,,2,,65.0615,84.90082,,,0.13,,,0.0145,2.03447,,1.77,,422,Transit,2025
KMT-2020-BLG-0202L b,KMT-2020-BLG-0202L,,,1,3840,267.04046,-24.47445,,,,0.81,,4.17,,,,3902.933,,Microlensing,2026
KMT-2022-BLG-1551L b,KMT-2022-BLG-1551L,,,1,6900,265.25375,-27.55188,,,,0.54,,2.29,,,,940.772,,Microlensing,2026
KMT-2023-BLG-0466L b,KMT-2023-BLG-0466L,,,1,6800,270.61,-33.00297,,,,0.44,,2.68,,,,1032.942,,Microlensing,2026
KMT-2025-BLG-0121L b,KMT-2025-BLG-0121L,,,1,6200,267.15837,-23.9988,,,,0.61,,3.05,,,,2469.527,,Microlensing,2026
HD 68475 b,HD 68475,40051,68475,1,33.43,122.71926,-42.81288,K2 VC,5022,,0.83,,7.27,7832,0.62,,1639.995,,Radial Velocity,2026
HD 100508 b,HD 100508,56363,100508,1,32.755,173.30141,-67.05464,K1 IV,5419,,0.94,,6.11,5681,0.42,,381.394,,Radial Velocity,2026
HD 48265 c,HD 48265,31895,48265,1,90.545,100.00737,-48.54183,G5 IV/V,5805,,1.38,,10.4,10418,0.41,,1414.336,,Radial Velocity,2026
HD 114386 c,HD 114386,64295,114386,1,27.924,197.66521,-35.05618,K3 VC,4895,,0.8,,1.05,444,0.1,,117.597,,Radial Velocity,2026
KMT-2016-BLG-1337L b,KMT-2016-BLG-1337L,,,2,6920,269.13004,-33.03419,M,,,0.54,,3.97,,,,88.992,,Microlensing,2026
Kepler-1778 b,Kepler-1778,,,1,1276.29,287.3613,43.7388,,6310,1.095,1.143,,,10.0874,,3.017,,,Transit,2021
KMT-2021-BLG-0852L b,KMT-2021-BLG-0852L,,,1,7230,265.83117,-33.89184,,,,0.75,,7.78,,,,155.736,,Microlensing,2026
KMT-2024-BLG-2005L b,KMT-2024-BLG-2005L,,,1,7720,268.40808,-28.90098,,,,0.12,,1.12,,,,50.853,,Microlensing,2026
KMT-2025-BLG-0481L b,KMT-2025-BLG-0481L,,,1,7980,265.356,-34.37175,,,,0.22,,2.18,,,,187.519,,Microlensing,2026
TOI-1232 c,TOI-1232,,,1,328.604,116.5014,-61.87979,G1 V,5823,1.072,1.058,0.073,0.194,30.356,0.027,,58.48,,Transit Timing Variations,2026
WISPIT 2 c,WISPIT 2,,,1,134.907,290.821,-7.68208,,4530,1.3,,-0.17,14,,,17.934,3178.284,2050,Imaging,2026
CWISEP J193518.59-154620.3 b,CWISEP J193518.59-154620.3,,,1,14.43,293.82622,-15.77257,Y,,,0.024,,2.48,,,,4926.34,390,Imaging,2025
TIC 18942729 b,TIC 18942729,,,1,115.169,119.21507,16.67723,,4360,0.825,,,,0.99818,,2,,,Transit,2026
TIC 24750448 b,TIC 24750448,,,1,178.146,26.19586,-68.64476,,4545,0.714,,,,3.59159,,2.437,,,Transit,2026
Kepler-1025 b,Kepler-1025,,,1,803.776,284.51021,43.96156,,6089,1.13,1.09,,,37.32295,,1.98,,,Transit,2016
TIC 24750448 c,TIC 24750448,,,1,178.146,26.19586,-68.64476,,4545,0.714,,,,10.14385,,3.09,,,Transit,2026
TIC 32032563 b,TIC 32032563,,,1,507.858,56.09052,-68.85806,,5568,1.002,,,,13.8346,,3.477,,,Transit,2026
TIC 34085383 b,TIC 34085383,,,1,149.12,59.23536,-7.37572,,4695,0.81,,,,3.47793,,3.92,,,Transit,2026
TIC 38825265 b,TIC 38825265,,,1,165.638,68.24928,-65.20397,,4376,0.665,,,,3.31337,,2.189,,,Transit,2026
TIC 38828280 b,TIC 38828280,,,1,286.415,68.39265,-62.16971,,5047,0.741,,,,4.85559,,2.627,,,Transit,2026
TIC 62895484 b,TIC 62895484,,,1,294.857,116.63855,22.59037,,5521,0.874,,,,2.83985,,3.494,,,Transit,2026
TIC 65612701 b,TIC 65612701,,,1,151.624,310.47382,36.33883,,5692,1.737,,,,10.22468,,5.078,,,Transit,2026
TIC 67686059 b,TIC 67686059,,,1,249.203,19.88434,-35.29301,,5090,0.82,,,,3.52164,,2.591,,,Transit,2026
TIC 77319217 b,TIC 77319217,,,1,267.62,71.0407,-39.8976,,5962,1.184,,,,7.54831,,3.109,,,Transit,2026
TIC 77552382 b,TIC 77552382,,,1,373.415,152.51338,-4.90353,,4981,0.887,,,,3.51026,,5.692,,,Transit,2026
Kepler-107 b,Kepler-107,,,1,525.997,297.02816,48.2086,,5854,1.447,1.238,,0.04544,3.18002,0.1,1.536,3.8,1592,Transit,2014
TIC 86380416 b,TIC 86380416,,,1,244.68,145.16038,65.73279,,5724,0.99,,,,6.04086,,2.412,,,Transit,2026
TIC 88692598 b,TIC 88692598,,,1,73.526,149.21091,47.77067,,3483,0.532,,,,2.64909,,1.813,,,Transit,2026
TIC 117642575 b,TIC 117642575,,,1,188.758,9.48007,-37.06629,,5720,1.081,,,,4.94459,,2.827,,,Transit,2026
TIC 139702105 b,TIC 139702105,,,1,91.788,66.49803,-18.21455,,5742,1.254,,,,6.83602,,2.453,,,Transit,2026
TIC 142589416 b,TIC 142589416,,,1,168.933,168.24397,73.83014,,4396,0.714,,,,2.09518,,2.679,,,Transit,2026
TIC 153919886 b,TIC 153919886,,,1,132.33,171.84407,68.18104,,4137,0.592,,,,2.1051,,2.706,,,Transit,2026
TIC 154870955 b,TIC 154870955,,,1,226.463,191.74567,88.82988,,4740,0.724,,,,7.96987,,3.095,,,Transit,2026
TIC 160113658 b,TIC 160113658,,,1,200.156,59.45556,-41.63203,,4817,0.79,,,,6.72952,,3.49,,,Transit,2026
TIC 161045582 b,TIC 161045582,,,1,162.246,223.62585,49.09772,,5684,1.08,,,,8.85577,,2.246,,,Transit,2026
TIC 178172313 b,TIC 178172313,,,1,178.137,43.40627,-32.07705,,5406,0.843,,,,4.37318,,2.804,,,Transit,2026
TIC 188624430 b,TIC 188624430,,,1,300.743,258.55669,53.70602,,5369,0.787,,,,6.2186,,3.648,,,Transit,2026
TIC 198190129 b,TIC 198190129,,,1,130.035,246.33228,60.37714,,4378,0.641,,,,7.94805,,2.923,,,Transit,2026
TIC 206466666 b,TIC 206466666,,,1,127.837,56.76948,-52.36675,,4620,0.667,,,,9.10487,,2.148,,,Transit,2026
TIC 249022743 b,TIC 249022743,,,1,396.46,78.57622,-3.44661,,5568,1.208,,,,2.2572,,4.796,,,Transit,2026
TIC 260969020 b,TIC 260969020,,,1,121.222,74.94071,-79.58595,,4573,0.69,,,,8.48585,,2.227,,,Transit,2026
TIC 290487717 b,TIC 290487717,,,1,395.574,139.08706,2.55081,,5329,0.944,,,,3.40082,,6.638,,,Transit,2026
TIC 294329732 b,TIC 294329732,,,1,189.333,109.11779,-58.23715,,5202,0.92,,,,9.75659,,2.077,,,Transit,2026
TIC 320419023 b,TIC 320419023,,,1,288.893,118.07262,11.82418,,5703,0.952,,,,5.26376,,2.773,,,Transit,2026
TIC 349520724 b,TIC 349520724,,,1,241.105,111.23142,-64.63984,,5099,0.819,,,,7.94045,,2.826,,,Transit,2026
TIC 356227008 b,TIC 356227008,,,1,387.609,267.25082,50.13081,,5732,0.96,,,,2.96147,,2.39,,,Transit,2026
TIC 390586021 b,TIC 390586021,,,1,114.558,199.82258,-31.46551,,4435,0.727,,,,2.74704,,2.86,,,Transit,2026
TIC 423703298 b,TIC 423703298,,,1,136.191,22.93605,-17.01357,,4540,0.73,,,,4.03713,,2.772,,,Transit,2026
TIC 437041147 b,TIC 437041147,,,1,246.6,132.94802,6.76484,,5224,0.961,,,,3.82301,,2.215,,,Transit,2026
TIC 445839811 b,TIC 445839811,,,1,235.655,200.11882,48.40727,,5408,0.85,,,,11.10863,,2.478,,,Transit,2026
TOI-1839 c,TOI-1839,,,1,116.086,196.83311,5.85205,,5316,0.848,,,,4.02394,,2.409,,,Transit,2026
GJ 1137 c,HD 93083,52521,93083,1,28.516,161.08667,-33.57768,K2 IV-V,5034,0.837,0.836,-0.3904,0.0835,9.6412,0,,5.12,,Radial Velocity,2026
TIC 147027702 b,TIC 147027702,,,1,457.186,161.77286,-43.9318,,6410,2.136,1.406,0.8325,0.274,44.40523,0.127,10.929,346.433,863,Transit,2026
TIC 245076932 b,TIC 245076932,,,1,303.96,198.06349,-51.21443,,6130,1.288,1.117,0.3243,0.157,21.61389,0.428,10.873,162.092,845,Transit,2026
TOI-5624 f,TOI-5624,,,1,101.913,180.84435,49.25123,,5327,0.82,0.858,-0.3134,0.2366,45.37,0,,13,478,Transit Timing Variations,2026
TIC 183374187 b,TIC 183374187,,,1,1208.75,357.61604,-41.41242,,5768,1.344,0.853,,,5.05907,0.506,14.034,177.984,1379,Transit,2026
TOI-237 c,TOI-237,,,1,38.075,353.24354,-29.41649,,3226,0.206,0.17,-2.3872,0.016,1.74486,,1.206,,515,Transit,2026
XO-2 S d,XO-2 S,,,2,151.398,117.03098,50.21691,G8 V,5325,1.02,0.98,,5.46,4696,0.091,,1179.143,,Radial Velocity,2024
HD 5388 b,HD 5388,4311,5388,1,53.066,13.79903,-47.40673,F6 V,6297,1.91,1.21,,1.757,772.5,0.41,,1017.051,,Radial Velocity,2010
HD 16760 b,HD 16760,12638,16760,1,50.176,40.58921,38.61822,G5 V,5518,0.835,0.93,,1.156,466.08,0.079,,6833.311,,Radial Velocity,2009
GJ 3378 b,GJ 3378,,,1,7.723,90.29513,59.59319,M4 V,3340,0.275,0.262,-2.0706,0.09673,21.45,0,,2.3,272,Radial Velocity,2026
Kepler-1782 b,Kepler-1782,,,1,305.792,280.92616,44.0878,,4931,0.734,0.794,,,5.75623,,2.229,,,Transit,2021
Kepler-985 b,Kepler-985,,,1,679.361,290.14434,44.04988,,5434,0.85,0.91,,,116.3319,,2.98,,,Transit,2016
Kepler-327 b,Kepler-327,,,1,241.987,292.6423,44.08763,,3799,0.492,,,0.029,2.54957,,1.11,,,Transit,2014
Kepler-25 c,Kepler-25,,,2,243.249,286.63839,39.4879,,,1.316,1.165,,,12.7207,0.006,5.217,15.2,,Transit,2011
Kepler-946 b,Kepler-946,,,1,1137.29,300.92956,44.02867,,5665,0.93,0.94,,,11.79163,,1.93,,,Transit,2016
Kepler-1014 b,Kepler-1014,,,1,624.8,285.12199,44.11053,,5388,0.84,0.88,,,16.5711,,2.39,,,Transit,2016
Kepler-1010 b,Kepler-1010,,,1,579.273,289.1926,44.14932,,5253,0.82,0.86,,,34.26857,,2.32,,,Transit,2016
Kepler-321 c,Kepler-321,,,1,384.542,294.4537,44.14576,,5740,1.194,,,0.11,13.09392,,2.32,,,Transit,2014
Kepler-1038 b,Kepler-1038,,,1,584.136,298.97215,44.13235,,5335,0.83,0.87,,,148.46034,,3.53,,,Transit,2016
Kepler-322 c,Kepler-322,,,1,400.48,281.34875,44.29525,,5388,0.89,,,0.051,4.33723,,1.67,,,Transit,2014
Kepler-993 b,Kepler-993,,,1,324.423,292.61411,44.39466,,3843,0.54,0.57,,,22.08558,,2.97,,,Transit,2016
Kepler-1013 b,Kepler-1013,,,1,422.246,290.2481,44.43529,,4954,0.76,0.81,,,18.93055,,2.15,,,Transit,2016
Kepler-1054 b,Kepler-1054,,,1,1090.51,290.60111,44.55636,,6209,1.34,1.22,,,4.30656,,2.63,,,Transit,2016
Kepler-1033 b,Kepler-1033,,,1,1455.5,283.8451,44.60903,,5547,0.92,0.94,,,7.56053,,2.51,,,Transit,2016
Kepler-953 b,Kepler-953,,,1,258.893,288.97163,44.62465,,5416,0.99,0.95,,,88.40655,,4.21,,,Transit,2016
Kepler-349 b,Kepler-349,,,1,940.724,293.67647,44.6156,,5956,0.927,,,0.065,5.92978,,1.9,,,Transit,2014
Kepler-1784 b,Kepler-1784,,,1,883.045,297.95417,44.66745,,5442,0.974,0.887,,,13.5905,,2.799,,,Transit,2021
Kepler-1768 b,Kepler-1768,,,1,632.766,299.95723,44.77189,,6050,1.572,1.24,,,15.1359,,2.233,,,Transit,2021
Kepler-37 d,Kepler-37,,,1,63.921,284.05925,44.51837,,5357,0.789,0.79,,0.2109,39.79226,0.1,2.03,2,499,Transit,2013
Kepler-330 c,Kepler-330,,,1,717.527,288.4474,44.80176,,5117,0.722,,,0.116,15.95539,,1.95,,,Transit,2014
Kepler-1003 b,Kepler-1003,,,1,941.902,292.02043,44.87624,,6109,1.17,1.11,,,3.55486,,1.78,,,Transit,2016
Kepler-1055 b,Kepler-1055,,,1,389.397,290.48678,44.93254,,5723,0.94,0.98,,,2.29504,,1.23,,,Transit,2016
Kepler-1008 b,Kepler-1008,,,2,282.565,296.54764,44.94183,,5066,0.78,0.81,,,12.43931,,1.28,,,Transit,2016
Kepler-1045 b,Kepler-1045,,,1,942.485,284.18327,45.07409,,5301,0.82,0.86,,,26.41045,,2.69,,,Transit,2016
Kepler-983 b,Kepler-983,,,1,714.437,285.10422,45.00807,,6052,1.08,1.13,,,60.08551,,2.36,,,Transit,2016
Kepler-980 b,Kepler-980,,,1,961.468,294.61299,45.06017,,5935,1.06,1.05,,,11.55103,,2.67,,,Transit,2016
Kepler-963 b,Kepler-963,,,1,771.494,296.75297,45.0411,,5461,0.87,0.91,,,9.97684,,2.66,,,Transit,2016
Kepler-127 d,Kepler-127,,,1,352.794,285.18994,46.02806,,6106,1.359,,,0.28,48.63041,,2.64,,,Transit,2014
Kepler-329 c,Kepler-329,,,1,439.719,299.26816,45.22729,,4257,0.523,,,0.113,18.68474,,1.93,,,Transit,2014
Kepler-1674 b,Kepler-1674,,,1,1012.48,294.81604,45.30608,,5474,0.877,0.96,-0.2058,,62.5611,,3.206,,,Transit,2020
Kepler-1039 b,Kepler-1039,,,1,306.91,298.32662,45.31542,,4870,0.74,0.79,,,0.93488,,1.46,,,Transit,2016
Kepler-1018 b,Kepler-1018,,,1,1010.01,283.59673,45.40787,,5518,0.88,0.91,,,49.10135,,2.58,,,Transit,2016
Kepler-335 b,Kepler-335,,,1,1278.97,296.06429,45.4286,,5877,1.854,,,0.075,6.56233,,3.39,,,Transit,2014
Kepler-1779 b,Kepler-1779,,,1,908.501,300.41746,45.60549,,5730,1.056,1.008,,,16.3436,,3.033,,,Transit,2021
Kepler-1030 b,Kepler-1030,,,1,758.702,293.68191,45.81752,,4983,0.76,0.8,,,19.32952,,2.48,,,Transit,2016
Kepler-25 b,Kepler-25,,,2,243.249,286.63839,39.4879,,,1.316,1.165,,,6.2383,0.003,2.748,8.7,,Transit,2011
Kepler-1058 b,Kepler-1058,,,1,491.997,294.59563,45.87506,,4644,0.69,0.73,,,110.96546,,2.72,,,Transit,2016
Kepler-1007 b,Kepler-1007,,,1,,295.90653,45.80909,,4587,0.7,0.73,,,5.185,,1.44,,,Transit,2016
Kepler-1016 b,Kepler-1016,,,1,1402.82,294.61369,45.98463,,5821,1,0.99,,,1.95452,,2.18,,,Transit,2016
Kepler-345 c,Kepler-345,,,1,,295.22885,45.97104,,4504,0.623,,,0.077,9.38743,,1.2,,,Transit,2014
Kepler-958 b,Kepler-958,,,1,449.773,287.25666,46.06672,,5421,0.86,0.91,,,9.76788,,2.06,,,Transit,2016
Kepler-326 c,Kepler-326,,,1,487.675,294.32559,46.00226,,5105,0.801,,,0.051,4.58036,,1.4,,,Transit,2014
Kepler-352 c,Kepler-352,,,1,252.733,299.89662,46.0519,,5212,0.781,,,0.118,16.333,,1.24,,,Transit,2014
Kepler-346 b,Kepler-346,,,1,984.105,288.01192,46.1176,,6033,1.021,,,0.071,6.51113,,2.66,,,Transit,2014
Kepler-127 c,Kepler-127,,,1,352.794,285.18994,46.02806,,6106,1.359,,,0.2,29.39319,,2.66,,,Transit,2014
Kepler-987 b,Kepler-987,,,1,914.126,289.41106,46.13084,,5637,0.91,0.97,,,105.30331,,3.26,,,Transit,2016
Kepler-999 b,Kepler-999,,,1,545.063,299.66049,46.19847,,6237,1.65,1.29,,,5.99186,,2.34,,,Transit,2016
Kepler-962 b,Kepler-962,,,1,411.486,295.31319,46.2375,,5478,0.86,0.93,,,12.05707,,1.97,,,Transit,2016
Kepler-344 b,Kepler-344,,,1,1002.94,292.49961,46.32434,,5774,0.976,,,0.153,21.96394,,2.61,,,Transit,2014
Kepler-1020 b,Kepler-1020,,,1,415.358,292.67247,46.37728,,5227,0.8,0.87,,,96.91515,,2.28,,,Transit,2016
Kepler-984 b,Kepler-984,,,1,460.188,296.95886,46.39407,,5610,0.93,0.96,,,43.03423,,2.12,,,Transit,2016
Kepler-479 b,Kepler-479,,,1,344.901,291.02189,37.76987,,5247,0.81,0.86,,,12.49341,,2.12,,,Transit,2016
Kepler-1012 b,Kepler-1012,,,1,411.077,289.29623,46.45799,,5556,0.91,0.95,,,5.5086,,1.29,,,Transit,2016
Kepler-949 b,Kepler-949,,,1,486.105,298.60791,46.45366,,5403,0.86,0.89,,,8.68931,,2.91,,,Transit,2016
Kepler-979 b,Kepler-979,,,1,576.503,300.3712,46.40819,,5310,0.83,0.87,,,8.08801,,2.72,,,Transit,2016
Kepler-1996 c,Kepler-1996,,,1,440.561,285.25376,46.58222,,4580,0.675,0.748,,0.3608,92.72972,0,2.81,,276,Transit,2023
Kepler-982 b,Kepler-982,,,1,801.479,288.41768,46.59045,,6139,1.29,1.16,,,15.77382,,2.25,,,Transit,2016
Kepler-1044 b,Kepler-1044,,,1,1278.96,293.1444,46.66622,,5985,1.11,1.08,,,6.77409,,2.67,,,Transit,2016
Kepler-66 b,Kepler-66,,,1,1202.96,293.98154,46.68773,G0 V,5962,0.966,1.038,,0.1352,17.81582,,2.8,,,Transit,2013
Kepler-1052 b,Kepler-1052,,,1,943.444,295.34273,46.60221,,5888,1.03,1.03,,,34.85383,,2.93,,,Transit,2016
Kepler-93 b,Kepler-93,,,1,95.912,291.41813,38.67231,,5669,0.919,0.911,,0.05343,4.72674,0,1.478,4.66,1133,Transit,2014
Kepler-960 b,Kepler-960,,,1,284.916,281.45722,46.74655,,4755,0.72,0.77,,,3.12686,,2.29,,,Transit,2016
Kepler-976 b,Kepler-976,,,1,1012.41,289.86962,46.72969,,5232,0.83,0.87,,,105.95641,,3.96,,,Transit,2016
Kepler-342 b,Kepler-342,,,1,781.611,292.67805,46.72668,,6175,1.472,,,0.128,15.17032,,2.25,,,Transit,2014
Kepler-318 b,Kepler-318,,,1,489.141,298.48283,46.79364,,5746,1.189,,,0.056,4.66272,,4.71,,,Transit,2014
Kepler-409 b,Kepler-409,,,1,68.173,293.67921,46.85273,,5421,0.897,0.913,,0.3192,68.95832,0.69,1.199,6,438,Transit,2014
Kepler-1011 b,Kepler-1011,,,1,736.779,297.40155,46.824,,5416,0.88,0.91,,,5.75322,,2.87,,,Transit,2016
Kepler-990 b,Kepler-990,,,1,802.163,297.93818,46.88132,,5948,1.08,1.05,,,9.91723,,2.6,,,Transit,2016
Kepler-1056 b,Kepler-1056,,,1,982.51,299.52598,46.89926,,6127,1.2,1.12,,,27.49561,,3.01,,,Transit,2016
Kepler-493 b,Kepler-493,,,1,1745.77,295.30753,38.88157,,6457,1.54,1.36,,,3.00388,,15.13,,,Transit,2016
KOI-1783.01,KOI-1783,,,1,865.73,289.34146,46.98815,,5922,1.143,1.076,,,134.4628,0,8.86,71,,Transit,2020
Kepler-1022 b,Kepler-1022,,,1,420.042,289.35206,46.97363,,4445,0.68,0.71,,,10.9947,,2.36,,,Transit,2016
Kepler-1046 b,Kepler-1046,,,1,721.534,296.75581,46.99828,,5913,1.04,1.04,,,14.37508,,1.71,,,Transit,2016
Kepler-1000 b,Kepler-1000,,,1,1115.62,286.68547,47.09819,,6453,1.51,1.4,,,120.01813,,4.76,,,Transit,2016
Kepler-1776 b,Kepler-1776,,,1,690.336,291.5344,47.0425,,5872,1.153,1.041,,,35.0119,,2.612,,,Transit,2021
Kepler-1677 b,Kepler-1677,,,1,735.369,298.49327,47.01306,,6014,1.25,1.11,0.2648,,22.064,,2.702,,,Transit,2020
Kepler-473 b,Kepler-473,,,1,905.937,286.63008,38.94559,,5816,1.34,1.06,,,14.55732,,4.08,,,Transit,2016
Kepler-334 c,Kepler-334,,,1,426.59,287.14062,47.11512,,5828,1.068,,,0.107,12.75801,,1.43,,,Transit,2014
Kepler-337 c,Kepler-337,,,1,677.975,290.06051,47.16395,,5684,1.761,,,0.093,9.6932,,2.05,,,Transit,2014
Kepler-1037 b,Kepler-1037,,,1,446.914,296.34103,47.17093,,5105,0.78,0.82,,,1.06379,,1.28,,,Transit,2016
Kepler-989 b,Kepler-989,,,1,491.978,281.5828,47.23347,,5074,0.78,0.82,,,7.96432,,2.21,,,Transit,2016
Kepler-1019 b,Kepler-1019,,,1,194.182,283.71759,47.20438,,4433,0.67,0.7,,,1.41123,,1.46,,,Transit,2016
Kepler-332 b,Kepler-332,,,1,344.19,286.66278,47.41369,,4955,0.72,,,0.07,7.62632,,1.17,,,Transit,2014
Kepler-497 b,Kepler-497,,,1,1291.98,290.76596,38.92795,,5834,1.11,1.09,,,3.5732,,6.04,,,Transit,2016
Kepler-994 b,Kepler-994,,,1,188.158,289.07208,47.40692,,3934,0.54,0.56,,,1.15117,,1.6,,,Transit,2016
Kepler-1043 b,Kepler-1043,,,1,903.332,281.66296,47.56859,,5629,0.9,0.92,,,38.50534,,2.55,,,Transit,2016
Kepler-992 b,Kepler-992,,,1,259.639,284.43041,47.64166,,4944,0.74,0.8,,,20.16034,,1.62,,,Transit,2016
Kepler-981 b,Kepler-981,,,1,878.082,289.24891,47.65011,,5718,0.96,0.98,,,4.46976,,2.31,,,Transit,2016
Kepler-1049 b,Kepler-1049,,,1,162.006,287.34696,47.77291,,3864,0.49,0.51,,,3.27346,,0.95,,,Transit,2016
Kepler-969 b,Kepler-969,,,1,390.354,288.3725,47.93356,,5214,0.82,0.92,,,34.17317,,2.07,,,Transit,2016
Kepler-954 b,Kepler-954,,,1,215.814,295.85943,47.9396,,4990,0.76,0.82,,,16.78177,,2.32,,,Transit,2016
Kepler-1709 b,Kepler-1709,,,1,273.946,283.37489,43.78837,,5918,1.043,1.003,,,65.7046,,3.124,,,Transit,2021
Kepler-1040 b,Kepler-1040,,,1,482.119,283.11377,48.13128,,5694,0.96,0.98,,,201.1214,,2.08,,,Transit,2016
Kepler-339 b,Kepler-339,,,1,616.637,293.3517,48.44459,,5631,0.802,,,0.055,4.97766,,1.42,,,Transit,2014
Kepler-447 b,Kepler-447,,,1,268.041,285.26853,48.55988,G8 V,5493,1.05,1,,0.0769,7.7943,0.123,18.49,435.41,,Transit,2015
Kepler-1050 b,Kepler-1050,,,1,490.488,282.92498,48.6264,,6010,1.13,1.09,,,15.37875,,1.6,,,Transit,2016
Kepler-1001 b,Kepler-1001,,,1,928.978,286.27392,48.6187,,5491,0.88,0.9,,,14.30512,,3.15,,,Transit,2016
Kepler-1673 b,Kepler-1673,,,1,727.187,285.66717,48.71959,,6015,1.132,1.11,0.1791,,33.7888,,2.936,,,Transit,2020
Kepler-957 b,Kepler-957,,,1,824.688,290.15636,48.81897,,4963,0.75,0.81,,,5.90741,,5.5,,,Transit,2016
Kepler-1771 b,Kepler-1771,,,1,565.752,292.01347,49.01913,,5661,0.934,0.941,,,88.644,,4.055,,,Transit,2021
Kepler-956 b,Kepler-956,,,1,544.939,292.53083,49.06166,,6040,1.15,1.1,,,5.24867,,3,,,Transit,2016
Kepler-998 b,Kepler-998,,,1,986.364,296.75416,49.20871,,6058,1.18,1.12,,,5.65378,,2.32,,,Transit,2016
Kepler-347 b,Kepler-347,,,1,1298.88,289.1996,49.30564,,6088,1.005,,,0.11,12.79836,,1.97,,,Transit,2014
Kepler-411 c,Kepler-411,,,2,153.676,287.6057,49.52339,K2 V,,0.82,0.87,,0.0739,7.83444,0.108,4.421,26.4,838,Transit,2016
Kepler-45 b,Kepler-45,,,1,381.949,292.87293,41.06417,M,3820,0.55,0.59,,0.03,2.45524,0.11,10.76,160.497,1000,Transit,2011
Kepler-324 c,Kepler-324,,,1,501.574,286.47145,49.64909,,5194,0.84,,,0.26,51.80561,,3.15,,,Transit,2014
Kepler-1041 b,Kepler-1041,,,1,1485.82,293.88174,49.68314,,5957,1.08,1.06,,,24.75764,,2.94,,,Transit,2016
Kepler-991 b,Kepler-991,,,1,389.561,297.09055,49.62649,,4392,0.61,0.64,,,82.53425,,2.54,,,Transit,2016
Kepler-1023 b,Kepler-1023,,,1,694.175,289.02972,49.7697,,5494,0.89,0.93,,,62.13877,,2.63,,,Transit,2016
Kepler-1028 b,Kepler-1028,,,1,607.916,289.5931,49.78124,,5522,0.87,0.9,,,2.51462,,1.33,,,Transit,2016
Kepler-1004 b,Kepler-1004,,,1,1152.68,297.35934,49.79755,,4972,3.39,1.11,,,5.2879,,6.28,,,Transit,2016
Kepler-325 b,Kepler-325,,,1,823.242,289.83542,49.82561,,5752,1.003,,,0.053,4.54444,,2.91,,,Transit,2014
Kepler-997 b,Kepler-997,,,1,467.568,289.23338,49.9389,,6150,1.56,1.22,,,2.70731,,1.36,,,Transit,2016
Kepler-973 b,Kepler-973,,,1,328.52,290.16532,49.92381,,5213,0.78,0.86,,,49.60773,,1.96,,,Transit,2016
Kepler-1036 b,Kepler-1036,,,1,489.435,295.18171,49.94582,,5533,0.89,0.95,,,122.88081,,3.01,,,Transit,2016
Kepler-65 c,Kepler-65,,,1,303.728,288.68872,41.15111,,6211,1.41,1.25,,0.068,5.85994,,2.58,,,Transit,2012
Kepler-968 b,Kepler-968,,,1,290.324,285.60259,50.11204,,4598,0.7,0.76,,,3.69298,,2,,,Transit,2016
Kepler-966 b,Kepler-966,,,1,1027.8,297.27058,50.12184,,5840,1.02,1.02,,,99.74762,,4.13,,,Transit,2016
Kepler-1061 b,Kepler-1061,,,1,543.375,296.23003,50.27521,,6067,1.07,1.09,,,2.75798,,1.98,,,Transit,2016
Kepler-1047 b,Kepler-1047,,,1,817.647,288.64626,50.78896,,5754,1.13,1.08,,,56.18869,,2.09,,,Transit,2016
Kepler-188 b,Kepler-188,,,1,968.544,281.27972,44.31547,,6021,1.141,,,0.032,2.0619,,1.68,,,Transit,2014
Kepler-1062 b,Kepler-1062,,,1,397.455,283.89942,41.22159,,4597,0.7,0.75,,,9.30412,,1.76,,,Transit,2016
Kepler-1063 b,Kepler-1063,,,2,343.226,290.5268,38.14283,,5945,1.14,1.09,,,14.07971,,1.49,,,Transit,2016
Kepler-1112 b,Kepler-1112,,,1,1671.28,296.96879,47.75148,,6496,1.54,1.34,,,14.36268,,3.02,,,Transit,2016
Kepler-1681 b,Kepler-1681,,,1,758.3,296.69728,46.3717,,5756,,,,,69.8956,,2.553,,,Transit,2020
Kepler-91 b,Kepler-91,,,1,1294.69,285.6729,44.11675,,4550,6.3,1.31,,0.0731,6.24658,,15.323,257.442,2040,Transit,2013
Kepler-1113 b,Kepler-1113,,,1,1073.88,289.4067,39.33881,,5931,1.17,1.12,,,42.3005,,2.81,,,Transit,2016
Kepler-361 c,Kepler-361,,,1,930.32,296.80341,46.7411,,6169,1.343,,,0.3,55.18802,,2.52,,,Transit,2014
Kepler-1114 b,Kepler-1114,,,1,418.417,299.23705,45.83478,,5374,0.83,0.87,,,14.97436,,1.35,,,Transit,2016
Kepler-1115 b,Kepler-1115,,,1,983.245,294.99177,40.1444,,8480,1.73,1.6,,,23.55407,,1.7,,,Transit,2016
Kepler-1116 b,Kepler-1116,,,1,1008.57,291.93366,44.1155,,5641,0.93,0.95,,,41.69778,,2.54,,,Transit,2016
Kepler-1117 b,Kepler-1117,,,1,568.487,292.08479,49.23742,,5612,0.93,0.95,,,4.79028,,1.11,,,Transit,2016
Kepler-1118 b,Kepler-1118,,,1,888.325,299.96566,44.16088,,5688,0.97,0.96,,,38.67151,,2.74,,,Transit,2016
Kepler-1119 b,Kepler-1119,,,1,1757.23,297.0191,44.32749,,6083,1.17,1.11,,,8.32652,,1.92,,,Transit,2016
Kepler-1120 b,Kepler-1120,,,1,615.231,290.91445,42.28655,,4904,0.74,0.78,,,2.94903,,1.38,,,Transit,2016
Kepler-362 c,Kepler-362,,,1,1090.51,291.7716,47.52992,,5788,0.722,,,0.207,37.86628,,1.45,,,Transit,2014
Kepler-104 b,Kepler-104,,,2,400.785,287.60466,42.16651,,5711,1.349,,,0.094,11.42755,,3.1,,,Transit,2014
Kepler-363 d,Kepler-363,,,1,762.596,283.19208,41.30542,,5593,1.485,,,0.107,11.93212,,2.05,,,Transit,2014
Kepler-1121 b,Kepler-1121,,,1,482.047,297.78655,47.88615,,6231,1.59,1.29,,,13.15141,,1.91,,,Transit,2016
Kepler-1979 b,Kepler-1979,,,1,1076.27,289.84291,38.30962,,5942,0.938,1.028,,0.1383,18.50845,0,29.33,,683,Transit,2023
Kepler-1786 b,Kepler-1786,,,1,863.909,292.58777,38.52198,,5808,1.397,1.058,,,78.5461,,3.163,,,Transit,2021
Kepler-1122 b,Kepler-1122,,,1,1230.42,288.28058,46.34087,,5544,0.89,0.92,,,42.19174,,2.04,,,Transit,2016
Kepler-364 c,Kepler-364,,,1,891.462,281.57,47.39862,,6108,1.284,,,0.312,59.98063,,2.15,,,Transit,2014
Kepler-1799 b,Kepler-1799,,,1,2254.69,288.3087,51.47833,,5831,0.921,1.016,,,11.9297,,4.128,,,Transit,2021
Kepler-1123 b,Kepler-1123,,,1,704.323,294.51773,50.67039,,5500,0.9,0.93,,,4.33946,,1.67,,,Transit,2016
Kepler-1124 b,Kepler-1124,,,1,289.899,286.59425,37.89128,,3658,0.34,0.35,,,2.85235,,1.28,,,Transit,2016
Kepler-1800 b,Kepler-1800,,,1,350.455,297.65133,40.35242,,5343,2.506,1.33,,,4.56203,,0.997,,,Transit,2021
Kepler-1125 b,Kepler-1125,,,1,2011.41,295.4812,40.73193,,5683,0.94,0.95,,,17.67006,,1.84,,,Transit,2016
Kepler-1068 b,Kepler-1068,,,1,1473.61,294.64817,46.39232,,5806,1.01,1.01,,,16.92344,,3.63,,,Transit,2016
Kepler-1126 b,Kepler-1126,,,1,635.736,285.69196,45.6894,,5798,0.93,0.92,,,108.59333,,1.73,,,Transit,2016
Kepler-365 b,Kepler-365,,,1,1038.99,295.62656,49.13041,,6012,1.048,,,0.098,10.6649,,2.04,,,Transit,2014
Kepler-1127 b,Kepler-1127,,,1,842.459,293.21736,42.72058,,5664,0.95,0.97,,,5.1233,,1.96,,,Transit,2016
Kepler-427 b,Kepler-427,,,1,1017.8,288.25458,43.70484,G2 V,5800,1.35,0.96,0.29,0.091,10.29099,0.57,13.79,92.17,1100,Transit,2014
Kepler-1128 b,Kepler-1128,,,1,1083.41,293.06331,39.40341,,5543,0.91,0.94,,,61.61782,,3.65,,,Transit,2016
Kepler-1129 b,Kepler-1129,,,1,1183.88,291.6045,41.30933,,5831,1,1,,,24.33978,,2.96,,,Transit,2016
Kepler-366 b,Kepler-366,,,1,1856.28,296.85203,49.08444,,6209,1.048,,,0.045,3.28196,,1.46,,,Transit,2014
Kepler-1130 b,Kepler-1130,,,2,249.343,285.20742,45.38433,,5403,0.81,0.9,,,5.45298,,0.8,,,Transit,2016
Kepler-354 b,Kepler-354,,,1,554.064,285.75153,41.33567,,4648,0.674,,,0.054,5.47666,,1.84,,,Transit,2014
Kepler-1131 b,Kepler-1131,,,1,1030.7,295.65145,49.2613,,5851,1.04,1.03,,,3.53232,,1.59,,,Transit,2016
Kepler-1801 b,Kepler-1801,,,1,839.332,295.16401,39.2014,,5738,0.981,0.936,,,10.4409,,2.709,,,Transit,2021
Kepler-367 b,Kepler-367,,,1,188.027,297.29256,49.98175,,4710,0.695,,,0.201,37.81572,,1.3,,,Transit,2014
Kepler-368 b,Kepler-368,,,1,770.978,291.88002,45.38784,,5502,2.019,,,0.186,26.84768,,3.26,,,Transit,2014
Kepler-1132 b,Kepler-1132,,,1,867.931,286.36752,48.42389,,5298,0.83,0.87,,,62.89162,,2.35,,,Transit,2016
Kepler-369 c,Kepler-369,,,1,,293.67433,47.90847,,3591,0.471,,,0.094,14.87157,,1.41,,,Transit,2014
Kepler-1133 b,Kepler-1133,,,1,753.135,293.32241,42.86749,,5569,0.9,0.93,,,11.55562,,1.97,,,Transit,2016
Kepler-1069 b,Kepler-1069,,,1,695.967,290.97924,47.98891,,5722,0.98,0.99,,,23.89903,,1.6,,,Transit,2016
Kepler-1804 b,Kepler-1804,,,1,434.456,301.34287,44.67218,,5109,1.671,0.929,,,12.2885,,1.596,,,Transit,2021
Kepler-1134 b,Kepler-1134,,,1,944.445,295.56786,42.47811,,5281,0.81,0.84,,,17.13264,,2.64,,,Transit,2016
Kepler-370 c,Kepler-370,,,1,1167.94,292.17107,40.91624,,5852,0.9,,,0.14,19.02293,,1.91,,,Transit,2014
Kepler-462 b,Kepler-462,,,1,596.625,299.82115,43.81428,,7500,1.57,1.59,,,84.6866,0.042,3,53.9,,Transit,2016
Kepler-1135 b,Kepler-1135,,,1,1314.64,286.00299,44.75656,,5656,0.94,0.96,,,76.95786,,1.85,,,Transit,2016
Kepler-1070 b,Kepler-1070,,,1,939.001,293.19539,49.31654,,6261,1.32,1.21,,,6.22161,,1.73,,,Transit,2016
Kepler-1805 b,Kepler-1805,,,1,221.639,285.08654,40.89905,,3867,0.552,0.581,,,8.84794,,1.545,,,Transit,2021
Kepler-478 b,Kepler-478,,,1,,292.48701,46.19619,,5210,0.8,0.85,,,13.22176,,2.71,,,Transit,2016
Kepler-1136 b,Kepler-1136,,,1,491.406,284.10784,44.2458,,4512,0.68,0.72,,,2.36172,,1.64,,,Transit,2016
Kepler-371 b,Kepler-371,,,1,813.192,292.32648,38.65754,,5666,0.992,,,0.2,34.76328,,1.89,,,Transit,2014
Kepler-372 c,Kepler-372,,,1,1493.95,291.25623,49.25893,,6509,1.137,,,0.154,20.05376,,2.09,,,Transit,2014
Kepler-1137 b,Kepler-1137,,,1,921.778,287.13024,48.66535,,6807,1.84,1.5,,,23.92108,,2.2,,,Transit,2016
Kepler-1806 b,Kepler-1806,,,1,978.066,287.53495,49.80163,,5311,0.788,0.884,,,9.03332,,2.356,,,Transit,2021
Kepler-1138 b,Kepler-1138,,,1,872.328,285.89932,48.30729,,5582,0.92,0.95,,,3.1706,,1.7,,,Transit,2016
Kepler-1071 b,Kepler-1071,,,1,1042.27,293.05798,45.24875,,5215,0.81,0.86,,,6.17998,,2.38,,,Transit,2016
Kepler-1139 b,Kepler-1139,,,1,495.156,287.9456,39.23053,,5550,0.91,0.94,,,0.81317,,1.19,,,Transit,2016
Kepler-1807 b,Kepler-1807,,,1,1299.32,291.54941,44.52728,,6455,1.496,1.087,,,10.8606,,2.704,,,Transit,2021
Kepler-1140 b,Kepler-1140,,,1,656.48,281.69405,46.94652,,4850,0.73,0.76,,,24.08627,,2.77,,,Transit,2016
Kepler-1141 b,Kepler-1141,,,1,393.642,290.54368,47.72591,,5791,1.07,1.01,,,2.34451,,0.82,,,Transit,2016
Kepler-1142 b,Kepler-1142,,,1,1273.51,292.71448,44.08228,,5685,0.96,0.97,,,18.30272,,1.47,,,Transit,2016
Kepler-1143 b,Kepler-1143,,,1,555.189,287.30277,39.28964,,5053,0.77,0.81,,,2.8889,,1.67,,,Transit,2016
Kepler-1072 b,Kepler-1072,,,1,982.716,292.04439,46.32897,,6199,1.32,1.2,,,1.56907,,1.58,,,Transit,2016
Kepler-490 b,Kepler-490,,,1,1523,295.02566,46.95595,,6045,1.12,1.08,,,3.2687,,11.65,,,Transit,2016
Kepler-1144 b,Kepler-1144,,,1,1140.57,290.04329,47.25789,,5753,0.96,0.98,,,17.14647,,1.99,,,Transit,2016
Kepler-1145 b,Kepler-1145,,,1,691.961,295.30815,43.0444,,5064,0.75,0.79,,,3.97077,,1.4,,,Transit,2016
Kepler-1146 b,Kepler-1146,,,1,703.038,286.71671,47.42566,,4692,0.7,0.74,,,2.35227,,1.23,,,Transit,2016
Kepler-1808 b,Kepler-1808,,,1,1022.01,287.29247,39.3832,,5530,0.892,0.773,,,23.3404,,3.025,,,Transit,2021
Kepler-373 b,Kepler-373,,,1,1090.45,289.38799,50.59701,,5787,0.845,,,0.06,5.53531,,1.36,,,Transit,2014
Kepler-1809 b,Kepler-1809,,,1,409.602,290.26517,40.54849,,4901,0.716,0.807,,,3.7573,,1.513,,,Transit,2021
Kepler-374 c,Kepler-374,,,1,1265.61,294.13789,42.37041,,5977,0.911,,,0.042,3.28281,,1.1,,,Transit,2014
Kepler-1147 b,Kepler-1147,,,1,1657.36,292.54748,41.64292,,5941,1.14,1.09,,,10.62785,,2.61,,,Transit,2016
Kepler-1148 b,Kepler-1148,,,1,625.692,290.95361,45.71955,,5054,0.77,0.81,,,1.10446,,1.69,,,Transit,2016
Kepler-1149 b,Kepler-1149,,,1,1217.73,294.18918,45.15153,,5833,1.01,1.02,,,3.7309,,1.44,,,Transit,2016
Kepler-1150 b,Kepler-1150,,,2,358.518,296.72446,49.53268,,4754,0.72,0.76,,,2.78787,,1.02,,,Transit,2016
Kepler-1151 b,Kepler-1151,,,1,682.436,292.24778,47.87843,,5470,0.85,0.88,,,65.64784,,2.22,,,Transit,2016
Kepler-1682 b,Kepler-1682,,,1,1159.85,293.98358,39.57285,,5619,0.842,0.99,-0.1957,,14.8334,,2.889,,,Transit,2020
Kepler-114 c,Kepler-114,,,1,259.533,294.12148,48.3498,,,0.54,0.56,,,8.041,,1.6,2.8,,Transit,2013
Kepler-1064 b,Kepler-1064,,,1,,291.74158,37.68881,,5153,0.79,0.85,,,16.5408,,1.55,,,Transit,2016
Kepler-355 c,Kepler-355,,,1,1432.17,285.79949,42.81174,,6184,1.066,,,0.179,25.76229,,2.71,,,Transit,2014
Kepler-1810 b,Kepler-1810,,,1,1009.87,291.813,38.0881,,5492,1.016,0.921,,,101.133,,3.918,,,Transit,2021
Kepler-375 c,Kepler-375,,,1,1238.81,288.61787,48.09836,,5826,0.837,,,0.141,19.98633,,2.65,,,Transit,2014
Kepler-1811 b,Kepler-1811,,,1,1390.56,289.97932,40.14278,,5561,1.19,0.946,,,76.4223,,3.848,,,Transit,2021
Kepler-481 b,Kepler-481,,,1,813.724,291.90699,49.26208,,5802,1.09,1.01,,,10.06083,,2.5,,,Transit,2016
Kepler-1812 b,Kepler-1812,,,1,1409.19,298.08451,40.28325,,6174,1.103,1.162,,,7.16522,,2.325,,,Transit,2021
Kepler-1153 b,Kepler-1153,,,1,1119.49,289.14718,45.86613,,5470,0.88,0.91,,,1.75584,,1.73,,,Transit,2016
Kepler-1154 b,Kepler-1154,,,1,1460.1,297.47712,39.87723,,6327,1.43,1.26,,,5.18561,,2.34,,,Transit,2016
Kepler-1155 b,Kepler-1155,,,1,1128.72,288.82061,39.52287,,5842,1.03,1.03,,,33.46974,,2.03,,,Transit,2016
Kepler-1156 b,Kepler-1156,,,1,691.331,288.92409,46.05759,,5778,1,1,,,11.89521,,1.32,,,Transit,2016
Kepler-1157 b,Kepler-1157,,,1,342.144,283.12093,43.52557,,4679,0.71,0.76,,,4.45743,,1.09,,,Transit,2016
TrES-2 b,TrES-2,,,2,215.32,286.80853,49.31642,,5850,1.12,1.36,,,2.47063,0,15.244,473.567,,Transit,2006
Kepler-1813 b,Kepler-1813,,,1,,292.23991,48.51152,,5167,0.787,0.812,,,2.81816,,1.413,,,Transit,2021
Kepler-1814 b,Kepler-1814,,,1,726.346,285.21668,41.28244,,4922,0.823,0.79,,,2.93536,,2.37,,,Transit,2021
Kepler-356 c,Kepler-356,,,1,707.559,292.4211,37.68279,,6133,1.335,,,0.115,13.12163,,1.81,,,Transit,2014
Kepler-1158 b,Kepler-1158,,,1,1484.25,292.2339,41.57518,,6203,1.95,1.41,,,13.53963,,2.34,,,Transit,2016
Kepler-1159 b,Kepler-1159,,,1,1213.71,294.26632,45.20423,,6217,1.28,1.19,,,22.70817,,2.37,,,Transit,2016
Kepler-1160 b,Kepler-1160,,,1,1077.63,287.87939,43.36408,,5519,0.89,0.92,,,7.97035,,2.14,,,Transit,2016
Kepler-1161 b,Kepler-1161,,,1,547.726,299.07706,45.44056,,4253,0.57,0.59,,,10.71253,,2.13,,,Transit,2016
Kepler-1162 b,Kepler-1162,,,1,940.211,283.29203,45.43398,,5390,0.84,0.89,,,32.56371,,2.21,,,Transit,2016
Kepler-1815 b,Kepler-1815,,,1,1006.63,300.17047,43.9849,,5516,0.967,0.856,,,12.1914,,2.749,,,Transit,2021
Kepler-1163 b,Kepler-1163,,,1,478.647,290.23586,50.03007,,6302,1.35,1.22,,,6.11787,,1.03,,,Transit,2016
Kepler-1164 b,Kepler-1164,,,1,431.622,287.52964,38.89451,,5183,0.79,0.85,,,3.976,,1.12,,,Transit,2016
Kepler-1165 c,Kepler-1165,,,1,1575.2,286.97123,44.70827,,6249,1.076,1.13,,,29.9687,,3.361,,,Transit,2021
Kepler-1166 b,Kepler-1166,,,1,634.906,290.3485,50.90284,,5446,0.86,0.9,,,33.24069,,1.69,,,Transit,2016
Kepler-23 c,Kepler-23,,,1,835.756,294.21891,49.47925,,5828,1.548,1.078,,,10.74,0.021,3.005,7.81,,Transit,2011
Kepler-1167 b,Kepler-1167,,,1,820.905,298.30266,47.69397,,4971,0.75,0.79,,,1.00393,,1.71,,,Transit,2016
Kepler-1168 b,Kepler-1168,,,1,752.666,287.29778,47.45549,,5157,0.82,0.87,,,55.82265,,2.5,,,Transit,2016
Kepler-1073 b,Kepler-1073,,,1,809.897,294.15273,38.23309,,5792,1,1,,,8.67889,,2.3,,,Transit,2016
Kepler-1169 b,Kepler-1169,,,1,522.823,294.91159,46.49147,,6191,1.23,1.24,,,6.11009,,0.94,,,Transit,2016
Kepler-1170 b,Kepler-1170,,,1,1050.45,292.16854,43.7796,,5069,0.76,0.8,,,9.98969,,2.41,,,Transit,2016
Kepler-79 d,Kepler-79,,,1,1020.72,300.51711,44.38155,,6174,1.302,1.165,0.342,0.287,52.0902,0.025,7.16,6,,Transit,2014
Kepler-480 b,Kepler-480,,,1,847.508,294.46392,49.76505,,6322,1.34,1.25,,,4.91958,,2.78,,,Transit,2016
Kepler-1171 b,Kepler-1171,,,1,573,294.95893,38.5916,,7044,1.95,1.58,,,1.44259,,2.56,,,Transit,2016
Kepler-376 c,Kepler-376,,,1,923.067,291.60715,38.41032,,5900,1.175,,,0.115,14.17233,,1.79,,,Transit,2014
Kepler-377 c,Kepler-377,,,1,823.804,295.42207,38.73567,,5949,1.224,,,0.182,27.01498,,2.06,,,Transit,2014
Kepler-1172 b,Kepler-1172,,,1,1306.53,290.47449,37.76655,,5558,0.89,0.92,,,26.02044,,3.2,,,Transit,2016
Kepler-1173 b,Kepler-1173,,,1,377.06,293.13118,45.66342,,5252,0.82,0.86,,,0.76985,,0.89,,,Transit,2016
Kepler-1787 b,Kepler-1787,,,1,778.602,289.0643,47.1174,,6060,0.925,1.008,,,39.3137,,2.319,,,Transit,2021
Kepler-1174 b,Kepler-1174,,,1,1408.75,281.83143,42.29889,,5936,1.04,1.04,,,6.89225,,1.59,,,Transit,2016
Kepler-12 b,Kepler-12,,,1,881.386,286.24345,50.04037,,5947,1.483,1.166,,0.0553,4.43796,,19.661,137.303,1480,Transit,2011
Kepler-1175 b,Kepler-1175,,,1,1121.89,289.14268,46.81297,,5453,0.86,0.9,,,37.94563,,2.99,,,Transit,2016
Kepler-1176 b,Kepler-1176,,,1,864.699,297.91972,45.2742,,5844,1.02,1.01,,,24.17386,,2.45,,,Transit,2016
Kepler-378 b,Kepler-378,,,1,152.094,294.94897,46.43887,,4661,0.671,,,0.112,16.09236,,0.75,,,Transit,2014
Kepler-379 c,Kepler-379,,,1,731.274,295.7011,38.94582,,6054,1.306,,,0.326,62.7847,,2.29,,,Transit,2014
Kepler-1816 b,Kepler-1816,,,1,437.823,296.85098,50.69877,,5051,0.706,0.786,,,91.501,,1.968,,,Transit,2021
Kepler-1817 b,Kepler-1817,,,1,748.569,282.03334,44.478,,5316,0.915,0.878,,,44.2992,,2.273,,,Transit,2021
Kepler-1074 b,Kepler-1074,,,1,250.817,284.47669,46.25268,,4002,0.57,0.6,,,5.94567,,1.25,,,Transit,2016
Kepler-113 c,Kepler-113,,,1,262.351,287.99787,50.94418,,4725,0.69,0.75,,,8.92507,,2.18,8.7,,Transit,2014
Kepler-1683 b,Kepler-1683,,,1,733.143,298.4501,44.28402,,5429,0.9,0.95,-0.1976,,15.0337,,1.875,,,Transit,2020
Kepler-1177 b,Kepler-1177,,,1,1299.97,286.67148,49.4063,,5712,0.97,0.98,,,106.24755,,1.9,,,Transit,2016
Kepler-1818 b,Kepler-1818,,,1,1034.59,284.32849,40.56887,,6047,1.129,1.021,,,4.64491,,1.714,,,Transit,2021
Kepler-1819 b,Kepler-1819,,,1,1363.19,296.56003,46.85746,,6090,1.071,1.173,,,16.4869,,3.904,,,Transit,2021
Kepler-1179 b,Kepler-1179,,,1,415.205,284.09743,47.81049,,5212,0.81,0.84,,,2.68506,,1.32,,,Transit,2016
Kepler-1075 b,Kepler-1075,,,1,291.275,287.50114,47.46912,,3959,0.54,0.56,,,1.52373,,1.42,,,Transit,2016
Kepler-122 b,Kepler-122,,,1,1027.45,291.11186,39.94902,,6050,1.216,,,0.064,5.76619,,2.34,,,Transit,2014
Kepler-1180 b,Kepler-1180,,,1,1596.8,295.88748,43.156,,6077,1.14,1.09,,,16.86013,,1.99,,,Transit,2016
Kepler-1181 b,Kepler-1181,,,1,938.417,289.74732,39.52341,,6176,1.3,1.17,,,4.89338,,1.57,,,Transit,2016
Kepler-1182 b,Kepler-1182,,,1,1545.39,296.30799,43.82137,,5924,1.05,1.04,,,11.17395,,2.41,,,Transit,2016
Kepler-1820 b,Kepler-1820,,,1,1425.39,296.71274,48.27228,,5841,0.931,1.047,,,31.0325,,3.119,,,Transit,2021
Kepler-1183 b,Kepler-1183,,,1,1919.19,292.23242,38.89219,,5765,0.99,1,,,28.50572,,2.82,,,Transit,2016
Kepler-1184 b,Kepler-1184,,,1,1157.84,291.28203,46.96595,,5983,1.07,1.05,,,53.5991,,2.68,,,Transit,2016
Kepler-1821 b,Kepler-1821,,,1,799.699,294.52546,49.87248,,5475,0.884,0.946,,,16.4581,,2.592,,,Transit,2021
Kepler-1076 b,Kepler-1076,,,1,,287.59026,51.0606,,4868,0.74,0.79,,,6.14728,,0.8,,,Transit,2016
Kepler-112 c,Kepler-112,,,1,513.206,296.98114,43.2097,,5544,0.841,,,0.172,28.57426,,2.4,,,Transit,2014
Kepler-1788 b,Kepler-1788,,,1,560.445,291.22438,45.7781,,4786,0.704,0.686,,,2.80012,,2.379,,,Transit,2021
Kepler-1065 b,Kepler-1065,,,1,1122.48,294.51132,38.79046,,5635,0.93,0.94,,,3.60931,,3.73,,,Transit,2016
Kepler-2001 c,Kepler-2001,,,1,776.55,291.65946,50.58386,,5081,0.77,0.864,,0.1084,14.09258,0,1.82,,597,Transit,2023
Kepler-1077 b,Kepler-1077,,,1,1101.42,291.03363,42.26784,,5816,1.02,1.02,,,34.35119,,2.77,,,Transit,2016
Kepler-1078 b,Kepler-1078,,,1,2481.71,293.20057,43.05004,,5612,0.92,0.94,,,3.00725,,1.9,,,Transit,2016
Kepler-1789 b,Kepler-1789,,,1,611.461,282.86314,41.79663,,5436,0.888,0.92,,,80.2319,,2.831,,,Transit,2021
Kepler-1678 b,Kepler-1678,,,1,847.339,292.59163,38.39956,,5754,0.835,1.03,-0.1621,,147.974,,3.304,,,Transit,2020
Kepler-1079 b,Kepler-1079,,,1,591.098,299.54958,45.76968,,5758,1.36,1.08,,,13.24503,,1.63,,,Transit,2016
Kepler-18 d,Kepler-18,,,1,433.047,298.07944,44.74625,,5345,1.108,0.972,-0.031,0.1172,14.85888,0,6.98,16.4,,Transit,2011
Kepler-1080 b,Kepler-1080,,,1,1382.82,296.46449,49.1829,,5956,1.16,1.1,,,77.25484,,3.28,,,Transit,2016
Kepler-1066 b,Kepler-1066,,,1,344.251,298.86662,46.50223,,5762,0.98,0.98,,,1.93156,,2.36,,,Transit,2016
Kepler-1081 b,Kepler-1081,,,1,420.215,289.44475,41.31797,,5345,0.84,0.88,,,3.85692,,1.01,,,Transit,2016
Kepler-1082 b,Kepler-1082,,,1,739.557,289.35867,50.59845,,5923,1.14,1.03,,,1.54321,,1.12,,,Transit,2016
Kepler-357 d,Kepler-357,,,1,688.573,291.24297,44.00863,,5036,0.834,,,0.246,49.49988,,3.43,,,Transit,2014
Kepler-1083 b,Kepler-1083,,,1,902.633,283.16188,45.19834,,5049,0.77,0.81,,,33.4178,,3.36,,,Transit,2016
Kepler-1084 b,Kepler-1084,,,1,405.533,290.10198,48.25115,,6113,1.28,1.12,,,2.05334,,1.11,,,Transit,2016
Kepler-1085 c,Kepler-1085,,,1,1364.53,287.47764,46.14117,,5816,1.078,1.05,0.0787,,56.7771,,3.268,,,Transit,2020
Kepler-114 b,Kepler-114,,,1,259.533,294.12148,48.3498,,4605,0.667,,,0.053,5.18855,,1.26,,,Transit,2014
Kepler-1086 b,Kepler-1086,,,2,466.084,295.25119,45.84295,,4350,0.66,0.7,,,18.78426,,2.44,,,Transit,2016
Kepler-1087 b,Kepler-1087,,,1,362.623,294.97893,46.00567,,5589,0.94,0.96,,,0.69384,,0.61,,,Transit,2016
Kepler-358 c,Kepler-358,,,1,1101.1,293.23023,48.28139,,5908,0.954,,,0.381,83.48837,,2.85,,,Transit,2014
Kepler-353 c,Kepler-353,,,2,384.694,296.85656,41.75807,,3903,0.504,,,0.065,8.41089,,1.38,,,Transit,2014
Kepler-1790 b,Kepler-1790,,,1,1070.17,294.56686,46.07573,,5866,1.367,1.02,,,31.5889,,3.145,,,Transit,2021
Kepler-1791 b,Kepler-1791,,,1,602.218,284.49032,42.64826,,5887,1.177,0.985,,,7.72086,,3.121,,,Transit,2021
Kepler-1792 b,Kepler-1792,,,1,601.029,294.84008,39.08598,,5229,1.005,0.878,,,4.19578,,2.52,,,Transit,2021
Kepler-60 b,Kepler-60,,,1,1025.1,288.96125,42.26505,,5905,1.257,1.041,,,7.1334,,1.71,4.19,,Transit,2012
Kepler-110 c,Kepler-110,,,1,586.531,292.92917,48.60283,,5960,1.149,,,0.198,31.71977,,2.21,,,Transit,2014
Kepler-1088 b,Kepler-1088,,,1,280.629,281.56146,42.45041,,5975,1.08,1.08,,,23.12749,,1.42,,,Transit,2016
Kepler-1089 b,Kepler-1089,,,1,259.328,291.09265,49.19017,,3753,0.49,0.52,,,5.13249,,1.83,,,Transit,2016
Kepler-1995 b,Kepler-1995,,,1,595.331,284.34272,46.31659,,5029,0.93,0.847,,0.3259,73.75789,0,4.28,,375,Transit,2023
Kepler-1793 b,Kepler-1793,,,1,1189.88,291.91295,40.95393,,5191,0.764,0.85,,,8.78,,3.79,,,Transit,2021
Kepler-359 c,Kepler-359,,,1,1443.21,293.29361,42.19635,,6248,1.086,,,0.307,57.68802,,4.3,,,Transit,2014
Kepler-1090 c,Kepler-1090,,,1,858.77,295.6629,44.52582,,5330,1.013,0.869,,,42.4272,,3.293,,,Transit,2021
Kepler-1091 b,Kepler-1091,,,1,914.299,299.78544,43.67072,,5851,1.03,1.01,,,1.43474,,1.46,,,Transit,2016
Kepler-113 b,Kepler-113,,,1,262.351,287.99787,50.94418,,4725,0.69,0.75,,,4.754,,1.82,11.7,,Transit,2014
Kepler-1794 b,Kepler-1794,,,1,561.229,300.61966,45.78881,,5052,0.816,0.773,,,9.76298,,1.794,,,Transit,2021
Kepler-1092 b,Kepler-1092,,,1,981.233,297.7232,47.11268,,5862,1,0.99,,,58.60179,,2.07,,,Transit,2016
Kepler-1093 b,Kepler-1093,,,1,1072.88,284.97803,41.42021,,6166,1.2,1.13,,,25.08246,,1.95,,,Transit,2016
Kepler-1094 b,Kepler-1094,,,1,1291.01,292.30121,38.267,,6112,1.21,1.14,,,78.10002,,3.18,,,Transit,2016
Kepler-1095 b,Kepler-1095,,,1,792.522,293.26242,41.36502,,5658,0.92,0.94,,,4.27103,,1.21,,,Transit,2016
Kepler-85 b,Kepler-85,,,1,765.025,290.97344,45.29028,,5505,0.875,0.928,,,8.3,0.02,1.778,1.84,,Transit,2012
Kepler-1096 b,Kepler-1096,,,1,377.976,294.70947,45.96955,,4306,0.63,0.66,,,2.89222,,1.24,,,Transit,2016
Kepler-1097 b,Kepler-1097,,,1,719.802,281.59413,42.59639,,5211,0.79,0.82,,,187.74703,,3.26,,,Transit,2016
Kepler-1098 b,Kepler-1098,,,1,1049.19,295.50267,43.2327,,5794,0.99,0.99,,,2.54307,,1.3,,,Transit,2016
Kepler-1099 b,Kepler-1099,,,1,1022.8,288.74999,48.27712,,5837,1,1.01,,,2.16845,,2.83,,,Transit,2016
Kepler-48 d,Kepler-48,,,1,306.738,299.13931,40.94894,,5194,0.89,0.88,,,42.8961,,2.04,7.93,,Transit,2014
Kepler-1100 b,Kepler-1100,,,1,693.618,291.87135,44.08739,,6247,1.34,1.21,,,6.422,,1.75,,,Transit,2016
Kepler-1679 b,Kepler-1679,,,1,909.28,293.90058,50.42705,,5501,0.873,0.96,-0.2013,,9.75376,,2.069,,,Transit,2020
Kepler-1101 b,Kepler-1101,,,1,742.473,294.56935,45.67116,,5614,0.91,0.94,,,81.31511,,2.47,,,Transit,2016
Kepler-1102 b,Kepler-1102,,,1,1246.05,281.32259,48.0665,,5724,0.94,0.96,,,51.32856,,2.66,,,Transit,2016
Kepler-1103 b,Kepler-1103,,,1,1331.92,287.38213,49.45242,,6092,1.15,1.11,,,19.79192,,2.27,,,Transit,2016
Kepler-1104 b,Kepler-1104,,,1,530.658,294.46852,49.33098,,6417,1.41,1.3,,,5.03728,,1.23,,,Transit,2016
Kepler-1067 c,Kepler-1067,,,1,667.693,285.38737,45.04903,,5594,0.934,0.981,,,5.42584,,1.747,,,Transit,2021
Kepler-360 b,Kepler-360,,,1,876.044,286.28471,44.78158,,6053,1.058,,,0.044,3.28967,,1.65,,,Transit,2014
Kepler-417 c,Kepler-417,,,1,973.989,293.82418,42.77965,,,0.806,0.9,,,15.943,,,,,Transit Timing Variations,2014
Kepler-106 e,Kepler-106,,,1,444.322,300.86401,44.33755,,5858,1.04,1,,,43.8445,,2.56,11.17,,Transit,2014
Kepler-114 d,Kepler-114,,,1,259.533,294.12148,48.3498,,,0.54,0.56,,,11.776,,2.53,3.9,,Transit,2013
Kepler-1105 b,Kepler-1105,,,1,318.004,281.11176,42.45497,,4299,0.68,0.71,,,4.42157,,2.01,,,Transit,2016
Kepler-67 b,Kepler-67,,,1,1131.19,294.15335,46.1664,G9 V,5331,0.778,0.865,,0.1171,15.7259,,2.94,,,Transit,2013
Kepler-1106 b,Kepler-1106,,,1,1090.7,291.14516,44.06247,,6104,1.17,1.11,,,1.25275,,1.65,,,Transit,2016
Kepler-1795 b,Kepler-1795,,,1,,286.47926,39.26988,,4500,0.688,0.768,,,13.3602,,1.663,,,Transit,2021
Kepler-1107 b,Kepler-1107,,,1,428.798,291.04993,39.14167,,5268,0.82,0.86,,,0.57104,,1.34,,,Transit,2016
Kepler-1680 b,Kepler-1680,,,1,310.315,297.07466,39.93389,,5021,0.723,0.834,-0.5236,,8.77424,,1.36,,,Transit,2020
Kepler-1785 b,Kepler-1785,,,1,745.74,295.79218,47.60007,,5618,0.996,0.911,,,19.5855,,2.704,,,Transit,2021
Kepler-1108 b,Kepler-1108,,,1,767.701,296.0423,45.98514,,5406,0.84,0.88,,,4.51006,,1.46,,,Transit,2016
Kepler-1109 b,Kepler-1109,,,1,685.087,291.64627,39.39661,,5893,1.06,1.05,,,37.64674,,2.19,,,Transit,2016
Kepler-103 c,Kepler-103,,,1,494.832,288.98455,40.06449,G2,6047,1.492,1.212,,0.6679,179.60978,0.103,5.454,58.47,,Transit,2014
Kepler-1796 b,Kepler-1796,,,1,825.883,301.54304,44.60563,,6036,0.949,1.018,,,29.4558,,2.75,,,Transit,2021
Kepler-1797 b,Kepler-1797,,,1,1338.49,292.46424,45.96828,,6244,1.009,1.069,,,23.3594,,3.058,,,Transit,2021
Kepler-1110 b,Kepler-1110,,,1,726.828,291.80806,38.62266,,4781,0.7,0.73,,,9.69312,,2.66,,,Transit,2016
Kepler-1111 b,Kepler-1111,,,1,841.536,295.4634,45.81277,,6077,1.15,1.1,,,8.79618,,2,,,Transit,2016
Kepler-1798 b,Kepler-1798,,,1,395.196,291.72623,37.52897,,3967,0.587,0.593,,,16.8559,,2.309,,,Transit,2021
Kepler-106 b,Kepler-106,,,1,444.322,300.86401,44.33755,,5858,1.04,1,,,6.16486,,0.82,5.3,,Transit,2014
Kepler-104 d,Kepler-104,,,2,400.785,287.60466,42.16651,,5711,1.349,,,0.257,51.75539,,3.58,,,Transit,2014
Kepler-100 b,Kepler-100,,,1,304.645,291.38613,41.99014,,5837,1.51,1.13,0.3945,,6.88734,,1.34,4.01,,Transit,2014
Kepler-100 d,Kepler-100,,,1,304.645,291.38613,41.99014,,5825,1.49,1.08,,,35.3331,,1.61,3,,Transit,2014
Kepler-101 c,Kepler-101,,,1,927.981,283.25551,48.35525,G3 IV,5667,1.56,1.17,,0.0684,6.02976,0,1.25,3.78,1413,Transit,2014
Kepler-20 f,Kepler-20,,,2,282.563,287.69799,42.33858,,5495,0.916,0.929,,0.1387,19.57833,0.094,0.952,1.4,681,Transit,2011
Kepler-33 b,Kepler-33,,,1,1209.16,289.07753,46.00517,,5904,1.82,1.291,0.556,0.0677,5.66793,0,1.74,,,Transit,2011
Kepler-102 f,Kepler-102,,,1,107.796,281.48247,47.20783,,4909,0.724,0.803,,0.1656,27.45359,0.1,0.861,4.3,495,Transit,2014
Kepler-102 c,Kepler-102,,,1,107.796,281.48247,47.20783,,4909,0.724,0.803,,0.06702,7.07139,0.094,0.567,1.7,777,Transit,2014
Kepler-102 b,Kepler-102,,,1,107.796,281.48247,47.20783,,4909,0.724,0.803,,0.05521,5.28697,0.1,0.46,1.1,857,Transit,2014
KOI-94 b,KOI-94,,,2,477.052,297.33307,41.89112,,6182,1.52,1.277,0.479,0.05119,3.74321,0.25,1.71,10.5,1486,Transit,2013
Kepler-37 c,Kepler-37,,,1,63.921,284.05925,44.51837,,5357,0.789,0.79,,0.139,21.30185,0.099,0.755,1.3,615,Transit,2013
Kepler-37 b,Kepler-37,,,1,63.921,284.05925,44.51837,,5357,0.789,0.79,,0.1019,13.36702,0.098,0.31,0.79,718,Transit,2013
Kepler-37 e,Kepler-37,,,1,63.921,284.05925,44.51837,,,0.772,0.8,,,51.196,,,,,Transit Timing Variations,2014
Kepler-68 c,Kepler-68,,,2,144.166,291.03231,49.04021,,5847,1.256,1.057,,0.09008,9.60503,0.099,0.979,1.3,1052,Transit,2013
Kepler-49 e,Kepler-49,,,1,311.222,292.29452,40.59181,,4252,0.559,,,0.116,18.59611,,1.56,,,Transit,2014
Kepler-34 b,Kepler-34,,,2,1800.82,296.4358,44.64154,,5913,1.162,1.048,0.173,1.0896,288.822,0.182,8.564,69.92,,Transit,2011
Kepler-115 b,Kepler-115,,,1,623.609,297.71193,45.26199,,5979,1.205,,,0.036,2.40368,,1.09,,,Transit,2014
Kepler-116 c,Kepler-116,,,1,955.168,294.74206,43.53678,,6142,1.454,,,0.116,13.07163,,2.3,,,Transit,2014
Kepler-50 c,Kepler-50,,,1,250.11,288.10093,50.03368,,6225,1.58,1.24,,0.087,9.37647,,2.17,,,Transit,2012
Kepler-276 d,Kepler-276,,,1,1144.86,293.5682,39.03631,,,1.03,1.1,,,48.648,,2.8,16.3,,Transit,2013
Kepler-280 c,Kepler-280,,,1,780.361,291.39053,42.18047,,5744,0.886,,,0.056,4.80709,,2.01,,,Transit,2014
Kepler-281 b,Kepler-281,,,1,1745.45,294.10815,44.77065,,5723,0.899,,,0.117,14.64601,,2.82,,,Transit,2014
Kepler-799 c,Kepler-799,,,1,,287.1749,44.87848,,5588,1.593,1.031,,,15.1942,,2.781,,,Transit,2021
Kepler-57 c,Kepler-57,,,1,644.14,293.64131,44.65707,,5188,0.826,0.859,,,11.6,0.072,2.196,6.86,,Transit,2012
Kepler-1991 b,Kepler-1991,,,1,855.82,285.03605,45.07099,,5478,1.053,0.914,,0.1065,13.2608,0,1.47,,760,Transit,2023
Kepler-804 c,Kepler-804,,,1,649.65,293.37221,44.78518,,5817,1.05,1.01,,,9.65185,,1.14,,,Transit,2016
Kepler-285 c,Kepler-285,,,1,824.31,291.39085,48.06554,,5411,0.808,,,0.064,6.18668,,1.12,,,Transit,2014
Kepler-128 c,Kepler-128,,,1,396.379,282.49226,43.98024,,6072,1.659,1.184,,,22.8,0.037,1.521,3.38,,Transit,2013
Kepler-288 b,Kepler-288,,,1,1194.15,288.9164,39.59475,,5918,1.091,,,0.065,6.09733,,1.67,,,Transit,2014
Kepler-58 c,Kepler-58,,,1,969.252,296.35863,39.1152,,5843,1.03,0.95,,,15.57416,,2.86,53,,Transit,2012
Kepler-449 b,Kepler-449,,,1,241.949,293.73279,41.90064,,5649,,,,,12.58242,0.03,2.056,,,Transit,2015
Kepler-825 c,Kepler-825,,,1,807.85,294.76983,39.39841,,5976,1.08,1.03,,,8.18182,,1.84,,,Transit,2016
Kepler-289 b,Kepler-289,,,1,704.438,297.46534,42.88285,,5990,1,1.08,0.061,,34.5383,,2.49,3.7,,Transit,2014
Kepler-1987 e,Kepler-1987,,,1,595.683,295.82547,42.94337,,4769,0.714,0.799,,0.0765,8.74292,0,1.92,,643,Transit,2023
Kepler-291 c,Kepler-291,,,1,1786.48,287.9163,42.43727,,6002,1.016,,,0.065,5.70079,,1.88,,,Transit,2014
Kepler-292 e,Kepler-292,,,1,1056.48,295.7662,42.42428,,5299,0.826,,,0.097,11.97901,,2.67,,,Transit,2014
Kepler-293 c,Kepler-293,,,1,974.633,286.35806,42.40649,,5804,0.957,,,0.286,54.15574,,3.83,,,Transit,2014
Kepler-129 c,Kepler-129,,,1,408.845,285.31118,47.84848,G4 V,5770,1.653,1.178,,0.39,82.2,,2.52,43,,Transit,2014
Kepler-298 c,Kepler-298,,,1,518.204,283.03984,48.82533,,4465,0.582,,,0.136,22.92881,,1.93,,,Transit,2014
Kepler-508 b,Kepler-508,,,1,324.618,295.40425,42.98128,,6025,1.25,1.16,,,25.3089,,1.64,,,Transit,2016
Kepler-299 d,Kepler-299,,,1,1052.24,283.20702,48.58052,,5617,1.032,,,0.118,15.05479,,1.86,,,Transit,2014
Kepler-300 b,Kepler-300,,,1,1098.45,295.28869,48.59972,,5986,0.9,,,0.094,10.44635,,1.67,,,Transit,2014
Kepler-303 c,Kepler-303,,,1,209.738,283.13547,43.6567,,3944,0.485,,,0.057,7.06115,,1.14,,,Transit,2014
Kepler-1152 b,Kepler-1152,,,1,215.233,290.43415,44.10778,,3964,0.53,0.55,,,1.6468,,0.87,,,Transit,2016
Kepler-1186 b,Kepler-1186,,,1,1337.25,288.47963,47.10174,,5635,0.93,0.95,,,16.07678,,2.23,,,Transit,2016
Kepler-1187 b,Kepler-1187,,,1,1020.53,286.892,38.3185,,5975,1.09,1.06,,,18.87064,,2.61,,,Transit,2016
Kepler-1822 b,Kepler-1822,,,1,897.597,297.2855,41.30557,,5165,0.702,0.782,,,22.1334,,2.648,,,Transit,2021
Kepler-1188 b,Kepler-1188,,,1,1717.48,283.10384,43.14805,,5913,1.06,1.04,,,17.13695,,2.08,,,Transit,2016
Kepler-1189 b,Kepler-1189,,,1,782.852,298.42641,47.94682,,6012,1.16,1.11,,,3.78859,,1.77,,,Transit,2016
Kepler-1190 b,Kepler-1190,,,1,342.509,284.99966,49.47995,,4730,0.72,0.76,,,10.45843,,1.33,,,Transit,2016
Kepler-1823 b,Kepler-1823,,,1,724.971,283.75478,45.33512,,6000,1.126,1.068,,,21.1034,,2.086,,,Transit,2021
Kepler-1824 b,Kepler-1824,,,1,1040.1,296.7072,41.20362,,6002,1.081,1.135,,,95.611,,2.381,,,Transit,2021
Kepler-520 c,Kepler-520,,,1,623.901,293.18029,41.61774,,6112,1.09,1.1,,,5.21104,,1.07,,,Transit,2016
Kepler-126 b,Kepler-126,,,1,237.401,289.34736,44.20844,,6239,1.358,,,0.099,10.49571,,1.52,,,Transit,2014
Kepler-1825 b,Kepler-1825,,,1,430.254,292.51406,42.65176,,5123,0.847,0.828,,,1.02587,,1.422,,,Transit,2021
Kepler-1191 b,Kepler-1191,,,1,955.536,291.65779,48.00926,,5308,0.81,0.85,,,5.60015,,1.51,,,Transit,2016
Kepler-1192 b,Kepler-1192,,,1,1304.19,282.14056,43.89649,,5438,0.83,0.86,,,25.20348,,2.36,,,Transit,2016
Kepler-1826 b,Kepler-1826,,,1,336.952,292.77001,48.89985,,3821,0.486,0.49,,,1.61536,,1.475,,,Transit,2021
Kepler-1193 b,Kepler-1193,,,1,802.116,288.14473,51.27564,,5908,1.21,1.08,,,2.83265,,1.32,,,Transit,2016
Kepler-1827 b,Kepler-1827,,,1,686.461,292.25253,40.79279,,5423,1.404,0.915,,,3.70062,,1.856,,,Transit,2021
Kepler-380 b,Kepler-380,,,1,813.713,282.3947,48.75913,,6045,1.224,,,0.05,3.93082,,1.19,,,Transit,2014
Kepler-129 b,Kepler-129,,,1,408.845,285.31118,47.84848,G4 V,5770,1.653,1.178,,0.13,15.79,,2.4,20,,Transit,2014
Kepler-136 c,Kepler-136,,,2,420.818,296.4673,42.5988,,6165,1.355,,,0.133,16.39924,,1.99,,,Transit,2014
Kepler-1194 b,Kepler-1194,,,1,757.382,291.69948,38.14521,,5590,0.92,0.94,,,16.22371,,1.51,,,Transit,2016
Kepler-1195 b,Kepler-1195,,,1,918.566,284.35105,40.85293,,4965,0.71,0.74,,,8.49642,,2.08,,,Transit,2016
Kepler-1196 b,Kepler-1196,,,1,922.333,292.36958,43.91087,,5756,0.97,0.98,,,66.1849,,2.23,,,Transit,2016
Kepler-1197 b,Kepler-1197,,,1,486.94,291.66934,42.59074,,4708,0.72,0.78,,,2.03232,,1.25,,,Transit,2016
Kepler-1198 b,Kepler-1198,,,1,743.03,288.83397,44.8382,,5517,0.9,0.93,,,7.68477,,1.47,,,Transit,2016
Kepler-1199 b,Kepler-1199,,,1,563.493,293.72581,47.24692,,5889,1.17,0.94,,,15.04472,,1.15,,,Transit,2016
Kepler-36 c,Kepler-36,,,1,527.956,291.25019,49.23181,,5979,1.634,1.034,,,16.21865,0,3.679,7.13,,Transit,2012
Kepler-1200 b,Kepler-1200,,,1,588.715,296.60343,44.12925,,4612,0.7,0.74,,,1.11855,,1.06,,,Transit,2016
Kepler-138 b,Kepler-138,,,1,66.862,290.38141,43.29306,,3841,0.535,0.535,-1.2518,0.0753,10.3134,0.02,0.64,0.07,452,Transit,2014
Kepler-1201 b,Kepler-1201,,,1,944.241,294.61479,40.83312,,6177,1.24,1.15,,,15.18726,,2.29,,,Transit,2016
Kepler-1202 b,Kepler-1202,,,1,1175.38,292.29061,44.65323,,5834,1.04,1.03,,,28.68513,,2.94,,,Transit,2016
Kepler-1203 b,Kepler-1203,,,1,317.022,292.77345,44.17809,,4105,0.61,0.64,,,0.588,,1.06,,,Transit,2016
Kepler-1204 b,Kepler-1204,,,1,1175.22,289.44152,42.49815,,5825,1.03,1.03,,,85.73503,,3.05,,,Transit,2016
Kepler-1205 b,Kepler-1205,,,1,698.485,290.27967,41.51505,,5226,0.81,0.84,,,1.07839,,1.41,,,Transit,2016
Kepler-1828 b,Kepler-1828,,,1,871.81,292.4276,37.32076,,5806,0.899,0.996,,,10.2738,,2.116,,,Transit,2021
Kepler-381 c,Kepler-381,,,1,267.323,285.18287,43.83103,,6152,1.568,,,0.117,13.39164,,1.12,,,Transit,2014
Kepler-126 d,Kepler-126,,,1,237.401,289.34736,44.20844,,6239,1.358,,,0.448,100.28313,,2.5,,,Transit,2014
Kepler-1829 b,Kepler-1829,,,1,679.921,288.66448,51.49838,,5230,0.777,0.873,,,5.18672,,2.479,,,Transit,2021
Kepler-139 c,Kepler-139,,,1,391.038,282.39195,43.88942,,5594,1.3,,,0.586,157.07288,,3.38,,,Transit,2014
Kepler-1206 b,Kepler-1206,,,1,762.019,295.93837,49.79113,,4877,0.75,0.8,,,1.217,,1.64,,,Transit,2016
Kepler-1207 b,Kepler-1207,,,1,1754.19,295.0642,49.35896,,5909,1.06,1.06,,,13.68237,,1.62,,,Transit,2016
Kepler-1830 b,Kepler-1830,,,1,1056.88,295.13904,40.97905,,6160,2.046,1.443,,,56.4933,,3.33,,,Transit,2021
Kepler-1831 b,Kepler-1831,,,1,1053.49,295.30246,49.58905,,6063,1.012,1.117,,,5.78387,,1.97,,,Transit,2021
Kepler-98 b,Kepler-98,,,1,350.315,285.66169,37.96457,,5539,1.11,0.99,,,1.54168,,1.99,3.55,,Transit,2014
Kepler-1832 b,Kepler-1832,,,1,486.174,299.85178,43.73206,,5242,0.722,0.684,,,3.13879,,1.227,,,Transit,2021
Kepler-141 b,Kepler-141,,,1,301.183,297.97073,47.7316,,4910,0.787,,,0.039,3.10767,,0.69,,,Transit,2014
Kepler-430 b,Kepler-430,,,1,917.477,292.8086,49.57942,,5884,1.485,1.166,,0.2244,35.968,,3.25,,667,Transit,2015
Kepler-1209 b,Kepler-1209,,,1,505.531,287.58494,49.15473,,6210,1.38,1.23,,,25.36912,,1.51,,,Transit,2016
Kepler-1833 b,Kepler-1833,,,1,591.602,290.87142,45.41028,,6164,1.446,1.286,,,6.89213,,1.3,,,Transit,2021
Kepler-1210 b,Kepler-1210,,,1,1176.53,292.83216,48.21934,,5568,0.92,0.94,,,8.07124,,1.7,,,Transit,2016
Kepler-1211 b,Kepler-1211,,,1,1826.53,285.72076,40.85691,,5705,0.94,0.96,,,11.01817,,2.55,,,Transit,2016
Kepler-1212 b,Kepler-1212,,,1,1316.57,296.85341,50.03732,,6051,1.15,1.1,,,12.9413,,2.14,,,Transit,2016
Kepler-1213 b,Kepler-1213,,,1,807.812,289.48584,50.9442,,6050,1.21,1.14,,,5.34982,,1.19,,,Transit,2016
Kepler-382 b,Kepler-382,,,1,935.446,299.13624,45.86996,,5600,0.945,,,0.055,5.26215,,1.32,,,Transit,2014
Kepler-142 d,Kepler-142,,,1,548.686,295.11901,48.48136,,5790,1.269,,,0.242,41.80912,,2.16,,,Transit,2014
Kepler-1214 b,Kepler-1214,,,1,729.227,285.14271,49.80066,,5130,0.8,0.85,,,18.82634,,2.36,,,Transit,2016
Kepler-1215 b,Kepler-1215,,,1,661.022,297.46365,48.1814,,5616,0.93,0.95,,,4.76704,,1.22,,,Transit,2016
Kepler-135 b,Kepler-135,,,1,621.855,290.49509,38.7955,,6090,1.275,,,0.067,6.00253,,1.81,,,Transit,2014
Kepler-1216 b,Kepler-1216,,,1,1258.36,287.40527,45.91798,,5743,0.98,0.99,,,4.37035,,1.39,,,Transit,2016
Kepler-144 c,Kepler-144,,,1,384.917,281.91561,42.77555,,6075,1.235,,,0.094,10.10467,,1.35,,,Transit,2014
Kepler-1217 b,Kepler-1217,,,1,1347.71,289.18668,50.93756,,5905,1.08,1.06,,,2.03233,,1.99,,,Transit,2016
Kepler-516 b,Kepler-516,,,1,687.094,295.60876,38.73574,,7099,2.02,1.62,,,24.85462,,5.74,,,Transit,2016
Kepler-1218 b,Kepler-1218,,,1,840.503,291.57885,44.53168,,5986,1.1,1.06,,,22.92213,,1.44,,,Transit,2016
Kepler-1219 b,Kepler-1219,,,1,880.895,297.21584,47.37851,,5944,1.94,1.25,,,16.10468,,2.12,,,Transit,2016
Kepler-1220 b,Kepler-1220,,,1,961.907,297.0704,42.97774,,5842,0.99,1,,,7.42694,,1.52,,,Transit,2016
Kepler-1834 b,Kepler-1834,,,1,500.395,294.66468,39.78385,,4821,0.788,0.765,,,4.60301,,1.459,,,Transit,2021
Kepler-145 b,Kepler-145,,,1,566.85,291.38774,44.52905,,,1.85,1.32,,,22.951,,2.65,37.1,,Transit,2013
Kepler-1655 b,Kepler-1655,,,1,213.26,286.6896,39.21208,,6148,1.03,1.03,,0.1029,11.87288,0.19,2.213,5.4,938,Transit,2018
Kepler-1221 b,Kepler-1221,,,1,913.65,285.82236,45.71184,,5194,0.82,0.87,,,12.00096,,1.88,,,Transit,2016
Kepler-1222 b,Kepler-1222,,,1,415.218,294.88962,49.37982,,5239,0.8,0.84,,,1.91694,,0.79,,,Transit,2016
Kepler-1223 b,Kepler-1223,,,1,459.957,285.29565,44.55275,,4870,0.75,0.8,,,16.30126,,1.22,,,Transit,2016
Kepler-1224 b,Kepler-1224,,,1,559.598,286.62576,37.53731,,6155,1.22,1.18,,,13.32352,,1.33,,,Transit,2016
Kepler-510 b,Kepler-510,,,1,386.177,287.65502,39.24417,,5746,1.41,0.91,,,19.55659,,2.47,,,Transit,2016
Kepler-1225 b,Kepler-1225,,,1,1347.52,290.63327,40.13697,,6140,1.19,1.13,,,7.01075,,1.82,,,Transit,2016
Kepler-1226 b,Kepler-1226,,,1,1125.72,296.37685,50.62146,,5923,1.02,1.02,,,17.29235,,1.45,,,Transit,2016
Kepler-1227 b,Kepler-1227,,,1,623.706,287.06641,41.87497,,5747,0.95,0.97,,,94.28876,,2.29,,,Transit,2016
Kepler-1228 b,Kepler-1228,,,1,515.453,296.55276,46.96619,,5063,0.74,0.78,,,0.57737,,1.54,,,Transit,2016
Kepler-1835 b,Kepler-1835,,,1,1404.38,280.31482,43.98569,,5903,0.961,0.922,,,11.9641,,3.534,,,Transit,2021
Kepler-383 b,Kepler-383,,,1,,291.34261,38.36316,,4710,0.672,,,0.095,12.90453,,1.32,,,Transit,2014
Kepler-384 b,Kepler-384,,,1,895.678,286.02611,44.78286,,5577,0.882,,,0.148,22.59705,,1.12,,,Transit,2014
Kepler-147 b,Kepler-147,,,1,1042.02,287.97572,39.08717,,6012,1.468,,,0.113,12.61058,,1.53,,,Transit,2014
Kepler-131 b,Kepler-131,,,1,228.678,288.53089,40.94237,,5685,1.03,1.02,,,16.092,,2.41,16.13,,Transit,2014
Kepler-1836 b,Kepler-1836,,,1,1472.62,292.31509,40.83878,,6123,0.987,1.053,,,5.25417,,2.553,,,Transit,2021
Kepler-1837 b,Kepler-1837,,,1,1229.18,288.2076,45.68345,,5966,0.961,1.049,,,5.90609,,2.067,,,Transit,2021
Kepler-1684 b,Kepler-1684,,,1,621.996,294.00542,46.31066,,4707,0.667,0.75,-0.7066,,47.7055,,2.871,,,Transit,2020
Kepler-1229 b,Kepler-1229,,,1,265.482,297.48683,46.99668,,3784,0.51,0.54,,,86.82899,,1.4,,,Transit,2016
Kepler-1230 b,Kepler-1230,,,1,1364.22,283.26451,41.71145,,5961,1.08,1.06,,,9.95662,,2.71,,,Transit,2016
Kepler-1231 b,Kepler-1231,,,1,987.237,288.58829,42.60566,,5778,1,1.01,,,10.41725,,1.42,,,Transit,2016
Kepler-1232 b,Kepler-1232,,,1,632.865,296.5501,49.10231,,5471,0.89,0.92,,,26.78392,,1.93,,,Transit,2016
Kepler-1233 b,Kepler-1233,,,1,1178.7,297.3751,46.66222,,6198,1.25,1.16,,,45.1263,,2.6,,,Transit,2016
Kepler-1234 b,Kepler-1234,,,1,916.749,287.52204,51.37595,,4967,0.76,0.8,,,11.94014,,2.81,,,Transit,2016
Kepler-132 d,Kepler-132,,,2,349.549,283.23581,41.34304,,6003,1.178,,,0.136,18.0102,,1.55,,,Transit,2014
Kepler-151 c,Kepler-151,,,1,649.919,292.16279,41.02319,,5460,0.83,,,0.16,24.67461,,2.09,,,Transit,2014
Kepler-1235 b,Kepler-1235,,,1,540.604,284.90307,43.95406,,5541,0.9,0.93,,,4.16056,,0.79,,,Transit,2016
Kepler-1236 b,Kepler-1236,,,1,999.64,295.62474,42.54587,,5337,0.82,0.86,,,31.05716,,2.14,,,Transit,2016
Kepler-385 c,Kepler-385,,,1,1432.61,294.33851,50.33652,,6326,1.126,,,0.127,15.16316,,3.04,,,Transit,2014
Kepler-518 b,Kepler-518,,,1,337.901,287.09002,41.37376,,5842,0.88,0.96,,,8.51204,,2.11,,,Transit,2016
Kepler-549 b,Kepler-549,,,1,635.145,283.02285,47.26114,,5360,0.84,0.88,,,42.94956,,2.57,,,Transit,2016
Kepler-1237 b,Kepler-1237,,,1,1064.31,295.62927,44.69058,,5472,0.9,0.94,,,84.57332,,2.86,,,Transit,2016
Kepler-1238 b,Kepler-1238,,,1,1632.13,297.90577,40.16284,,6386,1.48,1.3,,,4.14788,,1.93,,,Transit,2016
Kepler-1239 b,Kepler-1239,,,1,2140.6,293.12734,42.32006,,6564,1.57,1.4,,,5.19104,,2.9,,,Transit,2016
Kepler-1240 b,Kepler-1240,,,1,862.186,282.99977,40.55743,,5682,0.96,0.98,,,4.86638,,1.15,,,Transit,2016
Kepler-386 c,Kepler-386,,,1,882.462,289.85892,48.69381,,5178,0.767,,,0.155,25.19346,,1.58,,,Transit,2014
Kepler-99 b,Kepler-99,,,2,208.369,297.354,41.30005,,4782,0.73,0.79,,,4.60358,,1.48,6.15,,Transit,2014
Kepler-387 b,Kepler-387,,,1,801.052,287.79827,45.65677,,5774,1.046,,,0.068,6.79164,,1.03,,,Transit,2014
Kepler-1241 b,Kepler-1241,,,1,968.722,294.5762,38.45696,,5261,0.8,0.84,,,18.55257,,2.63,,,Transit,2016
Kepler-1242 b,Kepler-1242,,,1,687.615,284.60622,41.19634,,4895,0.74,0.77,,,13.62798,,2.26,,,Transit,2016
Kepler-1243 b,Kepler-1243,,,1,758.17,294.0094,42.88078,,5667,0.94,0.96,,,16.83207,,1.75,,,Transit,2016
Kepler-519 b,Kepler-519,,,2,246.61,299.31967,41.38474,,5260,0.8,0.89,,,24.30789,,2.1,,,Transit,2016
Kepler-155 c,Kepler-155,,,1,293.499,288.49578,51.08193,,4508,0.62,,,0.242,52.66179,,2.24,,,Transit,2014
Kepler-1244 b,Kepler-1244,,,1,1075.81,282.30125,46.51618,,6680,1.77,1.46,,,3.70428,,1.35,,,Transit,2016
Kepler-1245 b,Kepler-1245,,,1,805.936,290.74431,43.26075,,5306,0.83,0.86,,,4.35409,,1.44,,,Transit,2016
Kepler-1246 b,Kepler-1246,,,1,436.505,287.65723,48.98221,,4611,0.69,0.73,,,11.32272,,1.36,,,Transit,2016
Kepler-1247 b,Kepler-1247,,,1,1045.92,294.5336,46.61824,,5303,0.82,0.86,,,13.7122,,2.33,,,Transit,2016
Kepler-520 b,Kepler-520,,,1,623.901,293.18029,41.61774,,6112,1.09,1.1,,,19.67416,,1.66,,,Transit,2016
Kepler-1838 b,Kepler-1838,,,1,451.242,298.99172,40.14226,,5877,1.963,1.187,,,12.1468,,1.66,,,Transit,2021
Kepler-1248 b,Kepler-1248,,,1,593.026,288.05922,51.35446,,6149,1.21,1.21,,,7.46725,,1.18,,,Transit,2016
Kepler-388 b,Kepler-388,,,1,,284.82806,44.60865,,4498,0.586,,,0.036,3.17332,,0.81,,,Transit,2014
Kepler-1839 b,Kepler-1839,,,1,1136.6,294.22444,50.07558,,5926,0.939,1.03,,,5.05676,,1.949,,,Transit,2021
Kepler-1249 b,Kepler-1249,,,1,1904.54,296.89485,44.37174,,6202,1.28,1.19,,,24.33471,,2.38,,,Transit,2016
Kepler-1840 b,Kepler-1840,,,1,513.107,298.59488,41.43596,,4898,0.803,0.774,,,131.19,,2.778,,,Transit,2021
Kepler-1715 b,Kepler-1715,,,1,522.605,293.92973,41.6029,,6212,1.209,1.082,,,35.5973,,4.14,,,Transit,2021
Kepler-1841 b,Kepler-1841,,,1,631.7,287.7069,40.68522,,5190,0.899,0.823,,,25.886,,1.489,,,Transit,2021
Kepler-1250 b,Kepler-1250,,,1,2126.85,287.79382,45.98025,,5717,0.98,0.99,,,2.60754,,1.92,,,Transit,2016
Kepler-389 b,Kepler-389,,,1,816.559,291.96001,44.90006,,5376,0.792,,,0.041,3.24411,,1.51,,,Transit,2014
Kepler-161 c,Kepler-161,,,1,434.632,290.51647,43.08386,,5078,0.806,,,0.068,7.06424,,2.05,,,Transit,2014
Kepler-1842 b,Kepler-1842,,,1,923.551,286.2516,42.37844,,5970,1.131,1.057,,,14.0264,,2.354,,,Transit,2021
Kepler-1843 b,Kepler-1843,,,1,784.625,292.88523,41.27917,,5422,1.782,1.02,,,25.5434,,2.709,,,Transit,2021
Kepler-1251 b,Kepler-1251,,,1,902.204,292.11511,49.25638,,5545,0.89,0.92,,,45.09046,,1.84,,,Transit,2016
Kepler-1252 b,Kepler-1252,,,1,648.979,298.95036,46.69284,,5949,1.09,1.06,,,15.05403,,1.67,,,Transit,2016
Kepler-1253 b,Kepler-1253,,,1,514.524,283.88522,47.63715,,5850,1.1,0.97,,,68.88619,,1.33,,,Transit,2016
Kepler-1254 b,Kepler-1254,,,1,622.818,285.17332,48.77001,,4985,0.75,0.78,,,9.99113,,1.55,,,Transit,2016
Kepler-118 b,Kepler-118,,,1,574.228,299.21319,41.42482,,5274,1.094,,,0.073,7.5185,,1.96,,,Transit,2014
Kepler-163 b,Kepler-163,,,1,689.814,295.00275,46.98734,,5776,0.917,,,0.078,7.81094,,1.05,,,Transit,2014
Kepler-1255 b,Kepler-1255,,,1,1617.07,295.23926,42.72648,,6018,1.12,1.08,,,36.29193,,2.32,,,Transit,2016
Kepler-137 c,Kepler-137,,,1,302.979,282.13559,43.0392,,5187,0.802,,,0.13,18.73575,,1.88,,,Transit,2014
Kepler-1256 b,Kepler-1256,,,1,891.192,291.47424,44.68341,,6129,1.36,1.17,,,12.41278,,1.49,,,Transit,2016
Kepler-1844 b,Kepler-1844,,,1,1804.36,292.6904,37.93457,,5776,0.849,0.939,,,3.92451,,3.036,,,Transit,2021
Kepler-1845 b,Kepler-1845,,,1,710.724,292.90162,38.29703,,4703,0.701,0.686,,,11.6065,,2.438,,,Transit,2021
Kepler-1257 b,Kepler-1257,,,1,1105.95,296.07562,45.62702,,5502,0.87,0.9,,,2.66831,,1.52,,,Transit,2016
Kepler-1258 b,Kepler-1258,,,1,717.555,285.40497,49.99482,,5839,0.99,0.99,,,0.98494,,0.86,,,Transit,2016
Kepler-1259 b,Kepler-1259,,,1,805.562,297.84146,46.96763,,5053,0.77,0.8,,,0.66309,,1.43,,,Transit,2016
Kepler-1260 b,Kepler-1260,,,1,1734.43,295.59127,42.55523,,5961,1.08,1.06,,,19.11878,,1.77,,,Transit,2016
Kepler-164 e,Kepler-164,,,1,890.758,287.78081,47.62985,,5888,1.097,0.966,,0.4025,94.8869,0,4.24,,429,Transit,2023
Kepler-1716 b,Kepler-1716,,,1,195.439,297.27172,43.33306,,4894,0.684,0.753,,,35.581,,2.425,,,Transit,2021
Kepler-1261 b,Kepler-1261,,,1,744.294,285.23248,48.8067,,5006,0.77,0.82,,,48.4309,,2.26,,,Transit,2016
Kepler-390 b,Kepler-390,,,2,435.277,291.62881,41.20884,,5166,0.776,,,0.065,6.73809,,0.82,,,Transit,2014
Kepler-1846 b,Kepler-1846,,,1,374.615,294.39095,44.76295,,4825,0.732,0.785,,,14.8201,,1.764,,,Transit,2021
Kepler-1685 b,Kepler-1685,,,1,1141.89,296.18826,43.93681,,5484,0.835,0.96,-0.2451,,20.4905,,2.577,,,Transit,2020
Kepler-139 b,Kepler-139,,,1,391.038,282.39195,43.88942,,5594,1.3,,,0.127,15.77104,,2.94,,,Transit,2014
Kepler-1262 b,Kepler-1262,,,1,1054.87,288.77183,42.21317,,5771,0.98,0.99,,,8.679,,1.82,,,Transit,2016
Kepler-1847 b,Kepler-1847,,,1,1693.86,296.6014,44.32523,,6122,0.964,1.041,,,11.1297,,2.745,,,Transit,2021
Kepler-1263 b,Kepler-1263,,,1,664.83,286.48363,46.75262,,5213,0.8,0.84,,,4.5514,,1.14,,,Transit,2016
KOI-2513.01,KOI-2513,,,1,1369.87,293.66888,46.37923,,5900,1.2,0.91,,0.5,19.00547,0.36,2.802,7310.053,,Transit,2023
Kepler-111 c,Kepler-111,,,1,657.223,291.65316,44.68826,,5914,1.145,1.118,0.1584,0.751,224.77833,0.176,7.084,222.48,352,Transit,2014
Kepler-522 b,Kepler-522,,,1,639.239,288.15397,44.06882,,6392,1.98,1.54,,,38.58423,,6.91,,,Transit,2016
Kepler-167 d,Kepler-167,,,2,341.908,292.65853,38.34556,,4884,0.749,0.777,-0.5391,0.1404,21.80379,0,1.238,,538,Transit,2016
Kepler-1264 b,Kepler-1264,,,1,801.993,289.88441,45.21151,,5791,0.98,0.99,,,0.96853,,1.18,,,Transit,2016
Kepler-1265 b,Kepler-1265,,,1,583.641,284.58584,47.07956,,4630,0.69,0.71,,,6.49441,,1.35,,,Transit,2016
Kepler-1266 b,Kepler-1266,,,1,849.312,285.86933,42.728,,5044,0.76,0.8,,,28.47475,,2.58,,,Transit,2016
Kepler-1848 b,Kepler-1848,,,1,309.696,299.38149,45.59208,,4847,0.737,0.756,,,5.60402,,1.409,,,Transit,2021
Kepler-1267 b,Kepler-1267,,,1,1379.43,299.16951,43.44105,,6096,1.2,1.15,,,13.03139,,3.01,,,Transit,2016
Kepler-1268 b,Kepler-1268,,,1,1840.77,287.83842,43.15318,,5904,1.09,1.06,,,40.9904,,2.03,,,Transit,2016
Kepler-1849 b,Kepler-1849,,,1,631.884,285.29193,41.25573,,4806,0.729,0.709,,,57.2929,,2.387,,,Transit,2021
Kepler-169 c,Kepler-169,,,1,406.529,285.99992,40.91938,,4997,0.763,,,0.062,6.19547,,1.21,,,Transit,2014
Kepler-1850 b,Kepler-1850,,,1,250.199,287.14283,43.61612,,4239,0.6,0.611,,,1.3858,,0.729,,,Transit,2021
Kepler-1851 b,Kepler-1851,,,1,1589.81,285.67376,45.63984,,5982,0.879,0.967,,,12.0229,,3.9,,,Transit,2021
Kepler-436 c,Kepler-436,,,1,588.867,301.72078,44.41209,,4685,0.71,0.75,,,16.79714,,2.33,,,Transit,2016
Kepler-1269 b,Kepler-1269,,,1,1097.23,287.80554,45.34054,,5998,1.15,1.1,,,37.33315,,1.63,,,Transit,2016
Kepler-1852 b,Kepler-1852,,,1,772.481,288.02972,40.34419,,5237,0.826,0.927,,,7.97094,,1.886,,,Transit,2021
Kepler-1270 b,Kepler-1270,,,1,1095.05,286.71567,48.64526,,5047,3.38,1.28,,,6.03356,,3.32,,,Transit,2016
Kepler-1271 b,Kepler-1271,,,1,831.991,286.3443,37.41193,,6143,1.23,1.13,,,3.0256,,1.48,,,Transit,2016
Kepler-1853 b,Kepler-1853,,,1,562.348,284.74788,46.37354,,4821,0.788,0.765,,,48.8882,,1.519,,,Transit,2021
Kepler-172 d,Kepler-172,,,1,828.592,283.36841,41.82184,,5526,1.085,,,0.118,14.62712,,2.25,,,Transit,2014
Kepler-1272 b,Kepler-1272,,,1,1206.37,285.21976,38.80584,,5926,1.09,1.06,,,51.13097,,2.37,,,Transit,2016
Kepler-1854 b,Kepler-1854,,,1,423.348,286.28593,37.38699,,5026,0.759,0.8,,,39.8311,,2.587,,,Transit,2021
Kepler-391 b,Kepler-391,,,1,869.236,290.62188,51.05735,K2 III-IV,5038,2.879,1.27,0.6628,0.083,7.4175,0.46,2.5,1100,930,Transit,2014
Kepler-1855 b,Kepler-1855,,,1,,283.40186,41.51616,,3460,0.356,0.385,,,0.72733,,1.216,,,Transit,2021
Kepler-406 b,Kepler-406,,,1,364.03,291.84818,44.96828,,5538,1.07,1.07,,,2.42629,,1.43,6.35,,Transit,2014
Kepler-1856 b,Kepler-1856,,,1,848.76,295.90917,51.34788,,4948,0.816,0.782,,,1.302,,1.734,,,Transit,2021
Kepler-1273 b,Kepler-1273,,,1,1114.24,285.8032,44.8734,,5566,0.91,0.94,,,28.62565,,2.49,,,Transit,2016
Kepler-1274 b,Kepler-1274,,,1,614.648,284.59369,46.44974,,6179,2.17,1.45,,,6.98153,,1.42,,,Transit,2016
Kepler-173 b,Kepler-173,,,1,833.165,294.64662,41.8841,,6031,0.949,,,0.048,4.26374,,1.29,,,Transit,2014
Kepler-1857 b,Kepler-1857,,,1,853.275,296.45571,39.59854,,6074,1.005,0.873,,,8.94341,,1.961,,,Transit,2021
Kepler-523 b,Kepler-523,,,1,253.295,284.06112,45.50681,,5515,0.86,0.93,,,5.83598,,1.96,,,Transit,2016
Kepler-1275 b,Kepler-1275,,,1,1153.98,293.5005,44.93245,,6296,1.36,1.23,,,3.65691,,1.48,,,Transit,2016
Kepler-1858 b,Kepler-1858,,,1,833.055,292.30743,46.62658,,4939,0.819,0.785,,,88.0716,,2.422,,,Transit,2021
Kepler-1276 b,Kepler-1276,,,1,538.481,287.85702,40.54719,,6188,1.21,1.14,,,12.57201,,1.19,,,Transit,2016
Kepler-175 c,Kepler-175,,,1,1312.34,289.55323,43.87612,,6064,1.01,,,0.213,34.03526,,3.1,,,Transit,2014
Kepler-1277 b,Kepler-1277,,,1,557.193,295.10252,40.57237,,5578,0.92,0.94,,,40.8365,,1.6,,,Transit,2016
Kepler-1686 b,Kepler-1686,,,1,729.823,291.60672,42.03598,,5715,1.2,1.02,0.1407,,9.30987,,1.426,,,Transit,2020
Kepler-1278 b,Kepler-1278,,,1,889.426,282.95692,42.82556,,6074,1.16,1.11,,,3.23941,,1.01,,,Transit,2016
Kepler-1279 b,Kepler-1279,,,1,1494.22,288.09559,40.36591,,6221,1.33,1.21,,,23.47741,,1.75,,,Transit,2016
Kepler-1280 b,Kepler-1280,,,1,1486.7,293.57389,45.38449,,6227,1.32,1.2,,,66.55791,,1.87,,,Transit,2016
Kepler-180 b,Kepler-180,,,1,695.65,295.57126,49.77451,,5731,1.063,,,0.109,13.81712,,1.5,,,Transit,2014
Kepler-140 b,Kepler-140,,,1,583.859,287.36941,46.76815,,6077,1.288,,,0.045,3.25427,,1.61,,,Transit,2014
Kepler-182 b,Kepler-182,,,1,1549.09,289.83011,50.5862,,6250,1.146,,,0.096,9.82579,,2.58,,,Transit,2014
Kepler-1859 b,Kepler-1859,,,1,1331.25,293.98868,46.718,,5887,1.235,1.09,,,2.7296,,1.583,,,Transit,2021
Kepler-1281 b,Kepler-1281,,,1,,295.35436,48.51539,,5353,0.83,0.87,,,3.11603,,1.64,,,Transit,2016
Kepler-1860 b,Kepler-1860,,,1,438.703,294.35085,50.08096,,5420,0.868,0.874,,,12.7372,,1.139,,,Transit,2021
Kepler-1861 b,Kepler-1861,,,1,829.985,295.84651,49.93616,,5855,1.373,1.161,,,40.0306,,2.207,,,Transit,2021
Kepler-1998 b,Kepler-1998,,,1,340.965,283.42915,47.5924,,5640,0.921,0.962,,0.0405,3.03267,0,0.6,,1187,Transit,2023
Kepler-392 b,Kepler-392,,,1,681.428,288.66083,43.36819,,5938,1.129,,,0.059,5.34185,,1,,,Transit,2014
Kepler-122 d,Kepler-122,,,1,1027.45,291.11186,39.94902,,6050,1.216,,,0.155,21.58748,,2.2,,,Transit,2014
Kepler-185 b,Kepler-185,,,1,466.735,282.46817,43.88995,,5208,0.806,,,0.026,1.6329,,1.17,,,Transit,2014
Kepler-1282 b,Kepler-1282,,,1,1103.29,290.17617,46.6983,,5504,0.89,0.92,,,2.13195,,1.55,,,Transit,2016
Kepler-133 c,Kepler-133,,,1,653.6,297.27789,48.32035,,5736,1.425,,,0.204,31.51759,,2.84,,,Transit,2014
Kepler-1283 b,Kepler-1283,,,1,2921.99,295.46233,40.77693,,6175,1.25,1.16,,,12.9461,,1.91,,,Transit,2016
Kepler-1687 b,Kepler-1687,,,1,417.014,289.74284,50.78706,,4132,0.726,0.65,-0.8587,,5.77954,,1.656,,,Transit,2020
Kepler-1284 b,Kepler-1284,,,1,882.324,291.27895,47.68758,,5123,0.79,0.84,,,0.66407,,1.21,,,Transit,2016
Kepler-1285 b,Kepler-1285,,,1,422.269,281.83534,44.15588,,6170,1.28,1.2,,,14.79675,,0.97,,,Transit,2016
Kepler-1286 b,Kepler-1286,,,1,1354.46,280.25837,43.83574,,5753,0.98,1,,,11.25403,,2.15,,,Transit,2016
Kepler-393 b,Kepler-393,,,1,881.404,290.9952,45.19219,,6189,1.382,,,0.091,9.18242,,1.29,,,Transit,2014
Kepler-186 e,Kepler-186,,,1,177.594,298.65274,43.95499,M1,3788,0.472,0.478,-1.385,0.11,22.4077,,1.27,,,Transit,2014
Kepler-97 b,Kepler-97,,,1,400.907,287.32653,48.67334,,5779,0.98,0.94,,,2.58664,,1.48,3.51,,Transit,2014
Kepler-394 b,Kepler-394,,,1,1058.72,296.30198,50.67231,,6402,1.132,,,0.083,8.00501,,1.6,,,Transit,2014
Kepler-1287 b,Kepler-1287,,,1,1003.26,289.13463,47.06302,,5715,0.94,0.96,,,11.47686,,1.54,,,Transit,2016
KOI-134 b,KOI-134,,,1,1159.21,295.5866,45.36494,F9V,6160,1.667,1.407,0.6232,0.363,67.1277,0.16,12.038,346.433,659,Transit,2025
Kepler-187 b,Kepler-187,,,1,1143,299.7965,44.08924,,6105,1.287,,,0.059,4.93886,,1.41,,,Transit,2014
Kepler-1288 b,Kepler-1288,,,1,814.078,285.7135,41.60588,,6132,1.29,1.2,,,2.76122,,1.12,,,Transit,2016
Kepler-1994 b,Kepler-1994,,,1,241.991,297.14879,46.29692,,5495,0.961,0.932,,0.053,4.61225,0,0.51,,1032,Transit,2023
Kepler-1289 b,Kepler-1289,,,1,1053.57,296.38877,41.04051,,6080,1.17,1.1,,,7.9902,,1.52,,,Transit,2016
Kepler-512 b,Kepler-512,,,1,467.375,298.26892,48.91674,,5997,1.3,1.17,,,34.43588,,2.69,,,Transit,2016
Kepler-1290 b,Kepler-1290,,,1,1593.7,290.68523,43.85962,,5660,0.93,0.95,,,4.695,,1.42,,,Transit,2016
Kepler-189 b,Kepler-189,,,1,591.534,287.56463,44.30507,,5235,0.75,,,0.088,10.39993,,1.21,,,Transit,2014
Kepler-1291 b,Kepler-1291,,,1,897.352,289.37701,40.00108,,5216,0.8,0.84,,,8.63043,,1.66,,,Transit,2016
Kepler-1292 b,Kepler-1292,,,1,1493.43,284.90572,43.94914,,5556,0.93,0.95,,,3.27646,,1.82,,,Transit,2016
Kepler-1862 b,Kepler-1862,,,1,1232.19,296.75336,49.37807,,5644,0.806,0.9,,,16.0573,,2.203,,,Transit,2021
Kepler-1293 b,Kepler-1293,,,1,1028.16,290.02588,48.33592,,6241,1.28,1.18,,,5.57655,,0.97,,,Transit,2016
Kepler-513 b,Kepler-513,,,1,468.258,285.04162,50.07539,,5849,1.06,1.02,,,28.86236,,2.2,,,Transit,2016
Kepler-1294 b,Kepler-1294,,,1,1855.7,291.2681,44.48816,,5776,0.97,0.99,,,115.68623,,3.19,,,Transit,2016
Kepler-1295 b,Kepler-1295,,,1,1174.46,291.39785,45.58855,,5486,0.89,0.92,,,3.81372,,1.55,,,Transit,2016
Kepler-190 c,Kepler-190,,,1,433.387,288.58398,44.73377,,5106,0.795,,,0.045,3.76302,,1.46,,,Transit,2014
Kepler-1652 b,Kepler-1652,,,1,,294.36603,49.91502,,3638,0.382,0.404,-1.638,0.1654,38.09722,,1.6,,268,Transit,2017
Kepler-1296 b,Kepler-1296,,,1,1551.54,292.1251,41.40779,,5359,0.83,0.87,,,8.38399,,0.91,,,Transit,2016
Kepler-1297 b,Kepler-1297,,,1,1439.47,289.95644,47.02035,,5818,0.99,0.99,,,1.68189,,0.97,,,Transit,2016
Kepler-1863 b,Kepler-1863,,,1,865.546,282.23972,43.24409,,5871,0.983,1.097,,,44.9976,,2.263,,,Transit,2021
Kepler-1298 b,Kepler-1298,,,1,544.163,284.42275,49.10619,,6339,2,1.45,,,7.12812,,1.31,,,Transit,2016
Kepler-514 b,Kepler-514,,,2,455.336,286.24717,50.24237,,6106,1.44,1.28,,,5.6518,,1.72,,,Transit,2016
Kepler-1299 b,Kepler-1299,,,1,1404.94,286.15013,37.41134,,5609,0.91,0.94,,,19.94009,,2.98,,,Transit,2016
Kepler-1300 b,Kepler-1300,,,1,777.025,289.03305,40.08692,,6130,1.79,1.29,,,22.24191,,1.37,,,Transit,2016
Kepler-191 c,Kepler-191,,,1,594.464,291.18332,45.32309,,5282,0.789,,,0.128,17.73851,,1.86,,,Transit,2014
Kepler-1864 b,Kepler-1864,,,1,298.894,289.68677,41.58892,,5854,0.979,1.03,,,3.88151,,0.754,,,Transit,2021
Kepler-1865 b,Kepler-1865,,,1,922.255,293.94124,41.59041,,5420,0.871,0.849,,,2.52401,,1.577,,,Transit,2021
Kepler-450 b,Kepler-450,,,1,455.982,295.48658,51.01352,,6197,1.642,1.19,0.554,,28.45485,0.02,6.14,,,Transit,2015
Kepler-1301 b,Kepler-1301,,,1,854.28,286.60418,42.44033,,5188,0.81,0.85,,,9.08237,,1.4,,,Transit,2016
Kepler-616 c,Kepler-616,,,1,945.775,294.98914,46.83831,,5753,0.97,0.98,,,90.41136,,3.41,,,Transit,2016
Kepler-1302 b,Kepler-1302,,,1,634.58,290.98925,50.30806,,5236,0.82,0.86,,,8.83923,,1.43,,,Transit,2016
Kepler-1303 b,Kepler-1303,,,1,897.783,284.28715,42.35558,,5771,1,1.01,,,7.56127,,1.42,,,Transit,2016
Kepler-395 c,Kepler-395,,,1,421.382,293.51119,45.13663,,4262,0.556,,,0.177,34.98926,,1.32,,,Transit,2014
Kepler-132 c,Kepler-132,,,2,349.549,283.23581,41.34304,,6003,1.178,,,0.068,6.41491,,1.28,,,Transit,2014
Kepler-1304 b,Kepler-1304,,,1,2176.08,285.27637,39.44683,,5259,0.81,0.85,,,16.12889,,2.29,,,Transit,2016
Kepler-1305 b,Kepler-1305,,,1,1575.23,297.33946,46.34722,,5701,0.96,0.97,,,13.5631,,1.88,,,Transit,2016
Kepler-1306 b,Kepler-1306,,,1,1107.5,294.47836,46.94586,,5727,0.97,0.98,,,16.29595,,1.91,,,Transit,2016
Kepler-619 d,Kepler-619,,,1,900.678,290.84909,48.41598,,6122,0.964,1.041,,0.1021,11.67894,0,4.17,,830,Transit,2023
Kepler-1866 b,Kepler-1866,,,1,976.737,286.22465,44.65449,,5791,1.083,1.03,,,11.6601,,2.082,,,Transit,2021
Kepler-137 b,Kepler-137,,,1,302.979,282.13559,43.0392,,5187,0.802,,,0.077,8.43639,,1.47,,,Transit,2014
Kepler-1307 b,Kepler-1307,,,1,1014.62,292.86983,46.74187,,5884,1.08,1.06,,,18.01621,,2.47,,,Transit,2016
Kepler-1308 b,Kepler-1308,,,1,112.705,285.92875,38.52071,,3468,0.34,0.35,,,2.10434,,0.52,,,Transit,2016
Kepler-1867 b,Kepler-1867,,,1,680.583,294.9971,43.43587,,5693,0.816,0.911,,,9.88736,,1.16,,,Transit,2021
Kepler-1309 b,Kepler-1309,,,1,,298.73511,40.76413,,5235,0.8,0.85,,,28.84326,,2.37,,,Transit,2016
Kepler-51 d,Kepler-51,,,1,783.831,296.47976,49.93765,,6018,0.94,1.04,,0.509,130.194,0.008,9.7,7.6,381,Transit,2014
Kepler-1310 b,Kepler-1310,,,1,569.185,283.92002,40.74004,,5549,0.88,0.91,,,0.67934,,1.44,,,Transit,2016
Kepler-132 b,Kepler-132,,,2,349.549,283.23581,41.34304,,6003,1.178,,,0.067,6.1782,,1.21,,,Transit,2014
Kepler-396 c,Kepler-396,,,1,223.757,296.13281,48.97731,,,1.06,0.85,,,88.505,,5.3,17.9,,Transit,2013
Kepler-1311 d,Kepler-1311,,,1,866.331,289.65126,43.82444,,5616,1.674,1.032,,,197.511,,9.658,,,Transit,2021
Kepler-1312 b,Kepler-1312,,,1,299.104,292.97128,41.03575,,5719,0.92,0.99,,,5.44833,,2.1,,,Transit,2016
Kepler-51 c,Kepler-51,,,1,783.831,296.47976,49.93765,,6018,0.94,1.04,,0.384,85.312,0.014,9,4,439,Transit,2012
Kepler-517 b,Kepler-517,,,2,289.907,293.67551,41.29521,,5690,0.98,0.95,,,60.92832,,2.67,,,Transit,2016
Kepler-1313 b,Kepler-1313,,,1,174.234,292.38858,42.23328,,5453,0.85,0.92,,,3.83309,,1.76,,,Transit,2016
Kepler-397 c,Kepler-397,,,1,,295.89404,42.38052,,5307,0.767,,,0.48,135.49853,,6.18,,,Transit,2014
Kepler-122 e,Kepler-122,,,1,1027.45,291.11186,39.94902,,6050,1.216,,,0.227,37.99327,,2.6,,,Transit,2014
Kepler-198 c,Kepler-198,,,1,495.358,290.67313,38.691,,5574,0.94,,,0.259,49.56742,,2.47,,,Transit,2014
Kepler-92 b,Kepler-92,,,1,477.992,289.08606,41.56302,,,1.7,1.21,,,13.749,,3.51,64.3,,Transit,2013
Kepler-1868 b,Kepler-1868,,,1,274.18,293.29837,43.5558,,4658,0.686,0.743,,,211.034,,3.15,,,Transit,2021
Kepler-1869 c,Kepler-1869,,,1,113.025,292.615,42.76434,,5808,0.902,0.987,,0.028,1.71683,0,0.74,,1455,Transit,2023
Kepler-1314 b,Kepler-1314,,,1,,294.23736,45.19683,,4188,0.59,0.6,,,5.42475,,5.11,,,Transit,2016
Kepler-1870 b,Kepler-1870,,,1,407.216,293.93351,40.5907,,5508,0.84,0.955,,,3.60694,,2.101,,,Transit,2021
Kepler-398 b,Kepler-398,,,1,177.355,291.46885,40.3437,,4493,0.613,,,0.044,4.08142,,0.93,,,Transit,2014
Kepler-1315 b,Kepler-1315,,,1,480.869,295.82157,46.05306,,4861,0.75,0.8,,,0.84338,,1.38,,,Transit,2016
Kepler-201 c,Kepler-201,,,1,636.445,293.62606,41.2728,,6065,1.229,,,0.573,151.88406,,2.85,,,Transit,2014
Kepler-1316 b,Kepler-1316,,,1,800.871,298.83583,40.29307,,5884,1.12,1.04,,,87.97321,,3.54,,,Transit,2016
Kepler-1317 b,Kepler-1317,,,1,728.303,291.61188,42.11598,,5144,0.79,0.83,,,0.56887,,1.56,,,Transit,2016
Kepler-1318 b,Kepler-1318,,,1,475.248,290.37632,41.15079,,4598,0.7,0.73,,,213.25766,,3.11,,,Transit,2016
Kepler-445 c,Kepler-445,,,1,127.201,298.73634,46.49912,M4,3157,0.21,0.18,,,4.87123,0,2.51,,,Transit,2015
Kepler-136 b,Kepler-136,,,2,420.818,296.4673,42.5988,,6165,1.355,,,0.106,11.5789,,2.05,,,Transit,2014
Kepler-1319 b,Kepler-1319,,,2,103.917,290.95645,49.36679,,3655,0.54,0.56,,,2.88676,,1.34,,,Transit,2016
Kepler-203 d,Kepler-203,,,1,703.302,297.08996,41.38807,,5821,1.114,,,0.1,11.32972,,1.44,,,Transit,2014
Kepler-399 d,Kepler-399,,,1,740.537,299.50172,40.67077,,5502,0.68,,,0.261,58.03462,,1.89,,,Transit,2014
Kepler-1320 b,Kepler-1320,,,1,647.424,288.4336,40.38085,,4817,0.74,0.8,,,0.86839,,1.7,,,Transit,2016
Kepler-400 b,Kepler-400,,,1,845.97,290.94447,40.48005,,5886,1.145,,,0.087,9.02439,,1.65,,,Transit,2014
Kepler-138 c,Kepler-138,,,1,66.862,290.38141,43.29306,,3841,0.535,0.535,-1.2518,0.0913,13.7815,0.017,1.51,2.3,410,Transit,2014
Kepler-401 b,Kepler-401,,,1,965.56,290.08275,50.86344,,6117,1.333,,,0.122,14.38303,,1.71,,,Transit,2014
Kepler-1321 b,Kepler-1321,,,1,769.146,294.5286,46.64087,,4094,0.53,0.54,,,11.1283,,4.92,,,Transit,2016
Kepler-204 c,Kepler-204,,,1,686.723,285.34716,41.76185,,5812,1.238,,,0.173,25.66059,,1.79,,,Transit,2014
Kepler-1322 b,Kepler-1322,,,1,1350.32,293.2045,45.43539,,5488,0.87,0.9,,,0.96287,,1.61,,,Transit,2016
Kepler-1323 b,Kepler-1323,,,1,465.417,292.87225,46.09873,,6169,1.4,1.18,,,0.92991,,1.52,,,Transit,2016
Kepler-1324 b,Kepler-1324,,,1,481.667,291.18495,40.3112,,4776,0.73,0.78,,,4.11584,,1.51,,,Transit,2016
Kepler-1325 b,Kepler-1325,,,1,973.368,285.01715,42.08531,,5550,0.91,0.93,,,33.87868,,2.86,,,Transit,2016
Kepler-402 c,Kepler-402,,,1,625.339,288.3702,43.35461,,6090,1.264,,,0.068,6.12482,,1.56,,,Transit,2014
Kepler-1871 b,Kepler-1871,,,1,854.623,292.4275,38.47288,,5741,0.946,1.02,,,1.9527,,2.422,,,Transit,2021
Kepler-206 b,Kepler-206,,,1,594.447,291.63466,41.83384,,5764,1.185,,,0.078,7.78199,,1.2,,,Transit,2014
Kepler-1326 b,Kepler-1326,,,1,698.326,296.2222,39.26894,,6725,1.74,1.45,,,42.35143,,4.18,,,Transit,2016
Kepler-1327 b,Kepler-1327,,,1,678.069,289.06481,50.46092,,5885,1.03,1.02,,,14.88801,,1.8,,,Transit,2016
Kepler-1328 b,Kepler-1328,,,1,813.543,284.67539,44.41772,,5780,0.99,1,,,4.52159,,0.98,,,Transit,2016
Kepler-403 b,Kepler-403,,,1,840.269,289.92143,46.74453,,6090,1.329,,,0.076,7.03146,,1.25,,,Transit,2014
Kepler-1688 b,Kepler-1688,,,1,,289.55301,41.29785,,4632,,,,,5.62012,,1.262,,,Transit,2020
Kepler-1872 b,Kepler-1872,,,1,840.182,281.0492,43.3226,,5223,0.885,0.913,,,3.82591,,2.384,,,Transit,2021
Kepler-1873 b,Kepler-1873,,,1,820.957,294.59656,46.04837,,5151,0.792,0.903,,,0.55884,,1.626,,,Transit,2021
Kepler-208 c,Kepler-208,,,1,775.328,293.8902,42.52794,,6092,1.314,,,0.079,7.46662,,1.39,,,Transit,2014
Kepler-1329 b,Kepler-1329,,,1,588.037,281.64764,48.27095,,4500,0.69,0.72,,,9.33647,,2.17,,,Transit,2016
Kepler-1330 b,Kepler-1330,,,1,1720.48,290.57671,39.95689,,5608,0.94,0.97,,,10.10769,,1.65,,,Transit,2016
Kepler-1714 b,Kepler-1714,,,1,409.46,293.71647,46.22669,,6150,2.086,1.448,,,10.2753,,3.264,,,Transit,2021
Kepler-1331 b,Kepler-1331,,,1,319.197,297.07379,41.22446,,4508,0.69,0.72,,,0.78916,,1.05,,,Transit,2016
Kepler-1332 b,Kepler-1332,,,1,528.685,291.02864,43.91371,,5581,0.9,0.95,,,11.87457,,1.37,,,Transit,2016
Kepler-1333 b,Kepler-1333,,,1,932.446,293.52758,41.11139,,5628,0.92,0.94,,,109.64718,,2.81,,,Transit,2016
Kepler-1334 b,Kepler-1334,,,1,1223.04,289.31153,51.32091,,5614,0.91,0.94,,,15.64592,,2.29,,,Transit,2016
Kepler-211 b,Kepler-211,,,1,309.353,285.43912,43.16851,,5123,0.816,,,0.048,4.13858,,1.26,,,Transit,2014
Kepler-1335 b,Kepler-1335,,,1,621.853,284.83844,42.07034,,4903,0.74,0.77,,,6.26407,,1.45,,,Transit,2016
Kepler-1336 b,Kepler-1336,,,1,1126.64,296.27766,46.8998,,5512,1.3,0.94,,,23.19868,,1.98,,,Transit,2016
Kepler-1337 b,Kepler-1337,,,1,601.629,287.00912,46.79612,,4523,0.67,0.7,,,24.40025,,2.41,,,Transit,2016
Kepler-1338 b,Kepler-1338,,,1,753.26,284.04227,41.69903,,5909,1.05,1.04,,,0.93512,,0.92,,,Transit,2016
Kepler-1339 b,Kepler-1339,,,1,371.049,283.74577,48.37347,,5586,0.93,0.94,,,1.34156,,0.71,,,Transit,2016
Kepler-1689 b,Kepler-1689,,,1,294.122,291.57417,38.65594,,5731,0.996,1.023,-0.0155,,8.483,,0.947,,,Transit,2020
Kepler-212 b,Kepler-212,,,1,687.194,287.62082,43.14162,,5852,1.455,,,0.133,16.25758,,1.09,,,Transit,2014
Kepler-1340 b,Kepler-1340,,,1,981.779,296.23281,42.4728,,6331,1.42,1.27,,,0.66503,,1.55,,,Transit,2016
Kepler-1690 b,Kepler-1690,,,1,703.789,288.15666,41.87794,,5404,0.862,0.94,-0.2431,,234.636,,2.811,,,Transit,2020
Kepler-1874 b,Kepler-1874,,,1,408.007,286.37182,43.69208,,4701,0.775,0.758,,,56.5732,,2.211,,,Transit,2021
Kepler-1341 b,Kepler-1341,,,2,476.957,280.51168,44.15935,,4662,0.72,0.79,,,132.99683,,2.99,,,Transit,2016
Kepler-213 c,Kepler-213,,,1,634.939,290.82419,44.64728,,5696,1.195,,,0.057,4.82296,,2.34,,,Transit,2014
Kepler-511 c,Kepler-511,,,1,651.999,282.94554,47.57492,,5866,1.417,0.958,,,26.6295,,4.21,,,Transit,2021
Kepler-404 b,Kepler-404,,,1,812.524,286.39858,45.34352,,5654,0.884,,,0.102,11.82985,,1.27,,,Transit,2014
Kepler-215 c,Kepler-215,,,1,485.997,294.97353,45.21369,,5739,1.027,,,0.113,14.66711,,1.77,,,Transit,2014
Kepler-1342 b,Kepler-1342,,,1,890.724,297.02005,43.43254,,5527,0.9,0.93,,,2.21571,,1.66,,,Transit,2016
Kepler-1875 b,Kepler-1875,,,1,1660.45,296.77274,50.18837,,6161,0.862,0.95,,,34.4586,,3.227,,,Transit,2021
Kepler-1343 b,Kepler-1343,,,1,1756.71,294.29448,50.72539,,5759,0.93,0.95,,,3.35183,,1.93,,,Transit,2016
Kepler-1344 b,Kepler-1344,,,1,853.959,287.08628,46.9458,,5981,1.13,1.09,,,4.7683,,1.84,,,Transit,2016
Kepler-122 f,Kepler-122,,,1,1027.45,291.11186,39.94902,,,0.949,1.03,,,56.268,,1.75,36,,Transit Timing Variations,2014
Kepler-134 b,Kepler-134,,,1,334.797,284.73912,49.59844,,5983,1.176,,,0.06,5.31743,,2,,,Transit,2014
Kepler-221 d,Kepler-221,,,1,385.231,296.65475,46.83522,,5243,0.821,,,0.087,10.04156,,2.73,,,Transit,2014
Kepler-1345 b,Kepler-1345,,,1,1355.02,292.47794,46.02282,,6449,1.55,1.32,,,44.61696,,2.36,,,Transit,2016
Kepler-1346 b,Kepler-1346,,,1,843.701,291.84134,45.17918,,6133,1.21,1.14,,,3.40166,,1.58,,,Transit,2016
Kepler-1347 b,Kepler-1347,,,1,,299.65959,40.84385,,5193,0.79,0.82,,,14.00948,,1.03,,,Transit,2016
Kepler-1348 b,Kepler-1348,,,1,1213.82,292.08741,49.78871,,5911,1.04,1.04,,,27.57227,,1.94,,,Transit,2016
Kepler-1349 b,Kepler-1349,,,1,276.323,286.33856,48.74427,,6086,1.28,1.16,,,2.12824,,0.7,,,Transit,2016
Kepler-1350 b,Kepler-1350,,,1,340.691,288.25061,46.67948,,3827,0.53,0.55,,,4.49686,,2.52,,,Transit,2016
Kepler-515 b,Kepler-515,,,2,,290.49391,52.05561,,5293,0.83,0.9,,,19.96371,,1.46,,,Transit,2016
Kepler-221 e,Kepler-221,,,1,385.231,296.65475,46.83522,,5243,0.821,,,0.13,18.36992,,2.63,,,Transit,2014
Kepler-1351 b,Kepler-1351,,,1,202.782,293.60843,42.19787,,4439,0.67,0.7,,,0.91614,,0.65,,,Transit,2016
Kepler-1876 b,Kepler-1876,,,1,259.935,299.16049,41.1438,,6104,1.477,1.187,,0.0758,6.99205,0.098,0.853,2.4,1299,Transit,2021
Kepler-1691 b,Kepler-1691,,,1,1267.67,286.2544,41.02184,,6000,1.132,1.11,0.1746,,3.8482,,1.835,,,Transit,2020
Kepler-1877 b,Kepler-1877,,,1,285.312,294.86692,46.79048,,5615,0.936,1.022,,,2.37757,,0.624,,,Transit,2021
Kepler-521 b,Kepler-521,,,1,830.638,298.81638,43.99802,,6406,1.46,1.34,,,22.20813,,3.18,,,Transit,2016
Kepler-1352 b,Kepler-1352,,,1,670.829,290.6938,48.70144,,6118,1.16,1.11,,,1.87788,,0.89,,,Transit,2016
Kepler-221 b,Kepler-221,,,1,385.231,296.65475,46.83522,,5243,0.821,,,0.037,2.79591,,1.71,,,Transit,2014
Kepler-1353 b,Kepler-1353,,,1,593.384,295.73539,42.57623,,4776,0.72,0.76,,,24.7544,,1.8,,,Transit,2016
Kepler-1354 b,Kepler-1354,,,1,1119.45,291.24513,37.75901,,6168,1.24,1.16,,,76.61338,,2.97,,,Transit,2016
Kepler-130 c,Kepler-130,,,2,316.663,288.45059,40.2452,,5879,1.17,1,0.155,0.178,27.50868,0,2.9,,683,Transit,2014
Kepler-224 e,Kepler-224,,,1,782.088,290.93427,47.35754,,5018,0.676,,,0.124,18.64358,,1.97,,,Transit,2014
Kepler-1355 b,Kepler-1355,,,1,911.269,283.74142,49.06798,,5352,0.83,0.88,,,1.28959,,1.46,,,Transit,2016
Kepler-1356 b,Kepler-1356,,,1,845.228,290.99538,43.24388,,5106,0.78,0.82,,,0.634,,1.53,,,Transit,2016
Kepler-1357 b,Kepler-1357,,,1,1015.69,291.54807,50.35326,,5597,0.9,0.93,,,3.00913,,1.28,,,Transit,2016
Kepler-462 c,Kepler-462,,,1,596.625,299.82115,43.81428,,7500,1.57,1.59,,,207.62,0.11,4,6,,Transit,2018
Kepler-1878 b,Kepler-1878,,,1,1494.3,300.73242,44.10702,,5918,0.865,0.956,,,4.44588,,2.92,,,Transit,2021
Kepler-226 d,Kepler-226,,,1,980.138,292.37609,47.88096,,5571,0.802,,,0.076,8.10904,,1.22,,,Transit,2014
Kepler-1358 b,Kepler-1358,,,1,546.998,286.17055,43.0089,,5181,0.79,0.82,,,7.06317,,1.12,,,Transit,2016
Kepler-1359 b,Kepler-1359,,,1,614.859,289.53882,41.89282,,4709,0.72,0.78,,,59.4971,,2.83,,,Transit,2016
Kepler-1879 b,Kepler-1879,,,1,627.171,289.36442,41.53326,,5865,1.388,1.023,,,10.6134,,2.065,,,Transit,2021
Kepler-1360 b,Kepler-1360,,,1,1516.27,300.34405,45.62318,,6778,1.83,1.51,,,40.52864,,3.4,,,Transit,2016
Kepler-1361 b,Kepler-1361,,,1,389.143,283.56536,46.90423,,5131,0.79,0.83,,,3.57555,,0.86,,,Transit,2016
Kepler-1362 b,Kepler-1362,,,1,731.298,288.53856,40.87713,,4857,0.74,0.8,,,136.20563,,2.6,,,Transit,2016
Kepler-1880 b,Kepler-1880,,,1,611.041,287.82646,40.6966,,4380,0.53,0.524,,,6.30922,,2.117,,,Transit,2021
Kepler-52 d,Kepler-52,,,1,321.542,286.73802,49.97574,,4263,0.556,,,0.182,36.44517,,1.95,,,Transit,2014
Kepler-1363 b,Kepler-1363,,,1,541.714,296.99649,49.25632,,4839,0.72,0.76,,,2.94194,,1.25,,,Transit,2016
Kepler-1364 b,Kepler-1364,,,1,1056.9,295.15213,49.58762,,6805,1.79,1.49,,,13.32196,,2.15,,,Transit,2016
Kepler-1365 b,Kepler-1365,,,1,840.128,292.19966,42.04599,,5770,1.05,1,,,7.69993,,0.92,,,Transit,2016
Kepler-1366 b,Kepler-1366,,,1,465.826,285.06488,41.55485,,4070,0.6,0.62,,,2.16457,,1.43,,,Transit,2016
Kepler-525 b,Kepler-525,,,1,992.852,296.18342,47.35878,,5573,1.15,0.95,,,18.68405,,2.63,,,Transit,2016
Kepler-1881 b,Kepler-1881,,,1,1057.21,293.63931,44.98254,,5135,0.874,0.812,,,159.394,,2.981,,,Transit,2021
Kepler-446 b,Kepler-446,,,1,96.339,282.2501,44.921,M4,3359,0.24,0.22,,,1.56541,0,1.5,,,Transit,2015
Kepler-1367 b,Kepler-1367,,,1,401.484,288.41668,47.87873,,4106,0.6,0.62,,,1.57409,,0.92,,,Transit,2016
Kepler-231 b,Kepler-231,,,1,316.618,293.97339,50.53185,,3767,0.49,,,0.074,10.06527,,1.73,,,Transit,2014
Kepler-1882 b,Kepler-1882,,,1,443.371,290.66409,43.49979,,5691,1.458,1.068,,,13.7873,,1.487,,,Transit,2021
Kepler-526 b,Kepler-526,,,1,666.146,297.65093,47.39622,,5894,1.14,1.15,,,5.4585,,1.99,,,Transit,2016
Kepler-1692 b,Kepler-1692,,,1,591.019,286.92418,47.05371,,5146,0.866,0.87,-0.3242,,5.95966,,1.112,,,Transit,2020
Kepler-1985 b,Kepler-1985,,,1,,293.56637,42.13258,,5370,0.966,0.877,,0.0426,3.42065,0,2.27,,1129,Transit,2023
Kepler-1368 b,Kepler-1368,,,1,1635.82,294.76698,41.64464,,5906,1.08,1.07,,,0.67565,,1.65,,,Transit,2016
Kepler-235 c,Kepler-235,,,1,428.018,286.07908,39.27824,,4255,0.554,,,0.065,7.8249,,1.28,,,Transit,2014
Kepler-1369 b,Kepler-1369,,,1,1236.56,285.79726,40.93619,,5761,0.99,0.99,,,25.87315,,2.69,,,Transit,2016
Kepler-1370 b,Kepler-1370,,,1,1004.1,284.56569,41.77848,,6202,1.29,1.19,,,20.26417,,1.84,,,Transit,2016
Kepler-527 b,Kepler-527,,,1,750.04,290.95791,47.40627,,6388,1.45,1.28,,,13.28536,,2.84,,,Transit,2016
Kepler-1371 b,Kepler-1371,,,1,515.334,288.83143,47.55198,,5361,0.83,0.87,,,3.4462,,0.73,,,Transit,2016
Kepler-1883 b,Kepler-1883,,,1,1377.61,291.92256,42.00252,,6208,1.024,1.086,,,103.427,,3.251,,,Transit,2021
Kepler-1372 b,Kepler-1372,,,1,1303.22,288.88659,44.83947,,5677,0.97,0.98,,,1.31156,,1.27,,,Transit,2016
Kepler-236 b,Kepler-236,,,1,288.763,283.86643,39.89819,,3750,0.51,,,0.065,8.29561,,1.57,,,Transit,2014
Kepler-1373 b,Kepler-1373,,,1,1699.46,285.75202,39.24917,,6299,1.33,1.22,,,1.29123,,1.16,,,Transit,2016
Kepler-1374 b,Kepler-1374,,,1,1078.46,291.34998,45.17225,,5323,0.81,0.85,,,10.65277,,2.29,,,Transit,2016
Kepler-1375 b,Kepler-1375,,,1,1430.84,296.29352,43.40322,,6704,1.78,1.47,,,3.30042,,1.74,,,Transit,2016
Kepler-1693 b,Kepler-1693,,,1,760.065,290.20156,48.18578,,5432,0.878,0.95,-0.2181,,12.0999,,1.289,,,Transit,2020
Kepler-237 b,Kepler-237,,,1,657.822,283.22134,40.42176,,4861,0.725,,,0.05,4.71511,,1.41,,,Transit,2014
Kepler-528 b,Kepler-528,,,1,784.23,295.68486,47.74809,,5807,1.06,1.01,,,19.78297,,2.08,,,Transit,2016
Kepler-1376 b,Kepler-1376,,,1,868.056,286.95844,42.54141,,5659,0.97,0.98,,,5.30881,,1.05,,,Transit,2016
Kepler-1694 b,Kepler-1694,,,1,513.329,293.79363,40.24102,,4954,0.756,0.82,-0.5081,,3.89526,,1.18,,,Transit,2020
Kepler-1377 b,Kepler-1377,,,1,1146.1,289.19542,46.65161,,5218,0.82,0.86,,,0.74093,,1.25,,,Transit,2016
Kepler-1378 b,Kepler-1378,,,1,506.434,297.3734,40.3664,,4407,0.67,0.7,,,11.95399,,2.2,,,Transit,2016
Kepler-141 c,Kepler-141,,,1,301.183,297.97073,47.7316,,4910,0.787,,,0.067,7.01061,,1.41,,,Transit,2014
Kepler-123 c,Kepler-123,,,1,1021.66,296.99859,42.78196,,6089,1.264,,,0.181,26.69507,,1.48,,,Transit,2014
Kepler-239 c,Kepler-239,,,1,648.109,294.20205,40.66333,,4914,0.763,,,0.268,56.2281,,2.51,,,Transit,2014
Kepler-1379 b,Kepler-1379,,,1,971.325,293.67044,41.41021,,5188,0.79,0.83,,,0.88184,,1.3,,,Transit,2016
Kepler-1884 b,Kepler-1884,,,1,1443.09,296.7464,43.04542,,5984,0.906,0.993,,,8.98832,,1.814,,,Transit,2021
Kepler-529 b,Kepler-529,,,1,799.008,285.88841,47.88036,,6087,1.14,1.07,,,1.98036,,1.86,,,Transit,2016
Kepler-1380 b,Kepler-1380,,,1,2462.94,288.11604,42.44038,,5570,0.94,0.96,,,10.31082,,1.43,,,Transit,2016
Kepler-243 c,Kepler-243,,,1,693.86,285.11048,42.03396,,5228,0.842,,,0.142,20.02622,,1.99,,,Transit,2014
Kepler-1381 b,Kepler-1381,,,1,1197.04,287.53579,48.72778,,5747,0.94,0.96,,,25.38427,,2.25,,,Transit,2016
Kepler-1382 b,Kepler-1382,,,1,738.261,295.37742,39.04804,,6161,1.72,1.36,,,16.35831,,1.88,,,Transit,2016
Kepler-245 c,Kepler-245,,,1,861.527,291.639,42.43635,,5100,0.795,,,0.124,17.46081,,2.18,,,Transit,2014
Kepler-1383 b,Kepler-1383,,,1,1027.21,297.94477,42.19184,,6370,1.44,1.26,,,13.90936,,1.41,,,Transit,2016
Kepler-1384 b,Kepler-1384,,,1,,296.21513,39.52702,,4919,0.74,0.78,,,15.36263,,1.94,,,Transit,2016
Kepler-414 c,Kepler-414,,,1,413.46,297.96156,48.24434,,,0.946,0.89,,,7.171,,3.01,29.9,,Transit Timing Variations,2014
Kepler-1385 b,Kepler-1385,,,1,688.795,282.63136,46.48102,,5732,1.29,1.15,,,2.8888,,0.85,,,Transit,2016
Kepler-46 d,Kepler-46,,,1,777.06,289.26874,42.60418,,5309,0.79,,,0.067,6.76659,,1.64,,,Transit,2014
Kepler-1885 b,Kepler-1885,,,1,818.482,288.75071,47.49092,,5591,0.86,0.977,,,2.52256,,1.511,,,Transit,2021
Kepler-1386 b,Kepler-1386,,,1,835.882,280.82336,42.63605,,5733,1.03,1.02,,,6.73972,,1.24,,,Transit,2016
Kepler-142 c,Kepler-142,,,1,548.686,295.11901,48.48136,,5790,1.269,,,0.057,4.7617,,2.86,,,Transit,2014
Kepler-1387 b,Kepler-1387,,,1,455.358,292.4403,43.20935,,5046,0.77,0.82,,,2.27953,,0.93,,,Transit,2016
Kepler-246 c,Kepler-246,,,1,626.078,296.4834,42.66338,,5206,0.831,,,0.095,11.18716,,1.5,,,Transit,2014
Kepler-1388 b,Kepler-1388,,,1,453.795,283.33602,47.17445,,4098,0.61,0.63,,,12.28546,,2.59,,,Transit,2016
Kepler-530 b,Kepler-530,,,2,457.709,283.34029,48.54906,,5697,0.89,0.97,,,39.30942,,3.01,,,Transit,2016
Kepler-1389 b,Kepler-1389,,,1,497.093,285.71744,44.75835,,5078,0.74,0.81,,,99.2531,,1.77,,,Transit,2016
Kepler-54 c,Kepler-54,,,1,271.701,294.77392,43.0562,,3705,0.5,0.51,,,12.07172,,1.23,,,Transit,2012
Kepler-1390 b,Kepler-1390,,,1,723.431,298.66244,48.24887,,5753,0.98,0.98,,,6.48022,,1.18,,,Transit,2016
Kepler-716 c,Kepler-716,,,1,635.009,290.39318,43.36386,,5012,0.742,0.83,-0.5042,,3.96999,,1.393,,,Transit,2020
Kepler-55 c,Kepler-55,,,1,578.796,285.16833,44.02649,,4362,0.58,0.62,,,42.15164,,2.21,,,Transit,2012
Kepler-531 b,Kepler-531,,,1,252.762,286.52466,48.68355,,4893,0.75,0.78,,,29.88486,,2.78,,,Transit,2016
Kepler-250 d,Kepler-250,,,1,760.585,289.59476,44.14181,,5160,0.805,,,0.127,17.64831,,2.18,,,Transit,2014
Kepler-251 e,Kepler-251,,,1,924.625,296.56622,44.10581,,5526,0.89,,,0.404,99.64016,,2.77,,,Transit,2014
Kepler-26 e,Kepler-26,,,1,335.307,284.94106,46.56645,,4486,0.571,,,0.22,46.82791,,2.41,,,Transit,2014
Kepler-252 b,Kepler-252,,,1,379.424,295.57933,44.54591,,4208,0.549,,,0.058,6.66839,,1.23,,,Transit,2014
Kepler-255 b,Kepler-255,,,1,1052.53,296.06427,45.97676,,5573,0.933,,,0.063,5.71461,,1.55,,,Transit,2014
Kepler-256 d,Kepler-256,,,1,1026.43,292.58042,46.09736,,5551,1.301,,,0.064,5.83917,,2.48,,,Transit,2014
Kepler-258 c,Kepler-258,,,1,575.988,294.06841,46.57914,,4942,0.915,,,0.193,33.65308,,3.61,,,Transit,2014
Kepler-260 c,Kepler-260,,,1,627.365,291.92597,38.01405,,5250,0.862,,,0.332,76.05018,,1.74,,,Transit,2014
Kepler-532 b,Kepler-532,,,1,312.798,298.66091,48.6063,,5192,0.79,0.87,,,12.92492,,2.57,,,Transit,2016
Kepler-261 c,Kepler-261,,,1,317.499,291.36473,37.60924,,5098,0.794,,,0.156,24.57086,,2,,,Transit,2014
Kepler-264 c,Kepler-264,,,1,942.173,292.04463,37.37619,,6158,1.55,,,0.566,140.10126,,2.83,,,Transit,2014
Kepler-125 c,Kepler-125,,,1,183.365,298.25811,47.605,,3810,0.512,,,0.051,5.77446,,0.74,,,Transit,2014
Kepler-755 c,Kepler-755,,,2,399.034,296.86093,41.09732,,5043,0.77,0.82,,,2.85313,,1.26,,,Transit,2016
Kepler-265 b,Kepler-265,,,1,1280.25,290.51048,41.24474,,5835,1.103,,,0.069,6.84626,,1.86,,,Transit,2014
Kepler-758 d,Kepler-758,,,1,1502.32,293.08461,41.1354,,6228,1.42,1.16,,,20.49662,,2.12,,,Transit,2016
Kepler-266 c,Kepler-266,,,1,1370.79,294.48438,44.16694,,5885,1.028,,,0.457,107.7236,,3.89,,,Transit,2014
Kepler-267 c,Kepler-267,,,1,264.993,299.83057,47.15757,,4258,0.555,,,0.06,6.87745,,2.13,,,Transit,2014
Kepler-533 b,Kepler-533,,,1,302.955,293.68569,48.82499,,4758,0.72,0.78,,,28.51121,,3.38,,,Transit,2016
Kepler-269 c,Kepler-269,,,1,2257.32,290.21515,41.77598,,5847,0.959,,,0.081,8.1279,,1.69,,,Transit,2014
Kepler-272 d,Kepler-272,,,1,889.608,299.12753,47.59383,,5297,0.929,,,0.091,10.9373,,2.25,,,Transit,2014
Kepler-275 d,Kepler-275,,,1,2034.25,292.4797,38.5149,,6165,1.383,,,0.224,35.67606,,3.33,,,Transit,2014
Kepler-206 d,Kepler-206,,,1,594.447,291.63466,41.83384,,5764,1.185,,,0.163,23.44281,,1.19,,,Transit,2014
Kepler-208 e,Kepler-208,,,1,775.328,293.8902,42.52794,,6092,1.314,,,0.132,16.25946,,1.48,,,Transit,2014
Kepler-344 c,Kepler-344,,,1,1002.94,292.49961,46.32434,,5774,0.976,,,0.488,125.59681,,2.95,,,Transit,2014
Kepler-345 b,Kepler-345,,,1,,295.22885,45.97104,,4504,0.623,,,0.066,7.41556,,0.74,,,Transit,2014
Kepler-524 b,Kepler-524,,,1,1058.24,296.85918,49.16201,,6014,1.1,1.09,,,7.9742,,1.91,,,Transit,2016
Kepler-346 c,Kepler-346,,,1,984.105,288.01192,46.1176,,6033,1.021,,,0.168,23.85155,,3.07,,,Transit,2014
Kepler-1050 c,Kepler-1050,,,1,490.488,282.92498,48.6264,,6010,1.13,1.09,,,21.12846,,1.48,,,Transit,2016
Kepler-349 c,Kepler-349,,,1,940.724,293.67647,44.6156,,5956,0.927,,,0.105,12.24763,,1.96,,,Transit,2014
Kepler-350 d,Kepler-350,,,1,956.859,285.41958,39.7061,,,1.25,1,,,26.136,,2.8,14.9,,Transit,2013
Kepler-350 b,Kepler-350,,,1,956.859,285.41958,39.7061,,6186,1.534,,,0.104,11.18956,,1.85,,,Transit,2014
Kepler-351 b,Kepler-351,,,1,1083.91,286.45279,42.65779,,5643,0.854,,,0.214,37.05492,,3.06,,,Transit,2014
Kepler-352 b,Kepler-352,,,1,252.733,299.89662,46.0519,,5212,0.781,,,0.085,10.05537,,0.86,,,Transit,2014
Kepler-267 d,Kepler-267,,,1,264.993,299.83057,47.15757,,4258,0.555,,,0.154,28.46451,,2.27,,,Transit,2014
Kepler-353 b,Kepler-353,,,2,384.694,296.85656,41.75807,,3903,0.504,,,0.051,5.79528,,0.89,,,Transit,2014
Kepler-1664 b,Kepler-1664,,,1,626.691,286.85272,49.26167,,5736,,,,,14.3868,,3.033,,,Transit,2020
Kepler-85 c,Kepler-85,,,1,765.025,290.97344,45.29028,,5505,0.875,0.928,,,12.51,0.027,1.978,2.15,,Transit,2012
Kepler-85 d,Kepler-85,,,1,765.025,290.97344,45.29028,,5436,0.893,,,0.13,17.91323,,1.2,,,Transit,2014
Kepler-85 e,Kepler-85,,,1,765.025,290.97344,45.29028,,5436,0.893,,,0.163,25.21675,,1.27,,,Transit,2014
Kepler-354 d,Kepler-354,,,1,554.064,285.75153,41.33567,,4648,0.674,,,0.146,24.20984,,1.24,,,Transit,2014
Kepler-355 b,Kepler-355,,,1,1432.17,285.79949,42.81174,,6184,1.066,,,0.102,11.03189,,1.46,,,Transit,2014
Kepler-356 b,Kepler-356,,,1,707.559,292.4211,37.68279,,6133,1.335,,,0.057,4.6127,,1.57,,,Transit,2014
Kepler-357 b,Kepler-357,,,1,688.573,291.24297,44.00863,,5036,0.834,,,0.063,6.47543,,1.84,,,Transit,2014
Kepler-357 c,Kepler-357,,,1,688.573,291.24297,44.00863,,5036,0.834,,,0.12,16.85837,,2.67,,,Transit,2014
Kepler-358 b,Kepler-358,,,1,1101.1,293.23023,48.28139,,5908,0.954,,,0.21,34.06047,,2.72,,,Transit,2014
Kepler-60 c,Kepler-60,,,1,1025.1,288.96125,42.26505,,5905,1.257,1.041,,,8.9187,,1.9,3.85,,Transit,2012
Kepler-60 d,Kepler-60,,,1,1025.1,288.96125,42.26505,,5905,1.257,1.041,,,11.8981,,1.99,4.16,,Transit,2012
Kepler-359 b,Kepler-359,,,1,1443.21,293.29361,42.19635,,6248,1.086,,,0.178,25.56322,,3.53,,,Transit,2014
Kepler-360 c,Kepler-360,,,1,876.044,286.28471,44.78158,,6053,1.058,,,0.075,7.18643,,2.1,,,Transit,2014
Kepler-417 b,Kepler-417,,,1,973.989,293.82418,42.77965,,,0.806,0.9,,,12.331,,2.31,11,,Transit Timing Variations,2014
Kepler-363 c,Kepler-363,,,1,762.596,283.19208,41.30542,,5593,1.485,,,0.079,7.54243,,1.69,,,Transit,2014
Kepler-363 b,Kepler-363,,,1,762.596,283.19208,41.30542,,5593,1.485,,,0.048,3.61457,,1.16,,,Transit,2014
Kepler-364 b,Kepler-364,,,1,891.462,281.57,47.39862,,6108,1.284,,,0.178,25.74572,,1.55,,,Transit,2014
Kepler-272 b,Kepler-272,,,1,889.608,299.12753,47.59383,,5297,0.929,,,0.038,2.97135,,1.43,,,Transit,2014
KOI-351 h,KOI-351,,,1,848.254,284.43346,49.30512,,,,1.242,,,331.60296,0.028,,203,,Transit,2013
Kepler-366 c,Kepler-366,,,1,1856.28,296.85203,49.08444,,6209,1.048,,,0.11,12.51616,,1.79,,,Transit,2014
Kepler-1130 c,Kepler-1130,,,2,249.343,285.20742,45.38433,,5450,0.842,0.944,,,3.26664,,0.792,,,Transit,2021
Kepler-1130 d,Kepler-1130,,,2,249.343,285.20742,45.38433,,5450,0.842,0.944,,,4.27225,,0.645,,,Transit,2021
Kepler-367 c,Kepler-367,,,1,188.027,297.29256,49.98175,,4710,0.695,,,0.253,53.57864,,1.2,,,Transit,2014
Kepler-1802 c,Kepler-1802,,,1,636.694,300.24209,44.14129,,4245,0.637,0.649,,,33.1361,,2.322,,,Transit,2021
Kepler-1802 b,Kepler-1802,,,1,636.694,300.24209,44.14129,,4245,0.637,0.649,,,15.4502,,1.671,,,Transit,2021
Kepler-143 c,Kepler-143,,,1,809.467,298.06765,49.41254,,5848,1.359,,,0.181,27.08251,,3.37,,,Transit,2014
Kepler-415 b,Kepler-415,,,1,530.487,293.8045,38.63905,,,0.643,0.67,,,4.176,,1.21,119.9,,Transit Timing Variations,2014
Kepler-369 b,Kepler-369,,,1,,293.67433,47.90847,,3591,0.471,,,0.03,2.73276,,1.13,,,Transit,2014
Kepler-370 b,Kepler-370,,,1,1167.94,292.17107,40.91624,,5852,0.9,,,0.054,4.57953,,1.59,,,Transit,2014
Kepler-373 c,Kepler-373,,,1,1090.45,289.38799,50.59701,,5787,0.845,,,0.126,16.72595,,1.24,,,Transit,2014
Kepler-374 d,Kepler-374,,,1,1265.61,294.13789,42.37041,,5977,0.911,,,0.056,5.02822,,1.31,,,Transit,2014
Kepler-374 b,Kepler-374,,,1,1265.61,294.13789,42.37041,,5977,0.911,,,0.029,1.89781,,1.03,,,Transit,2014
Kepler-375 b,Kepler-375,,,1,1238.81,288.61787,48.09836,,5826,0.837,,,0.101,12.12593,,1.45,,,Transit,2014
Kepler-534 b,Kepler-534,,,1,570.659,296.41857,49.54015,,5884,0.98,1.05,,,15.95995,,2.24,,,Transit,2016
Kepler-376 b,Kepler-376,,,1,923.067,291.60715,38.41032,,5900,1.175,,,0.057,4.9202,,1.07,,,Transit,2014
Kepler-377 b,Kepler-377,,,1,823.804,295.42207,38.73567,,5949,1.224,,,0.109,12.50953,,1.39,,,Transit,2014
Kepler-380 c,Kepler-380,,,1,813.713,282.3947,48.75913,,6045,1.224,,,0.078,7.63,,1.27,,,Transit,2014
Kepler-381 b,Kepler-381,,,1,267.323,285.18287,43.83103,,6152,1.568,,,0.066,5.62902,,0.99,,,Transit,2014
Kepler-535 b,Kepler-535,,,1,685.599,296.56666,49.69617,,6123,1.27,1.18,,,4.90332,,2.36,,,Transit,2016
Kepler-381 d,Kepler-381,,,1,267.323,285.18287,43.83103,,6197,2.188,1.198,,,8.2563,,1.067,,,Transit,2021
Kepler-1208 b,Kepler-1208,,,1,825.176,291.88124,44.55576,,5001,0.76,0.8,,,11.08508,,2.32,,,Transit,2016
Kepler-1987 c,Kepler-1987,,,1,595.683,295.82547,42.94337,,4769,0.714,0.799,,0.0427,3.6483,0,1.33,,860,Transit,2023
Kepler-382 c,Kepler-382,,,1,935.446,299.13624,45.86996,,5600,0.945,,,0.097,12.1627,,1.59,,,Transit,2014
Kepler-383 c,Kepler-383,,,1,,291.34261,38.36316,,4710,0.672,,,0.172,31.20075,,1.24,,,Transit,2014
Kepler-384 c,Kepler-384,,,1,895.678,286.02611,44.78286,,5577,0.882,,,0.236,45.34827,,1.13,,,Transit,2014
Kepler-385 b,Kepler-385,,,1,1432.61,294.33851,50.33652,,6326,1.126,,,0.097,10.04369,,2.73,,,Transit,2014
Kepler-387 c,Kepler-387,,,1,801.052,287.79827,45.65677,,5774,1.046,,,0.098,11.83755,,0.89,,,Transit,2014
Kepler-536 b,Kepler-536,,,1,462.322,297.73636,49.6371,,5524,0.89,0.92,,,1.82708,,3.1,,,Transit,2016
Kepler-388 c,Kepler-388,,,1,,284.82806,44.60865,,4498,0.586,,,0.093,13.297,,0.86,,,Transit,2014
Kepler-1266 c,Kepler-1266,,,1,849.312,285.86933,42.728,,4996,0.831,0.791,,,4.86631,,1.68,,,Transit,2021
Kepler-1987 b,Kepler-1987,,,1,595.683,295.82547,42.94337,,4769,0.714,0.799,,0.0318,2.34586,0,1.23,,997,Transit,2023
Kepler-393 c,Kepler-393,,,1,881.404,290.9952,45.19219,,6189,1.382,,,0.124,14.61361,,1.33,,,Transit,2014
Kepler-394 c,Kepler-394,,,1,1058.72,296.30198,50.67231,,6402,1.132,,,0.11,12.13069,,1.66,,,Transit,2014
Kepler-394 d,Kepler-394,,,1,1058.72,296.30198,50.67231,,6398,1.101,1.141,,,5.61358,,1.501,,,Transit,2021
Kepler-292 c,Kepler-292,,,1,1056.48,295.7662,42.42428,,5299,0.826,,,0.045,3.71534,,1.47,,,Transit,2014
Kepler-395 b,Kepler-395,,,1,421.382,293.51119,45.13663,,4262,0.556,,,0.061,7.05435,,1.03,,,Transit,2014
Kepler-292 b,Kepler-292,,,1,1056.48,295.7662,42.42428,,5299,0.826,,,0.035,2.58083,,1.32,,,Transit,2014
Kepler-245 e,Kepler-245,,,1,861.527,291.639,42.43635,,5174,0.8,0.86,,,3.21982,,1.75,,,Transit,2016
Kepler-298 d,Kepler-298,,,1,518.204,283.03984,48.82533,,4465,0.582,,,0.305,77.47363,,2.5,,,Transit,2014
Kepler-299 b,Kepler-299,,,1,1052.24,283.20702,48.58052,,5617,1.032,,,0.04,2.92713,,1.32,,,Transit,2014
Kepler-301 d,Kepler-301,,,1,719.166,283.9829,49.23295,,5815,0.9,,,0.112,13.75124,,1.75,,,Transit,2014
Kepler-301 c,Kepler-301,,,1,719.166,283.9829,49.23295,,5815,0.9,,,0.06,5.41903,,1.35,,,Transit,2014
Kepler-59 b,Kepler-59,,,1,1163.22,287.03949,46.64017,,6074,0.94,1.04,,,11.86817,,1.1,,,Transit,2012
Kepler-304 d,Kepler-304,,,1,434.684,294.4418,40.55754,,4731,0.687,,,0.08,9.65347,,2.75,,,Transit,2014
Kepler-304 c,Kepler-304,,,1,434.684,294.4418,40.55754,,4731,0.687,,,0.054,5.31595,,2.17,,,Transit,2014
Kepler-304 e,Kepler-304,,,1,434.684,294.4418,40.55754,,4817,0.73,0.8,,,1.49915,,1.2,,,Transit,2016
Kepler-305 c,Kepler-305,,,1,868.477,299.22426,40.34317,,,0.8,0.76,,,8.291,,3.3,6,,Transit,2013
Kepler-54 d,Kepler-54,,,1,271.701,294.77392,43.0562,,4252,0.554,,,0.126,20.99569,,1.53,,,Transit,2014
Kepler-537 b,Kepler-537,,,1,439.4,289.88058,51.27699,,5763,0.99,1.07,,,3.24756,,1.41,,,Transit,2016
Kepler-305 e,Kepler-305,,,1,868.477,299.22426,40.34317,,4974,0.827,0.82,-0.4232,,3.20538,,1.794,,,Transit,2020
Kepler-305 d,Kepler-305,,,1,868.477,299.22426,40.34317,,5090,0.792,0.827,,,16.74,,2.76,6.2,,Transit,2014
Kepler-306 d,Kepler-306,,,1,775.679,288.53871,40.61605,,4954,0.719,,,0.12,17.32664,,2.47,,,Transit,2014
Kepler-306 e,Kepler-306,,,1,775.679,288.53871,40.61605,,4954,0.719,,,0.227,44.84098,,2.27,,,Transit,2014
Kepler-307 c,Kepler-307,,,1,575.581,297.79509,40.41764,,5367,0.814,0.907,,,13.0729,,2.2,3.64,,Transit,2013
Kepler-84 e,Kepler-84,,,1,1023.9,298.25202,40.49608,,6031,1.169,,,0.181,27.43439,,2.6,,,Transit,2014
Kepler-84 d,Kepler-84,,,1,1023.9,298.25202,40.49608,,6031,1.169,,,0.052,4.22454,,1.38,,,Transit,2014
Kepler-84 f,Kepler-84,,,1,1023.9,298.25202,40.49608,,6031,1.169,,,0.25,44.55217,,2.2,,,Transit,2014
Kepler-310 d,Kepler-310,,,1,602.268,288.83928,46.98675,,5797,0.876,,,0.392,92.87613,,2.47,,,Transit,2014
Kepler-414 b,Kepler-414,,,1,413.46,297.96156,48.24434,,,0.946,0.89,,,4.7,,1.71,3.5,,Transit Timing Variations,2014
Kepler-55 e,Kepler-55,,,1,578.796,285.16833,44.02649,,4503,0.619,,,0.048,4.61753,,1.55,,,Transit,2014
Kepler-310 b,Kepler-310,,,1,602.268,288.83928,46.98675,,5797,0.876,,,0.111,13.9307,,1.19,,,Transit,2014
Kepler-903 c,Kepler-903,,,1,1369.24,288.77101,40.66418,,5682,0.97,0.98,,,62.92286,,2.53,,,Transit,2016
Kepler-311 c,Kepler-311,,,1,778.654,282.06127,47.0855,,5905,1.188,,,0.145,19.73829,,1.43,,,Transit,2014
Kepler-913 c,Kepler-913,,,1,991.618,297.58306,41.95235,,6068,1.797,1.294,,,5.93912,,3.858,,,Transit,2021
Kepler-313 c,Kepler-313,,,1,,298.29487,48.7754,,5727,1.536,,,0.208,32.27327,,2.57,,,Transit,2014
Kepler-142 b,Kepler-142,,,1,548.686,295.11901,48.48136,,5790,1.269,,,0.032,2.02415,,1.99,,,Transit,2014
Kepler-314 b,Kepler-314,,,1,268.881,294.67415,42.0756,,5378,0.95,,,0.035,2.46107,,0.83,,,Transit,2014
Kepler-55 f,Kepler-55,,,1,578.796,285.16833,44.02649,,4503,0.619,,,0.081,10.19854,,1.59,,,Transit,2014
Kepler-316 b,Kepler-316,,,1,384.938,290.82583,44.1839,,4204,0.52,,,0.027,2.24051,,1.06,,,Transit,2014
Kepler-949 c,Kepler-949,,,1,486.105,298.60791,46.45366,,5211,0.895,0.817,,0.1394,20.99758,0,2.97,,582,Transit,2023
Kepler-317 c,Kepler-317,,,1,940.584,294.94388,39.03205,,5497,0.941,,,0.083,8.77501,,1.72,,,Transit,2014
Kepler-318 c,Kepler-318,,,1,489.141,298.48283,46.79364,,5746,1.189,,,0.105,11.81501,,3.68,,,Transit,2014
Kepler-411 b,Kepler-411,,,2,153.676,287.6057,49.52339,K2 V,,0.82,0.87,,0.0375,3.00516,0.146,2.401,25.6,1138,Transit,2013
Kepler-319 d,Kepler-319,,,1,503.436,288.81198,39.77064,,5526,0.903,,,0.191,31.78193,,2.29,,,Transit,2014
Kepler-319 b,Kepler-319,,,1,503.436,288.81198,39.77064,,5526,0.903,,,0.051,4.36271,,1.63,,,Transit,2014
Kepler-321 b,Kepler-321,,,1,384.542,294.4537,44.14576,,5740,1.194,,,0.057,4.91538,,1.77,,,Transit,2014
Kepler-322 b,Kepler-322,,,1,400.48,281.34875,44.29525,,5388,0.89,,,0.027,1.65389,,1.01,,,Transit,2014
Kepler-323 b,Kepler-323,,,1,454.883,291.3823,38.12746,,6004,1.12,1.015,,0.02778,1.67833,0.095,1.381,3.9,1838,Transit,2014
Kepler-250 b,Kepler-250,,,1,760.585,289.59476,44.14181,,5160,0.805,,,0.048,4.14814,,1.13,,,Transit,2014
Kepler-324 b,Kepler-324,,,1,501.574,286.47145,49.64909,,5194,0.84,,,0.05,4.38532,,1.14,,,Transit,2014
KOI-1831 d,Kepler-324,,,1,501.574,286.47145,49.64909,,5233,0.835,0.901,,,34.169,,1.13,2.23,475,Transit,2018
Kepler-324 e,Kepler-324,,,1,501.574,286.47145,49.64909,,5191,0.826,0.844,,,13.9794,,2.039,,,Transit,2021
Kepler-325 c,Kepler-325,,,1,823.242,289.83542,49.82561,,5752,1.003,,,0.105,12.76217,,2.54,,,Transit,2014
Kepler-325 d,Kepler-325,,,1,823.242,289.83542,49.82561,,5752,1.003,,,0.22,38.71518,,2.79,,,Transit,2014
Kepler-326 b,Kepler-326,,,1,487.675,294.32559,46.00226,,5105,0.801,,,0.032,2.24833,,1.52,,,Transit,2014
Kepler-326 d,Kepler-326,,,1,487.675,294.32559,46.00226,,5105,0.801,,,0.066,6.76689,,1.21,,,Transit,2014
Kepler-975 c,Kepler-975,,,1,426.088,290.54851,38.49524,,4883,1.667,0.951,,0.0567,5.05821,0,10.69,,1168,Transit,2023
Kepler-256 b,Kepler-256,,,1,1026.43,292.58042,46.09736,,5551,1.301,,,0.027,1.62049,,1.59,,,Transit,2014
Kepler-416 c,Kepler-416,,,1,690.819,291.55696,39.22729,,,1.075,1,,,12.209,,,,,Transit Timing Variations,2014
Kepler-416 d,Kepler-416,,,1,690.819,291.55696,39.22729,,5670,1.022,0.949,,0.0407,3.07645,0,1.61,,1253,Transit,2023
Kepler-327 d,Kepler-327,,,1,241.987,292.6423,44.08763,,3799,0.492,,,0.09,13.96946,,1.73,,,Transit,2014
Kepler-327 c,Kepler-327,,,1,241.987,292.6423,44.08763,,3799,0.492,,,0.047,5.21233,,1.03,,,Transit,2014
Kepler-1996 b,Kepler-1996,,,1,440.561,285.25376,46.58222,,4580,0.675,0.748,,0.1789,32.37618,0,2.26,,392,Transit,2023
Kepler-329 b,Kepler-329,,,1,439.719,299.26816,45.22729,,4257,0.523,,,0.061,7.4164,,1.4,,,Transit,2014
Kepler-11 f,Kepler-11,,,1,646.346,297.11509,41.90911,,5663,1.065,0.961,,0.25,46.6888,0.013,2.49,2,,Transit,2010
Kepler-1001 c,Kepler-1001,,,1,928.978,286.27392,48.6187,,5376,0.836,0.93,-0.2786,,9.18186,,1.578,,,Transit,2020
Kepler-330 b,Kepler-330,,,1,717.527,288.4474,44.80176,,5117,0.722,,,0.075,8.25978,,1.35,,,Transit,2014
Kepler-331 c,Kepler-331,,,1,580.119,291.83435,39.30735,,4347,0.492,,,0.105,17.28111,,1.84,,,Transit,2014
Kepler-256 e,Kepler-256,,,1,1026.43,292.58042,46.09736,,5551,1.301,,,0.096,10.68157,,2.35,,,Transit,2014
Kepler-331 d,Kepler-331,,,1,580.119,291.83435,39.30735,,4347,0.492,,,0.159,32.13433,,1.64,,,Transit,2014
Kepler-333 c,Kepler-333,,,2,324.413,292.28612,40.91354,,4259,0.534,,,0.135,24.08821,,1.11,,,Transit,2014
Kepler-334 b,Kepler-334,,,1,426.59,287.14062,47.11512,,5828,1.068,,,0.061,5.47032,,1.12,,,Transit,2014
Kepler-334 d,Kepler-334,,,1,426.59,287.14062,47.11512,,5828,1.068,,,0.168,25.09849,,1.41,,,Transit,2014
Kepler-336 c,Kepler-336,,,1,768.86,290.23762,41.33136,,5867,1.304,,,0.092,9.6,,2.1,,,Transit,2014
Kepler-138 d,Kepler-138,,,1,66.862,290.38141,43.29306,,3841,0.535,0.535,-1.2518,0.1288,23.0923,0.01,1.51,2.1,345,Transit,2014
Kepler-336 b,Kepler-336,,,1,768.86,290.23762,41.33136,,5867,1.304,,,0.033,2.02482,,1.02,,,Transit,2014
Kepler-337 b,Kepler-337,,,1,677.975,290.06051,47.16395,,5684,1.761,,,0.045,3.29278,,1.54,,,Transit,2014
Kepler-338 c,Kepler-338,,,1,552.798,282.97906,40.78442,,5923,1.735,,,0.172,24.31086,,2.34,,,Transit,2014
Kepler-338 d,Kepler-338,,,1,552.798,282.97906,40.78442,,5923,1.735,,,0.257,44.43101,,3,,,Transit,2014
Kepler-758 e,Kepler-758,,,1,1502.32,293.08461,41.1354,,6228,1.42,1.16,,,8.19347,,1.53,,,Transit,2016
Kepler-338 e,Kepler-338,,,1,552.798,282.97906,40.78442,,,1.735,1.14,,,9.341,,1.56,8.5,,Transit Timing Variations,2014
Kepler-339 d,Kepler-339,,,1,616.637,293.3517,48.44459,,5631,0.802,,,0.091,10.55834,,1.17,,,Transit,2014
Kepler-339 c,Kepler-339,,,1,616.637,293.3517,48.44459,,5631,0.802,,,0.069,6.98806,,1.15,,,Transit,2014
Kepler-341 d,Kepler-341,,,1,1047.03,289.86156,43.47274,,6012,1.024,,,0.182,27.66631,,1.85,,,Transit,2014
Kepler-341 b,Kepler-341,,,1,1047.03,289.86156,43.47274,,6012,1.024,,,0.06,5.19553,,1.18,,,Transit,2014
Kepler-341 e,Kepler-341,,,1,1047.03,289.86156,43.47274,,6012,1.024,,,0.242,42.47327,,1.99,,,Transit,2014
Kepler-342 d,Kepler-342,,,1,781.611,292.67805,46.72668,,6175,1.472,,,0.242,39.45936,,2.49,,,Transit,2014
Kepler-35 b,Kepler-35,,,2,1819.17,294.49696,46.68967,,5606,1.028,0.888,-0.027,0.60347,131.458,0.042,8.16,40.363,,Transit,2011
Kepler-461 b,Kepler-461,,,1,692.158,292.24906,46.16479,,5634,0.91,0.98,,,8.31378,,2.58,,,Transit,2016
Kepler-38 b,Kepler-38,,,2,1174.59,286.83031,42.27914,G4 V,5623,1.752,0.941,,0.4632,105.599,0.032,4.3,122,475,Transit,2012
Kepler-230 c,Kepler-230,,,1,740.754,285.71857,48.5058,,5588,0.817,,,0.38,91.77324,,2.04,,,Transit,2014
Kepler-233 c,Kepler-233,,,1,856.417,296.36651,51.31945,,5360,0.758,,,0.287,60.41895,,2.71,,,Transit,2014
Kepler-106 d,Kepler-106,,,1,444.322,300.86401,44.33755,,5858,1.04,1,,,23.9802,,0.95,8.1,,Transit,2014
Kepler-238 f,Kepler-238,,,1,1798.75,287.89711,40.63781,,,0.96,1.06,,,50.447,,2,13.5,,Transit,2013
Kepler-27 d,Kepler-27,,,1,1044.36,292.23676,41.08587,,5251,0.817,0.926,,,6.54629,,2.706,,,Transit,2021
Kepler-81 d,Kepler-81,,,1,348.291,293.63694,42.82483,,4500,0.595,,,0.128,20.83785,,1.21,,,Transit,2014
Kepler-722 c,Kepler-722,,,1,1239.5,290.26329,44.55641,,5863,1.05,1.03,,,105.14475,,2.82,,,Transit,2016
Kepler-32 f,Kepler-32,,,1,323.847,297.84231,46.57436,,3900,0.53,0.58,,0.013,0.74296,,0.82,,,Transit,2012
Kepler-262 b,Kepler-262,,,1,613.129,290.72872,37.25266,,5841,0.881,,,0.108,13.06086,,1.36,,,Transit,2014
Kepler-263 c,Kepler-263,,,1,754.747,292.4698,37.56779,,5265,0.785,,,0.242,47.33277,,2.47,,,Transit,2014
Kepler-265 e,Kepler-265,,,1,1280.25,290.51048,41.24474,,5835,1.103,,,0.319,67.83102,,2.59,,,Transit,2014
Kepler-265 d,Kepler-265,,,1,1280.25,290.51048,41.24474,,5835,1.103,,,0.236,43.13062,,2.49,,,Transit,2014
Kepler-763 c,Kepler-763,,,1,962.459,292.14455,47.15736,,4999,0.843,0.8,,0.0466,4.09668,0,1.42,,938,Transit,2023
Kepler-763 b,Kepler-763,,,1,962.459,292.14455,47.15736,,5166,0.8,0.84,,,1.19655,,1.22,,,Transit,2016
Kepler-24 e,Kepler-24,,,1,1156.81,290.41326,38.34373,,5897,1.289,,,0.138,18.99836,,2.78,,,Transit,2014
Kepler-22 b,Kepler-22,,,1,194.642,289.21721,47.88414,,5596,0.869,0.857,,0.812,289.86388,0.72,2.1,9.1,279,Transit,2011
Kepler-24 d,Kepler-24,,,1,1156.81,290.41326,38.34373,,5897,1.289,,,0.051,4.24438,,1.67,,,Transit,2014
Kepler-769 c,Kepler-769,,,1,1169.57,292.71309,38.35817,,6186,1.28,1.19,,,15.98702,,1.79,,,Transit,2016
Kepler-770 c,Kepler-770,,,1,930.457,286.49046,38.37487,,5598,0.92,0.94,,,1.47532,,1.2,,,Transit,2016
Kepler-770 d,Kepler-770,,,1,930.457,286.49046,38.37487,,5598,0.92,0.94,,,4.15245,,1.4,,,Transit,2016
Kepler-270 c,Kepler-270,,,1,948.781,282.20012,44.42228,,6067,1.461,,,0.18,25.26289,,1.77,,,Transit,2014
Kepler-783 b,Kepler-783,,,1,516.09,291.06286,47.48479,,5521,0.89,0.93,,,4.29265,,0.78,,,Transit,2016
Kepler-784 c,Kepler-784,,,1,1303.72,295.92067,47.44862,,5676,1.487,1.016,,0.1309,17.15724,0,1.55,,844,Transit,2023
Kepler-79 e,Kepler-79,,,1,1020.72,300.51711,44.38155,,6174,1.302,1.165,0.342,0.386,81.0659,0.012,3.49,4.1,,Transit,2014
Kepler-279 d,Kepler-279,,,1,1037.4,287.3913,42.19482,,,1.07,1.1,,,54.414,,3.1,37.5,,Transit,2013
Kepler-281 d,Kepler-281,,,1,1745.45,294.10815,44.77065,,5717,0.884,0.984,,,148.272,,5.937,,,Transit,2021
Kepler-282 b,Kepler-282,,,1,1337.61,284.67724,44.79764,,5602,0.904,,,0.082,9.22052,,1.01,,,Transit,2014
Kepler-282 c,Kepler-282,,,1,1337.61,284.67724,44.79764,,5602,0.904,,,0.106,13.63872,,1.2,,,Transit,2014
Kepler-283 c,Kepler-283,,,1,468.094,293.61374,47.83894,,4351,0.566,,,0.341,92.74371,,1.82,,,Transit,2014
Kepler-286 e,Kepler-286,,,1,1226.85,290.67619,48.29424,,5580,0.863,,,0.176,29.22129,,1.77,,,Transit,2014
Kepler-288 d,Kepler-288,,,1,1194.15,288.9164,39.59475,,5918,1.091,,,0.287,56.63374,,2.67,,,Transit,2014
Kepler-58 d,Kepler-58,,,1,969.252,296.35863,39.1152,,6099,1.127,,,0.236,40.10137,,2.94,,,Transit,2014
Kepler-58 e,Kepler-58,,,1,969.252,296.35863,39.1152,,6100,1.083,1.017,,0.0533,4.45815,0,1.61,,1212,Transit,2023
Kepler-290 d,Kepler-290,,,1,694.627,286.41003,42.68151,,5142,0.755,0.84,,0.0154,0.76402,0,0.86,,1589,Transit,2023
Kepler-295 c,Kepler-295,,,1,1699.19,285.34584,45.36778,,5603,0.898,,,0.142,21.52626,,1.17,,,Transit,2014
Kepler-101 b,Kepler-101,,,1,927.981,283.25551,48.35525,G3 IV,5667,1.56,1.17,,0.0474,3.48768,0.086,5.77,51.1,1513,Transit,2014
Kepler-295 d,Kepler-295,,,1,1699.19,285.34584,45.36778,,5603,0.898,,,0.192,33.88405,,1.36,,,Transit,2014
Kepler-299 e,Kepler-299,,,1,1052.24,283.20702,48.58052,,5617,1.032,,,0.22,38.28549,,1.87,,,Transit,2014
Kepler-1669 d,Kepler-1669,,,1,543.444,297.43038,39.84788,,4224,0.603,0.609,,0.0468,4.72941,0,1.22,,669,Transit,2023
Kepler-69 c,Kepler-69,,,1,730.625,293.2609,44.86887,G4 V,5638,0.93,0.81,-0.097,0.64,242.4613,0.14,1.71,,299,Transit,2013
Kepler-864 c,Kepler-864,,,1,2022.9,285.05709,46.32061,,6213,1.195,1.27,,0.0382,2.4215,0,1.62,,1532,Transit,2023
Kepler-865 c,Kepler-865,,,1,586.137,297.72423,43.52728,,5440,0.885,0.782,,0.061,6.2092,0,0.89,,914,Transit,2023
Kepler-887 c,Kepler-887,,,1,886.588,290.09079,39.81691,,6194,1.29,1.19,,,7.63846,,1.13,,,Transit,2016
KIC 9663113 b,KIC 9663113,,,1,1594.74,297.0454,46.32867,,6065,1.03,0.98,,,572.3847,,4.6,,,Transit,2015
Kepler-87 c,Kepler-87,,,1,1232.9,297.91684,46.96511,,5600,1.82,1.1,,0.676,191.2318,0.039,6.14,6.4,403,Transit,2013
Kepler-896 b,Kepler-896,,,1,2334.93,282.43914,43.73443,,5262,0.81,0.84,,,144.5474,,2.53,,,Transit,2016
Kepler-308 c,Kepler-308,,,1,1335.92,295.78524,40.43958,,5895,0.941,,,0.123,15.38231,,2.16,,,Transit,2014
Kepler-495 c,Kepler-495,,,1,658.924,285.93074,39.09812,,5392,1.087,0.888,,,5.89661,,1.219,,,Transit,2021
Kepler-501 c,Kepler-501,,,1,1125.24,297.20149,41.73015,,5794,1.216,1.032,,,3.62276,,1.681,,,Transit,2021
Kepler-124 d,Kepler-124,,,1,420.046,286.75273,49.06488,,4984,0.636,,,0.17,30.95085,,1.11,,,Transit,2014
Kepler-124 b,Kepler-124,,,1,420.046,286.75273,49.06488,,4984,0.636,,,0.039,3.41049,,0.73,,,Transit,2014
Kepler-2000 c,Kepler-2000,,,1,320.588,285.5743,49.96212,,3757,0.576,0.581,,0.1228,20.61803,0,1.57,,359,Transit,2023
Kepler-396 b,Kepler-396,,,1,223.757,296.13281,48.97731,,,1.06,0.85,,,42.994,,3.5,75.5,,Transit,2013
Kepler-1311 b,Kepler-1311,,,1,866.331,289.65126,43.82444,,5748,1.4,1.05,,,11.1727,,1.24,,,Transit,2016
Kepler-1311 c,Kepler-1311,,,1,866.331,289.65126,43.82444,,5748,1.4,1.05,,,2.53573,,1.22,,,Transit,2016
Kepler-1312 c,Kepler-1312,,,1,299.104,292.97128,41.03575,,5721,0.905,0.983,,,1.11612,,1.027,,,Transit,2021
Kepler-397 b,Kepler-397,,,1,,295.89404,42.38052,,5307,0.767,,,0.144,22.25095,,2.46,,,Transit,2014
Kepler-1869 b,Kepler-1869,,,1,113.025,292.615,42.76434,,5808,0.902,0.987,,,8.16736,,1.12,,,Transit,2021
Kepler-398 c,Kepler-398,,,1,177.355,291.46885,40.3437,,4493,0.613,,,0.087,11.41941,,1.01,,,Transit,2014
Kepler-398 d,Kepler-398,,,1,177.355,291.46885,40.3437,,4557,0.67,0.72,,,6.83437,,0.88,,,Transit,2016
Kepler-1315 c,Kepler-1315,,,1,480.869,295.82157,46.05306,,4818,0.856,0.809,,,6.56606,,1.844,,,Transit,2021
Kepler-445 b,Kepler-445,,,1,127.201,298.73634,46.49912,M4,3157,0.21,0.18,,,2.98415,0,1.58,,,Transit,2015
Kepler-399 b,Kepler-399,,,1,740.537,299.50172,40.67077,,5502,0.68,,,0.103,14.42528,,0.96,,,Transit,2014
Kepler-399 c,Kepler-399,,,1,740.537,299.50172,40.67077,,5502,0.68,,,0.155,26.67569,,1.43,,,Transit,2014
Kepler-126 c,Kepler-126,,,1,237.401,289.34736,44.20844,,6239,1.358,,,0.162,21.86974,,1.58,,,Transit,2014
Kepler-400 c,Kepler-400,,,1,845.97,290.94447,40.48005,,5886,1.145,,,0.134,17.34082,,1.49,,,Transit,2014
Kepler-401 c,Kepler-401,,,1,965.56,290.08275,50.86344,,6117,1.333,,,0.269,47.31822,,2.15,,,Transit,2014
Kepler-1321 c,Kepler-1321,,,1,769.146,294.5286,46.64087,,4094,0.53,0.54,,,2.22649,,2.4,,,Transit,2016
Kepler-1321 d,Kepler-1321,,,1,769.146,294.5286,46.64087,,3640,0.503,0.513,,,5.72092,,2.628,,,Transit,2021
Kepler-1322 c,Kepler-1322,,,1,1350.32,293.2045,45.43539,,5704,0.804,0.897,,,6.45998,,2.155,,,Transit,2021
Kepler-402 e,Kepler-402,,,1,625.339,288.3702,43.35461,,6090,1.264,,,0.102,11.24286,,1.46,,,Transit,2014
Kepler-402 b,Kepler-402,,,1,625.339,288.3702,43.35461,,6090,1.264,,,0.051,4.02875,,1.22,,,Transit,2014
Kepler-402 d,Kepler-402,,,1,625.339,288.3702,43.35461,,6090,1.264,,,0.087,8.9211,,1.38,,,Transit,2014
Kepler-403 c,Kepler-403,,,1,840.269,289.92143,46.74453,,6090,1.329,,,0.297,54.28075,,1.75,,,Transit,2014
Kepler-1336 c,Kepler-1336,,,1,1126.64,296.27766,46.8998,,5512,1.3,0.94,,,5.77721,,1.71,,,Transit,2016
Kepler-404 c,Kepler-404,,,1,812.524,286.39858,45.34352,,5654,0.884,,,0.118,14.75117,,1.72,,,Transit,2014
Kepler-1365 c,Kepler-1365,,,1,840.128,292.19966,42.04599,,5770,1.05,1,,,4.77468,,0.8,,,Transit,2016
Kepler-446 d,Kepler-446,,,1,96.339,282.2501,44.921,M4,3359,0.24,0.22,,,5.14892,0,1.35,,,Transit,2015
Kepler-127 b,Kepler-127,,,1,352.794,285.18994,46.02806,,6106,1.359,,,0.125,14.43589,,1.4,,,Transit,2014
Kepler-1370 c,Kepler-1370,,,1,1004.1,284.56569,41.77848,,6202,1.29,1.19,,,7.44142,,1.27,,,Transit,2016
Kepler-1371 c,Kepler-1371,,,1,515.334,288.83143,47.55198,,5361,0.83,0.87,,,2.00541,,0.64,,,Transit,2016
Kepler-1693 c,Kepler-1693,,,1,760.065,290.20156,48.18578,,5553,1.098,0.941,,,5.36371,,0.977,,,Transit,2021
Kepler-11 g,Kepler-11,,,1,646.346,297.11509,41.90911,,5663,1.065,0.961,,0.466,118.3807,0.15,3.33,25,,Transit,2010
Kepler-1388 c,Kepler-1388,,,1,453.795,283.33602,47.17445,,4098,0.61,0.63,,,5.53608,,2.26,,,Transit,2016
Kepler-1886 b,Kepler-1886,,,1,1059.51,296.26451,39.40597,,5745,0.837,0.928,,,24.2758,,2.582,,,Transit,2021
Kepler-1391 b,Kepler-1391,,,1,1038.35,294.83097,46.65958,,5840,1.1,1.03,,,54.40923,,1.68,,,Transit,2016
Kepler-1887 b,Kepler-1887,,,1,1366.18,288.95553,44.70571,,5749,0.864,0.961,,,19.9475,,2.925,,,Transit,2021
Kepler-1392 b,Kepler-1392,,,1,,288.76698,46.39445,,5479,0.85,0.88,,,15.14104,,1.96,,,Transit,2016
Kepler-1888 b,Kepler-1888,,,1,402.947,289.39455,41.78226,,5557,1.249,0.897,,,11.3917,,1.326,,,Transit,2021
Kepler-1393 b,Kepler-1393,,,1,544.456,284.45946,40.14248,,5697,0.92,0.95,,,2.44358,,0.8,,,Transit,2016
Kepler-1394 b,Kepler-1394,,,1,640.409,283.45321,45.08407,,6481,2.55,1.64,,,3.93766,,1.39,,,Transit,2016
Kepler-1395 b,Kepler-1395,,,1,492.894,292.33749,47.66417,,6138,1.23,1.17,,,3.78471,,0.8,,,Transit,2016
Kepler-1396 b,Kepler-1396,,,1,1066.46,294.33639,44.91823,,6195,1.27,1.18,,,18.22064,,2.07,,,Transit,2016
Kepler-1397 b,Kepler-1397,,,1,1198.25,299.67588,47.07582,,6026,1.12,1.09,,,47.44996,,1.72,,,Transit,2016
Kepler-1889 b,Kepler-1889,,,1,1395.13,297.19926,41.22644,,5646,0.817,0.864,,,37.3037,,2.944,,,Transit,2021
Kepler-1890 b,Kepler-1890,,,1,529.596,292.57782,40.6679,,6046,1.396,1.024,,,4.82059,,0.869,,,Transit,2021
Kepler-1398 b,Kepler-1398,,,1,852.204,294.86611,48.63899,,6126,1.18,1.13,,,2.78816,,0.9,,,Transit,2016
Kepler-1398 c,Kepler-1398,,,1,852.204,294.86611,48.63899,,6126,1.18,1.13,,,4.13828,,1.03,,,Transit,2016
Kepler-1399 b,Kepler-1399,,,1,1385.7,293.3117,46.04165,,5735,0.96,0.97,,,1.63865,,1.25,,,Transit,2016
Kepler-1400 b,Kepler-1400,,,1,752.237,286.27168,45.44081,,5044,0.78,0.83,,,9.06689,,1.62,,,Transit,2016
Kepler-1891 b,Kepler-1891,,,1,596.24,290.04385,44.37054,,5516,0.827,0.873,,,4.02229,,1.521,,,Transit,2021
Kepler-51 b,Kepler-51,,,1,783.831,296.47976,49.93765,,6018,0.94,1.04,,0.2514,45.154,0.04,7.1,2.1,543,Transit,2012
Kepler-1892 b,Kepler-1892,,,1,851.595,299.08101,42.0181,,5383,0.759,0.851,,,6.33123,,1.837,,,Transit,2021
Kepler-1401 b,Kepler-1401,,,1,1425.43,287.46603,40.75842,,5964,1.1,1.07,,,11.20066,,1.68,,,Transit,2016
Kepler-1402 b,Kepler-1402,,,1,1493.64,291.84783,48.96817,,5416,0.87,0.9,,,2.03388,,0.76,,,Transit,2016
Kepler-1403 b,Kepler-1403,,,1,2163.9,290.86764,38.96008,,6060,1.15,1.11,,,5.19492,,2.14,,,Transit,2016
Kepler-1404 b,Kepler-1404,,,1,962.183,296.00948,50.49839,,5261,0.8,0.84,,,15.93147,,2.01,,,Transit,2016
Kepler-27 c,Kepler-27,,,1,1044.36,292.23676,41.08587,,5400,0.59,0.65,,0.191,31.3309,,4.9,4385.87,,Transit,2011
Kepler-1405 b,Kepler-1405,,,1,1530.3,295.68488,39.25613,,5925,1.07,1.05,,,28.22742,,3.96,,,Transit,2016
Kepler-1406 b,Kepler-1406,,,1,572.403,292.08188,38.91495,,5892,1.12,1.05,,,11.62906,,1.1,,,Transit,2016
Kepler-1407 b,Kepler-1407,,,1,1396.41,283.94243,41.47155,,6010,1.15,1.1,,,20.07115,,2.25,,,Transit,2016
Kepler-1408 b,Kepler-1408,,,1,535.048,282.69988,45.42579,,6170,1.35,1.21,,,2.99793,,0.89,,,Transit,2016
Kepler-209 c,Kepler-209,,,1,576.946,291.16946,42.64073,,5513,0.935,,,0.231,41.74988,,3.1,,,Transit,2014
Kepler-1410 b,Kepler-1410,,,1,,290.51029,38.7435,,4092,0.6,0.63,,,60.86617,,1.78,,,Transit,2016
Kepler-1411 b,Kepler-1411,,,1,1660.48,286.36152,42.96389,,5664,0.92,0.95,,,86.11509,,2.82,,,Transit,2016
Kepler-1412 b,Kepler-1412,,,1,755.678,292.18015,49.20248,,5880,1.27,1.06,,,3.61461,,0.83,,,Transit,2016
Kepler-1893 b,Kepler-1893,,,1,1050.72,298.40129,44.83817,,5633,1.162,0.973,,,4.17937,,1.706,,,Transit,2021
Kepler-229 d,Kepler-229,,,1,826.265,286.99948,48.37579,,5120,0.728,,,0.22,41.19491,,3.85,,,Transit,2014
Kepler-1894 b,Kepler-1894,,,1,935.191,295.58646,49.66685,,5772,0.901,0.999,,,2.76266,,1.201,,,Transit,2021
Kepler-1894 c,Kepler-1894,,,1,935.191,295.58646,49.66685,,5772,0.901,0.999,,0.0576,5.05369,0,1.21,,1007,Transit,2023
Kepler-1413 b,Kepler-1413,,,1,1167.49,294.34161,46.49876,,5196,0.8,0.84,,,13.18296,,1.82,,,Transit,2016
Kepler-1414 b,Kepler-1414,,,1,570.835,284.92858,42.42231,,4951,0.75,0.8,,,3.51576,,1.23,,,Transit,2016
Kepler-130 d,Kepler-130,,,2,316.663,288.45059,40.2452,,5884,1.127,,,0.377,87.5179,,1.64,,,Transit,2014
Kepler-1895 b,Kepler-1895,,,1,984.187,291.6756,48.76254,,5076,0.763,0.86,,,6.07029,,2.119,,,Transit,2021
Kepler-30 b,Kepler-30,,,1,914.221,285.28365,38.94726,,5498,0.95,0.99,,0.18,29.33434,0.042,3.9,11.3,,Transit,2012
Kepler-1415 b,Kepler-1415,,,1,1043.56,285.1568,47.87325,,5267,0.84,0.89,,,0.63642,,1.29,,,Transit,2016
Kepler-1416 b,Kepler-1416,,,1,949.59,298.66346,43.89406,,6019,1.15,1.09,,,1.49515,,0.88,,,Transit,2016
Kepler-75 b,Kepler-75,,,1,835.356,291.13762,36.57734,K0 V,5200,0.89,0.91,,0.0818,8.88491,0.57,11.77,3209.9,767,Transit,2013
Kepler-1417 b,Kepler-1417,,,1,991.845,290.9499,40.6052,,5839,1.02,1.02,,,20.35052,,1,,,Transit,2016
Kepler-1896 b,Kepler-1896,,,1,1732.91,289.67858,40.24965,,6122,0.996,1.07,,,44.8702,,3.099,,,Transit,2021
Kepler-131 c,Kepler-131,,,1,228.678,288.53089,40.94237,,5685,1.03,1.02,,,25.5169,,0.84,8.25,,Transit,2014
Kepler-1695 b,Kepler-1695,,,1,791.175,293.6193,46.4134,,5473,0.987,0.96,-0.1036,,4.7329,,1.119,,,Transit,2020
Kepler-1418 b,Kepler-1418,,,1,,282.99753,41.67859,,4770,0.72,0.77,,,22.47644,,1.66,,,Transit,2016
Kepler-156 c,Kepler-156,,,1,443.483,290.29642,37.74943,,5094,0.807,,,0.117,15.9068,,2.55,,,Transit,2014
Kepler-1992 b,Kepler-1992,,,1,532.955,295.09024,45.0811,,5383,0.842,0.874,,0.1169,15.61122,0,0.91,,637,Transit,2023
Kepler-1419 b,Kepler-1419,,,1,1498.58,292.25459,37.97138,,5796,1.01,1.01,,,42.52159,,2.86,,,Transit,2016
Kepler-1420 b,Kepler-1420,,,1,1054.37,296.20386,42.77782,,5187,0.79,0.82,,,6.6996,,1.28,,,Transit,2016
Kepler-405 c,Kepler-405,,,1,1065.08,291.40946,38.34001,,5818,0.893,,,0.188,29.72668,,4.66,,,Transit,2014
Kepler-405 b,Kepler-405,,,1,1065.08,291.40946,38.34001,,5818,0.893,,,0.095,10.61384,,2.08,,,Transit,2014
Kepler-1421 b,Kepler-1421,,,1,783.401,286.58061,48.54423,,6335,1.42,1.25,,,6.91311,,0.93,,,Transit,2016
Kepler-1983 b,Kepler-1983,,,1,424.428,297.04201,39.91219,,5135,0.874,0.812,,0.0689,7.32852,0,2.33,,807,Transit,2023
Kepler-1422 b,Kepler-1422,,,1,2465.84,293.89022,48.33609,,6194,1.23,1.15,,,18.60519,,2.02,,,Transit,2016
Kepler-1897 b,Kepler-1897,,,1,983.174,294.2901,39.12687,,5165,0.761,0.859,,,24.2203,,2.814,,,Transit,2021
Kepler-1423 b,Kepler-1423,,,1,,288.24375,41.11007,,4939,0.75,0.79,,,23.95538,,1.06,,,Transit,2016
Kepler-1898 b,Kepler-1898,,,1,360.921,287.2058,38.49819,,5702,1.125,0.837,,,4.76562,,0.934,,,Transit,2021
Kepler-1900 b,Kepler-1900,,,1,1540.43,291.88632,44.47903,,6173,1.041,1.104,,,2.98623,,1.623,,,Transit,2021
Kepler-1901 b,Kepler-1901,,,1,1028.37,291.16436,45.31831,,5696,0.921,1.022,,,3.48413,,1.474,,,Transit,2021
Kepler-1902 b,Kepler-1902,,,1,344.337,292.73765,42.01478,,3729,0.514,0.52,,,3.82222,,1.176,,,Transit,2021
Kepler-1903 b,Kepler-1903,,,1,1775.44,290.8883,51.24816,,6347,0.996,1.053,,,17.0679,,2.286,,,Transit,2021
Kepler-1424 b,Kepler-1424,,,1,661.421,290.99166,40.22933,,5838,1.07,1.02,,,29.60917,,1.16,,,Transit,2016
Kepler-1905 b,Kepler-1905,,,1,1051.53,292.57335,46.36683,,5788,1.015,1.038,,,3.42393,,1.446,,,Transit,2021
Kepler-431 d,Kepler-431,,,1,486.546,281.11231,43.22777,,6004,1.092,1.071,,0.1045,11.922,,1.11,,856,Transit,2015
Kepler-431 b,Kepler-431,,,1,486.546,281.11231,43.22777,,6004,1.092,1.071,,0.0719,6.803,,0.764,,1032,Transit,2015
Kepler-431 c,Kepler-431,,,1,486.546,281.11231,43.22777,,6004,1.092,1.071,,0.0847,8.703,,0.668,,951,Transit,2015
Kepler-92 c,Kepler-92,,,1,477.992,289.08606,41.56302,,,1.7,1.21,,,26.723,,2.6,6.1,,Transit,2013
Kepler-1426 b,Kepler-1426,,,1,1697.81,292.54571,49.4169,,5831,1.02,1.02,,,14.25632,,1.56,,,Transit,2016
Kepler-1427 b,Kepler-1427,,,1,,295.34965,45.11454,,5793,1.01,1.01,,,0.96897,,1.1,,,Transit,2016
Kepler-1906 b,Kepler-1906,,,1,1360.63,293.82662,38.85659,,5868,0.894,0.987,,,7.36269,,2.776,,,Transit,2021
Kepler-1428 b,Kepler-1428,,,1,1530.32,297.64226,49.59496,,6184,1.36,1.28,,,10.67607,,1.64,,,Transit,2016
Kepler-1429 b,Kepler-1429,,,1,1214.09,285.36625,49.04482,,5902,1.07,1.05,,,4.48487,,1.29,,,Transit,2016
Kepler-92 d,Kepler-92,,,1,477.992,289.08606,41.56302,,5904,1.817,1.07,0.5582,,49.3568,0.07,2.067,,,Transit,2015
Kepler-1430 b,Kepler-1430,,,1,875.523,289.69754,43.37196,,4796,0.72,0.77,,,2.46051,,1.18,,,Transit,2016
Kepler-1431 b,Kepler-1431,,,1,1623.24,292.65839,49.86515,,5806,1.03,1.03,,,5.86602,,1.47,,,Transit,2016
Kepler-1432 b,Kepler-1432,,,1,2171.87,295.5241,49.82952,,6031,1.13,1.09,,,23.9109,,2.22,,,Transit,2016
Kepler-1433 b,Kepler-1433,,,1,,287.36346,49.45686,,6097,1.19,1.14,,,4.13592,,1.56,,,Transit,2016
Kepler-1434 b,Kepler-1434,,,1,775.529,295.53844,51.203,,6291,2.04,1.47,,,8.05334,,1.11,,,Transit,2016
Kepler-575 b,Kepler-575,,,1,853.977,286.96389,37.82961,,5710,0.95,0.97,,,9.37892,,2.39,,,Transit,2016
Kepler-1435 b,Kepler-1435,,,1,704.211,291.17328,44.92108,,6356,1.32,1.21,,,4.45343,,0.86,,,Transit,2016
Kepler-1436 b,Kepler-1436,,,1,2530.62,297.71155,46.76798,,5972,1.09,1.06,,,9.70572,,1.31,,,Transit,2016
Kepler-1907 c,Kepler-1907,,,1,292.111,280.70858,47.32792,,5159,0.8,0.752,,,14.8639,,1.155,,,Transit,2021
Kepler-1907 b,Kepler-1907,,,1,292.111,280.70858,47.32792,,5159,0.8,0.752,,,5.65245,,0.87,,,Transit,2021
Kepler-1437 b,Kepler-1437,,,1,2101.69,291.86492,49.32587,,5557,0.9,0.93,,,10.92955,,1.37,,,Transit,2016
Kepler-1909 b,Kepler-1909,,,1,763.662,290.88941,42.45963,,4935,0.685,0.663,,,2.39161,,1.092,,,Transit,2021
Kepler-1910 b,Kepler-1910,,,1,,296.61717,41.28117,,4234,0.639,0.636,,,5.68877,,1.184,,,Transit,2021
Kepler-1438 b,Kepler-1438,,,1,1154.13,289.28982,40.68163,,5530,0.96,0.97,,,2.31942,,0.94,,,Transit,2016
Kepler-1439 b,Kepler-1439,,,1,225.393,285.7397,40.97987,,3578,0.43,0.46,,,8.07393,,1.46,,,Transit,2016
Kepler-1977 b,Kepler-1977,,,1,592.711,290.61786,37.2891,,4805,0.688,0.769,,0.0486,4.53702,0,1.66,,798,Transit,2023
Kepler-1440 b,Kepler-1440,,,1,1115.35,285.34697,48.31223,,5698,0.96,0.98,,,39.85948,,1.26,,,Transit,2016
Kepler-1441 b,Kepler-1441,,,1,1110.48,293.71912,43.12458,,5802,1,1,,,39.44198,,1.31,,,Transit,2016
Kepler-511 b,Kepler-511,,,1,651.999,282.94554,47.57492,,5770,1.2,1,,,296.63786,,6.35,,,Transit,2016
Kepler-134 c,Kepler-134,,,1,334.797,284.73912,49.59844,,5983,1.176,,,0.092,10.10578,,1.26,,,Transit,2014
Kepler-135 c,Kepler-135,,,1,621.855,290.49509,38.7955,,6090,1.275,,,0.103,11.44871,,1.16,,,Transit,2014
Kepler-139 d,Kepler-139,,,1,391.038,282.39195,43.88942,,,,1.078,,0.07555,7.3057,0,1.695,4.658,,Transit,2023
Kepler-406 c,Kepler-406,,,1,364.03,291.84818,44.96828,,5538,1.07,1.07,,,4.62332,,0.85,2.71,,Transit,2014
Kepler-140 c,Kepler-140,,,1,583.859,287.36941,46.76815,,6077,1.288,,,0.414,91.35328,,1.8,,,Transit,2014
Kepler-524 c,Kepler-524,,,1,1058.24,296.85918,49.16201,,6014,1.1,1.09,,,1.88898,,0.96,,,Transit,2016
Kepler-683 b,Kepler-683,,,1,1023.07,291.43996,37.90563,,5703,0.95,0.96,,,2.53918,,1.97,,,Transit,2016
Kepler-1717 b,Kepler-1717,,,1,1008.79,295.21265,49.56216,,6200,1.64,1.158,,,30.6528,,2.989,,,Transit,2021
Kepler-534 c,Kepler-534,,,1,570.659,296.41857,49.54015,,5936,0.965,1.075,,,7.37869,,1.227,,,Transit,2021
Kepler-149 c,Kepler-149,,,1,571.034,285.8537,38.38409,,5381,0.953,,,0.281,55.32833,,1.61,,,Transit,2014
Kepler-150 b,Kepler-150,,,1,891.092,288.2341,40.5209,,5560,0.939,,,0.044,3.42805,,1.25,,,Transit,2014
Kepler-549 c,Kepler-549,,,1,635.145,283.02285,47.26114,,5360,0.84,0.88,,,117.0405,,2.93,,,Transit,2016
Kepler-157 d,Kepler-157,,,1,773.713,291.09723,38.8756,,5866,1.03,1.02,,,7.02573,,1.46,,,Transit,2016
Kepler-164 b,Kepler-164,,,1,890.758,287.78081,47.62985,,5888,1.148,,,0.058,5.03503,,1.41,,,Transit,2014
Kepler-169 b,Kepler-169,,,1,406.529,285.99992,40.91938,,4997,0.763,,,0.04,3.25062,,1.13,,,Transit,2014
Kepler-169 d,Kepler-169,,,1,406.529,285.99992,40.91938,,4997,0.763,,,0.075,8.34812,,1.25,,,Transit,2014
Kepler-684 b,Kepler-684,,,1,1731.27,290.87049,38.2736,,5493,0.86,0.89,,,6.7703,,3.36,,,Transit,2016
Kepler-169 f,Kepler-169,,,1,406.529,285.99992,40.91938,,4997,0.763,,,0.359,87.09019,,2.58,,,Transit,2014
Kepler-171 d,Kepler-171,,,1,863.855,296.77191,41.7556,,5642,0.839,,,0.223,39.59552,,1.89,,,Transit,2014
Kepler-172 e,Kepler-172,,,1,828.592,283.36841,41.82184,,5526,1.085,,,0.211,35.11874,,2.76,,,Transit,2014
Kepler-174 d,Kepler-174,,,1,384.757,287.43895,43.83201,,4880,0.622,,,0.677,247.35373,,2.19,,,Transit,2014
Kepler-589 c,Kepler-589,,,1,612.803,280.64143,47.75206,,5372,0.916,0.832,,,3.52466,,1.117,,,Transit,2021
Kepler-603 d,Kepler-603,,,1,1539.63,294.28097,42.29093,,5808,1.01,1.01,,,6.21713,,1.32,,,Transit,2016
Kepler-605 c,Kepler-605,,,1,556.58,287.2954,43.27987,,5462,0.88,0.91,,,2.35895,,0.86,,,Transit,2016
Kepler-610 c,Kepler-610,,,1,845.824,293.17132,45.06559,,5943,1.13,1.1,,,151.86392,,3.3,,,Transit,2016
Kepler-191 b,Kepler-191,,,1,594.464,291.18332,45.32309,,5282,0.789,,,0.087,9.93963,,1.34,,,Transit,2014
Kepler-192 d,Kepler-192,,,1,651.674,287.91794,45.59288,,5487,0.94,0.94,,,6.47028,,1.02,,,Transit,2016
Kepler-117 c,Kepler-117,,,1,1455.57,288.79307,48.04018,F8 V,6150,1.606,1.129,,0.2804,50.79039,0.032,12.341,584.78,704,Transit,2014
Kepler-616 d,Kepler-616,,,1,945.775,294.98914,46.83831,,6004,0.977,1.061,,,51.0674,,2.653,,,Transit,2021
Kepler-194 d,Kepler-194,,,1,1097.97,291.97143,47.86405,,6089,1.025,,,0.275,52.81497,,2.4,,,Transit,2014
Kepler-195 c,Kepler-195,,,1,652.051,288.12093,47.96661,,5329,0.775,,,0.197,34.09686,,1.55,,,Transit,2014
Kepler-619 c,Kepler-619,,,1,900.678,290.84909,48.41598,,5980,1.11,1.09,,,1.20847,,1.69,,,Transit,2016
Kepler-197 e,Kepler-197,,,2,330.575,295.22647,50.55923,,6004,1.12,,,0.164,25.20971,,0.91,,,Transit,2014
Kepler-198 d,Kepler-198,,,1,495.358,290.67313,38.691,,5636,0.93,0.97,,,1.31184,,1.53,,,Transit,2016
Kepler-625 c,Kepler-625,,,1,760.708,292.15047,39.63753,,5789,0.96,1.04,,,4.16537,,1.05,,,Transit,2016
Kepler-200 c,Kepler-200,,,1,665.912,284.40995,41.23749,,5678,0.944,,,0.09,10.22216,,1.59,,,Transit,2014
Kepler-1990 c,Kepler-1990,,,1,392.739,299.70474,44.43571,,5751,1.071,1.028,,0.0504,4.06845,0,0.98,,1170,Transit,2023
Kepler-208 d,Kepler-208,,,1,775.328,293.8902,42.52794,,6092,1.314,,,0.103,11.13179,,1.2,,,Transit,2014
Kepler-215 e,Kepler-215,,,1,485.997,294.97353,45.21369,,5739,1.027,,,0.314,68.16101,,1.75,,,Transit,2014
Kepler-217 c,Kepler-217,,,1,1104.64,293.03773,46.27752,,6171,1.799,,,0.089,8.586,,1.85,,,Transit,2014
Kepler-217 d,Kepler-217,,,1,1104.64,293.03773,46.27752,,6341,1.76,1.37,,,3.8869,,1.32,,,Transit,2016
Kepler-653 c,Kepler-653,,,1,595.634,282.21304,46.71779,,5665,1.19,1.02,,,0.90038,,0.78,,,Transit,2016
Kepler-220 d,Kepler-220,,,1,171.109,291.50604,46.89563,,4632,0.666,,,0.163,28.1224,,0.98,,,Transit,2014
Kepler-220 e,Kepler-220,,,1,171.109,291.50604,46.89563,,4632,0.666,,,0.226,45.90273,,1.33,,,Transit,2014
Kepler-220 b,Kepler-220,,,1,171.109,291.50604,46.89563,,4632,0.666,,,0.046,4.15981,,0.81,,,Transit,2014
Kepler-656 c,Kepler-656,,,1,890.352,288.32788,47.38154,,5550,0.954,1.05,,0.0602,5.25449,0,1.41,,975,Transit,2023
Kepler-62 c,Kepler-62,,,1,300.874,283.21256,45.3497,K2 V,4925,0.64,0.69,-0.678,0.0929,12.4417,,0.54,4,578,Transit,2013
Kepler-62 f,Kepler-62,,,1,300.874,283.21256,45.3497,K2 V,4925,0.64,0.69,-0.678,0.718,267.291,,1.41,35,208,Transit,2013
Kepler-154 c,Kepler-154,,,1,915.212,289.78054,49.89656,,5690,1.001,,,0.303,62.30328,,2.95,,,Transit,2014
Kepler-368 c,Kepler-368,,,1,770.978,291.88002,45.38784,,5502,2.019,,,0.36,72.37933,,3.88,,,Transit,2014
Kepler-149 b,Kepler-149,,,1,571.034,285.8537,38.38409,,5381,0.953,,,0.184,29.19894,,4.21,,,Transit,2014
Kepler-1541 b,Kepler-1541,,,1,416.692,283.78709,48.0296,,5282,0.81,0.86,,,8.40691,,1.16,,,Transit,2016
Kepler-1542 b,Kepler-1542,,,1,399.114,285.72848,42.65447,,5564,0.99,0.94,,,3.95117,,0.76,,,Transit,2016
Kepler-1542 c,Kepler-1542,,,1,399.114,285.72848,42.65447,,5564,0.99,0.94,,,2.89223,,0.65,,,Transit,2016
Kepler-1543 b,Kepler-1543,,,1,921.784,297.12429,47.03699,,6561,1.65,1.39,,,6.9671,,2.71,,,Transit,2016
Kepler-1544 b,Kepler-1544,,,1,335.09,297.28522,49.21245,,4886,0.74,0.81,,,168.81117,,1.78,,,Transit,2016
Kepler-371 c,Kepler-371,,,1,813.192,292.32648,38.65754,,5666,0.992,,,0.313,67.96801,,1.78,,,Transit,2014
Kepler-167 b,Kepler-167,,,2,341.908,292.65853,38.34556,,4884,0.749,0.777,-0.5391,0.04825,4.39315,0,1.718,,918,Transit,2014
Kepler-372 d,Kepler-372,,,1,1493.95,291.25623,49.25893,,6509,1.137,,,0.201,30.09257,,1.69,,,Transit,2014
Kepler-1545 b,Kepler-1545,,,1,729.964,298.89883,47.46307,,5201,0.8,0.84,,,163.69235,,2.7,,,Transit,2016
Kepler-1934 b,Kepler-1934,,,1,428.514,290.91933,37.28717,,5925,1.035,0.968,,,1.41976,,0.913,,,Transit,2021
Kepler-1701 b,Kepler-1701,,,1,584.142,286.60886,41.8893,,5146,0.84,0.87,-0.3506,,169.134,,2.222,,,Transit,2020
Kepler-1935 b,Kepler-1935,,,1,904.702,296.40378,39.7227,,5570,0.899,0.845,,,3.9514,,2.503,,,Transit,2021
Kepler-372 b,Kepler-372,,,1,1493.95,291.25623,49.25893,,6509,1.137,,,0.075,6.84969,,1.36,,,Transit,2014
Kepler-9 b,Kepler-9,,,1,628.257,285.57399,38.40082,,5774,0.958,1.022,-0.038,0.143,19.23891,0.061,8.29,43.4,,Transit,2010
Kepler-1936 b,Kepler-1936,,,1,871.096,290.73001,44.83613,,6501,1.854,1.419,,,126.557,,3.166,,,Transit,2021
Kepler-1937 b,Kepler-1937,,,1,905.069,290.65839,40.77854,,6457,1.196,1.19,,,9.6886,,3.023,,,Transit,2021
Kepler-1546 b,Kepler-1546,,,1,931.956,297.58392,41.5412,,5623,0.93,0.95,,,19.5975,,3.13,,,Transit,2016
Kepler-1938 b,Kepler-1938,,,1,421.152,299.35189,41.19573,,4522,0.655,0.646,,,13.0626,,1.828,,,Transit,2021
Kepler-1547 b,Kepler-1547,,,1,674.695,283.76404,42.2221,,6078,1.18,1.12,,,0.69298,,0.9,,,Transit,2016
Kepler-1548 b,Kepler-1548,,,1,872.279,287.47118,46.08057,,5706,0.97,0.99,,,124.82868,,2.64,,,Transit,2016
Kepler-482 b,Kepler-482,,,1,313.068,296.82293,48.10776,,4871,0.72,0.75,,,56.35419,,2.36,,,Transit,2016
Kepler-1549 b,Kepler-1549,,,1,803.052,286.05244,39.09603,,5324,0.84,0.88,,,214.88655,,2.57,,,Transit,2016
Kepler-1154 c,Kepler-1154,,,1,1460.1,297.47712,39.87723,,6327,1.43,1.26,,,8.45808,,2.36,,,Transit,2016
Kepler-440 b,Kepler-440,,,1,301.03,285.35007,41.45237,,4134,0.559,0.575,-1.102,0.242,101.11141,0.34,1.86,,,Transit,2015
Kepler-1550 b,Kepler-1550,,,1,1179.01,287.76461,38.29471,,5991,1.11,1.07,,,225.58281,,3.02,,,Transit,2016
Kepler-1551 b,Kepler-1551,,,1,1463.72,295.78552,39.9079,,6136,1.22,1.14,,,24.49737,,2.66,,,Transit,2016
Kepler-1814 c,Kepler-1814,,,1,726.346,285.21668,41.28244,,4922,0.823,0.79,,0.0133,0.62628,0,1.76,,1711,Transit,2023
Kepler-1939 b,Kepler-1939,,,1,189.833,285.68993,40.99467,,4353,0.603,0.648,,,2.79066,,1.165,,,Transit,2021
Kepler-234 b,Kepler-234,,,1,1733.1,291.65354,38.49466,,6224,1.113,,,0.04,2.71151,,3.7,,,Transit,2014
Kepler-1940 b,Kepler-1940,,,1,798.595,291.2042,45.23833,,5431,0.717,0.802,,,4.95061,,1.547,,,Transit,2021
Kepler-1552 b,Kepler-1552,,,1,769.096,291.67687,38.87492,,5202,0.78,0.85,,,184.77185,,2.47,,,Transit,2016
Kepler-1162 c,Kepler-1162,,,1,940.211,283.29203,45.43398,,5225,0.859,0.861,,0.2832,59.28406,0,1.81,,401,Transit,2023
Kepler-685 b,Kepler-685,,,1,938.715,293.87191,38.42292,,5963,1.16,1.11,,,1.62552,,10.58,,,Transit,2016
Kepler-154 f,Kepler-154,,,1,915.212,289.78054,49.89656,,5769,0.98,0.98,,,9.91936,,1.5,,,Transit,2016
Kepler-1165 b,Kepler-1165,,,1,1575.2,286.97123,44.70827,,6080,1.18,1.13,,,9.47852,,1.55,,,Transit,2016
Kepler-541 b,Kepler-541,,,1,1060.68,294.14965,38.45821,,6166,2.06,1.41,,,5.08006,,3.36,,,Transit,2016
Kepler-1553 b,Kepler-1553,,,1,692.594,291.91913,39.02218,,5288,0.81,0.85,,,4.24262,,1.15,,,Transit,2016
Kepler-1554 b,Kepler-1554,,,1,946.847,286.57602,41.74158,,5297,0.81,0.84,,,198.08877,,2.9,,,Transit,2016
Kepler-378 c,Kepler-378,,,1,152.094,294.94897,46.43887,,4661,0.671,,,0.166,28.90601,,0.7,,,Transit,2014
Kepler-1555 b,Kepler-1555,,,1,2013.27,287.63546,45.71603,,5866,1.06,1.04,,,8.10502,,1.61,,,Transit,2016
Kepler-1556 b,Kepler-1556,,,1,944.54,288.39698,40.21319,,5608,0.95,0.97,,,8.82713,,1.96,,,Transit,2016
Kepler-542 b,Kepler-542,,,1,436.016,292.21497,38.54855,,5526,0.9,0.93,,,13.14498,,1.57,,,Transit,2016
Kepler-379 b,Kepler-379,,,1,731.274,295.7011,38.94582,,6054,1.306,,,0.152,20.09838,,1.66,,,Transit,2014
Kepler-1557 b,Kepler-1557,,,1,1380.16,293.88136,46.83882,,6099,1.17,1.11,,,3.74032,,1.53,,,Transit,2016
Kepler-1178 b,Kepler-1178,,,1,482.287,288.45612,45.80223,,4990,0.75,0.8,,,31.80634,,1.07,,,Transit,2016
Kepler-1558 b,Kepler-1558,,,1,325.737,286.81943,46.91178,,5101,0.79,0.83,,,3.5047,,0.68,,,Transit,2016
Kepler-1941 b,Kepler-1941,,,1,1494.39,296.62702,49.35389,,6404,1.142,1.175,,,31.3351,,2.65,,,Transit,2021
Kepler-1942 b,Kepler-1942,,,1,842.492,294.98054,44.42524,,5834,0.797,0.852,,,4.62605,,2.117,,,Transit,2021
Kepler-1181 c,Kepler-1181,,,1,938.417,289.74732,39.52341,,6688,1.347,1.336,,0.0928,8.93485,0,1.83,,1124,Transit,2023
Kepler-1943 b,Kepler-1943,,,1,1004.55,293.3183,41.11667,,6032,0.973,1.055,,,4.85018,,1.549,,,Transit,2021
Kepler-1982 b,Kepler-1982,,,1,558.855,287.40999,39.65863,,6202,1.122,1.213,,0.0511,3.82316,0,0.77,,1282,Transit,2023
Kepler-198 b,Kepler-198,,,1,495.358,290.67313,38.691,,5574,0.94,,,0.131,17.79004,,2.82,,,Transit,2014
Kepler-1559 b,Kepler-1559,,,1,614.827,292.28666,42.07259,,5316,0.82,0.86,,,0.97192,,0.72,,,Transit,2016
Kepler-1560 b,Kepler-1560,,,1,502.497,292.7846,43.21601,,5815,1.02,1.02,,,3.03196,,0.89,,,Transit,2016
Kepler-1944 b,Kepler-1944,,,1,1076.48,296.5105,39.17326,,5585,0.972,1.064,,,9.84258,,2.76,,,Transit,2021
Kepler-5 b,Kepler-5,,,1,899.777,299.40703,44.03504,,6297,1.793,1.374,,0.0538,3.54847,,15.984,670.939,1750,Transit,2009
Kepler-466 b,Kepler-466,,,1,530.122,295.64866,48.49552,,5927,1.05,1.04,,,51.07926,,2.85,,,Transit,2016
Kepler-1561 b,Kepler-1561,,,1,839.076,296.92358,43.56646,,5957,1.11,1.07,,,1.00521,,1.09,,,Transit,2016
Kepler-430 c,Kepler-430,,,1,917.477,292.8086,49.57942,,5884,1.485,1.166,,0.4757,110.979,,1.75,,458,Transit,2015
Kepler-1945 b,Kepler-1945,,,1,,281.89808,42.28582,,4991,0.804,0.767,,,6.08004,,1.289,,,Transit,2021
Kepler-1946 b,Kepler-1946,,,1,1002.12,282.33554,42.84534,,5505,0.873,0.887,,,3.03519,,2.488,,,Transit,2021
Kepler-576 b,Kepler-576,,,1,617.55,295.18289,38.6542,,5672,0.97,0.99,,,29.91137,,3.27,,,Transit,2016
Kepler-1947 b,Kepler-1947,,,1,468.771,296.10403,42.34258,,6040,1.686,0.984,,,6.96363,,1.01,,,Transit,2021
Kepler-1562 b,Kepler-1562,,,1,2060.72,294.45566,46.74354,,5760,1.05,1.02,,,64.27378,,3.55,,,Transit,2016
Kepler-1563 b,Kepler-1563,,,1,616.697,288.57359,51.47277,,5765,0.99,1,,,3.43277,,0.75,,,Transit,2016
Kepler-1564 b,Kepler-1564,,,1,908.805,290.58613,46.64275,,5528,0.9,0.93,,,18.05404,,1.47,,,Transit,2016
Kepler-1565 b,Kepler-1565,,,1,629.93,297.95298,40.80679,,4940,0.73,0.76,,,1.53819,,1.19,,,Transit,2016
Kepler-1727 b,Kepler-1727,,,1,894.187,290.33361,38.72827,,5349,0.82,0.824,,,9.0293,,3.173,,,Transit,2021
Kepler-1566 b,Kepler-1566,,,1,466.586,283.58755,40.5749,,5254,0.81,0.84,,,0.53992,,0.79,,,Transit,2016
Kepler-1567 b,Kepler-1567,,,1,1206.11,286.69515,40.29189,,5655,0.93,0.95,,,153.97958,,2.73,,,Transit,2016
Kepler-385 d,Kepler-385,,,1,1432.61,294.33851,50.33652,,5829,1.157,1.05,0.1437,,56.4159,,2.619,,,Transit,2020
Kepler-146 b,Kepler-146,,,1,716.797,294.11076,38.71022,,5948,1.208,,,0.2,31.1588,,3.71,,,Transit,2014
Kepler-1568 b,Kepler-1568,,,1,916.313,289.18268,47.87333,,5956,1.19,1.09,,,20.92539,,1.3,,,Transit,2016
Kepler-1569 b,Kepler-1569,,,1,945.454,292.20467,37.22121,,6319,1.4,1.25,,,5.7918,,1.68,,,Transit,2016
Kepler-186 f,Kepler-186,,,1,177.594,298.65274,43.95499,,3755,0.523,0.544,-1.26,0.432,129.9441,0.04,1.17,,,Transit,2014
Kepler-543 b,Kepler-543,,,1,221.802,287.21873,38.86254,,4671,0.67,0.7,,,13.89962,,2.5,,,Transit,2016
Kepler-1570 b,Kepler-1570,,,1,918.995,299.86178,45.82742,,5550,0.89,0.92,,,26.54895,,1.07,,,Transit,2016
Kepler-1571 b,Kepler-1571,,,1,675.303,300.93541,45.59648,,6297,1.39,1.23,,,3.38555,,1.52,,,Transit,2016
Kepler-1572 b,Kepler-1572,,,1,946.602,281.89733,46.72271,,5618,0.95,0.97,,,5.49549,,0.94,,,Transit,2016
Kepler-386 b,Kepler-386,,,1,882.462,289.85892,48.69381,,5178,0.767,,,0.096,12.31043,,1.39,,,Transit,2014
Kepler-1573 b,Kepler-1573,,,1,1455.36,292.98831,49.48497,,5808,1,1.01,,,2.61576,,1.2,,,Transit,2016
Kepler-1574 b,Kepler-1574,,,1,1384.16,292.15867,49.63779,,5892,1.08,1.06,,,6.94243,,1.29,,,Transit,2016
Kepler-157 c,Kepler-157,,,1,773.713,291.09723,38.8756,,5774,1.044,,,0.11,13.5405,,2.24,,,Transit,2014
Kepler-1575 b,Kepler-1575,,,1,1246.92,293.74321,45.76155,,5667,0.92,0.95,,,2.55314,,1.31,,,Transit,2016
Kepler-1245 c,Kepler-1245,,,1,805.936,290.74431,43.26075,,5306,0.83,0.86,,,2.93658,,1.44,,,Transit,2016
Kepler-1576 b,Kepler-1576,,,1,460.91,289.07396,40.36602,,5876,1.06,1.05,,,6.98472,,1.04,,,Transit,2016
Kepler-1719 b,Kepler-1719,,,1,905.406,284.70685,38.93676,,5687,1.775,1.08,,,6.14956,,3.95,,,Transit,2021
Kepler-1254 c,Kepler-1254,,,1,622.818,285.17332,48.77001,,4985,0.75,0.78,,,3.60084,,1.3,,,Transit,2016
Kepler-1948 b,Kepler-1948,,,1,193.903,287.36408,47.7853,,3872,0.557,0.585,,,15.5713,,1.033,,,Transit,2021
Kepler-1577 b,Kepler-1577,,,1,510.029,292.95527,47.57304,,4862,0.74,0.78,,,6.3056,,1.13,,,Transit,2016
Kepler-468 b,Kepler-468,,,1,442.871,288.90228,49.37041,,5498,0.87,0.96,,,38.47876,,13.34,,,Transit,2016
Kepler-30 d,Kepler-30,,,1,914.221,285.28365,38.94726,,5498,0.95,0.99,,0.5,143.34394,0.022,8.8,23.1,,Transit,2012
Kepler-1578 b,Kepler-1578,,,1,1064.05,288.30211,47.77562,,5545,0.86,0.9,,,1.45089,,1.04,,,Transit,2016
Kepler-1254 d,Kepler-1254,,,1,622.818,285.17332,48.77001,,4985,0.75,0.78,,,5.72717,,1.31,,,Transit,2016
Kepler-555 b,Kepler-555,,,1,973.121,285.51687,38.93246,,5894,1.04,1.03,,,16.21775,,2.83,,,Transit,2016
Kepler-1949 b,Kepler-1949,,,1,2617.35,293.54226,43.02606,,6028,1.454,1.194,,,2.20828,,2.22,,,Transit,2021
Kepler-1579 b,Kepler-1579,,,1,,293.28802,43.51491,,4584,0.7,0.75,,,0.84991,,0.84,,,Transit,2016
Kepler-1993 b,Kepler-1993,,,1,1031.91,293.79685,45.16073,,5159,3.062,1.373,,0.1943,26.65657,0,4.15,,903,Transit,2023
Kepler-390 c,Kepler-390,,,2,435.277,291.62881,41.20884,,5166,0.776,,,0.101,13.06002,,0.79,,,Transit,2014
Kepler-1580 b,Kepler-1580,,,1,1002.02,285.96871,41.36353,,6228,2.15,1.47,,,56.64493,,2.11,,,Transit,2016
Kepler-1581 b,Kepler-1581,,,1,493.175,287.37132,39.60362,,6022,1.23,1.12,,,6.28385,,0.8,,,Transit,2016
Kepler-436 b,Kepler-436,,,1,588.867,301.72078,44.41209,,4651,0.697,0.729,-0.701,0.339,64.00205,0.19,2.73,,,Transit,2015
Kepler-1582 b,Kepler-1582,,,1,78.891,289.37654,41.15808,,3208,0.3,0.28,,,4.83818,,1.49,,,Transit,2016
Kepler-1583 b,Kepler-1583,,,1,403.933,286.38693,47.01652,,5645,0.91,0.94,,,9.32807,,0.6,,,Transit,2016
Kepler-1584 b,Kepler-1584,,,1,1416.31,287.76268,43.27439,,6069,1.13,1.1,,,13.39971,,1.61,,,Transit,2016
Kepler-391 c,Kepler-391,,,1,869.236,290.62188,51.05735,K2 III-IV,5038,2.879,1.27,0.6628,0.164,20.501,0.27,2.88,450,662,Transit,2014
Kepler-556 b,Kepler-556,,,1,674.598,290.52948,38.94273,,5740,0.98,1,,,11.72292,,2.24,,,Transit,2016
Kepler-1585 b,Kepler-1585,,,1,944.465,296.15899,44.56305,,5538,0.91,0.94,,,3.58275,,1.79,,,Transit,2016
Kepler-1586 b,Kepler-1586,,,1,552.55,298.20262,44.92586,,6681,1.75,1.45,,,15.60492,,1.52,,,Transit,2016
Kepler-1587 b,Kepler-1587,,,1,1026.48,292.67773,49.66387,,5933,1.22,1.08,,,9.40605,,1.33,,,Transit,2016
Kepler-196 d,Kepler-196,,,1,451.312,284.96851,42.07912,,5132,0.77,0.805,,,122.08,,2.661,,,Transit,2021
Kepler-1950 b,Kepler-1950,,,1,697.253,287.08746,42.66865,,5455,0.852,0.759,,,10.7769,,1.527,,,Transit,2021
Kepler-1588 b,Kepler-1588,,,1,924.141,288.23272,48.0022,,5817,0.99,0.96,,,7.84932,,0.76,,,Transit,2016
Kepler-1859 c,Kepler-1859,,,1,1331.25,293.98868,46.718,,5887,1.235,1.09,,0.0473,3.59645,0,1.66,,1327,Transit,2023
Kepler-1951 b,Kepler-1951,,,1,1277.32,290.49991,40.28772,,5468,1.306,0.923,,,20.6578,,2.321,,,Transit,2021
Kepler-1589 b,Kepler-1589,,,1,1513.14,294.44182,40.57161,,6166,1.25,1.18,,,0.99167,,1.09,,,Transit,2016
Kepler-686 b,Kepler-686,,,1,1490.94,285.21382,39.02747,,5649,0.92,0.94,,,1.59475,,12.15,,,Transit,2016
Kepler-1590 b,Kepler-1590,,,1,771.152,291.40791,48.01789,,6053,1.16,1.11,,,7.61761,,1.14,,,Transit,2016
Kepler-1591 b,Kepler-1591,,,1,1419.58,296.51667,44.60862,,6082,1.16,1.1,,,8.18505,,1.27,,,Transit,2016
Kepler-392 c,Kepler-392,,,1,681.428,288.66083,43.36819,,5938,1.129,,,0.093,10.42312,,1.1,,,Transit,2014
Kepler-1952 b,Kepler-1952,,,1,852.062,288.07641,43.95848,,5973,1.305,0.922,,,27.2108,,1.239,,,Transit,2021
Kepler-10 b,Kepler-10,,,1,185.506,285.6793,50.24148,,5708,1.065,0.91,,0.01685,0.83749,0,1.47,3.24,2188,Transit,2011
Kepler-1728 b,Kepler-1728,,,1,651.783,287.094,39.06078,,5170,0.807,0.891,,,4.783,,2.955,,,Transit,2021
Kepler-1592 b,Kepler-1592,,,1,1639.47,293.85062,38.39774,,6213,1.28,1.18,,,3.0571,,1.54,,,Transit,2016
Kepler-147 c,Kepler-147,,,1,1042.02,287.97572,39.08717,,6012,1.468,,,0.216,33.41642,,2.43,,,Transit,2014
Kepler-1593 b,Kepler-1593,,,1,638.249,300.4882,44.46067,,4995,0.77,0.81,,,174.50984,,3.17,,,Transit,2016
Kepler-544 b,Kepler-544,,,1,963.18,294.02907,39.05179,,6206,1.22,1.16,,,21.41617,,2.12,,,Transit,2016
Kepler-1594 b,Kepler-1594,,,1,976.868,293.62305,47.96191,,5946,1.08,1.06,,,2.71604,,1.06,,,Transit,2016
Kepler-1595 b,Kepler-1595,,,1,845.022,285.72275,43.00949,,5203,0.8,0.84,,,4.5638,,1.23,,,Transit,2016
Kepler-577 b,Kepler-577,,,1,524.247,294.71199,39.07373,,4984,0.73,0.78,,,25.69578,,2.55,,,Transit,2016
Kepler-1596 b,Kepler-1596,,,1,2146.23,285.55751,49.33009,,5706,0.92,0.95,,,66.37338,,1.9,,,Transit,2016
Kepler-403 d,Kepler-403,,,1,840.269,289.92143,46.74453,,6209,1.45,1.25,,,13.61159,,1.42,,,Transit,2016
Kepler-1953 b,Kepler-1953,,,1,605.631,287.9681,46.4706,,4858,0.707,0.786,,,6.24566,,1.286,,,Transit,2021
Kepler-1597 b,Kepler-1597,,,1,1221.05,288.16397,42.48101,,6377,1.39,1.25,,,2.94654,,1.06,,,Transit,2016
Kepler-1598 b,Kepler-1598,,,1,619.862,288.46911,46.78365,,5940,1.09,1.07,,,4.34195,,0.95,,,Transit,2016
Kepler-1599 b,Kepler-1599,,,1,1328.2,286.22087,41.15119,,5767,0.99,0.99,,,122.36355,,1.62,,,Transit,2016
Kepler-1600 c,Kepler-1600,,,1,1030.81,291.39938,38.78776,,5119,0.834,0.818,,,7.29805,,1.942,,,Transit,2021
Kepler-1702 b,Kepler-1702,,,1,857.14,284.97248,44.56748,,5093,0.726,0.85,-0.4959,,18.5012,,1.602,,,Transit,2020
Kepler-687 b,Kepler-687,,,1,633.66,289.31546,39.15329,,4841,0.73,0.77,,,20.50587,,3.52,,,Transit,2016
Kepler-235 b,Kepler-235,,,1,428.018,286.07908,39.27824,,4255,0.554,,,0.037,3.34022,,2.23,,,Transit,2014
Kepler-446 c,Kepler-446,,,1,96.339,282.2501,44.921,M4,3359,0.24,0.22,,,3.03618,0,1.11,,,Transit,2015
Kepler-1601 b,Kepler-1601,,,1,644.456,285.51295,38.07984,,5869,1.07,1.04,,,2.20922,,0.82,,,Transit,2016
Kepler-1954 b,Kepler-1954,,,1,1373.83,298.00292,43.35459,,5840,0.849,0.942,,,5.88343,,1.802,,,Transit,2021
Kepler-1955 b,Kepler-1955,,,1,449.351,299.53476,40.47775,,5825,1.291,1.049,,,14.2652,,1.167,,,Transit,2021
Kepler-1602 b,Kepler-1602,,,1,629.804,293.58086,40.42754,,6296,1.36,1.22,,,11.17932,,1.34,,,Transit,2016
Kepler-597 b,Kepler-597,,,1,663.418,293.47009,39.25282,,5683,0.95,0.97,,,13.02366,,2.37,,,Transit,2016
Kepler-1603 b,Kepler-1603,,,1,2712.58,295.32983,42.53497,,6241,1.31,1.21,,,2.27164,,1.29,,,Transit,2016
Kepler-1604 b,Kepler-1604,,,1,541.189,285.41065,44.41223,,4976,0.76,0.81,,,0.68368,,1.41,,,Transit,2016
Kepler-1956 b,Kepler-1956,,,1,360.468,294.62085,49.89422,,4391,0.682,0.671,,,5.94372,,1.089,,,Transit,2021
Kepler-1605 b,Kepler-1605,,,1,546.23,287.13494,47.48863,,5280,0.82,0.86,,,85.75655,,1.08,,,Transit,2016
Kepler-1957 b,Kepler-1957,,,1,460.899,293.71144,47.88745,,4904,0.772,0.745,,,2.18662,,0.944,,,Transit,2021
Kepler-183 c,Kepler-183,,,1,1050.64,293.53081,39.31593,,5888,0.958,,,0.103,11.63707,,2.27,,,Transit,2014
Kepler-1606 b,Kepler-1606,,,1,831.287,286.3783,43.07323,,5422,0.86,0.9,,,196.43522,,2.07,,,Transit,2016
Kepler-688 b,Kepler-688,,,1,1357.75,294.65523,39.30834,,5715,0.96,0.98,,,3.89594,,9.76,,,Transit,2016
Kepler-1607 b,Kepler-1607,,,1,1286.1,296.05987,42.65606,,6116,1.21,1.14,,,13.64737,,0.92,,,Transit,2016
Kepler-1608 b,Kepler-1608,,,1,,295.56356,39.41757,,4992,0.72,0.75,,,16.47357,,1.73,,,Transit,2016
Kepler-444 b,Kepler-444,94931,,3,36.44,289.75283,41.63188,K,5046,0.752,0.758,,0.04178,3.60011,0.16,0.403,,,Transit,2015
Kepler-1958 b,Kepler-1958,,,1,1320.38,289.10416,41.69011,,5749,0.864,0.961,,,9.32862,,2.051,,,Transit,2021
Kepler-1959 b,Kepler-1959,,,1,479.263,296.0223,44.73267,,5071,0.811,0.768,,,6.38669,,1.143,,,Transit,2021
Kepler-1960 b,Kepler-1960,,,1,1527.56,294.69694,46.7202,,6371,1.072,1.117,,,2.29794,,1.307,,,Transit,2021
Kepler-444 c,Kepler-444,94931,,3,36.44,289.75283,41.63188,K,5046,0.752,0.758,,0.04881,4.54588,0.31,0.497,,,Transit,2015
Kepler-1609 b,Kepler-1609,,,1,1826.04,290.14654,39.6658,,6132,1.27,1.18,,,114.34219,,2.22,,,Transit,2016
Kepler-578 b,Kepler-578,,,1,541.432,288.75499,39.5637,,5334,0.83,0.87,,,1.61688,,2,,,Transit,2016
Kepler-444 d,Kepler-444,94931,,3,36.44,289.75283,41.63188,K,5046,0.752,0.758,,0.06,6.18939,0.18,0.53,,,Transit,2015
Kepler-1610 b,Kepler-1610,,,1,864.331,295.90498,45.40543,,5383,0.87,0.91,,,8.70182,,1.61,,,Transit,2016
Kepler-1610 c,Kepler-1610,,,1,864.331,295.90498,45.40543,,5295,0.8,0.825,,0.2323,44.98519,0,2.09,,433,Transit,2023
Kepler-689 b,Kepler-689,,,1,1131.73,294.71063,39.5217,,5518,0.88,0.91,,,22.36656,,2.89,,,Transit,2016
Kepler-444 e,Kepler-444,94931,,3,36.44,289.75283,41.63188,K,5046,0.752,0.758,,0.0696,7.74349,0.1,0.546,,,Transit,2015
Kepler-1961 b,Kepler-1961,,,1,1042.45,286.33008,39.68313,,5401,0.777,0.871,,,5.60471,,1.619,,,Transit,2021
Kepler-1611 b,Kepler-1611,,,1,908.444,296.51202,49.72775,,5605,0.93,0.94,,,5.17624,,0.81,,,Transit,2016
KOI-94 c,KOI-94,,,2,477.052,297.33307,41.89112,,6182,1.52,1.277,0.479,0.1013,10.42365,0.43,4.32,15.6,1012,Transit,2013
Kepler-624 b,Kepler-624,,,1,748.188,295.19336,39.53969,,6117,1.18,1.1,,,14.5865,,2.31,,,Transit,2016
Kepler-1612 b,Kepler-1612,,,1,764.726,291.2503,45.65505,,5643,0.94,0.96,,,3.91795,,1.03,,,Transit,2016
Kepler-444 f,Kepler-444,94931,,3,36.44,289.75283,41.63188,K,5046,0.752,0.758,,0.0811,9.74049,0.29,0.741,,,Transit,2015
Kepler-1962 b,Kepler-1962,,,1,866.826,289.5484,40.16415,,5700,1.006,1.003,,,7.99146,,1.215,,,Transit,2021
Kepler-625 b,Kepler-625,,,1,760.708,292.15047,39.63753,,5789,0.96,1.04,,,7.75192,,1.99,,,Transit,2016
Kepler-158 b,Kepler-158,,,1,315.177,284.03237,39.78154,,4623,0.624,,,0.111,16.70918,,2.12,,,Transit,2014
Kepler-626 b,Kepler-626,,,1,635.643,288.69868,39.7082,,5813,1.05,1.01,,,14.48585,,2.29,,,Transit,2016
Kepler-1653 b,Kepler-1653,,,1,,296.4577,41.26602,,4807,0.693,0.719,-0.636,0.4706,140.2524,,2.17,,284,Transit,2017
Kepler-627 b,Kepler-627,,,1,984.307,292.10422,39.76786,,6424,1.49,1.3,,,40.69944,,3.73,,,Transit,2016
Kepler-1613 b,Kepler-1613,,,1,1508.33,289.87501,43.42093,,6005,1.12,1.08,,,1.51843,,2.08,,,Transit,2016
Kepler-1614 b,Kepler-1614,,,1,1191.19,284.87139,49.77589,,5121,0.76,0.79,,,3.94661,,1.49,,,Transit,2016
Kepler-1615 b,Kepler-1615,,,1,1393.83,286.35921,42.2274,,5865,1.05,1.04,,,47.31262,,2.06,,,Transit,2016
Kepler-690 b,Kepler-690,,,1,1665.31,294.48992,39.77148,,5913,1.16,1.11,,,7.74809,,5.95,,,Transit,2016
Kepler-236 c,Kepler-236,,,1,288.763,283.86643,39.89819,,3750,0.51,,,0.132,23.96813,,2,,,Transit,2014
Kepler-1616 b,Kepler-1616,,,1,1137.81,286.54367,45.30487,,6266,1.34,1.21,,,6.76284,,1.02,,,Transit,2016
Kepler-79 c,Kepler-79,,,1,1020.72,300.51711,44.38155,,6174,1.302,1.165,0.342,0.187,27.4029,0.03,3.72,5.9,,Transit,2012
Kepler-168 c,Kepler-168,,,1,1343.6,294.71018,39.82504,,6282,1.107,,,0.116,13.19324,,2.69,,,Transit,2014
Kepler-1656 b,Kepler-1656,,,1,185.875,284.47225,39.91189,,,1.1,1.03,,0.1974,31.562,0.838,,47.8,,Transit,2018
Kepler-1963 b,Kepler-1963,,,1,492.847,296.58752,47.20713,,5726,0.979,0.915,,,1.96226,,0.744,,,Transit,2021
Kepler-1617 b,Kepler-1617,,,1,898.31,287.93717,46.41848,,6167,1.22,1.15,,,27.47856,,1.2,,,Transit,2016
Kepler-629 b,Kepler-629,,,1,372.05,289.41791,39.94508,,5444,0.84,0.93,,,7.23859,,1.38,,,Transit,2016
Kepler-441 b,Kepler-441,,,1,268.003,284.56695,49.01271,,4340,0.55,0.572,-1.051,0.64,207.2482,0.1,1.64,,,Transit,2015
Kepler-1911 b,Kepler-1911,,,1,269.912,299.30356,41.44102,,5721,0.972,0.954,,,5.9908,,1.011,,,Transit,2021
Kepler-1964 b,Kepler-1964,,,1,,297.0588,49.47844,,4803,0.698,0.752,,,2.44083,,1.781,,,Transit,2021
Kepler-621 b,Kepler-621,,,1,,290.92725,39.91412,,4521,0.68,0.72,,,2.62811,,2.3,,,Transit,2016
Kepler-1618 b,Kepler-1618,,,1,1229.25,295.17536,45.93086,,6620,1.65,1.41,,,6.10826,,1.26,,,Transit,2016
Kepler-1972 b,Kepler-1972,,,1,287.339,288.39531,39.87251,,5818,1.384,1.12,0.2945,,7.54425,0.067,0.802,2.02,,Transit,2022
Kepler-630 b,Kepler-630,,,1,839.784,293.42706,39.9424,,5829,1.04,1.02,,,161.47439,,3.18,,,Transit,2016
Kepler-579 b,Kepler-579,,,1,530.765,295.00208,39.95286,,5636,0.96,0.99,,,9.66858,,2,,,Transit,2016
Kepler-1965 b,Kepler-1965,,,1,521.791,292.51471,38.02199,,5852,0.837,0.928,,,41.8687,,1.354,,,Transit,2021
Kepler-1966 b,Kepler-1966,,,1,484.601,292.46378,41.29904,,5009,0.84,0.797,,,8.61743,,1.105,,,Transit,2021
Kepler-80 b,Kepler-80,,,1,369.451,296.11258,39.97875,K5,4540,0.678,0.73,-0.7695,0.0648,7.05246,,2.67,6.93,,Transit,2012
Kepler-691 b,Kepler-691,,,1,279.115,288.81173,40.03323,,3715,0.5,0.53,,,8.11438,,2.09,,,Transit,2016
Kepler-117 b,Kepler-117,,,1,1455.57,288.79307,48.04018,F8 V,6150,1.606,1.129,,0.1445,18.79592,0.049,8.059,29.875,984,Transit,2014
Kepler-1619 b,Kepler-1619,,,1,734.85,285.7036,44.42215,,5852,1,1,,,23.62259,,0.76,,,Transit,2016
Kepler-1620 b,Kepler-1620,,,1,895.069,297.2709,46.92847,,6157,1.23,1.15,,,101.95183,,1.61,,,Transit,2016
Kepler-1967 b,Kepler-1967,,,1,249.102,299.13763,43.49847,,4970,1.806,0.996,,,7.28169,,0.73,,,Transit,2021
Kepler-1968 b,Kepler-1968,,,1,750.93,291.50803,45.37009,,5008,0.788,0.844,,,7.2811,,1.5,,,Transit,2021
Kepler-442 b,Kepler-442,,,1,365.965,285.3666,39.28007,,4402,0.598,0.609,-0.932,0.409,112.3053,0.04,1.34,,,Transit,2015
Kepler-1725 b,Kepler-1725,,,1,558.652,294.37355,40.19463,,6020,1.085,1.049,,,16.7199,,2.813,,,Transit,2021
Kepler-443 b,Kepler-443,,,1,802.271,288.61048,49.96855,,4723,0.706,0.738,-0.664,0.495,177.6693,0.11,2.33,,,Transit,2015
Kepler-1621 b,Kepler-1621,,,1,1631.66,297.58853,43.84119,,6158,1.24,1.15,,,92.26371,,2.16,,,Transit,2016
Kepler-1969 b,Kepler-1969,,,1,1204.54,294.78427,49.49206,,6046,1.007,1.111,,,6.64752,,1.682,,,Transit,2021
Kepler-692 b,Kepler-692,,,1,991.336,294.77681,40.1537,,5440,0.86,0.9,,,21.81293,,3.11,,,Transit,2016
Kepler-1622 b,Kepler-1622,,,1,796.477,297.32883,47.81546,,6436,1.5,1.31,,,10.81187,,1.47,,,Transit,2016
Kepler-1705 b,Kepler-1705,,,1,1633.49,301.57853,44.31216,,6312,1.259,1.139,0.3541,,9.03502,0.033,2.03,4.47,,Transit,2021
KOI-4777.01,KOI-4777,,,1,172.245,287.26215,42.03223,,3515,0.4,0.41,,0.008,0.412,0,0.51,99.2,1180,Transit,2022
Kepler-10 c,Kepler-10,,,1,185.506,285.6793,50.24148,,5708,1.065,0.91,,0.241,45.2943,0.136,2.355,11.29,579,Transit,2011
Kepler-1623 b,Kepler-1623,,,1,837.481,294.0827,39.55607,,5772,1,1,,,4.36128,,1.31,,,Transit,2016
Kepler-199 b,Kepler-199,,,1,521.054,295.55943,40.23625,,5644,0.967,,,0.158,23.6376,,3.11,,,Transit,2014
Kepler-631 b,Kepler-631,,,1,761.966,296.88572,40.22817,,6185,1.33,1.24,,,17.97979,,2.9,,,Transit,2016
Kepler-632 b,Kepler-632,,,1,,297.25261,40.2886,,5322,0.84,0.91,,,30.99661,,2.21,,,Transit,2016
Kepler-1988 b,Kepler-1988,,,1,513.426,298.6738,43.79551,,6033,1.788,1.127,,0.1038,11.495,0,1.53,,1105,Transit,2023
Kepler-693 b,Kepler-693,,,2,1151.51,283.25353,40.35822,,4881,0.72,0.76,,,15.37563,,10.18,,,Transit,2016
KOI-94 e,KOI-94,,,2,477.052,297.33307,41.89112,,6182,1.52,1.277,0.479,0.3046,54.32031,0.019,6.56,35,584,Transit,2013
Kepler-237 c,Kepler-237,,,1,657.822,283.22134,40.42176,,4861,0.725,,,0.071,8.10364,,2.08,,,Transit,2014
Kepler-1442 b,Kepler-1442,,,1,608.68,291.25562,48.84692,,6394,1.44,1.34,,,81.41629,,3.93,,,Transit,2016
Kepler-694 b,Kepler-694,,,1,1023.06,291.14953,40.42046,,5700,0.95,0.97,,,6.36584,,2.8,,,Transit,2016
Kepler-1912 b,Kepler-1912,,,1,297.017,282.11782,46.22395,,5734,0.962,0.977,,,6.05922,,1.357,,,Transit,2021
Kepler-450 d,Kepler-450,,,1,455.982,295.48658,51.01352,,6197,1.642,1.19,0.554,,7.51464,0.14,0.837,,,Transit,2015
Kepler-1443 b,Kepler-1443,,,1,593.646,283.43574,47.0668,,6289,1.27,1.19,,,2.41811,,0.97,,,Transit,2016
Kepler-1444 b,Kepler-1444,,,1,319.675,285.33068,42.0405,,5810,1.05,1.03,,,33.42035,,2.18,,,Transit,2016
Kepler-1445 b,Kepler-1445,,,1,506.357,280.24952,43.91507,,6150,1.26,1.13,,,10.60052,,0.96,,,Transit,2016
Kepler-1446 b,Kepler-1446,,,1,152.075,289.42404,46.72608,,4865,0.75,0.81,,,0.68997,,0.82,,,Transit,2016
Kepler-437 b,Kepler-437,,,1,,297.34733,44.02692,,4551,0.68,0.707,-0.762,0.288,66.65062,0.02,2.14,,,Transit,2015
Kepler-271 d,Kepler-271,,,1,404.542,283.00293,44.28411,,5555,0.87,0.9,,,5.24973,,0.66,,,Transit,2016
Kepler-1447 b,Kepler-1447,,,1,890.296,289.64343,50.72702,,5722,0.95,0.97,,,56.67473,,2.9,,,Transit,2016
Kepler-1448 b,Kepler-1448,,,1,768.903,287.86741,50.59558,,5774,0.93,0.95,,,12.27066,,1.61,,,Transit,2016
Kepler-1449 b,Kepler-1449,,,1,2006.48,288.23173,50.56783,,5979,1.1,1.08,,,13.22745,,1.68,,,Transit,2016
Kepler-580 b,Kepler-580,,,1,323.899,283.49975,40.55281,,4298,0.64,0.67,,,8.22242,,2.57,,,Transit,2016
Kepler-1450 b,Kepler-1450,,,1,505.829,294.55368,45.0813,,4524,0.68,0.71,,,54.50942,,1.71,,,Transit,2016
Kepler-1913 b,Kepler-1913,,,1,876.3,290.21669,44.77959,,6214,1.076,1.169,,,14.196,,1.519,,,Transit,2021
Kepler-1986 b,Kepler-1986,,,1,912.085,292.95827,42.85489,,5549,0.732,0.776,,0.1307,19.54897,0,1.89,,579,Transit,2023
Kepler-79 b,Kepler-79,,,1,1020.72,300.51711,44.38155,,6174,1.302,1.165,0.342,0.117,13.4845,0.015,3.47,10.9,,Transit,2012
Kepler-150 c,Kepler-150,,,1,891.092,288.2341,40.5209,,5560,0.939,,,0.073,7.382,,3.69,,,Transit,2014
Kepler-1451 b,Kepler-1451,,,1,1058.72,293.44642,40.40988,,5782,0.99,1,,,35.62223,,3.35,,,Transit,2016
Kepler-1452 b,Kepler-1452,,,1,996.32,292.42279,38.26628,,6101,2.06,1.41,,,42.91375,,2.7,,,Transit,2016
Kepler-1914 b,Kepler-1914,,,1,1621.56,291.4314,38.65436,,5982,0.96,1.047,,,30.8279,,2.943,,,Transit,2021
Kepler-1453 b,Kepler-1453,,,1,1196.04,286.1255,47.94756,,5665,0.94,0.97,,,47.16117,,2.67,,,Transit,2016
Kepler-1455 b,Kepler-1455,,,1,357.621,294.08307,50.50276,,4075,0.6,0.62,,,49.27676,,2.16,,,Transit,2016
Kepler-438 b,Kepler-438,,,1,,281.64572,41.95107,,3748,0.52,0.544,-1.357,0.166,35.23319,0.03,1.12,,,Transit,2015
Kepler-1456 b,Kepler-1456,,,1,370.312,286.94534,43.8228,,4231,0.62,0.64,,,18.13738,,1.14,,,Transit,2016
Kepler-1457 b,Kepler-1457,,,1,889.885,283.77055,42.0272,,5866,1.01,1.01,,,51.11102,,1.99,,,Transit,2016
Kepler-1458 b,Kepler-1458,,,1,544.45,283.2116,41.03801,,5653,0.94,0.96,,,47.98728,,2.76,,,Transit,2016
Kepler-53 b,Kepler-53,,,1,1366.07,290.46179,40.5625,,5858,0.89,0.98,,,18.64895,,2.89,111,,Transit,2012
Kepler-1459 b,Kepler-1459,,,1,455.479,282.42294,46.01398,,4828,0.74,0.78,,,62.86916,,1.36,,,Transit,2016
Kepler-1460 b,Kepler-1460,,,1,553.218,285.55779,44.01082,,4422,0.67,0.7,,,29.96332,,1.96,,,Transit,2016
Kepler-274 b,Kepler-274,,,1,1333.62,292.92279,38.47722,,6023,1.007,,,0.101,11.63479,,1.54,,,Transit,2014
Kepler-428 b,Kepler-428,,,1,686.284,290.58174,40.57731,K1 V,5150,0.8,0.87,-0.39,0.0433,3.52563,0.22,12.11,403.63,1070,Transit,2014
Kepler-1461 b,Kepler-1461,,,1,679.106,285.83051,43.19838,,4919,0.74,0.79,,,29.34948,,2.03,,,Transit,2016
Kepler-1462 b,Kepler-1462,,,1,1017.82,296.39754,42.39693,,5756,1,1,,,65.64883,,3.82,,,Transit,2016
Kepler-1463 b,Kepler-1463,,,1,1687.47,294.48728,42.00691,,5679,0.95,0.96,,,25.15864,,1.86,,,Transit,2016
Kepler-1464 b,Kepler-1464,,,1,1151.73,287.23568,38.75408,,5828,1.01,1.02,,,31.77859,,1.66,,,Transit,2016
Kepler-274 c,Kepler-274,,,1,1333.62,292.92279,38.47722,,6023,1.007,,,0.204,33.19786,,1.84,,,Transit,2014
Kepler-1464 c,Kepler-1464,,,1,1151.73,287.23568,38.75408,,5828,1.01,1.02,,,5.32786,,1,,,Transit,2016
Kepler-1465 b,Kepler-1465,,,1,359.497,289.81942,51.90485,,4726,0.71,0.75,,,31.82771,,1.77,,,Transit,2016
Kepler-1466 b,Kepler-1466,,,1,631.949,289.83124,44.60984,,5884,1.02,1.01,,,31.17504,,1.55,,,Transit,2016
Kepler-1467 b,Kepler-1467,,,1,852.888,295.04854,45.34268,,5332,0.82,0.86,,,47.0569,,3.3,,,Transit,2016
Kepler-1915 b,Kepler-1915,,,1,1514.66,301.27869,44.25051,,6020,1.057,1.03,,,13.8354,,3.218,,,Transit,2021
Kepler-1468 d,Kepler-1468,,,1,1899.24,293.51983,41.27737,,5794,1.496,1.072,,,19.5906,,3.332,,,Transit,2021
Kepler-1468 b,Kepler-1468,,,1,1899.24,293.51983,41.27737,,5893,1.05,1.04,,,8.23985,,1.73,,,Transit,2016
Kepler-1468 c,Kepler-1468,,,1,1899.24,293.51983,41.27737,,5893,1.05,1.04,,,3.54553,,1.15,,,Transit,2016
Kepler-1469 b,Kepler-1469,,,1,1159.3,293.82133,39.39134,,5507,0.89,0.92,,,21.86353,,2.8,,,Transit,2016
Kepler-633 b,Kepler-633,,,1,680.54,295.21733,40.59216,,5899,1.15,1.02,,,8.50341,,1.63,,,Transit,2016
Kepler-296 f,Kepler-296,,,2,,286.54003,49.43726,,3740,0.48,0.498,,0.255,63.33627,0.33,1.8,,,Transit,2014
Kepler-1470 b,Kepler-1470,,,1,590.601,288.69495,39.88308,,4961,0.76,0.8,,,16.29509,,1.07,,,Transit,2016
Kepler-1916 b,Kepler-1916,,,1,2055.82,293.07058,48.38768,,6246,1.092,1.18,,,31.2543,,2.618,,,Transit,2021
Kepler-132 e,Kepler-132,,,2,349.549,283.23581,41.34304,,6023,1.1,1.03,,,110.28694,,1.18,,,Transit,2016
Kepler-880 c,Kepler-880,,,1,601.324,281.97123,43.67278,,6900,2.599,1.714,,0.1216,11.80617,0,2.87,,1407,Transit,2023
Kepler-1471 c,Kepler-1471,,,1,978.678,289.66492,50.02006,,5533,1.166,0.934,,0.0981,11.60449,0,1.88,,841,Transit,2023
Kepler-1471 b,Kepler-1471,,,1,978.678,289.66492,50.02006,,5660,0.93,0.95,,,3.63899,,1.41,,,Transit,2016
Kepler-1472 b,Kepler-1472,,,1,1479.14,294.85262,49.05745,,6159,1.25,1.16,,,38.13128,,1.9,,,Transit,2016
Kepler-1473 b,Kepler-1473,,,1,652.253,290.63651,48.99615,,6046,1.09,1.09,,,14.42736,,1.19,,,Transit,2016
Kepler-1917 b,Kepler-1917,,,1,909.037,294.10389,45.00135,,5530,0.788,0.882,,,12.9024,,1.89,,,Transit,2021
Kepler-1474 b,Kepler-1474,,,1,1180.9,294.69403,45.86681,,5870,1.04,1.04,,,36.43335,,2.16,,,Transit,2016
Kepler-238 e,Kepler-238,,,1,1798.75,287.89711,40.63781,,,0.96,1.06,,,23.654,,5.6,169.7,,Transit,2013
Kepler-1475 b,Kepler-1475,,,1,1568.38,295.94828,44.7531,,6214,1.28,1.18,,,82.17737,,2.92,,,Transit,2016
Kepler-1476 b,Kepler-1476,,,1,1002.74,284.53207,43.9899,,5663,0.96,0.98,,,10.35863,,1.67,,,Transit,2016
Kepler-1477 b,Kepler-1477,,,1,680.828,281.29853,42.68567,,5100,0.78,0.81,,,11.5553,,1.18,,,Transit,2016
Kepler-1478 b,Kepler-1478,,,1,1845.58,293.16501,41.74618,,5904,1.06,1.04,,,26.08406,,1.73,,,Transit,2016
Kepler-1696 b,Kepler-1696,,,1,1506.36,295.5761,42.02336,,5712,1.198,1.02,0.1388,,65.9409,,2.81,,,Transit,2020
Kepler-1479 b,Kepler-1479,,,1,728.668,285.712,49.70676,,5796,0.98,0.99,,,14.53261,,1.83,,,Transit,2016
Kepler-1480 b,Kepler-1480,,,2,500.892,291.99981,49.30183,,5156,0.81,0.85,,,22.1268,,1.67,,,Transit,2016
Kepler-1481 b,Kepler-1481,,,1,459.076,289.43901,49.73122,,4908,0.75,0.8,,,5.94221,,1.23,,,Transit,2016
Kepler-1997 b,Kepler-1997,,,1,1502.34,297.48083,46.58914,,6215,1.052,1.111,,0.1815,26.75759,0,2.28,,660,Transit,2023
Kepler-1483 b,Kepler-1483,,,1,1273.78,295.40974,42.15079,,6337,1.4,1.25,,,9.50852,,1.52,,,Transit,2016
Kepler-1918 b,Kepler-1918,,,1,1030.11,292.53055,42.21458,,5889,0.924,0.967,,,47.0564,,2.298,,,Transit,2021
Kepler-545 b,Kepler-545,,,1,818.001,290.56632,40.69208,,5882,1.07,1.04,,,13.24934,,2.69,,,Transit,2016
Kepler-1484 b,Kepler-1484,,,1,2879.83,292.68427,38.12626,,5730,0.92,0.94,,,30.45491,,2.11,,,Transit,2016
Kepler-1919 b,Kepler-1919,,,1,1177.53,283.13192,43.956,,5513,0.818,0.868,,,37.8866,,2.624,,,Transit,2021
Kepler-312 b,Kepler-312,,,1,797.72,298.39577,42.45977,,6115,1.467,,,0.031,1.77242,,1.29,,,Transit,2014
Kepler-1485 b,Kepler-1485,,,1,615.66,298.09544,44.73706,,6087,1.12,1.11,,,19.91577,,1.47,,,Transit,2016
Kepler-1486 b,Kepler-1486,,,1,1769.14,290.59039,45.4397,,5965,1.12,1.08,,,54.64958,,2.32,,,Transit,2016
Kepler-920 c,Kepler-920,,,1,1001.68,284.29694,49.1586,,5403,0.85,0.89,,,100.82741,,3.8,,,Transit,2016
Kepler-239 b,Kepler-239,,,1,648.109,294.20205,40.66333,,4914,0.763,,,0.095,11.76305,,2.33,,,Transit,2014
Kepler-1487 b,Kepler-1487,,,1,1014.62,295.49807,38.64445,,6541,1.63,1.38,,,7.31946,,2.13,,,Transit,2016
Kepler-1487 c,Kepler-1487,,,1,1014.62,295.49807,38.64445,,5745,3.955,1.801,,0.2588,35.80071,0,7.97,,991,Transit,2023
Kepler-1984 b,Kepler-1984,,,1,,291.28504,40.73002,,3638,0.42,0.45,,0.0238,1.99281,0,6.81,,675,Transit,2023
Kepler-581 b,Kepler-581,,,1,703.758,295.43266,40.64819,,5772,1,1,,,40.60698,,2.63,,,Transit,2016
Kepler-1488 b,Kepler-1488,,,1,905.825,286.64643,49.93777,,5820,1.31,1.05,,,39.81899,,1.86,,,Transit,2016
Kepler-1488 c,Kepler-1488,,,1,905.825,286.64643,49.93777,,5710,1.524,1.003,,,6.15827,,1.652,,,Transit,2021
Kepler-1489 b,Kepler-1489,,,1,1283.05,281.2958,44.46541,,5655,0.9,0.93,,,82.29475,,1.77,,,Transit,2016
Kepler-1490 b,Kepler-1490,,,1,862.92,295.69357,42.60945,,5515,0.87,0.9,,,92.4363,,3.04,,,Transit,2016
Kepler-1491 b,Kepler-1491,,,1,2065.59,293.62976,45.74063,,5728,0.99,1,,,16.58618,,1.51,,,Transit,2016
Kepler-1492 b,Kepler-1492,,,1,331.553,288.59707,41.03633,,4712,0.72,0.77,,,16.75255,,1.49,,,Transit,2016
Kepler-1493 b,Kepler-1493,,,1,555.051,288.54937,38.5652,,5863,1.29,1.06,,,15.0218,,1.41,,,Transit,2016
Kepler-1494 b,Kepler-1494,,,1,1285.48,282.65739,43.16253,,5659,0.94,0.96,,,91.08048,,3.07,,,Transit,2016
Kepler-1495 b,Kepler-1495,,,1,1355.54,286.13069,38.77955,,5831,1.04,1.03,,,85.27326,,2.94,,,Transit,2016
Kepler-315 c,Kepler-315,,,1,1160.63,298.0231,43.36348,,5796,1.037,,,0.791,265.46934,,4.15,,,Transit,2014
Kepler-1920 b,Kepler-1920,,,1,885.913,291.06204,38.86329,,6277,1.161,1.239,,,30.2541,,2.954,,,Transit,2021
Kepler-1921 b,Kepler-1921,,,1,928.989,300.31617,45.49533,,6120,2,1.251,,,20.0348,,2.895,,,Transit,2021
Kepler-1921 c,Kepler-1921,,,1,928.989,300.31617,45.49533,,6120,2,1.251,,0.0454,3.15722,0,1.41,,1791,Transit,2023
Kepler-1496 b,Kepler-1496,,,1,1307.66,293.97394,45.35072,,6182,1.27,1.18,,,64.6588,,2.22,,,Transit,2016
Kepler-240 c,Kepler-240,,,1,746.927,291.15876,40.75021,,4985,0.739,,,0.074,7.95353,,2.2,,,Transit,2014
Kepler-1497 b,Kepler-1497,,,1,,296.19615,45.63431,,5675,0.95,0.96,,,8.742,,1.66,,,Transit,2016
Kepler-937 c,Kepler-937,,,1,1571.46,294.16881,46.71462,,6095,1.22,1.15,,,153.34336,,2.67,,,Transit,2016
Kepler-1498 b,Kepler-1498,,,1,,284.77809,44.91675,,5256,0.81,0.86,,,48.05141,,1.33,,,Transit,2016
Kepler-634 b,Kepler-634,,,1,888.027,291.19509,40.70274,,6075,1.24,1.03,,,5.1695,,1.89,,,Transit,2016
Kepler-1499 b,Kepler-1499,,,1,309.869,283.98635,41.65051,,5097,0.78,0.82,,,44.2008,,1.19,,,Transit,2016
Kepler-1500 b,Kepler-1500,,,1,1217.82,288.88347,39.74465,,5845,1,1,,,15.03301,,1.2,,,Transit,2016
Kepler-1501 b,Kepler-1501,,,1,749.06,289.91859,42.00143,,6229,1.3,1.2,,,14.55645,,1.56,,,Transit,2016
Kepler-1502 b,Kepler-1502,,,1,1514.02,296.10793,39.31992,,6666,1.72,1.44,,,41.70836,,3.18,,,Transit,2016
Kepler-1980 b,Kepler-1980,,,1,1709.4,295.16721,38.63704,,5819,0.99,1.049,,0.2049,33.02572,0,2.21,,564,Transit,2023
Kepler-1503 b,Kepler-1503,,,1,1225.57,293.72716,42.80671,,5069,0.74,0.77,,,96.16987,,2.27,,,Transit,2016
Kepler-1710 b,Kepler-1710,,,1,305.193,291.68329,37.75147,,5650,0.899,0.932,,,14.9111,,3.197,,,Transit,2021
Kepler-1504 b,Kepler-1504,,,1,2435.94,289.71199,50.12823,,5393,0.81,0.85,,,82.304,,2.13,,,Transit,2016
Kepler-1505 b,Kepler-1505,,,1,495.148,292.00206,41.78696,,5686,0.86,0.93,,,30.86094,,0.93,,,Transit,2016
Kepler-1506 b,Kepler-1506,,,1,2366.02,290.14988,41.46456,,5676,0.93,0.95,,,14.03292,,1.32,,,Transit,2016
Kepler-1922 b,Kepler-1922,,,1,1344.29,292.33037,37.99707,,5931,0.863,0.953,,,13.2226,,2.291,,,Transit,2021
Kepler-1507 b,Kepler-1507,,,1,320.478,288.56163,46.53612,,5410,0.85,0.89,,,16.05062,,0.84,,,Transit,2016
Kepler-1508 b,Kepler-1508,,,1,1260.28,298.11888,40.37503,,6158,1.22,1.14,,,20.70565,,1.33,,,Transit,2016
Kepler-411 d,Kepler-411,,,2,153.676,287.6057,49.52339,K2 V,,0.82,0.87,,0.279,58.02035,0.128,3.319,15.2,410,Transit,2018
Kepler-1509 b,Kepler-1509,,,1,2002.96,283.79778,46.93101,,5780,0.99,1,,,25.43382,,1.85,,,Transit,2016
Kepler-1923 b,Kepler-1923,,,1,990.838,298.08345,40.34626,,5881,1.294,1.109,,,52.6097,,1.96,,,Transit,2021
Kepler-635 b,Kepler-635,,,1,1141.08,289.77326,40.8007,,6174,1.51,1.33,,,23.44971,,2.64,,,Transit,2016
Kepler-1924 b,Kepler-1924,,,1,1910.77,293.76739,42.82916,,5726,1.285,1.018,,,15.3317,,2.654,,,Transit,2021
Kepler-1510 b,Kepler-1510,,,1,1696.25,298.95914,48.25783,,6200,1.28,1.19,,,84.70392,,3.36,,,Transit,2016
Kepler-159 b,Kepler-159,,,1,373.744,297.0702,40.86873,,4625,0.663,,,0.082,10.13962,,2.38,,,Transit,2014
Kepler-1925 b,Kepler-1925,,,1,1771.31,289.82875,45.10269,,5856,1.092,1.057,,,46.7164,,3.002,,,Transit,2021
Kepler-1511 b,Kepler-1511,,,1,1475.6,288.42119,43.17977,,6064,1.29,1.17,,,23.23828,,1.68,,,Transit,2016
Kepler-1512 b,Kepler-1512,,,1,,289.2745,44.47041,,4372,0.67,0.73,,,20.35973,,1.18,,,Transit,2016
Kepler-953 c,Kepler-953,,,1,258.893,288.97163,44.62465,,5416,0.99,0.95,,,9.10967,,1.19,,,Transit,2016
Kepler-1927 b,Kepler-1927,,,1,1091,296.35461,41.33557,,6056,2.481,1.408,,,73.7504,,3.406,,,Transit,2021
KOI-3503 b,KOI-3503,,,1,887.064,293.15077,41.72915,,6001,1.255,0.858,,,21.185,,1.19,9.2,785,Transit,2021
Kepler-695 b,Kepler-695,,,1,842.947,299.31609,40.82238,,5181,0.8,0.84,,,3.04033,,9.21,,,Transit,2016
Kepler-320 c,Kepler-320,,,1,826.613,293.21352,46.17515,,6435,1.108,,,0.142,17.93494,,1.37,,,Transit,2014
Kepler-546 b,Kepler-546,,,1,1019.65,283.25757,40.99041,,5967,1.15,1.11,,,4.14702,,7,,,Transit,2016
Kepler-320 b,Kepler-320,,,1,826.613,293.21352,46.17515,,6435,1.108,,,0.085,8.37155,,1.14,,,Transit,2014
Kepler-19 b,Kepler-19,,,1,218.562,290.42097,37.85166,,5541,0.859,0.936,,0.0846,9.28699,0.41,2.209,6.1,851,Transit,2011
Kepler-622 b,Kepler-622,,,1,284.761,284.47845,40.93317,,4201,0.61,0.64,,,14.28227,,2.13,,,Transit,2016
Kepler-169 e,Kepler-169,,,1,406.529,285.99992,40.91938,,4997,0.763,,,0.105,13.7671,,2.2,,,Transit,2014
Kepler-967 c,Kepler-967,,,1,568.546,286.55801,38.40524,,5178,0.8,0.84,,,198.71125,,3.65,,,Transit,2016
Kepler-598 b,Kepler-598,,,1,681.086,293.12345,40.9348,,5307,0.86,0.87,,,3.70175,,1.5,,,Transit,2016
KOI-1833 d,Kepler-968,,,1,290.324,285.60259,50.11204,,4413,0.667,0.681,,,7.685,,2.58,11.02,613,Transit,2021
Kepler-968 c,Kepler-968,,,1,290.324,285.60259,50.11204,,4598,0.7,0.76,,,5.7094,,1.69,,,Transit,2016
Kepler-599 b,Kepler-599,,,1,558.517,285.9116,41.06951,,5127,0.79,0.83,,,15.65563,,2.84,,,Transit,2016
Kepler-969 c,Kepler-969,,,1,390.354,288.3725,47.93356,,5214,0.82,0.92,,,1.68293,,0.99,,,Transit,2016
Kepler-328 b,Kepler-328,,,1,2213.19,295.80928,40.00849,,,1.06,1.15,,,34.921,,2.3,28.5,,Transit,2013
Kepler-1665 b,Kepler-1665,,,1,335.515,290.39624,41.03992,,5050,0.778,0.842,-0.4505,,11.9548,,2.839,,,Transit,2020
Kepler-990 c,Kepler-990,,,1,802.163,297.93818,46.88132,,5948,1.08,1.05,,,0.53835,,1.53,,,Transit,2016
Kepler-151 b,Kepler-151,,,1,649.919,292.16279,41.02319,,5460,0.83,,,0.116,15.22896,,3.06,,,Transit,2014
Kepler-27 b,Kepler-27,,,1,1044.36,292.23676,41.08587,,5400,0.59,0.65,,0.118,15.3348,,4,2895.31,,Transit,2011
Kepler-332 c,Kepler-332,,,1,344.19,286.66278,47.41369,,4955,0.72,,,0.114,15.99562,,1.09,,,Transit,2014
Kepler-489 b,Kepler-489,,,1,369.645,290.83324,38.18419,,5014,0.76,0.82,,,17.2763,,7.72,,,Transit,2016
Kepler-241 b,Kepler-241,,,1,,292.91311,41.06098,,4699,0.668,,,0.094,12.71809,,2.33,,,Transit,2014
Kepler-143 b,Kepler-143,,,1,809.467,298.06765,49.41254,,5848,1.359,,,0.127,16.00758,,2.41,,,Transit,2014
Kepler-332 d,Kepler-332,,,1,344.19,286.66278,47.41369,,4955,0.72,,,0.189,34.21154,,1.18,,,Transit,2014
Kepler-335 c,Kepler-335,,,1,1278.97,296.06429,45.4286,,5877,1.854,,,0.356,67.84447,,3.07,,,Transit,2014
Kepler-636 b,Kepler-636,,,2,310.301,293.59206,41.09509,,5203,0.8,0.85,,,16.08066,,4.45,,,Transit,2016
Kepler-1016 c,Kepler-1016,,,1,1402.82,294.61369,45.98463,,5821,1,0.99,,,105.65514,,3.68,,,Transit,2016
Kepler-582 b,Kepler-582,,,1,613.179,297.50372,41.05703,,5564,0.91,0.93,,,18.49236,,3.68,,,Transit,2016
Kepler-340 b,Kepler-340,,,1,808.762,295.93347,40.30055,,6620,1.85,,,0.134,14.84439,,2.53,,,Transit,2014
PH2 b,PH2,,,1,343.863,289.76362,51.96268,,5734,0.949,0.966,-0.0585,0.833,282.52542,0.215,9.337,87.085,295,Transit,2013
Kepler-342 e,Kepler-342,,,1,781.611,292.67805,46.72668,,6366,1.34,1.26,,,1.64422,,0.88,,,Transit,2016
Kepler-696 b,Kepler-696,,,1,1416.44,293.49659,41.13756,,5903,1.08,1.06,,,4.19043,,6.14,,,Transit,2016
Kepler-342 c,Kepler-342,,,1,781.611,292.67805,46.72668,,6175,1.472,,,0.185,26.23414,,1.96,,,Transit,2014
Kepler-1513 b,Kepler-1513,,,1,349.247,289.79176,39.28527,G V,5491,0.95,0.943,-0.129,,160.8842,0.306,8.594,48.31,,Transit,2016
KOI-3680 b,KOI-3680,,,1,921.986,293.28153,45.30966,,5830,0.96,1.01,,0.534,141.24167,0.496,11.097,613.412,347,Transit,2018
Kepler-1514 b,Kepler-1514,,,1,397.292,292.62749,37.86017,,6145,1.289,1.196,0.3284,0.753,217.83184,0.401,12.42,1678.142,388,Transit,2016
Kepler-1514 c,Kepler-1514,,,1,397.292,292.62749,37.86017,,6145,1.289,1.196,0.3284,0.0997,10.51418,0.32,1.176,,1066,Transit,2020
Kepler-1515 b,Kepler-1515,,,1,539.321,290.97391,48.17821,,6511,1.41,1.3,,,214.31142,,9.55,,,Transit,2016
Kepler-200 b,Kepler-200,,,1,665.912,284.40995,41.23749,,5678,0.944,,,0.08,8.5948,,2.13,,,Transit,2014
Kepler-1516 b,Kepler-1516,,,1,1358.95,291.49458,44.52342,,5904,1.07,1.04,,,7.25932,,1.75,,,Transit,2016
Kepler-343 c,Kepler-343,,,1,927.193,291.96066,42.43296,,5807,1.433,,,0.167,23.22182,,2.02,,,Transit,2014
Kepler-201 b,Kepler-201,,,1,636.445,293.62606,41.2728,,6065,1.229,,,0.175,25.67208,,2.46,,,Transit,2014
Kepler-1031 b,Kepler-1031,,,1,682.882,296.08988,48.95541,,6011,1.12,1.09,,,1.22622,,0.87,,,Transit,2016
Kepler-1038 c,Kepler-1038,,,1,584.136,298.97215,44.13235,,5159,0.821,0.868,,,7.12766,,1.416,,,Transit,2021
Kepler-454 b,Kepler-454,,,2,230.869,287.47865,38.22908,,5687,1.066,1.03,,0.09528,10.57375,0.32,2.37,5.4,916,Transit,2015
Kepler-1722 b,Kepler-1722,,,1,772.283,296.66274,41.2612,,5506,0.788,0.876,,,9.17857,,2.867,,,Transit,2021
Kepler-347 c,Kepler-347,,,1,1298.88,289.1996,49.30564,,6088,1.005,,,0.183,27.32087,,1.75,,,Transit,2014
Kepler-202 b,Kepler-202,,,1,285.111,282.97349,41.3218,,4668,0.667,,,0.045,4.06943,,1.63,,,Transit,2014
Kepler-1047 c,Kepler-1047,,,1,817.647,288.64626,50.78896,,5754,1.13,1.08,,,3.18898,,0.99,,,Transit,2016
Kepler-697 b,Kepler-697,,,1,1277.33,283.86439,41.34639,,5513,0.88,0.92,,,3.70987,,4.13,,,Transit,2016
Kepler-1517 b,Kepler-1517,,,1,847.299,287.80721,43.1888,,7010,1.95,1.58,,,5.54608,,9.76,,,Transit,2016
Kepler-698 b,Kepler-698,,,1,1995.57,288.51,41.30175,,5612,0.91,0.94,,,16.32976,,3.68,,,Transit,2016
Kepler-348 c,Kepler-348,,,1,570.783,297.25508,40.54839,,6177,1.359,,,0.138,17.26543,,1.33,,,Transit,2014
Kepler-203 b,Kepler-203,,,1,703.302,297.08996,41.38807,,5821,1.114,,,0.043,3.1627,,2.57,,,Transit,2014
Kepler-351 d,Kepler-351,,,1,1083.91,286.45279,42.65779,,5225,0.78,0.81,,,142.54425,,2.72,,,Transit,2016
Kepler-1519 b,Kepler-1519,,,1,1441.63,296.66794,49.46178,,5644,0.91,0.94,,,240.79894,,7.06,,,Transit,2016
Kepler-637 b,Kepler-637,,,1,786.091,292.41726,41.41684,,6096,2.56,1.64,,,23.20585,,4.75,,,Transit,2016
Kepler-352 d,Kepler-352,,,1,252.733,299.89662,46.0519,,5208,0.772,0.796,,,6.88728,,0.806,,,Transit,2021
Kepler-700 b,Kepler-700,,,1,1491.76,287.15422,41.56578,,5692,0.96,0.98,,,80.87206,,5.99,,,Transit,2016
KIC 5437945 b,KIC 5437945,,,1,1274.01,288.4749,40.65128,,6340,1.24,1.07,,,440.7813,,6.4,,,Transit,2015
Kepler-1520 b,Kepler-1520,,,1,607.917,290.96621,51.50477,,4677,0.71,0.76,,,0.65355,,5.77,,,Transit,2016
Kepler-1065 c,Kepler-1065,,,1,1122.48,294.51132,38.79046,,5635,0.93,0.94,,,2.37031,,1.6,,,Transit,2016
Kepler-170 b,Kepler-170,,,1,738.657,284.5212,41.62966,,5679,1.035,,,0.08,7.93059,,3.2,,,Transit,2014
Kepler-1067 b,Kepler-1067,,,1,667.693,285.38737,45.04903,,5592,0.93,0.95,,,0.76213,,0.8,,,Transit,2016
Kepler-638 b,Kepler-638,,,1,991.214,284.91942,41.61721,,5382,0.93,0.88,,,6.07973,,1.83,,,Transit,2016
Kepler-154 b,Kepler-154,,,1,915.212,289.78054,49.89656,,5690,1.001,,,0.198,33.04053,,2.26,,,Transit,2014
Kepler-1073 c,Kepler-1073,,,1,809.897,294.15273,38.23309,,5792,1,1,,,4.02582,,1.64,,,Transit,2016
Kepler-701 b,Kepler-701,,,1,774.152,288.99418,41.63331,,5343,0.84,0.88,,,10.35533,,2.84,,,Transit,2016
Kepler-1521 b,Kepler-1521,,,1,206.983,292.69038,37.83505,,5042,0.76,0.81,,,47.14841,,2.5,,,Transit,2016
Kepler-1073 d,Kepler-1073,,,1,809.897,294.15273,38.23309,,5509,1.116,0.924,,,2.50476,,1.488,,,Transit,2021
Kepler-557 b,Kepler-557,,,1,2097.12,293.70842,41.61511,,6068,1.16,1.11,,,3.70599,,2.67,,,Transit,2016
Kepler-1522 b,Kepler-1522,,,1,814.125,289.84323,52.07021,,5706,0.93,0.96,,,1.84789,,1.73,,,Transit,2016
Kepler-702 b,Kepler-702,,,1,992.071,293.8781,41.66172,,5419,0.86,0.9,,,10.52629,,9.17,,,Transit,2016
Kepler-1698 b,Kepler-1698,,,1,222.345,293.34502,39.25775,,4975,0.742,0.822,-0.5177,,1.2107,,1.073,,,Transit,2020
Kepler-2001 b,Kepler-2001,,,1,776.55,291.65946,50.58386,,5081,0.77,0.864,,0.0197,1.09001,0,1.04,,1402,Transit,2023
Kepler-1523 b,Kepler-1523,,,1,865.596,296.05407,45.82704,,5708,0.96,0.97,,,0.93875,,1.58,,,Transit,2016
Kepler-204 b,Kepler-204,,,1,686.723,285.34716,41.76185,,5812,1.238,,,0.117,14.40097,,2.53,,,Transit,2014
Kepler-1085 b,Kepler-1085,,,1,1364.53,287.47764,46.14117,,6000,1.14,1.11,,,219.32175,,7.22,,,Transit,2016
Kepler-1928 b,Kepler-1928,,,1,326.362,290.44063,38.52357,,5720,0.92,1.01,-0.0915,0.194,19.57783,0.43,1.992,,,Transit,2021
Kepler-1524 b,Kepler-1524,,,1,381.773,293.88536,39.51983,,6179,1.25,1.17,,,70.96746,,3.54,,,Transit,2016
Kepler-639 b,Kepler-639,,,1,850.242,292.18683,41.72694,,5896,1.29,1.14,,,10.2142,,2.38,,,Transit,2016
Kepler-1086 c,Kepler-1086,,,2,466.084,295.25119,45.84295,,4350,0.66,0.7,,,161.51633,,2.94,,,Transit,2016
Kepler-171 b,Kepler-171,,,1,863.855,296.77191,41.7556,,5642,0.839,,,0.05,4.16697,,2.34,,,Transit,2014
Kepler-1525 b,Kepler-1525,,,1,382.989,290.55945,49.94286,,5748,1.04,1.07,,,2.4166,,0.91,,,Transit,2016
Kepler-1526 b,Kepler-1526,,,1,555.574,285.11973,38.86646,,4601,0.69,0.73,,,3.90863,,2.43,,,Transit,2016
Kepler-359 d,Kepler-359,,,1,1443.21,293.29361,42.19635,,6248,1.086,,,0.372,77.09569,,4.01,,,Transit,2014
Kepler-703 b,Kepler-703,,,1,1156.83,299.18686,41.7427,,6185,1.27,1.18,,,4.58352,,8.2,,,Transit,2016
Kepler-1527 b,Kepler-1527,,,1,1842.13,297.41445,46.06081,,6224,1.32,1.21,,,160.12992,,4.77,,,Transit,2016
Kepler-704 b,Kepler-704,,,1,1228.83,283.31637,41.83709,,5616,0.96,0.97,,,3.76182,,2.61,,,Transit,2016
Kepler-1929 b,Kepler-1929,,,1,508.201,299.58334,47.44812,,5786,1.471,1.006,,,59.3625,,3.073,,,Transit,2021
Kepler-1528 b,Kepler-1528,,,1,817.534,287.40299,46.57401,,5857,1.03,1.03,,,1.79111,,1.46,,,Transit,2016
Kepler-1529 b,Kepler-1529,,,1,661.014,289.87075,41.04075,,5048,0.77,0.81,,,5.33906,,2.1,,,Transit,2016
Kepler-172 b,Kepler-172,,,1,828.592,283.36841,41.82184,,5526,1.085,,,0.04,2.94031,,2.35,,,Transit,2014
Kepler-154 e,Kepler-154,,,1,915.212,289.78054,49.89656,,5769,0.98,0.98,,,3.93276,,1.5,,,Transit,2016
Kepler-1090 b,Kepler-1090,,,1,858.77,295.6629,44.52582,,5321,0.82,0.86,,,198.68018,,2.25,,,Transit,2016
Kepler-1530 d,Kepler-1530,,,1,489.876,288.16244,48.16515,,5678,1.303,1.015,,,9.20761,,3.279,,,Transit,2021
Kepler-1530 b,Kepler-1530,,,1,489.876,288.16244,48.16515,,5477,0.88,0.92,,,2.59044,,1.64,,,Transit,2016
Kepler-1530 c,Kepler-1530,,,1,489.876,288.16244,48.16515,,5477,0.88,0.92,,,5.32274,,1.65,,,Transit,2016
Kepler-1531 b,Kepler-1531,,,1,666.334,285.14662,39.37081,,6260,1.27,1.16,,,1.13854,,1.11,,,Transit,2016
Kepler-1093 c,Kepler-1093,,,1,1072.88,284.97803,41.42021,,6166,1.2,1.13,,,89.72229,,1.96,,,Transit,2016
Kepler-205 b,Kepler-205,,,1,159.72,285.28669,41.86094,,4321,0.546,,,0.032,2.75564,,1.51,,,Transit,2014
Kepler-1699 b,Kepler-1699,,,1,818.759,292.13733,48.91716,,5576,,,,,3.49082,,1.567,,,Transit,2020
Kepler-1532 b,Kepler-1532,,,1,798.246,296.90278,41.19814,,5559,0.88,0.91,,,1.09366,,1.35,,,Transit,2016
Kepler-1930 b,Kepler-1930,,,1,275.694,297.57714,40.02768,,5083,0.844,0.844,,,13.0268,,1.53,,,Transit,2021
Kepler-242 b,Kepler-242,,,1,600.241,286.56569,41.80842,,5020,0.85,,,0.075,8.20395,,2.61,,,Transit,2014
Kepler-1931 b,Kepler-1931,,,1,620.091,290.87231,43.33301,,6167,1.221,1.174,,,38.5761,,2.653,,,Transit,2021
Kepler-1533 b,Kepler-1533,,,1,966.801,295.97556,44.71337,,6431,1.51,1.31,,,308.5471,,3.46,,,Transit,2016
Kepler-705 b,Kepler-705,,,1,276.881,289.50856,41.81202,,3722,0.51,0.53,,,56.05605,,2.11,,,Transit,2016
Kepler-361 b,Kepler-361,,,1,930.32,296.80341,46.7411,,6169,1.343,,,0.086,8.48662,,1.45,,,Transit,2014
Kepler-206 c,Kepler-206,,,1,594.447,291.63466,41.83384,,5764,1.185,,,0.111,13.13747,,1.77,,,Transit,2014
Kepler-362 b,Kepler-362,,,1,1090.51,291.7716,47.52992,,5788,0.722,,,0.087,10.32719,,0.88,,,Transit,2014
Kepler-1535 b,Kepler-1535,,,1,897.733,286.61368,38.89195,,6021,1.11,1.08,,,138.9442,,2.55,,,Transit,2016
Kepler-173 c,Kepler-173,,,1,833.165,294.64662,41.8841,,6031,0.949,,,0.074,8.00578,,2.43,,,Transit,2014
Kepler-467 b,Kepler-467,,,1,466.265,287.36291,38.64973,,5809,1.37,1.05,,,24.99324,,2.25,,,Transit,2016
Kepler-539 b,Kepler-539,,,1,307.318,299.12246,41.8668,G2 V,5820,0.952,1.048,,0.4988,125.63243,0.39,8.373,308.295,388,Transit,2016
Kepler-1536 b,Kepler-1536,,,1,387.248,291.58526,45.71587,,4434,0.67,0.71,,,364.75803,,3.14,,,Transit,2016
Kepler-1126 c,Kepler-1126,,,1,635.736,285.69196,45.6894,,5678,0.921,0.794,,0.6193,199.66876,0,1.45,,305,Transit,2023
Kepler-600 b,Kepler-600,,,1,619.723,283.83306,41.97864,,5279,0.81,0.84,,,23.67518,,2.9,,,Transit,2016
Kepler-1537 b,Kepler-1537,,,1,517.292,294.38539,43.82545,,5079,0.77,0.81,,,1.44445,,1.18,,,Transit,2016
Kepler-365 c,Kepler-365,,,1,1038.99,295.62656,49.13041,,6012,1.048,,,0.137,17.78413,,1.64,,,Transit,2014
Kepler-152 b,Kepler-152,,,1,441.09,286.86538,41.98896,,5088,0.724,,,0.124,18.20797,,2.79,,,Transit,2014
Kepler-1129 c,Kepler-1129,,,1,1183.88,291.6045,41.30933,,5831,1,1,,,76.53696,,2.73,,,Transit,2016
Kepler-1932 b,Kepler-1932,,,1,713.733,285.33149,41.06384,,5278,0.815,0.911,,,0.52418,,1.515,,,Transit,2021
Kepler-1933 b,Kepler-1933,,,1,328.007,283.99509,39.91701,,5661,1.008,0.964,,,4.94329,,1.18,,,Transit,2021
Kepler-439 b,Kepler-439,,,1,757.048,280.80152,44.03397,,5431,0.866,0.884,-0.236,0.563,178.1396,0.03,2.24,,,Transit,2015
Kepler-1801 c,Kepler-1801,,,1,839.332,295.16401,39.2014,,5738,0.981,0.936,,0.4572,116.58318,0,2.91,,371,Transit,2023
Kepler-1538 b,Kepler-1538,,,1,1125.3,283.34561,45.27436,,5837,1.03,1.03,,,175.13882,,2.82,,,Transit,2016
Kepler-1700 b,Kepler-1700,,,1,717.597,286.94974,45.35376,,6031,1.094,1.12,0.154,,234.239,,2.901,,,Transit,2020
Kepler-1539 b,Kepler-1539,,,1,748.326,284.21946,44.26851,,5176,0.8,0.84,,,133.30367,,2.7,,,Transit,2016
Kepler-1540 b,Kepler-1540,,,2,244.96,283.34456,41.20175,,4540,0.69,0.74,,,125.41312,,2.49,,,Transit,2016
KOI-1783.02,KOI-1783,,,1,865.73,289.34146,46.98815,,5922,1.143,1.076,,,284.215,0,5.44,15,,Transit,2020
Kepler-196 b,Kepler-196,,,1,451.312,284.96851,42.07912,,5128,0.782,,,0.138,20.73989,,1.9,,,Transit,2014
Kepler-243 b,Kepler-243,,,1,693.86,285.11048,42.03396,,5228,0.842,,,0.062,5.71544,,2.45,,,Transit,2014
Kepler-1409 b,Kepler-1409,,,1,694.89,290.08474,51.20861,,5160,0.79,0.83,,,0.76486,,1.04,,,Transit,2016
Kepler-1899 b,Kepler-1899,,,1,711.509,292.03338,37.97446,,4791,0.742,0.759,,,4.09578,,1.551,,,Transit,2021
KOI-351 e,KOI-351,,,1,848.254,284.43346,49.30512,,6080,1.2,1.2,,0.42,91.93913,,2.66,,,Transit,2013
Kepler-1904 b,Kepler-1904,,,1,270.854,288.8744,51.15422,,3805,0.497,0.526,,,4.57702,,1.39,,,Transit,2021
Kepler-1425 b,Kepler-1425,,,1,863.873,294.95104,43.01243,,5718,0.95,0.97,,,14.45413,,0.94,,,Transit,2016
Kepler-296 e,Kepler-296,,,2,,286.54003,49.43726,,3740,0.48,0.498,,0.169,34.14211,0.33,1.53,,,Transit,2014
Kepler-1649 b,Kepler-1649,,,1,92.191,292.50297,41.82999,,3240,0.232,0.198,-2.2873,,8.6891,,1.017,,307,Transit,2017
Kepler-601 b,Kepler-601,,,1,414.825,282.00469,42.17647,,5160,0.79,0.85,,,5.37887,,1.9,,,Transit,2016
KOI-351 c,KOI-351,,,1,848.254,284.43346,49.30512,,6080,1.2,1.2,,0.089,8.71937,,1.19,,,Transit,2013
KOI-351 b,KOI-351,,,1,848.254,284.43346,49.30512,,6080,1.2,1.2,,0.074,7.00815,,1.31,,,Transit,2013
KOI-1599.02,KOI-1599,,,1,1131.64,298.37384,40.61845,,,0.972,1.02,,0.11229,13.6088,0.011,1.9,9,,Transit,2019
Kepler-1350 c,Kepler-1350,,,1,340.691,288.25061,46.67948,,3827,0.53,0.55,,,1.76679,,1.73,,,Transit,2016
Kepler-529 d,Kepler-529,,,1,799.008,285.88841,47.88036,,6078,1.189,1.005,,,35.8662,,2.795,,,Transit,2021
Kepler-607 b,Kepler-607,,,1,519.122,291.05715,44.63231,,5196,0.8,0.84,,,0.63816,,0.87,,,Transit,2016
KOI-351 f,KOI-351,,,1,848.254,284.43346,49.30512,,6080,1.2,1.2,,0.48,124.9144,,2.88,,,Transit,2013
Kepler-354 c,Kepler-354,,,1,554.064,285.75153,41.33567,,4648,0.674,,,0.115,16.9344,,1.31,,,Transit,2014
Kepler-389 c,Kepler-389,,,1,816.559,291.96001,44.90006,,5376,0.792,,,0.11,14.51143,,1.46,,,Transit,2014
Kepler-1454 b,Kepler-1454,,,1,780.566,284.22333,48.83172,,5448,0.86,0.9,,,47.03195,,1.88,,,Transit,2016
Kepler-1697 b,Kepler-1697,,,1,247.771,287.66333,43.47138,,4682,0.772,0.747,-0.5881,,33.4969,,1.26,,,Transit,2020
Kepler-1926 b,Kepler-1926,,,1,667.405,291.19879,44.1662,,5256,0.832,0.768,,,42.8777,,2.315,,,Transit,2021
Kepler-460 c,KIC 5437945,,,1,1274.01,288.4749,40.65128,,6146,1.26,1.17,,,220.13034,,5.52,,,Transit,2016
Kepler-707 b,Kepler-707,,,1,591.776,290.00756,42.11647,,5099,0.76,0.8,,,2.23749,,1.33,,,Transit,2016
Kepler-1624 b,Kepler-1624,,,1,258.979,292.57986,37.37626,M V,3768,0.552,0.541,,,3.29031,,6.59,,,Transit,2016
Kepler-207 d,Kepler-207,,,1,875.519,290.03052,42.16606,,5920,1.588,,,0.068,5.86808,,3.31,,,Transit,2014
Kepler-602 b,Kepler-602,,,1,1159.31,296.0319,42.14186,,6062,1.13,1.08,,,15.28469,,2.09,,,Transit,2016
Kepler-640 b,Kepler-640,,,1,557.787,296.0322,42.13174,,5653,0.94,1.01,,,22.24814,,2.56,,,Transit,2016
Kepler-708 b,Kepler-708,,,1,1394.22,293.81646,42.21252,,5692,0.96,0.97,,,3.16789,,2.93,,,Transit,2016
Kepler-603 b,Kepler-603,,,1,1539.63,294.28097,42.29093,,5808,1.01,1.01,,,21.05359,,2.65,,,Transit,2016
Kepler-583 b,Kepler-583,,,1,867.271,282.11132,42.35455,,5523,0.91,0.94,,,6.51003,,2.28,,,Transit,2016
Kepler-244 b,Kepler-244,,,1,1036.49,287.24264,42.30142,,5554,0.803,,,0.05,4.31179,,2.76,,,Transit,2014
Kepler-709 b,Kepler-709,,,1,664.843,292.10527,42.38031,,5071,0.77,0.8,,,16.08525,,2.92,,,Transit,2016
Kepler-1625 b,Kepler-1625,,,1,2310.11,295.42932,39.88651,,5677,0.94,0.96,,,287.37895,,6.06,,,Transit,2016
Kepler-584 b,Kepler-584,,,1,1848.84,288.23062,42.41362,,6195,1.24,1.17,,,35.18103,,4.21,,,Transit,2016
Kepler-245 b,Kepler-245,,,1,861.527,291.639,42.43635,,5100,0.795,,,0.071,7.49019,,2.57,,,Transit,2014
Kepler-28 b,Kepler-28,,,1,438.359,292.13704,42.42948,,4499,0.664,0.684,,,5.91,,1.959,1.63,,Transit,2011
Kepler-641 b,Kepler-641,,,1,969.918,291.82353,42.51619,,5713,1.13,1.02,,,9.48962,,1.85,,,Transit,2016
Kepler-208 b,Kepler-208,,,1,775.328,293.8902,42.52794,,6092,1.314,,,0.054,4.22864,,1.63,,,Transit,2014
Kepler-1626 b,Kepler-1626,,,1,1368.83,296.50044,40.72121,,6826,1.85,1.51,,,4.13963,,2.02,,,Transit,2016
Kepler-558 b,Kepler-558,,,1,661.876,284.65797,42.65268,,5242,0.81,0.85,,,29.00791,,2.37,,,Transit,2016
Kepler-495 b,Kepler-495,,,1,658.924,285.93074,39.09812,,5346,0.83,0.86,,,3.41304,,5.23,,,Transit,2016
Kepler-46 b,Kepler-46,,,1,777.06,289.26874,42.60418,,5155,0.938,0.902,-0.255,0.1968,33.60134,0.01,9.057,1907,543,Transit,2012
Kepler-209 b,Kepler-209,,,1,576.946,291.16946,42.64073,,5513,0.935,,,0.122,16.08785,,2.26,,,Transit,2014
Kepler-710 b,Kepler-710,,,1,1448.34,291.96413,42.69613,,5611,0.91,0.94,,,4.34729,,1.88,,,Transit,2016
Kepler-604 b,Kepler-604,,,1,1026.49,292.31598,42.62624,,5890,1.03,1.02,,,25.85502,,2.59,,,Transit,2016
Kepler-1627 b,Kepler-1627,,,1,317.437,284.05667,41.57673,,5445,0.84,0.87,,,7.20284,,3.69,,,Transit,2016
Kepler-642 b,Kepler-642,,,1,781.582,293.83455,42.62495,,6570,1.66,1.4,,,4.41746,,2.9,,,Transit,2016
Kepler-246 b,Kepler-246,,,1,626.078,296.4834,42.66338,,5206,0.831,,,0.052,4.60182,,2.34,,,Transit,2014
Kepler-1729 b,Kepler-1729,,,1,576.181,296.69394,42.62611,,3837,0.517,0.544,,,4.22097,,3.894,,,Transit,2021
Kepler-144 b,Kepler-144,,,1,384.917,281.91561,42.77555,,6075,1.235,,,0.066,5.88527,,1.33,,,Transit,2014
Kepler-160 c,Kepler-160,,,1,937.013,287.77357,42.86928,,5471,1.118,,0.0043,0.1192,13.69943,,3.76,,,Transit,2014
Kepler-643 b,Kepler-643,,,1,1063.58,290.32724,42.89823,,4908,2.52,1,,,16.3389,,10.16,,,Transit,2016
Kepler-81 b,Kepler-81,,,1,348.291,293.63694,42.82483,,,0.59,0.64,,,5.955,,2.42,,,Transit,2012
Kepler-711 b,Kepler-711,,,1,624.575,297.46005,42.83982,,5222,0.8,0.84,,,23.58914,,3.41,,,Transit,2016
Kepler-1718 b,Kepler-1718,,,1,375.522,292.23492,42.90946,,5731,0.906,0.846,,,135.188,,2.569,,,Transit,2021
Kepler-82 b,Kepler-82,,,1,904.326,292.87337,42.96616,,,0.898,0.91,,0.1683,26.44,0.003,4.07,12.15,,Transit,2012
Kepler-434 b,Kepler-434,,,1,1222.54,293.58639,42.92886,,5977,1.38,1.198,0.33,0.1143,12.87471,0.131,12.67,908.96,1000,Transit,2015
Kepler-712 b,Kepler-712,,,1,872.493,294.90967,42.9352,,5148,0.78,0.84,,,21.02248,,3.41,,,Transit,2016
Kepler-1628 b,Kepler-1628,,,1,,281.63369,43.41155,,3724,0.52,0.55,,,76.37803,,6.43,,,Transit,2016
Kepler-247 c,Kepler-247,,,1,663.711,288.64256,43.03938,,5100,0.768,,,0.084,9.43945,,4.09,,,Transit,2014
Kepler-1630 b,Kepler-1630,,,1,331.213,297.5083,43.71105,,4736,0.63,0.66,,,509.9974,,2.19,,,Transit,2016
Kepler-161 b,Kepler-161,,,1,434.632,290.51647,43.08386,,5078,0.806,,,0.054,4.92136,,2.12,,,Transit,2014
Kepler-184 b,Kepler-184,,,1,610.326,291.95188,43.07462,,5788,0.873,,,0.092,10.68758,,2.36,,,Transit,2014
Kepler-1631 b,Kepler-1631,,,1,1305.99,294.63258,43.80767,,5679,0.95,0.97,,,4.09514,,1.35,,,Transit,2016
Kepler-1632 b,Kepler-1632,,,1,716.76,294.49488,43.91356,,6137,1.19,1.12,,,448.30356,,2.47,,,Transit,2016
Kepler-210 c,Kepler-210,,,1,232.75,292.50342,43.08322,,4559,0.65,,,0.07,7.97251,,3.62,,,Transit,2014
Kepler-54 b,Kepler-54,,,1,271.701,294.77392,43.0562,,3705,0.5,0.51,,,8.01094,,2.1,,,Transit,2012
Kepler-472 b,Kepler-472,,,1,306.602,296.52452,39.24985,,4996,0.78,0.85,,,4.17626,,3.22,,,Transit,2016
Kepler-713 b,Kepler-713,,,1,1089.87,295.65138,43.02978,,5785,0.99,0.98,,,7.41114,,2.48,,,Transit,2016
Kepler-211 c,Kepler-211,,,1,309.353,285.43912,43.16851,,5123,0.816,,,0.062,6.04045,,1.29,,,Transit,2014
Kepler-212 c,Kepler-212,,,1,687.194,287.62082,43.14162,,5852,1.455,,,0.207,31.80517,,2.74,,,Transit,2014
Kepler-435 b,Kepler-435,,,1,1418.77,292.2873,43.19725,,6161,3.21,1.538,1.129,0.0948,8.60015,0.114,22.31,266.97,1729,Transit,2015
Kepler-714 b,Kepler-714,,,1,2083.37,282.69947,43.27274,,5995,1.12,1.09,,,8.09889,,9.67,,,Transit,2016
Kepler-1633 b,Kepler-1633,,,1,1114.91,288.51517,44.92325,,6256,1.32,1.2,,,186.40427,,1.58,,,Transit,2016
Kepler-605 b,Kepler-605,,,1,556.58,287.2954,43.27987,,5462,0.88,0.91,,,3.38354,,1.44,,,Transit,2016
Kepler-1634 b,Kepler-1634,,,1,617.339,294.0434,45.13982,,5474,0.89,0.92,,,374.87624,,3.19,,,Transit,2016
Kepler-120 b,Kepler-120,,,1,388.63,287.89157,39.3391,,4096,0.534,,,0.055,6.3125,,2.15,,,Transit,2014
Kepler-1635 b,Kepler-1635,,,1,1069.45,285.34905,45.55618,,5347,0.85,0.89,,,469.63111,,3.64,,,Transit,2016
Kepler-715 b,Kepler-715,,,1,1327.44,283.6308,43.37936,,5871,1.04,1.04,,,10.00653,,3.75,,,Transit,2016
Kepler-716 b,Kepler-716,,,1,635.009,290.39318,43.36386,,5099,0.78,0.83,,,10.37168,,2.9,,,Transit,2016
Kepler-717 b,Kepler-717,,,1,2805.48,292.96551,43.34634,,5485,0.85,0.88,,,4.4084,,2.42,,,Transit,2016
Kepler-644 b,Kepler-644,,,1,1318.05,295.4757,43.49311,,6747,1.81,1.49,,,3.17392,,3.15,,,Transit,2016
Kepler-121 b,Kepler-121,,,1,510.523,286.16213,39.67802,,5311,0.701,,,0.039,3.17742,,2.34,,,Transit,2014
Kepler-1636 b,Kepler-1636,,,1,1947.54,294.05757,46.44098,,5797,1.02,1.01,,,425.47785,,3.23,,,Transit,2016
Kepler-248 c,Kepler-248,,,1,738.792,293.06131,43.58136,,5190,0.831,,,0.123,16.23949,,4.07,,,Transit,2014
Kepler-718 b,Kepler-718,,,1,1302.33,299.56187,43.50352,,6191,1.3,1.18,,,2.05235,,16.56,,,Transit,2016
Kepler-83 b,Kepler-83,,,2,400.409,282.23252,43.66557,,,0.61,0.66,,,9.77,,2.83,,,Transit,2012
Kepler-249 c,Kepler-249,,,1,190.401,296.9853,43.6586,,3568,0.482,,,0.058,7.1137,,1.51,,,Transit,2014
Kepler-1730 b,Kepler-1730,,,1,1427.08,281.96058,43.70304,,5942,1.142,1.009,,,13.8102,,4.485,,,Transit,2021
Kepler-162 c,Kepler-162,,,1,855.641,297.27891,43.72397,,5816,0.958,,,0.137,19.44636,,3.03,,,Transit,2014
Kepler-185 c,Kepler-185,,,1,466.735,282.46817,43.88995,,5208,0.806,,,0.139,20.72904,,2.02,,,Transit,2014
Kepler-1637 b,Kepler-1637,,,1,567.187,282.2368,48.1542,,5789,1.02,1.02,,,6.1096,,0.89,,,Transit,2016
Kepler-585 b,Kepler-585,,,1,585.187,286.52849,43.87338,,5593,0.93,0.96,,,2.75236,,2.83,,,Transit,2016
Kepler-174 b,Kepler-174,,,1,384.757,287.43895,43.83201,,4880,0.622,,,0.1,13.98179,,1.96,,,Transit,2014
Kepler-1638 b,Kepler-1638,,,1,1525.52,295.48233,48.52447,,5710,0.95,0.97,,,259.33683,,1.87,,,Transit,2016
Kepler-175 b,Kepler-175,,,1,1312.34,289.55323,43.87612,,6064,1.01,,,0.105,11.90352,,2.56,,,Transit,2014
Kepler-1639 b,Kepler-1639,,,1,1031.31,283.06865,48.80212,,6150,1.18,1.12,,,9.87848,,2.58,,,Transit,2016
Kepler-176 c,Kepler-176,,,1,527.321,294.6679,43.85321,,5232,0.891,,,0.102,12.75971,,2.6,,,Transit,2014
Kepler-719 b,Kepler-719,,,1,2497.51,295.53606,43.88441,,5777,0.98,0.99,,,5.00732,,8.52,,,Transit,2016
Kepler-559 b,Kepler-559,,,1,776.708,296.63689,43.80279,,5630,0.95,0.96,,,17.58752,,3.61,,,Transit,2016
Kepler-186 c,Kepler-186,,,1,177.594,298.65274,43.95499,M1,3788,0.472,0.478,-1.385,0.0451,7.2673,,1.25,,,Transit,2014
Kepler-55 d,Kepler-55,,,1,578.796,285.16833,44.02649,,4503,0.619,,,0.029,2.2111,,1.59,,,Transit,2014
Kepler-645 b,Kepler-645,,,1,1173.57,290.32271,44.03586,,6170,1.21,1.13,,,3.27582,,2.1,,,Transit,2016
Kepler-1989 b,Kepler-1989,,,1,1252.13,290.73519,44.09126,,6032,1.06,0.999,,0.0918,10.16102,0,4.62,,904,Transit,2023
Kepler-187 c,Kepler-187,,,1,1143,299.7965,44.08924,,6105,1.287,,,0.099,10.64026,,2.67,,,Transit,2014
Kepler-250 c,Kepler-250,,,1,760.585,289.59476,44.14181,,5160,0.805,,,0.069,7.1568,,2.28,,,Transit,2014
Kepler-122 c,Kepler-122,,,1,1027.45,291.11186,39.94902,,6050,1.216,,,0.108,12.46599,,5.87,,,Transit,2014
Kepler-251 c,Kepler-251,,,1,924.625,296.56622,44.10581,,5526,0.89,,,0.122,16.51404,,2.77,,,Transit,2014
Kepler-720 b,Kepler-720,,,1,1065.37,298.63565,44.17094,,5618,0.92,0.95,,,4.70833,,8.41,,,Transit,2016
Kepler-188 c,Kepler-188,,,1,968.544,281.27972,44.31547,,6021,1.141,,,0.066,5.99655,,3.19,,,Transit,2014
Kepler-547 b,Kepler-547,,,1,378.972,286.11859,44.34521,,4828,0.73,0.78,,,6.01038,,4,,,Transit,2016
Kepler-189 c,Kepler-189,,,1,591.534,287.56463,44.30507,,5235,0.75,,,0.137,20.13487,,2.38,,,Transit,2014
Kepler-646 b,Kepler-646,,,1,451.794,290.47146,44.38704,,5634,0.91,0.93,,,15.87365,,1.99,,,Transit,2016
Kepler-606 b,Kepler-606,,,1,1215.11,292.42737,44.38124,,6161,1.22,1.13,,,24.31576,,3.31,,,Transit,2016
Kepler-103 b,Kepler-103,,,1,494.832,288.98455,40.06449,G2,6047,1.492,1.212,,0.133,15.96533,0.171,3.486,11.67,,Transit,2014
Kepler-721 b,Kepler-721,,,1,926.598,284.43051,44.48038,,5075,0.78,0.82,,,5.39203,,2.64,,,Transit,2016
Kepler-1981 b,Kepler-1981,,,1,659.395,287.97547,38.7403,,5874,3.006,1.519,,1.3292,453.54212,0,9.23,,390,Transit,2023
Kepler-647 c,Kepler-647,,,1,1087.87,284.7883,44.59162,,5907,1.546,1.07,0.4183,,29.6663,,4.001,,,Transit,2020
Kepler-722 b,Kepler-722,,,1,1239.5,290.26329,44.55641,,5863,1.05,1.03,,,4.09357,,2.63,,,Transit,2016
Kepler-145 c,Kepler-145,,,1,566.85,291.38774,44.52905,,,1.85,1.32,,,42.882,,4.32,79.4,,Transit,2013
Kepler-252 c,Kepler-252,,,1,379.424,295.57933,44.54591,,4208,0.549,,,0.08,10.84846,,2.15,,,Transit,2014
Kepler-1640 b,Kepler-1640,,,1,1859.78,294.55779,40.85049,,6324,1.43,1.27,,,7.58441,,4.82,,,Transit,2016
Kepler-723 b,Kepler-723,,,1,1071.8,284.83044,44.65809,,5539,0.89,0.92,,,4.08228,,12.19,,,Transit,2016
Kepler-1641 b,Kepler-1641,,,1,860.37,296.35946,41.57453,,6152,1.19,1.12,,,19.67227,,3.11,,,Transit,2016
Kepler-1641 c,Kepler-1641,,,1,860.37,296.35946,41.57453,,6152,1.19,1.12,,,32.65721,,2.95,,,Transit,2016
Kepler-213 b,Kepler-213,,,1,634.939,290.82419,44.64728,,5696,1.195,,,0.036,2.46236,,1.62,,,Transit,2014
Kepler-607 c,Kepler-607,,,1,519.122,291.05715,44.63231,,5244,0.888,0.808,,,39.6768,,2.76,,,Transit,2021
Kepler-1642 b,Kepler-1642,,,1,413.873,297.21212,43.64379,,5355,0.84,0.88,,,12.20575,,3.2,,,Transit,2016
Kepler-1642 c,Kepler-1642,,,1,413.873,297.21212,43.64379,,5355,0.84,0.88,,,6.65138,,2.66,,,Transit,2016
Kepler-608 b,Kepler-608,,,1,946.683,293.8829,44.63807,,5820,1.01,1,,,6.41252,,3.64,,,Transit,2016
Kepler-190 b,Kepler-190,,,1,433.387,288.58398,44.73377,,5106,0.795,,,0.03,2.02,,1.56,,,Transit,2014
Kepler-311 d,Kepler-311,,,1,778.654,282.06127,47.0855,,5903,1.156,0.974,,0.7326,232.04033,0,2.05,,327,Transit,2023
Kepler-1643 b,Kepler-1643,,,1,341.774,300.43101,44.75101,,4916,0.855,0.845,,,5.34266,,2.32,,,Transit,2016
Kepler-609 b,Kepler-609,,,1,1065.82,292.2203,44.69999,,5971,1.14,1.09,,,6.52121,,3.35,,,Transit,2016
Kepler-724 b,Kepler-724,,,1,853.119,293.45484,44.79278,,5437,0.86,0.9,,,3.31495,,3.29,,,Transit,2016
Kepler-725 b,Kepler-725,,,1,758.469,283.97749,44.81156,,5395,0.88,0.95,,0.2238,39.64372,0.231,10.8,,514,Transit,2016
Kepler-475 b,Kepler-475,,,1,280.069,287.05169,40.21142,,5009,0.79,0.86,,,3.10551,,2.49,,,Transit,2016
Kepler-540 b,Kepler-540,,,1,390.374,290.625,44.87378,,5946,1.08,1.02,,,172.70498,,2.71,,,Transit,2016
Kepler-1644 b,Kepler-1644,,,1,629.27,285.47505,48.03484,,5499,0.86,0.89,,,21.09078,,1.88,,,Transit,2016
Kepler-1645 b,Kepler-1645,,,1,1202.47,297.47951,48.41858,,5812,1.02,1.02,,,16.17796,,1.78,,,Transit,2016
Kepler-1052 c,Kepler-1052,,,1,943.444,295.34273,46.60221,,5818,0.848,0.937,,0.6135,180.92173,0,2.3,,302,Transit,2023
Kepler-726 b,Kepler-726,,,1,762.081,291.71728,44.88735,,5452,0.85,0.88,,,21.80451,,3.26,,,Transit,2016
Kepler-253 c,Kepler-253,,,1,838.595,291.84193,44.85812,,5208,0.786,,,0.089,10.28195,,2.65,,,Transit,2014
Kepler-214 c,Kepler-214,,,1,1208.44,284.75485,44.95605,,6169,1.352,,,0.194,28.7798,,2.13,,,Transit,2014
Kepler-1143 c,Kepler-1143,,,1,555.189,287.30277,39.28964,,5053,0.77,0.81,,,210.63059,,3.6,,,Transit,2016
Kepler-1834 c,Kepler-1834,,,1,500.395,294.66468,39.78385,,4821,0.788,0.765,,0.015,0.76669,0,1.22,,1541,Transit,2023
Kepler-401 d,Kepler-401,,,1,965.56,290.08275,50.86344,,6184,1.29,1.17,,,184.25641,,2.27,,,Transit,2016
Kepler-1388 d,Kepler-1388,,,1,453.795,283.33602,47.17445,,4098,0.61,0.63,,,20.95682,,2.86,,,Transit,2016
Kepler-1388 e,Kepler-1388,,,1,453.795,283.33602,47.17445,,4098,0.61,0.63,,,37.63271,,2.46,,,Transit,2016
Kepler-648 b,Kepler-648,,,1,636.03,283.89962,45.01691,,5741,0.98,1.05,,,17.42117,,3.22,,,Transit,2016
Kepler-1482 b,Kepler-1482,,,1,567.556,285.31382,48.72527,,5381,0.84,0.88,,,12.25383,,1.01,,,Transit,2016
Kepler-1491 c,Kepler-1491,,,1,2065.59,293.62976,45.74063,,5626,1.389,0.991,,0.3045,61.56976,0,2.44,,530,Transit,2023
Kepler-649 b,Kepler-649,,,1,513.748,285.65583,45.07945,,5871,0.94,0.97,,,29.90723,,2.26,,,Transit,2016
KOI-3503 c,KOI-3503,,,1,887.064,293.15077,41.72915,,6001,1.255,0.858,,,31.828,,1.21,10.36,686,Transit,2021
Kepler-1534 b,Kepler-1534,,,1,,292.39537,43.86913,,5442,0.86,0.9,,,5.71669,,1.89,,,Transit,2016
Kepler-176 e,Kepler-176,,,1,527.321,294.6679,43.85321,,5295,0.83,0.87,,,51.16579,,1.45,,,Transit,2016
Kepler-177 c,Kepler-177,,,1,1435.44,286.04714,45.0532,,5732,1.324,0.921,,,49.40926,0,8.73,14.7,,Transit,2013
Kepler-1542 d,Kepler-1542,,,1,399.114,285.72848,42.65447,,5564,0.99,0.94,,,5.99274,,0.87,,,Transit,2016
Kepler-1542 e,Kepler-1542,,,1,399.114,285.72848,42.65447,,5564,0.99,0.94,,,5.10116,,0.76,,,Transit,2016
Kepler-610 b,Kepler-610,,,1,845.824,293.17132,45.06559,,5943,1.13,1.1,,,6.99693,,4.19,,,Transit,2016
Kepler-1600 b,Kepler-1600,,,1,1030.81,291.39938,38.78776,,5214,0.82,0.86,,,386.37055,,3.13,,,Transit,2016
Kepler-109 b,Kepler-109,,,1,474.861,290.39268,40.28491,,5950,1.387,1.094,,0.0701,6.48163,0.11,2.49,4.9,1276,Transit,2014
Kepler-727 b,Kepler-727,,,1,831.842,294.84693,45.03442,,5441,0.86,0.89,,,5.15448,,2.53,,,Transit,2016
Kepler-1518 b,Kepler-1518,,,1,903.51,300.33234,44.98611,,6846,1.88,1.54,,,5.11178,,3.05,,,Transit,2016
Kepler-1518 c,Kepler-1518,,,1,903.51,300.33234,44.98611,,6432,1.345,1.06,,0.0905,9.63103,0,2.9,,1094,Transit,2023
Kepler-560 b,Kepler-560,,,2,109.308,300.20664,45.01824,,3556,0.33,0.34,,,18.47764,,1.72,,,Transit,2016
Kepler-1185 b,Kepler-1185,,,1,459.273,287.24118,39.3327,,5622,0.87,0.96,,,104.3519,,1.33,,,Transit,2016
Kepler-347 d,Kepler-347,,,1,1298.88,289.1996,49.30564,,5592,1.451,1,,0.3802,85.51734,0,3.04,,482,Transit,2023
Kepler-1972 c,Kepler-1972,,,1,287.339,288.39531,39.87251,,5818,1.384,1.12,0.2945,,11.3295,0.043,0.868,2.11,,Transit,2022
Kepler-650 b,Kepler-650,,,1,884.378,289.00095,45.1543,,5849,1.35,1.08,,,3.03215,,2.96,,,Transit,2016
Kepler-728 b,Kepler-728,,,1,1765.23,291.09236,45.11551,,5660,0.93,0.95,,,5.74348,,3.34,,,Transit,2016
Kepler-561 b,Kepler-561,,,1,621.378,293.74711,45.1072,,5646,0.94,0.96,,,58.36205,,6.96,,,Transit,2016
Kepler-1721 b,Kepler-1721,,,1,641.374,283.5442,45.22565,,5351,0.796,0.89,,,4.59238,,3.119,,,Transit,2021
Kepler-215 d,Kepler-215,,,1,485.997,294.97353,45.21369,,5739,1.027,,,0.185,30.86442,,2.39,,,Transit,2014
Kepler-62 d,Kepler-62,,,1,300.874,283.21256,45.3497,K2 V,4925,0.64,0.69,-0.678,0.12,18.16406,,1.95,14,510,Transit,2013
Kepler-191 d,Kepler-191,,,1,594.464,291.18332,45.32309,,5215,0.8,0.84,,,5.94504,,2.28,,,Transit,2016
Kepler-611 b,Kepler-611,,,1,1395.56,286.00491,45.4803,,5761,1.01,1.01,,,2.43703,,1.65,,,Transit,2016
Kepler-729 b,Kepler-729,,,1,1921.15,286.36006,45.41427,,5633,0.91,0.94,,,3.16635,,3.58,,,Transit,2016
Kepler-425 b,Kepler-425,,,1,646.647,290.35798,40.5677,K1 V,5170,0.86,0.93,-0.323,0.0464,3.79702,0.33,10.962,79.45,1070,Transit,2014
Kepler-548 b,Kepler-548,,,1,751.776,299.90592,45.43961,,5535,0.9,0.93,,,4.45419,,11.99,,,Transit,2016
Kepler-730 b,Kepler-730,,,1,1935.04,285.55479,45.57884,,5620,1.411,1.047,,0.0694,6.49168,,12.33,,1219,Transit,2016
Kepler-192 b,Kepler-192,,,1,651.674,287.91794,45.59288,,5479,1.007,,,0.09,9.92675,,2.74,,,Transit,2014
Kepler-586 b,Kepler-586,,,1,693.766,293.0572,45.55113,,5575,0.92,0.94,,,2.10472,,2.79,,,Transit,2016
Kepler-731 b,Kepler-731,,,1,1257.16,296.39319,45.56853,,5849,1.06,1.03,,,3.8556,,13.88,,,Transit,2016
Kepler-49 b,Kepler-49,,,1,311.222,292.29452,40.59181,,4096,0.618,0.607,,,7.2,,2.579,9.77,,Transit,2012
Kepler-1726 b,Kepler-1726,,,1,390.552,284.38615,45.71973,,5316,0.804,0.876,,,18.3963,,2.509,,,Transit,2021
Kepler-612 b,Kepler-612,,,1,1445.53,291.35463,45.74786,,5693,0.96,0.98,,,3.72216,,2.84,,,Transit,2016
Kepler-254 b,Kepler-254,,,1,1389.48,288.16465,45.81643,,5957,0.91,,,0.064,5.82666,,3.87,,,Transit,2014
Kepler-31 b,Kepler-31,,,1,1664.64,294.02302,45.85305,,6340,1.22,1.21,,0.16,20.8613,,5.5,,,Transit,2011
Kepler-732 b,Kepler-732,,,1,174.826,283.73173,45.95853,,3631,0.46,0.49,,,9.46781,,2.18,,,Transit,2016
Kepler-733 b,Kepler-733,,,1,916.706,293.01819,45.91471,,5418,0.86,0.9,,,20.83425,,2.82,,,Transit,2016
Kepler-255 c,Kepler-255,,,1,1052.53,296.06427,45.97676,,5573,0.933,,,0.092,9.94605,,2.99,,,Transit,2014
Kepler-96 b,Kepler-96,,,1,122.881,297.06983,40.5252,,5690,1.02,1,,,16.2385,,2.67,8.46,,Transit,2014
Kepler-33 d,Kepler-33,,,1,1209.16,289.07753,46.00517,,5904,1.82,1.291,0.556,0.1662,21.77596,0,5.35,,,Transit,2011
Kepler-256 c,Kepler-256,,,1,1026.43,292.58042,46.09736,,5551,1.301,,,0.045,3.38802,,2.15,,,Transit,2014
Kepler-39 b,Kepler-39,,,1,1057.41,296.96033,46.0343,F7 V,6350,1.4,1.29,,0.164,21.08721,0.112,13.9,6388.1,897,Transit,2011
Kepler-734 b,Kepler-734,,,1,1157.21,297.04561,46.02739,,5326,0.78,0.85,,,6.10485,,3.56,,,Transit,2016
Kepler-257 c,Kepler-257,,,1,780.256,297.316,46.02326,,5180,1.037,,,0.066,6.58148,,5.41,,,Transit,2014
Kepler-735 b,Kepler-735,,,1,695.059,284.68883,46.17214,,5107,0.8,0.85,,,11.51517,,2.95,,,Transit,2016
Kepler-736 b,Kepler-736,,,1,1005.43,285.39131,46.18093,,5217,0.81,0.86,,,3.60147,,2.93,,,Transit,2016
Kepler-216 c,Kepler-216,,,1,1187.47,293.72807,46.12911,,6091,1.26,,,0.136,17.40667,,3.04,,,Transit,2014
Kepler-613 b,Kepler-613,,,1,861.494,282.78684,46.24498,,5723,0.96,0.98,,,15.7798,,2.29,,,Transit,2016
KOI-142 b,KOI-142,,,1,376.863,291.1481,40.66941,,5466,0.897,0.99,,,10.91647,0.056,3.438,9.5,,Transit,2013
Kepler-651 b,Kepler-651,,,1,509.408,287.33273,46.20344,,5522,0.87,0.92,,,21.38522,,2.37,,,Transit,2016
Kepler-562 b,Kepler-562,,,1,992.769,290.1196,46.27374,,5575,0.9,0.93,,,18.00931,,5.21,,,Transit,2016
Kepler-563 b,Kepler-563,,,1,565.207,292.44618,46.28975,,5066,0.77,0.8,,,22.18433,,3.09,,,Transit,2016
Kepler-217 b,Kepler-217,,,1,1104.64,293.03773,46.27752,,6171,1.799,,,0.065,5.37494,,2.23,,,Transit,2014
Kepler-218 c,Kepler-218,,,1,656.38,295.41288,46.26658,,5502,1.063,,,0.248,44.69958,,3.14,,,Transit,2014
Kepler-1666 b,Kepler-1666,,,1,1379.37,297.95161,46.2647,,6293,1.146,1.23,0.2684,,25.8476,,2.883,,,Transit,2020
Kepler-614 b,Kepler-614,,,1,527.995,298.38489,46.27599,,5268,0.81,0.85,,,14.03492,,2.39,,,Transit,2016
Kepler-615 b,Kepler-615,,,1,,282.45069,46.32137,,4655,0.69,0.73,,,10.35585,,1.74,,,Transit,2016
Kepler-506 b,Kepler-506,,,1,228.439,284.63519,40.71983,,6236,1.19,1.19,,,6.88341,,2.73,,,Transit,2016
Kepler-652 b,Kepler-652,,,1,394.55,288.00809,46.47361,,5490,0.88,0.97,,,4.182,,2.49,,,Transit,2016
Kepler-737 b,Kepler-737,,,1,205.118,291.86298,46.42916,,3813,0.48,0.51,,,28.59915,,1.96,,,Transit,2016
Kepler-738 b,Kepler-738,,,1,1113.65,287.56965,46.5679,,5327,0.82,0.86,,,24.58722,,2.5,,,Transit,2016
HAT-P-7 b,HAT-P-7,,,3,341.079,292.24719,47.96954,,6389,2,1.56,,,2.20474,0,16.926,584.807,,Transit,2008
Kepler-739 b,Kepler-739,,,1,1370.65,290.06799,46.57915,,5601,0.9,0.93,,,12.53248,,3.32,,,Transit,2016
Kepler-258 b,Kepler-258,,,1,575.988,294.06841,46.57914,,4942,0.915,,,0.103,13.19722,,4.06,,,Transit,2014
Kepler-193 b,Kepler-193,,,1,1009.1,296.4986,46.57725,,6335,1.147,,,0.106,11.38848,,2.39,,,Transit,2014
Kepler-32 b,Kepler-32,,,1,323.847,297.84231,46.57436,,3900,0.53,0.58,,0.05,5.90124,,2.2,1303,,Transit,2011
Kepler-1646 b,Kepler-1646,,,1,127.591,287.52649,42.91294,,3299,0.26,0.24,,,4.48558,,1.23,,,Transit,2016
Kepler-740 b,Kepler-740,,,1,1442.02,286.48226,46.69246,,5438,0.87,0.91,,,3.5841,,4.57,,,Transit,2016
Kepler-259 b,Kepler-259,,,1,1002.14,288.21197,46.61505,,5938,0.898,,,0.079,8.11532,,2.8,,,Transit,2014
Kepler-741 b,Kepler-741,,,1,1661.87,289.43173,46.6175,,6129,1.24,1.16,,,7.03902,,2.97,,,Transit,2016
Kepler-564 b,Kepler-564,,,1,863.037,296.83837,46.62639,,5626,0.92,0.95,,,3.75083,,4.63,,,Transit,2016
Kepler-653 b,Kepler-653,,,1,595.634,282.21304,46.71779,,5665,1.19,1.02,,,14.70749,,1.95,,,Transit,2016
Kepler-742 b,Kepler-742,,,1,489.253,283.86597,46.78965,,4642,0.71,0.76,,,8.36087,,3.24,,,Transit,2016
Kepler-219 b,Kepler-219,,,1,787.07,288.73895,46.76259,,5786,1.491,,,0.057,4.58551,,2.95,,,Transit,2014
Kepler-178 b,Kepler-178,,,1,716.025,287.10103,46.8964,,5676,1.066,,,0.085,9.57669,,2.9,,,Transit,2014
Kepler-148 d,Kepler-148,,,1,791.163,289.78616,46.85882,,5172,0.81,0.86,,,51.84689,,8.68,,,Transit,2016
Kepler-220 c,Kepler-220,,,1,171.109,291.50604,46.89563,,4632,0.666,,,0.076,9.0342,,1.57,,,Transit,2014
Kepler-1723 b,Kepler-1723,,,1,811.278,294.46274,46.8214,,6072,1.01,0.96,,,39.7529,,2.88,,,Transit,2021
Kepler-452 b,Kepler-452,,,1,551.727,296.00375,44.27759,G2,5757,1.11,1.037,,1.046,384.843,,1.63,,265,Transit,2015
Kepler-433 b,Kepler-433,,,1,1878.31,297.59362,40.97725,,6360,2.26,1.46,0.88,0.0679,5.33408,0.119,16.25,896.24,1776,Transit,2015
Kepler-616 b,Kepler-616,,,1,945.775,294.98914,46.83831,,5753,0.97,0.98,,,9.99762,,2.43,,,Transit,2016
Kepler-221 c,Kepler-221,,,1,385.231,296.65475,46.83522,,5243,0.821,,,0.059,5.69059,,2.93,,,Transit,2014
Kepler-654 b,Kepler-654,,,1,974.124,297.06839,46.83425,,5865,1.11,1.04,,,13.72465,,2.07,,,Transit,2016
Kepler-655 b,Kepler-655,,,1,752.562,297.25907,46.84316,,6170,1.24,1.15,,,46.40634,,2.71,,,Transit,2016
Kepler-222 b,Kepler-222,,,1,758.854,287.90609,46.93775,,5433,0.869,,,0.048,3.93698,,3.16,,,Transit,2014
Kepler-163 c,Kepler-163,,,1,689.814,295.00275,46.98734,,5776,0.917,,,0.152,21.34726,,2.26,,,Transit,2014
Kepler-48 b,Kepler-48,,,1,306.738,299.13931,40.94894,,5194,0.89,0.88,,,4.778,,1.88,3.94,,Transit,2012
Kepler-565 b,Kepler-565,,,1,,283.61808,47.19678,,5735,0.95,0.98,,,4.24375,,3.64,,,Transit,2016
Kepler-1720 b,Kepler-1720,,,1,629.445,296.80868,47.17186,,5573,0.839,0.939,,,12.7064,,3.216,,,Transit,2021
Kepler-549 d,Kepler-549,,,1,635.145,283.02285,47.26114,,5312,0.986,0.859,,0.1575,24.61481,0,4.2,,586,Transit,2023
Kepler-223 d,Kepler-223,,,1,1859.71,298.31839,47.27948,,,1.72,1.125,,,14.78869,0.037,5.24,8,,Transit,2014
Kepler-7 b,Kepler-7,,,1,922.562,288.58149,41.08973,,5933,1.966,1.359,,0.06067,4.88549,,18.181,140.163,1630,Transit,2009
Kepler-656 b,Kepler-656,,,1,890.352,288.32788,47.38154,,5281,0.82,0.86,,,1.26026,,3.12,,,Transit,2016
Kepler-587 b,Kepler-587,,,1,787.894,288.67066,47.39912,,5549,0.89,0.92,,,10.94028,,2.23,,,Transit,2016
Kepler-224 c,Kepler-224,,,1,782.088,290.93427,47.35754,,5018,0.676,,,0.058,5.925,,3.12,,,Transit,2014
Kepler-657 b,Kepler-657,,,1,1691.88,291.1973,47.30775,,5808,1.01,1.01,,,24.5435,,3.52,,,Transit,2016
Kepler-225 c,Kepler-225,,,1,561.101,292.19398,47.45708,,3682,0.48,,,0.111,18.79423,,1.84,,,Transit,2014
Kepler-623 b,Kepler-623,,,1,737.702,296.98673,47.47735,,5443,0.86,0.9,,,9.07098,,3.01,,,Transit,2016
KOI-12 b,KOI-12,,,1,399.398,297.45374,41.01102,,,1.4,1.5,,0.154,17.85518,0.34,13.787,349.613,,Transit,2015
Kepler-29 b,Kepler-29,,,1,832.532,298.34838,47.4913,,5378,0.732,0.761,,,10.33974,0,2.55,5,,Transit,2011
Kepler-658 b,Kepler-658,,,1,388.384,282.98362,47.57839,,4103,0.6,0.63,,,1.28708,,1.63,,,Transit,2016
Kepler-617 b,Kepler-617,,,1,173.354,283.74072,47.51612,,3712,0.48,0.51,,,1.6827,,1.32,,,Transit,2016
Kepler-659 b,Kepler-659,,,1,722.64,287.60818,47.50969,,4870,0.74,0.79,,,17.6718,,2.5,,,Transit,2016
KOI-7368 b,KOI-7368,,,1,264.995,293.94764,48.06526,,5241,0.874,0.879,,,6.84303,,2.22,,,Transit,2022
Kepler-40 b,Kepler-40,,,1,2305.01,296.81369,47.52654,F5 IV,6510,2.13,1.48,,0.08,6.87349,0,13.11,699.2,1620,Transit,2010
Kepler-1999 b,Kepler-1999,,,1,701.255,282.37057,48.25923,,4406,0.628,0.632,,0.0713,8.73968,0,3.29,,577,Transit,2023
Kepler-588 b,Kepler-588,,,1,1209.4,284.25725,47.68891,,5835,1,1.01,,,4.22163,,2.63,,,Transit,2016
Kepler-164 c,Kepler-164,,,1,890.758,287.78081,47.62985,,5888,1.148,,,0.097,10.94572,,2.73,,,Transit,2014
Kepler-589 b,Kepler-589,,,1,612.803,280.64143,47.75206,,5296,0.83,0.88,,,16.54965,,2.27,,,Transit,2016
Kepler-660 b,Kepler-660,,,1,568.431,288.1383,47.72456,,4779,0.71,0.75,,,9.27358,,2.57,,,Transit,2016
Kepler-179 c,Kepler-179,,,1,605.68,298.66362,47.76193,,5302,0.759,,,0.064,6.40013,,2,,,Transit,2014
Kepler-165 b,Kepler-165,,,1,560.885,280.69092,47.80967,,5211,0.77,,,0.072,8.18085,,2.32,,,Transit,2014
Kepler-661 b,Kepler-661,,,1,534.788,283.71075,47.86317,,4483,0.67,0.7,,,6.0293,,3.07,,,Transit,2016
Kepler-496 b,Kepler-496,,,1,605.274,291.6409,41.2411,,5293,0.82,0.86,,,8.30865,,2.32,,,Transit,2016
Kepler-566 b,Kepler-566,,,1,564.277,291.55447,47.81444,,5132,0.79,0.83,,,18.42795,,2.15,,,Transit,2016
Kepler-194 c,Kepler-194,,,1,1097.97,291.97143,47.86405,,6089,1.025,,,0.131,17.30803,,2.59,,,Transit,2014
Kepler-226 c,Kepler-226,,,1,980.138,292.37609,47.88096,,5571,0.802,,,0.058,5.34955,,2.27,,,Transit,2014
Kepler-550 b,Kepler-550,,,1,531.944,297.70018,47.8637,,5322,0.83,0.87,,,8.6001,,4.42,,,Transit,2016
Kepler-195 b,Kepler-195,,,1,652.051,288.12093,47.96661,,5329,0.775,,,0.077,8.30787,,2.03,,,Transit,2014
Kepler-1629 b,Kepler-1629,,,1,336.09,280.20663,43.77433,,5776,1.01,1.01,,,3.87596,,0.77,,,Transit,2016
Kepler-662 b,Kepler-662,,,1,815.637,290.46508,47.92913,,4897,0.74,0.79,,,21.67697,,2.18,,,Transit,2016
Kepler-1724 b,Kepler-1724,,,1,1060.77,296.12073,47.92147,,6092,0.943,1.016,,,6.45442,,2.837,,,Transit,2021
Kepler-663 b,Kepler-663,,,1,1063.09,297.80822,47.94663,,5264,0.82,0.86,,,4.99678,,2.6,,,Transit,2016
Kepler-551 b,Kepler-551,,,1,311.175,285.48505,48.05438,,4286,0.63,0.65,,,12.37647,,2.73,,,Transit,2016
Kepler-487 b,Kepler-487,,,1,872.343,295.28723,41.222,,5444,0.88,0.91,,,15.35877,,11.42,,,Transit,2016
Kepler-618 b,Kepler-618,,,1,1221.96,286.24985,48.06093,,5860,1.08,1.05,,,3.59577,,2.6,,,Transit,2016
Kepler-227 b,Kepler-227,,,1,1083.06,291.93427,48.14168,,5854,1.091,,,0.09,9.48802,,3.11,,,Transit,2014
Kepler-153 b,Kepler-153,,,1,459.368,282.4605,48.25703,,5404,0.892,,,0.129,18.87023,,2.92,,,Transit,2014
K2-44 b,K2-44,,,1,476.703,174.01166,-2.52093,,5912,1.58,1.15,,0.06,5.657,,2.433,,,Transit,2016
K2-46 b,K2-46,,,1,449.237,174.26625,-0.90721,,6256,1.29,0.96,,0.13821,19.1541,,2.05,,,Transit,2016
K2-8 c,K2-8,,,1,403.513,169.79352,-0.28444,K3 V,4870,0.74,0.78,,0.0532,5.06416,,2.41,,801,Transit,2016
K2-27 b,K2-27,,,3,249.645,171.51519,1.23062,,5246,0.876,0.88,,,6.77135,,4.74,30.2,836,Transit,2016
K2-35 c,K2-35,,,1,252.596,170.1031,1.28587,,4403,0.62,0.702,,0.055,5.60835,0.12,1.93,,,Transit,2016
Kepler-664 b,Kepler-664,,,1,1210.12,288.7549,48.2262,,5754,1.02,1.01,,,2.52559,,2.66,,,Transit,2016
Kepler-552 b,Kepler-552,,,1,843.689,290.74769,48.24198,,5863,1.04,1.03,,,5.26342,,3.95,,,Transit,2016
K2-42 b,K2-42,,,1,396.913,176.66576,-5.17205,,4613,0.643,0.702,,0.0617,6.68796,,2.15,,,Transit,2016
K2-43 b,K2-43,,,1,182.536,169.11703,-3.97544,,3841,0.542,0.571,,,3.47115,,4.51,,939,Transit,2016
Kepler-228 d,Kepler-228,,,1,1644.61,296.28609,48.22463,,6043,1.014,,,0.101,11.09429,,4.04,,,Transit,2014
K2-45 b,K2-45,,,1,495.317,169.63275,-1.77406,,4103,0.445,0.503,,0.0224,1.72927,,6.71,,,Transit,2016
K2-164 b,K2-164,,,1,375.67,171.93366,-0.06285,,5791,2.196,1.181,,,17.35507,,3.249,,,Transit,2018
K2-19 d,K2-19,,,1,289.827,174.96025,0.6036,G9,5350,0.824,0.892,,0.03478,2.50827,0.44,1.044,6.2,1258,Transit,2016
Kepler-590 b,Kepler-590,,,1,1421.81,296.38555,48.23342,,6000,1.15,1.1,,,5.85296,,4.02,,,Transit,2016
K2-35 b,K2-35,,,1,252.596,170.1031,1.28587,,4403,0.62,0.702,,0.031,2.39996,0.13,1.32,,,Transit,2016
Kepler-229 c,Kepler-229,,,1,826.265,286.99948,48.37579,,5120,0.728,,,0.117,16.06864,,4.92,,,Transit,2014
K2-47 b,K2-47,,,1,349.881,168.58257,2.78056,,5054,0.76,0.75,,0.1779,31.6372,,1.89,,,Transit,2016
K2-48 b,K2-48,,,1,313.764,176.12331,3.27238,,4899,0.73,0.77,,0.1344,20.5065,,2.24,,,Transit,2016
K2-49 b,K2-49,,,1,457.125,177.32023,3.47552,,4175,0.45,0.51,,0.0309,2.77065,,1.93,,,Transit,2016
K2-36 c,K2-36,,,1,109.749,169.44901,3.8665,,4916,0.718,0.79,,0.05528,5.34089,0.089,3.2,7.9,854,Transit,2016
K2-36 b,K2-36,,,1,109.749,169.44901,3.8665,,4916,0.718,0.79,,0.02288,1.42261,0.093,1.43,4.3,1328,Transit,2016
Kepler-74 b,Kepler-74,,,1,1177.55,293.09253,41.35551,F8 V,6000,1.12,1.18,,0.0781,7.34071,0,10.76,200.22,1078,Transit,2013
Kepler-567 b,Kepler-567,,,1,558.81,297.67261,48.30235,,5148,0.79,0.84,,,16.54297,,2.25,,,Transit,2016
K2-50 b,K2-50,,,1,257.443,169.48365,5.98829,,4326,0.546,0.611,,0.0705,8.7529,,1.59,,,Transit,2016
WASP-85 A b,WASP-85 A,,,2,141.887,175.90803,6.56378,G5 V,6112,0.935,1.09,,0.039,2.65568,0,13.899,402.055,1452,Transit,2016
Kepler-553 b,Kepler-553,,,1,728.525,298.55089,48.33254,,5191,0.902,0.889,-0.2708,0.04766,4.03047,,4.741,116.007,1089,Transit,2016
K2-24 c,K2-24,,,1,170.562,242.57346,-24.9906,,5625,1.16,1.07,,,42.3391,0.07,7.5,15.4,,Transit,2016
K2-24 b,K2-24,,,1,170.562,242.57346,-24.9906,,5625,1.16,1.07,,,20.88977,0.06,5.4,19,,Transit,2016
K2-52 b,K2-52,,,1,1038.41,246.61142,-24.96995,,7147,2.192,1.691,,0.054,3.53505,,18,,2004,Transit,2016
Kepler-591 b,Kepler-591,,,1,785.137,286.02405,48.43173,,5677,0.94,0.97,,,81.16943,,3.39,,,Transit,2016
K2-37 c,K2-37,,,1,179.943,243.45097,-24.78705,,5352,0.809,0.84,,,6.42966,,2.41,,839,Transit,2016
K2-37 d,K2-37,,,1,179.943,243.45097,-24.78705,,5352,0.809,0.84,,,14.09229,,2.31,12.5,646,Transit,2016
K2-37 b,K2-37,,,1,179.943,243.45097,-24.78705,,5352,0.809,0.84,,,4.4434,,1.39,,949,Transit,2016
K2-31 b,K2-31,,,2,110.527,245.44055,-23.54827,G7 V,5280,0.78,0.91,,0.022,1.25785,0,11.882,563.83,,Transit,2016
K2-365 b,K2-365,,,1,187.222,238.81971,-21.02697,,5561,1.051,0.823,,,23.44817,,2.906,,,Transit,2022
Kepler-619 b,Kepler-619,,,1,900.678,290.84909,48.41598,,5980,1.11,1.09,,,5.40427,,3.16,,,Transit,2016
K2-53 b,K2-53,,,1,138.018,244.14197,-20.4006,,5263,0.807,0.851,,0.098,12.20772,,2.6,,665,Transit,2016
K2-32 b,K2-32,,,2,157.682,252.42601,-19.54305,,5271,0.86,0.83,,0.0795,8.992,0.03,5.299,15,837,Transit,2016
K2-32 d,K2-32,,,2,157.682,252.42601,-19.54305,,5271,0.86,0.83,,0.18422,31.71701,0.05,3.484,6.7,550,Transit,2016
K2-32 c,K2-32,,,2,157.682,252.42601,-19.54305,,5271,0.86,0.83,,0.13843,20.66093,0.049,3.134,8.1,634,Transit,2016
K2-366 b,K2-366,,,1,185.947,243.68009,-19.34688,,5601,0.94,0.825,,,15.93704,,2.359,,,Transit,2022
Kepler-665 b,Kepler-665,,,1,612.838,297.02559,48.47857,,4913,0.74,0.79,,,16.0131,,2.6,,,Transit,2016
K2-33 b,K2-33,,,1,139.268,242.56136,-19.31938,M3.3,3540,1.05,0.56,-0.8239,,5.42486,0,5.04,1175.971,,Transit,2016
K2-289 b,K2-289,,,1,274.3,246.64294,-15.79254,,5529,1.025,0.953,,0.107,13.15697,,9.1,,753,Transit,2019
K2-167 b,K2-167,110758,212657,1,80.899,336.57612,-18.01167,,6310,1.499,1.084,0.5065,0.0932,9.97854,0.48,2.365,,1220,Transit,2018
K2-55 b,K2-55,,,1,159.522,333.75188,-17.2508,,4300,0.715,0.688,,,2.84927,,4.43,44,900,Transit,2016
Kepler-568 b,Kepler-568,,,1,130.645,298.10613,48.40164,,3768,0.53,0.55,,,11.02347,,2.26,,,Transit,2016
K2-168 b,K2-168,,,1,243.935,333.11007,-16.34189,,5503,0.83,0.877,,,15.8523,,1.86,,766,Transit,2018
K2-169 b,K2-169,,,1,235.867,337.04425,-14.59934,,5548,0.919,0.986,,,6.3808,,1.273,,,Transit,2018
K2-170 c,K2-170,,,1,392.872,335.45069,-14.59336,,5748,0.982,0.964,,,12.40005,,1.802,,,Transit,2018
K2-170 b,K2-170,,,1,392.872,335.45069,-14.59336,,5748,0.982,0.964,,,7.57654,,1.418,,,Transit,2018
K2-265 b,K2-265,,,2,138.671,342.03165,-14.49478,,5420,0.92,0.901,-0.1824,0.03359,2.36902,0.16,1.708,7.342,1366,Transit,2018
Kepler-569 b,Kepler-569,,,1,638.301,283.50722,48.55263,,5616,0.93,0.95,,,34.18891,,3.16,,,Transit,2016
EPIC 206024342 d,EPIC 206024342,,,1,369.888,331.27714,-14.1218,,5724,1.1,,,,14.64753,,2.6,,,Transit,2021
EPIC 206024342 c,EPIC 206024342,,,1,369.888,331.27714,-14.1218,,5724,1.1,,,,0.91172,,1.4,,,Transit,2021
K2-57 b,K2-57,,,1,264.213,342.69182,-14.07,,4413,0.671,0.699,-0.8122,0.0752,9.0073,0.25,2.309,,636,Transit,2016
K2-58 b,K2-58,,,1,181.746,333.82184,-14.04986,,5413,0.86,0.89,,0.0692,7.05254,,2.68,,,Transit,2016
K2-58 c,K2-58,,,1,181.746,333.82184,-14.04986,,5413,0.86,0.89,,0.035,2.53726,,1.62,,,Transit,2016
K2-58 d,K2-58,,,1,181.746,333.82184,-14.04986,,5413,0.86,0.89,,0.1517,22.8827,,1.71,,,Transit,2016
K2-59 b,K2-59,,,1,311.313,338.94255,-14.02773,,5055,0.731,0.774,,0.1354,20.6921,,2.41,,,Transit,2016
K2-59 c,K2-59,,,1,311.313,338.94255,-14.02773,,5055,0.731,0.774,,0.0905,11.2954,,2.3,,,Transit,2016
Kepler-230 b,Kepler-230,,,1,740.754,285.71857,48.5058,,5588,0.817,,,0.191,32.62555,,4.26,,,Transit,2014
K2-60 b,K2-60,,,1,491.87,338.60623,-13.7318,G4 V,5500,1.12,0.97,,0.045,3.00265,0,7.656,135.396,1400,Transit,2016
EPIC 206042996 c,EPIC 206042996,,,1,451.769,337.51362,-13.61015,,4114,0.5,,,,0.35488,,1.2,,,Transit,2021
K2-61 b,K2-61,,,1,405.732,339.67484,-13.56004,,5748,0.995,0.97,,,2.57336,,1.92,,1325,Transit,2016
K2-171 b,K2-171,,,1,606.128,332.34077,-13.42886,,5250,1.717,0.892,,,5.62847,,2.687,,,Transit,2018
K2-367 b,K2-367,,,1,176.965,337.85885,-13.26446,,4348,0.625,0.756,,,20.6451,,2.413,,,Transit,2022
K2-172 c,K2-172,,,1,249.742,335.30814,-12.55698,,5569,0.869,0.934,,,29.62682,,3.206,,,Transit,2018
Kepler-592 b,Kepler-592,,,1,1153.13,285.79074,48.68324,,5913,1.04,1.04,,,2.82019,,2.39,,,Transit,2016
K2-172 b,K2-172,,,1,249.742,335.30814,-12.55698,,5569,0.869,0.934,,,14.31694,,1.666,,,Transit,2018
K2-62 b,K2-62,,,1,112.467,334.36451,-12.18748,,4455,0.696,0.67,,,6.67199,,2.02,,666,Transit,2016
K2-62 c,K2-62,,,1,112.467,334.36451,-12.18748,,4455,0.696,0.67,,,16.19697,,1.99,,495,Transit,2016
K2-63 c,K2-63,,,1,517.534,333.42677,-12.06634,,6771,1.63,1.4,,0.189,25.4556,,3.9,,,Transit,2016
K2-63 b,K2-63,,,1,517.534,333.42677,-12.06634,,6771,1.63,1.4,,0.1627,20.257,,3.22,,,Transit,2016
K2-116 b,K2-116,110620,,1,49.386,336.15234,-11.57932,,4348,0.669,0.695,,0.048,4.65541,0.06,0.69,,,Transit,2017
K2-64 b,K2-64,,,1,499.891,332.41385,-11.42867,,5312,0.726,0.741,,0.0619,6.53044,,2.07,,,Transit,2016
K2-368 b,K2-368,,,1,206.608,332.63576,-11.16612,,4663,0.663,0.746,,,5.0256,,1.332,,,Transit,2022
Kepler-593 b,Kepler-593,,,1,973.76,294.95139,48.65117,,5967,1.1,1.08,,,21.21709,,2.87,,,Transit,2016
K2-65 b,K2-65,109656,,1,,333.21252,-10.92614,,5213,0.84,0.87,,0.1014,12.6475,,1.58,,,Transit,2016
K2-369 b,K2-369,,,1,185.55,329.72625,-10.87507,,5682,0.881,0.735,,,5.76161,,1.313,,,Transit,2022
K2-66 b,K2-66,,,1,513.877,331.52666,-10.71154,,5887,1.67,1.11,,0.05983,5.06963,0,2.49,21.3,1372,Transit,2016
K2-68 b,K2-68,,,1,168.652,334.01955,-10.56736,,4746,0.675,0.73,,0.0708,8.05428,,1.58,,,Transit,2016
K2-69 b,K2-69,,,1,180.697,335.75968,-10.48868,,4127,0.491,0.551,,0.0591,7.06599,,2.32,,,Transit,2016
K2-70 b,K2-70,,,1,232.964,338.47593,-10.08499,,5622,0.93,0.94,,0.1112,13.97896,,2.89,,,Transit,2016
HAT-P-11 b,HAT-P-11,97657,,1,37.765,297.71018,48.08186,,,,0.811,,0.05258,4.888,0.251,,23.519,,Transit,2008
Kepler-118 c,Kepler-118,,,1,574.228,299.21319,41.42482,,5274,1.094,,,0.141,20.17202,,7.68,,,Transit,2014
Kepler-570 b,Kepler-570,,,1,568.148,290.43761,48.79186,,5496,0.9,0.93,,,4.30166,,2.45,,,Transit,2016
K2-71 b,K2-71,,,1,153.192,341.72487,-9.88161,,4006,0.426,0.477,,0.0559,6.98541,,2.15,,,Transit,2016
K2-72 b,K2-72,,,1,66.432,334.62275,-9.61201,,3360,0.331,0.271,,0.04,5.57721,0.11,1.08,,,Transit,2016
K2-73 b,K2-73,,,1,269.183,335.02566,-9.05609,,5867,1.058,1.02,,,7.49556,,2.58,9.2,968,Transit,2016
K2-39 b,K2-39,,,1,307.47,338.36821,-9.02294,,4881,2.97,0.66,,,4.60543,0,6.277,28.605,,Transit,2016
K2-74 b,K2-74,,,1,377.822,339.9193,-8.71457,,6060,0.98,0.96,,0.1402,19.5666,,2.31,,,Transit,2016
EPIC 206317286 c,EPIC 206317286,,,1,314.35,337.61784,-7.97246,,4752,0.758,0.832,,,17.51547,,2.094,,,Transit,2022
K2-28 b,K2-28,,,1,62.997,335.62331,-7.95635,M4,3214,0.288,0.257,,0.0214,2.26045,0,2.32,,568,Transit,2016
Kepler-1976 b,Kepler-1976,,,1,1314.51,292.16706,48.72753,,5712,1.082,0.976,,0.0565,4.95932,0,12.21,,1103,Transit Timing Variations,2023
K2-75 b,K2-75,,,1,561.93,338.8449,-7.4699,,5995,1.56,1.16,,0.081,7.8142,,2.67,,,Transit,2016
K2-75 c,K2-75,,,1,561.93,338.8449,-7.4699,,5995,1.56,1.16,,0.1429,18.311,,2.77,,,Transit,2016
Kepler-666 b,Kepler-666,,,1,1508.71,298.45689,48.79159,,5887,1.05,1.03,,,4.49876,,2.4,,,Transit,2016
Kepler-166 b,Kepler-166,,,1,603.53,293.1601,48.88121,,5413,0.742,,,0.072,7.65025,,2.27,,,Transit,2014
K2-85 b,K2-85,,,1,97.218,59.46483,18.46495,,4232,0.71,0.7,,,0.68454,,1.4,3.2,1355,Transit,2016
K2-54 b,K2-54,,,1,174.955,338.05416,-17.54406,,3990,0.643,0.615,-1.0223,0.0761,9.7833,0.24,2.612,,560,Transit,2016
K2-72 c,K2-72,,,1,66.432,334.62275,-9.61201,,3360,0.331,0.271,,0.078,15.18903,0.11,1.16,,,Transit,2016
K2-72 d,K2-72,,,1,66.432,334.62275,-9.61201,,3360,0.331,0.271,,0.05,7.76018,0.11,1.01,,,Transit,2016
K2-72 e,K2-72,,,1,66.432,334.62275,-9.61201,,3360,0.331,0.271,,0.106,24.15887,0.11,1.29,,,Transit,2016
Kepler-667 b,Kepler-667,,,1,2302.45,295.55499,49.0173,,5327,0.87,0.91,,,41.43963,,4.73,,,Transit,2016
K2-77 b,K2-77,,,1,141.731,55.22852,12.57245,,5160,0.792,0.847,-0.3969,0.0753,8.20008,0.29,2.5,,806,Transit,2016
K2-79 b,K2-79,,,1,256.011,55.25593,13.51919,G1,5897,1.269,1.06,0.2455,0.0987,10.99504,0.032,4.15,5.9,1033,Transit,2016
K2-80 b,K2-80,,,1,200.802,59.03749,13.55903,,5441,0.87,0.9,,0.135,19.0918,,2.01,,,Transit,2016
K2-80 c,K2-80,,,1,200.802,59.03749,13.55903,,5441,0.87,0.9,,0.0596,5.605,,1.47,,,Transit,2016
K2-81 b,K2-81,,,1,252.318,57.48546,14.50206,,4674,0.635,0.745,,0.059,6.10233,0.06,1.97,,,Transit,2016
K2-83 b,K2-83,,,1,125.529,59.90138,15.5588,,3910,0.424,0.484,,0.03014,2.74697,,1.244,,,Transit,2016
Kepler-668 b,Kepler-668,,,1,784.618,285.49928,49.27727,,5352,0.82,0.87,,,8.35391,,2.7,,,Transit,2016
K2-83 c,K2-83,,,1,125.529,59.90138,15.5588,,3910,0.424,0.484,,0.07131,9.99767,,1.483,,,Transit,2016
K2-174 b,K2-174,,,1,99.929,60.79297,16.34717,,4455,0.676,0.7,,0.126,19.56231,,2.6,,455,Transit,2018
K2-84 b,K2-84,,,1,284.876,55.80936,16.63444,,5652,0.93,0.95,,0.0665,6.4215,,2.41,,,Transit,2016
K2-84 c,K2-84,,,1,284.876,55.80936,16.63444,,5652,0.93,0.95,,0.1768,27.86,,2.03,,,Transit,2016
K2-86 b,K2-86,,,1,258.699,51.55311,18.63557,,5482,0.76,0.79,,0.077,8.77683,,1.96,,,Transit,2016
Kepler-669 b,Kepler-669,,,1,2063.41,291.93616,49.25395,,6038,1.2,1.15,,,4.12555,,4.83,,,Transit,2016
K2-87 b,K2-87,,,1,491.242,66.23636,18.82736,,5747,1.401,1.164,,0.094,9.72662,,7.6,,979,Transit,2016
K2-88 b,K2-88,,,1,110.561,54.75146,19.11997,,3537,0.256,0.258,,0.0345,4.6122,,1.23,,,Transit,2016
K2-89 b,K2-89,,,1,86.039,57.06712,20.45949,,3691,0.318,0.347,,0.01462,1.09603,,0.615,,,Transit,2016
K2-111 b,K2-111,,,1,200.394,59.89031,21.29853,G2,5775,1.25,0.84,,0.0565,5.3519,0.134,1.837,5.35,1293,Transit,2017
K2-90 b,K2-90,,,1,134.188,59.15274,22.47245,,4484,0.619,0.629,,0.096,13.73331,,2.6,,502,Transit,2016
K2-90 c,K2-90,,,1,134.188,59.15274,22.47245,,4422,0.635,0.705,,0.035,2.90071,0.19,1.3,,,Transit,2016
Kepler-670 b,Kepler-670,,,1,939.744,297.01546,49.2253,,5709,0.99,0.99,,,2.8165,,13.18,,,Transit,2016
K2-91 b,K2-91,,,1,62.578,63.21823,24.20472,,3622,0.284,0.292,,0.0164,1.41955,,1.1,,,Transit,2016
K2-354 b,K2-354,,,1,91.722,129.12992,10.14722,,3669,0.41,0.43,,,3.79331,,1.56,,543,Transit,2021
K2-180 b,K2-180,,,1,203.896,126.46436,10.24658,,5365,0.719,0.735,-0.4134,0.0756,8.86566,0.075,2.466,11.41,798,Transit,2018
K2-117 b,K2-117,,,1,101.632,133.85573,10.46922,,3778,0.51,0.54,,0.0189,1.2916,,2.03,,868,Transit,2017
K2-97 b,K2-97,,,1,878.43,127.76284,10.84756,,4673,4.14,1.17,0.8669,0.0854,8.40711,0.207,13.451,174.488,1566,Transit,2016
K2-181 b,K2-181,,,1,360.911,127.55411,10.91014,,5528,1.06,0.96,,,6.8941,,2.69,,949,Transit,2018
K2-182 b,K2-182,,,1,154.83,130.18005,10.98295,,5128,0.789,0.823,-0.4112,0.05174,4.73697,0.071,2.713,20.977,966,Transit,2018
K2-98 b,K2-98,,,1,518.625,126.48821,11.51109,,6260,1.518,1.246,0.5038,0.0986,10.13673,0.119,5.066,34.008,1185,Transit,2016
K2-371 b,K2-371,,,1,442.813,128.06709,11.63071,,4925,0.736,0.958,,,3.1149,,13.024,,,Transit,2022
Kepler-671 b,Kepler-671,,,1,1168.26,294.26575,49.31409,,5624,0.95,0.97,,,4.28096,,2.69,,,Transit,2016
K2-330 b,K2-330,,,1,160.125,126.89683,11.66741,,6232,1.5,1.23,,,13.7748,,2.77,,969,Transit,2021
K2-268 c,K2-268,,,1,327.783,133.70949,11.84827,,5106,0.78,0.84,,,9.32753,,2.69,,696,Transit,2018
K2-114 b,K2-114,,,1,475.758,127.88291,11.92225,,4899,0.832,0.863,-0.4437,0.0944,11.39093,0.079,10.592,638.835,701,Transit,2017
K2-115 b,K2-115,,,1,413.591,126.5535,12.28185,,5870,0.855,0.918,-0.1079,0.1415,20.27299,0.063,11.803,321.007,696,Transit,2017
K2-372 b,K2-372,,,1,463.88,130.79887,13.00942,,5479,0.922,0.847,,,9.84408,,2.945,,,Transit,2022
K2-269 b,K2-269,,,1,360.76,130.15514,13.01468,,6209,1.45,1.16,,0.0531,4.14497,,1.57,,1429,Transit,2018
K2-419 A b,K2-419 A,,,2,268.685,135.01949,13.27371,,3711,0.541,0.562,-1.2765,0.1208,20.35847,0.042,10.55,196,377,Transit,2024
K2-105 b,K2-105,,,1,197.989,125.4203,13.49751,,5373,0.905,0.94,,,8.26726,,3.4,15.4,805,Transit,2017
K2-270 c,K2-270,,,1,280.518,131.26656,13.54973,,4877,0.77,0.85,,0.0497,4.40003,,2.95,,848,Transit,2018
K2-183 c,K2-183,,,1,329.041,125.00718,14.01946,,5482,0.87,,,,10.78799,,2.3,,,Transit,2018
K2-332 b,K2-332,,,1,123.202,135.88327,14.2505,,3315,0.28,0.27,,,17.70632,,2.2,,266,Transit,2021
K2-184 b,K2-184,,,1,75.586,129.14052,14.46188,,5245,0.75,0.84,,0.1685,16.97801,,1.47,,533,Transit,2018
K2-271 b,K2-271,,,1,564.454,125.22391,16.0908,,5644,0.99,0.83,,0.077,8.56242,,7.28,,893,Transit,2018
K2-108 b,K2-108,,,1,477.295,123.38185,16.41952,,5599,1.76,1.17,,0.0581,4.734,,5.33,,1360,Transit,2017
K2-335 b,K2-335,,,1,557.993,129.38967,16.52206,,6222,1.33,1.23,,,12.28321,,2.21,,949,Transit,2021
K2-336 b,K2-336,,,1,239.289,133.8382,16.79407,,5424,0.8,0.86,,,21.19473,,1.22,,569,Transit,2021
K2-337 b,K2-337,,,1,421.636,127.76114,16.90047,,5869,1.32,0.94,,,16.27356,,2.62,,850,Transit,2021
K2-119 b,K2-119,,,1,365.581,132.00987,16.90177,,4740,0.71,0.76,,0.0698,7.72728,,2.53,,666,Transit,2017
K2-338 b,K2-338,,,1,156.951,124.36093,17.02416,,4558,0.63,0.66,,,3.85061,,1.03,,783,Transit,2021
K2-272 b,K2-272,,,1,423.065,132.62117,17.54239,,5397,0.83,0.86,,0.1007,14.45368,,3.13,,747,Transit,2018
K2-121 b,K2-121,,,1,169.398,126.93666,17.57933,,4526,0.675,0.71,,,5.18574,,7.16,51,716,Transit,2017
K2-273 b,K2-273,,,1,308.105,129.77689,19.01,,5161,0.85,0.89,,0.0729,11.71957,,3.05,,849,Transit,2018
K2-340 b,K2-340,,,1,738.136,127.93734,19.07459,,5532,1.13,0.93,,,29.74045,,3.36,,606,Transit,2021
Kepler-571 b,Kepler-571,,,1,723.875,286.55104,49.41873,,5527,0.9,0.93,,,4.7986,,2.64,,,Transit,2016
K2-146 b,K2-146,,,1,79.3,130.0267,19.09234,,3385,0.33,0.331,,,2.6446,0.129,2.05,5.77,,Transit,2018
EPIC 211945201 b,EPIC 211945201,,,1,181.69,136.57419,19.40206,,6069,1.39,1.17,,0.1493,19.49221,,5.76,,817,Transit,2018
K2-104 b,K2-104,,,1,189.289,129.63666,19.77372,,3712,0.48,0.51,,0.0242,1.9742,,1.79,,798,Transit,2016
K2-100 b,K2-100,,,1,188.959,129.60109,20.10601,G0 V,5945,1.24,1.15,,0.0301,1.6739,0,3.88,21.8,1841,Transit,2016
K2-375 b,K2-375,,,1,696.1,130.50131,20.3593,,5822,1.543,1.119,,,14.45389,,2.243,,,Transit,2022
Kepler-672 b,Kepler-672,,,1,1033.93,291.722,49.48085,,5627,0.92,0.95,,,38.37746,,2.5,,,Transit,2016
K2-122 b,K2-122,,,2,72.044,126.47622,20.35934,,4009,0.59,0.63,,0.0373,2.2193,,1.16,,769,Transit,2017
K2-274 b,K2-274,,,1,228.327,129.28237,20.39925,,5044,0.7,0.79,,0.0964,14.13303,,2.08,,655,Transit,2018
K2-123 b,K2-123,,,1,161.555,134.44414,21.45327,,4035,0.59,0.62,,0.1649,30.95152,,2.76,,338,Transit,2017
K2-345 b,K2-345,,,1,162.408,132.70759,21.78904,,3779,0.52,0.56,,,10.36744,,2.11,,437,Transit,2021
K2-276 b,K2-276,,,1,488.152,125.95283,22.63394,,5139,0.85,0.82,,0.1291,18.71827,,3.77,,583,Transit,2018
K2-346 b,K2-346,,,1,105.58,125.98649,22.66323,,4801,0.7,0.71,,,26.20145,,2.26,,450,Transit,2021
K2-124 b,K2-124,,,1,140.385,133.64105,23.13295,,3570,0.388,0.39,,0.049,6.41365,,2.9,,442,Transit,2017
K2-187 d,K2-187,,,1,330.916,132.52356,23.19247,,5438,0.83,,,,7.14958,,2.4,,,Transit,2018
K2-347 b,K2-347,,,1,320.336,126.37268,23.29741,,4599,0.63,0.66,,,7.18726,,2.41,,640,Transit,2021
K2-188 c,K2-188,,,1,446.821,129.8137,23.35744,,5977,1.19,1.06,,0.0785,7.81025,,2.83,,1026,Transit,2018
EPIC 212297394 c,EPIC 212297394,,,1,418.395,207.20612,-17.6099,,5171,0.8,0.83,,,5.21396,,2.27,,866,Transit,2021
Kepler-538 b,Kepler-538,,,2,155.956,297.48655,49.6234,,5534,0.872,0.892,,0.3554,81.73778,0.21,2.215,12.9,417,Transit,2016
K2-277 b,K2-277,,,1,113.123,202.01619,-15.93797,,5680,0.973,0.974,-0.0506,0.0664,6.32677,0.52,2.186,,1049,Transit,2018
K2-189 c,K2-189,,,1,242.113,203.62144,-15.03652,,5442,0.879,0.85,,,6.67932,,2.31,,877,Transit,2018
K2-278 b,K2-278,,,1,786.439,203.30187,-14.50411,,6747,1.61,1.4,,0.0488,3.33497,,2.98,,1711,Transit,2018
K2-349 b,K2-349,,,1,453.567,199.09965,-14.44475,,4385,0.49,0.54,,,9.03218,,1.38,,518,Transit,2021
K2-350 c,K2-350,,,1,489.368,204.03551,-14.00925,,5789,1.04,0.98,,,19.99194,,2.74,,687,Transit,2016
Kepler-594 b,Kepler-594,,,1,769.2,288.92173,49.76202,,5485,0.87,0.91,,,13.64618,,2.18,,,Transit,2016
K2-126 b,K2-126,,,1,102.953,203.5467,-13.57697,,4339,0.65,0.69,,0.0656,7.38565,,1.97,,601,Transit,2017
K2-190 b,K2-190,,,1,160.679,205.36305,-13.16087,,5631,0.912,0.905,,,10.09886,,1.357,,,Transit,2018
K2-191 b,K2-191,,,1,287.188,201.63914,-12.80667,,5176,0.84,0.901,,,2.85865,,1.579,,,Transit,2018
K2-110 b,K2-110,,,1,116.474,207.34974,-12.28492,,5010,0.713,0.738,,0.10207,13.86375,0.13,2.592,15.9,638,Transit,2017
K2-351 b,K2-351,,,1,694.734,206.65224,-11.80496,,5769,1.05,1.02,,,7.80616,,2.54,,934,Transit,2021
K2-127 b,K2-127,,,1,709.999,207.07829,-11.58899,,4575,0.66,0.72,,0.0411,3.58816,,8.37,,809,Transit,2017
K2-192 b,K2-192,,,1,221.753,206.58231,-11.55635,,5222,0.81,0.9,,0.049,4.16282,,1.52,,939,Transit,2018
K2-378 b,K2-378,,,1,687.973,205.15966,-11.11723,,4823,0.732,0.923,,,2.06044,,2.88,,,Transit,2022
Kepler-180 c,Kepler-180,,,1,695.65,295.57126,49.77451,,5731,1.063,,,0.229,41.88578,,3.01,,,Transit,2014
K2-193 b,K2-193,,,1,411.923,205.2371,-11.00933,,5817,0.98,1.01,,0.1184,14.78689,,3.95,,739,Transit,2018
EPIC 212587672 c,EPIC 212587672,,,1,320.07,205.44451,-10.86255,,6004,0.98,0.99,,,23.22856,,2.32,,658,Transit,2021
Kepler-154 d,Kepler-154,,,1,915.212,289.78054,49.89656,,5769,0.98,0.98,,,20.54982,,3.84,,,Transit,2016
K2-194 b,K2-194,,,1,629.51,204.60898,-8.92716,,5979,1.281,1.11,,,39.72139,,3.642,,,Transit,2018
K2-195 b,K2-195,,,1,315.014,199.83152,-8.50954,,5713,0.99,0.94,,0.1208,15.85298,,3.13,,720,Transit,2018
K2-197 b,K2-197,,,1,247.637,202.39348,-7.37398,,5667,0.93,1,,0.0806,8.35788,,2.56,,848,Transit,2018
EPIC 212737443 b,EPIC 212737443,,,1,336.25,204.22151,-7.31806,K3,4684,0.673,0.69,,0.098,13.603,0.2,2.586,,536,Transit,2019
Kepler-52 c,Kepler-52,,,1,321.542,286.73802,49.97574,,4075,0.52,0.54,,,16.385,,1.84,45.4,,Transit,2012
K2-279 b,K2-279,,,1,182.983,204.77929,-6.04176,,5558,0.86,0.79,,0.067,7.12261,,1.21,,879,Transit,2018
K2-99 b,K2-99,,,1,519.229,208.77376,-5.44249,,6069,2.55,1.44,0.8993,0.153,18.24783,0.22,11.882,276.511,1184,Transit,2016
K2-200 b,K2-200,,,1,184.131,202.25121,-4.61005,,5233,0.792,0.86,,,2.84988,,1.364,,,Transit,2018
K2-275 b,K2-275,,,1,123.438,132.16988,20.45502,,4841,0.69,0.77,,0.0277,3.28096,,2.34,,1166,Transit,2018
K2-275 c,K2-275,,,1,123.438,132.16988,20.45502,,4841,0.69,0.77,,0.0881,8.43884,,2.21,,653,Transit,2018
K2-198 c,K2-198,,,1,110.567,198.84368,-6.46499,,5213,0.757,0.799,,,3.35961,,1.423,,1230,Transit,2019
K2-198 d,K2-198,,,1,110.567,198.84368,-6.46499,,5213,0.757,0.799,,,7.45002,,2.438,,943,Transit,2019
K2-198 b,K2-198,,,1,110.567,198.84368,-6.46499,,5213,0.757,0.799,,,17.04287,,4.189,,716,Transit,2018
K2-199 b,K2-199,,,1,107.518,208.90145,-6.13608,,4491,0.682,0.711,-0.7328,0.0382,3.2254,0.02,1.73,6.9,913,Transit,2018
K2-199 c,K2-199,,,1,107.518,208.90145,-6.13608,,4491,0.682,0.711,-0.7328,0.0662,7.37449,0.03,2.85,12.4,694,Transit,2018
Kepler-673 b,Kepler-673,,,1,918.21,290.78576,50.05406,,5355,0.84,0.88,,,3.72873,,6.54,,,Transit,2016
K2-173 b,K2-173,,,1,228.641,60.37524,15.62513,,5580,0.843,0.882,,,5.8687,,1.608,,,Transit,2018
Kepler-501 b,Kepler-501,,,1,1125.24,297.20149,41.73015,,5904,1.04,1.03,,,5.64068,,4.3,,,Transit,2016
Kepler-181 c,Kepler-181,,,1,609.283,296.15128,50.09578,,5333,0.749,,,0.049,4.30215,,1.99,,,Transit,2014
K2-179 b,K2-179,,,1,190.81,58.79679,23.75675,,5015,0.768,0.824,,,5.17219,,2.513,,,Transit,2018
Kepler-674 b,Kepler-674,,,1,342.254,285.17619,50.14969,,4192,0.57,0.6,,,2.24338,,1.69,,,Transit,2016
K2-377 b,K2-377,,,1,195.149,202.89789,-12.09511,,4200,0.691,0.821,,,12.83224,,1.693,,,Transit,2022
Kepler-730 c,Kepler-730,,,1,1935.04,285.55479,45.57884,,5620,1.411,1.047,,0.03997,2.85188,,1.569,,1607,Transit,2018
Kepler-279 e,Kepler-279,,,1,1037.4,287.3913,42.19482,,,1.43,1.164,,,98.3531,,,56,,Transit,2025
Kepler-289 e,Kepler-289,,,1,704.438,297.46534,42.88285,,,0.985,1.061,,,330.0716,,,17.4,,Transit,2025
Kepler-675 b,Kepler-675,,,1,665.68,293.83345,50.23035,,4945,0.75,0.79,,,2.33744,,2.44,,,Transit,2016
Kepler-676 b,Kepler-676,,,1,295.196,296.22203,50.28736,,3701,0.49,0.51,,,11.59822,,3.04,,,Transit,2016
Kepler-1649 c,Kepler-1649,,,1,92.191,292.50297,41.82999,,3240,0.232,0.198,-2.2873,,19.53527,,1.06,,234,Transit,2020
Kepler-677 b,Kepler-677,,,1,1954.08,290.09805,50.32157,,5723,0.99,1,,,6.57532,,5.38,,,Transit,2016
Kepler-678 b,Kepler-678,,,1,1826.15,295.45526,50.49451,,5520,0.91,0.94,,,7.27504,,5.14,,,Transit,2016
Kepler-595 c,Kepler-595,,,1,643.009,294.57036,50.67301,,,0.821,0.93,,,12.38602,,1.009,3.3,,Transit,2020
Kepler-483 b,Kepler-483,,,1,860.355,291.64678,41.88468,,6346,1.47,1.28,,,30.2291,,3.21,,,Transit,2016
Kepler-182 c,Kepler-182,,,1,1549.09,289.83011,50.5862,,6250,1.146,,,0.157,20.68434,,3.43,,,Transit,2014
Kepler-572 b,Kepler-572,,,1,504.667,291.22117,50.58135,,5212,0.79,0.83,,,17.20523,,2.58,,,Transit,2016
Kepler-231 c,Kepler-231,,,1,316.618,293.97339,50.53185,,3767,0.49,,,0.114,19.27157,,1.93,,,Transit,2014
Kepler-197 c,Kepler-197,,,2,330.575,295.22647,50.55923,,6004,1.12,,,0.09,10.3497,,1.23,,,Transit,2014
Kepler-679 b,Kepler-679,,,1,922.244,296.02134,50.5678,,5403,0.84,0.87,,,12.39359,,3.01,,,Transit,2016
Kepler-680 b,Kepler-680,,,1,1492.48,291.62238,50.61818,,5890,1.11,1.08,,,3.68993,,2.42,,,Transit,2016
Kepler-595 b,Kepler-595,,,1,643.009,294.57036,50.67301,,,0.821,0.93,,,25.30291,,3.708,17.4,,Transit,2016
Kepler-155 b,Kepler-155,,,1,293.499,288.49578,51.08193,,4508,0.62,,,0.056,5.93119,,2.09,,,Transit,2014
Kepler-100 c,Kepler-100,,,1,304.645,291.38613,41.99014,,5825,1.49,1.08,,,12.8159,,2.2,7.05,,Transit,2014
Kepler-1704 b,Kepler-1704,,,1,835.455,291.20126,51.14424,,5746,1.697,1.132,0.4518,2.027,988.88112,0.92,11.949,1322.166,254,Transit,2021
Kepler-232 b,Kepler-232,,,1,1349.13,295.81617,51.12172,,5847,0.968,,,0.054,4.43122,,3.08,,,Transit,2014
Kepler-681 b,Kepler-681,,,1,686.923,289.39974,51.25024,,5021,0.76,0.8,,,26.39436,,3.08,,,Transit,2016
Kepler-573 b,Kepler-573,,,1,771.471,289.5212,51.23741,,5746,1.02,0.99,,,22.1833,,2.79,,,Transit,2016
Kepler-620 b,Kepler-620,,,1,1355.28,291.15939,51.33482,,6155,1.22,1.15,,,12.91375,,3.32,,,Transit,2016
Kepler-233 b,Kepler-233,,,1,856.417,296.36651,51.31945,,5360,0.758,,,0.077,8.47238,,2.43,,,Transit,2014
Kepler-554 b,Kepler-554,,,1,690.525,296.4069,51.35819,,5447,0.92,0.93,,,1.90221,,4.29,,,Transit,2016
Kepler-596 b,Kepler-596,,,1,1023.85,289.50068,51.68571,,6267,1.32,1.21,,,21.30023,,3.46,,,Transit,2016
Kepler-11 c,Kepler-11,,,1,646.346,297.11509,41.90911,,5663,1.065,0.961,,0.107,13.0241,0.026,2.87,2.9,,Transit,2010
Kepler-682 b,Kepler-682,,,1,1979.25,289.11222,51.73736,,5559,0.89,0.92,,,12.61191,,7.37,,,Transit,2016
Kepler-574 b,Kepler-574,,,1,682.896,290.24705,52.14911,,5612,0.91,0.95,,,7.6588,,2.39,,,Transit,2016
Kepler-156 b,Kepler-156,,,1,443.483,290.29642,37.74943,,5094,0.807,,,0.054,4.97346,,2.3,,,Transit,2014
Kepler-9 c,Kepler-9,,,1,628.257,285.57399,38.40082,,5774,0.958,1.022,-0.038,0.227,38.9853,0.067,8.08,29.9,,Transit,2010
Kepler-234 c,Kepler-234,,,1,1733.1,291.65354,38.49466,,6224,1.113,,,0.077,7.21205,,3.51,,,Transit,2014
Kepler-146 c,Kepler-146,,,1,716.797,294.11076,38.71022,,5948,1.208,,,0.364,76.73217,,3.13,,,Transit,2014
Kepler-457 d,KOI-7892,,,1,1072.3,282.37754,44.69457,,6474,1.242,1.148,,,10.6906,,2.985,,,Transit,2021
Kepler-30 c,Kepler-30,,,1,914.221,285.28365,38.94726,,5498,0.95,0.99,,0.3,60.3231,0.011,12.3,640,,Transit,2012
Kepler-158 c,Kepler-158,,,1,315.177,284.03237,39.78154,,4623,0.624,,,0.158,28.55138,,1.9,,,Transit,2014
KOI-7913 b,KOI-7913 A,,,2,271.277,286.74853,45.15872,K6 V,4324,0.788,0.76,,,24.27855,,2.34,,,Transit,2022
Kepler-80 c,Kepler-80,,,1,369.451,296.11258,39.97875,K5,4540,0.678,0.73,-0.7695,0.0792,9.52355,,2.74,6.74,,Transit,2012
Kepler-150 d,Kepler-150,,,1,891.092,288.2341,40.5209,,5560,0.939,,,0.104,12.56093,,2.79,,,Transit,2014
Kepler-633 c,Kepler-633,,,1,680.54,295.21733,40.59216,,5877,1.265,0.997,,,23.7832,,2.296,,,Transit,2021
Kepler-159 c,Kepler-159,,,1,373.744,297.0702,40.86873,,4625,0.663,,,0.218,43.59579,,3.41,,,Transit,2014
Kepler-202 c,Kepler-202,,,1,285.111,282.97349,41.3218,,4668,0.667,,,0.113,16.28249,,1.85,,,Transit,2014
Kepler-203 c,Kepler-203,,,1,703.302,297.08996,41.38807,,5821,1.114,,,0.061,5.37065,,2.47,,,Transit,2014
Kepler-170 c,Kepler-170,,,1,738.657,284.5212,41.62966,,5679,1.035,,,0.131,16.66586,,2.86,,,Transit,2014
Kepler-172 c,Kepler-172,,,1,828.592,283.36841,41.82184,,5526,1.085,,,0.068,6.389,,2.86,,,Transit,2014
Kepler-205 c,Kepler-205,,,1,159.72,285.28669,41.86094,,4321,0.546,,,0.122,20.30655,,1.64,,,Transit,2014
Kepler-196 c,Kepler-196,,,1,451.312,284.96851,42.07912,,5128,0.782,,,0.24,47.42774,,2.24,,,Transit,2014
Kepler-245 d,Kepler-245,,,1,861.527,291.639,42.43635,,5100,0.795,,,0.202,36.27711,,3.03,,,Transit,2014
Kepler-28 c,Kepler-28,,,1,438.359,292.13704,42.42948,,4499,0.664,0.684,,,8.99,0.017,1.857,2.06,,Transit,2011
Kepler-81 c,Kepler-81,,,1,348.291,293.63694,42.82483,,,0.59,0.64,,,12.04,,2.37,,,Transit,2012
Kepler-82 c,Kepler-82,,,1,904.326,292.87337,42.96616,,,0.898,0.91,,0.2626,51.54,0.007,5.34,13.9,,Transit,2012
Kepler-712 c,Kepler-712,,,1,872.493,294.90967,42.9352,,5148,0.78,0.84,,,226.89047,,4.85,,,Transit,2016
Kepler-247 d,Kepler-247,,,1,663.711,288.64256,43.03938,,5100,0.768,,,0.14,20.47791,,3.94,,,Transit,2014
Kepler-184 c,Kepler-184,,,1,610.326,291.95188,43.07462,,5788,0.873,,,0.141,20.303,,1.97,,,Transit,2014
Kepler-210 b,Kepler-210,,,1,232.75,292.50342,43.08322,,4559,0.65,,,0.032,2.45323,,2.94,,,Transit,2014
Kepler-248 b,Kepler-248,,,1,738.792,293.06131,43.58136,,5190,0.831,,,0.066,6.30821,,3.02,,,Transit,2014
Kepler-83 d,Kepler-83,,,2,400.409,282.23252,43.66557,,4648,0.594,,,0.051,5.1698,,1.94,,,Transit,2014
Kepler-1711 b,Kepler-1711,,,1,590.268,298.17729,42.23703,,5706,1.034,0.94,,,21.0608,,1.923,,,Transit,2021
Kepler-174 c,Kepler-174,,,1,384.757,287.43895,43.83201,,4880,0.622,,,0.214,44.00053,,1.49,,,Transit,2014
Kepler-186 d,Kepler-186,,,1,177.594,298.65274,43.95499,M1,3788,0.472,0.478,-1.385,0.0781,13.343,,1.4,,,Transit,2014
Kepler-55 b,Kepler-55,,,1,578.796,285.16833,44.02649,,4362,0.58,0.62,,,27.94814,,2.43,,,Transit,2012
Kepler-251 d,Kepler-251,,,1,924.625,296.56622,44.10581,,5526,0.89,,,0.182,30.133,,2.77,,,Transit,2014
Kepler-253 d,Kepler-253,,,1,838.595,291.84193,44.85812,,5208,0.786,,,0.13,18.11987,,3.17,,,Transit,2014
Kepler-561 c,Kepler-561,,,1,621.378,293.74711,45.1072,,5646,0.94,0.96,,,5.35016,,2.68,,,Transit,2016
Kepler-215 b,Kepler-215,,,1,485.997,294.97353,45.21369,,5739,1.027,,,0.084,9.36067,,1.62,,,Transit,2014
Kepler-62 b,Kepler-62,,,1,300.874,283.21256,45.3497,K2 V,4925,0.64,0.69,-0.678,0.0553,5.71493,,1.31,9,750,Transit,2013
Kepler-192 c,Kepler-192,,,1,651.674,287.91794,45.59288,,5479,1.007,,,0.15,21.2234,,2.79,,,Transit,2014
Kepler-33 f,Kepler-33,,,1,1209.16,289.07753,46.00517,,5904,1.82,1.291,0.556,0.2535,41.02902,0,4.46,,,Transit,2011
