"id","hip","bf","proper","ra","dec","dist","mag","ci","con"
0,,"",Sol,0.0,0.0,0.0,-26.7,0.656,""
25,25,"","",0.0053,-44.290561,81.367,6.28,0.763,Phe
34,34,"","",0.006638,26.918108,74.6269,6.43,0.514,Peg
43,43,"","",0.008593,59.559679,136.2398,6.18,1.032,Cas
50,50,"","",0.009533,-53.097713,59.4177,6.49,0.616,Phe
63,63,"","",0.012119,45.253334,187.9699,6.36,-0.047,And
88,88,Tau Phe,"",0.017941,-48.809876,181.8182,5.71,0.911,Phe
106,106,"","",0.022013,49.981558,199.6008,6.22,0.97,Cas
107,107,"","",0.022255,-50.337373,166.3894,5.53,1.615,Phe
122,122,The Oct,"",0.026616,-77.065724,66.5779,4.78,1.254,Oct
124,124,"","",0.026949,61.222801,943.3962,5.58,0.407,Cas
128,128,"","",0.027597,73.611846,70.7714,6.5,0.182,Cep
137,137,"","",0.028847,42.367144,374.5318,6.25,-0.042,And
145,145,"29    Psc","",0.030402,-3.027504,139.2758,5.13,-0.128,Psc
154,154,"30    Psc","",0.032672,-6.014072,132.4503,4.37,1.631,Psc
171,171,"85    Peg","",0.036139,27.082256,12.1699,5.8,0.69,Peg
183,183,Zet Scl,"",0.038867,-29.720414,154.0832,5.04,-0.15,Scl
186,186,"31    Psc","",0.040046,8.956824,122.8501,6.33,0.182,Psc
194,194,"32    Psc","",0.041584,8.485463,36.9004,5.7,0.315,Psc
208,207,"","",0.043357,66.098966,100000.0,5.87,1.073,Cas
238,238,"","",0.049301,-20.045882,61.1621,6.25,0.526,Cet
253,253,"","",0.052181,-24.145145,203.666,6.46,1.176,Cet
274,274,"","",0.057143,63.64052,763.3588,6.24,0.332,Cas
300,301,"2    Cet","",0.06233,-17.335988,83.4725,4.55,-0.047,Cet
302,302,"","",0.064342,66.712183,265.9574,6.31,1.629,Cep
330,330,"9    Cas","",0.070462,62.287664,100000.0,5.9,0.274,Cas
343,343,"","",0.072165,-16.529036,90.6618,5.78,1.084,Cet
345,345,"","",0.07231,-29.268822,124.8439,6.38,0.006,Scl
355,355,"3    Cet","",0.075033,-10.509523,641.0256,4.99,1.619,Cet
366,365,"","",0.07683,42.09253,386.1004,6.11,0.159,And
377,377,"","",0.078131,-71.436891,175.4386,5.59,-0.1,Tuc
379,379,"","",0.078304,67.166445,92.6784,5.68,1.051,Cep
394,394,"","",0.081573,34.659797,39.185,6.09,0.632,And
399,399,"","",0.08222,26.648764,200.0,6.25,1.368,Peg
410,410,"","",0.083662,27.674784,168.0672,6.47,0.946,Peg
417,417,"","",0.084395,-0.503035,138.8889,6.32,1.099,Psc
418,418,"","",0.085039,61.31397,221.7295,5.8,-0.067,Cas
441,443,"33    Psc","",0.088928,-5.707618,39.4945,4.61,1.029,Psc
475,476,"86    Peg","",0.094989,13.396266,114.2857,5.55,0.901,Peg
517,518,"","",0.104356,58.436733,21.4777,5.98,0.687,Cas
521,522,"","",0.105277,-49.075191,25.7136,5.7,0.519,Phe
530,531,"10    Cas","",0.10737,64.196168,265.9574,5.57,-0.023,Cas
543,544,"","",0.110209,29.021502,13.6705,6.07,0.752,And
559,560,"","",0.113911,-23.10754,39.3856,6.19,0.386,Cet
601,602,"","",0.121741,-17.38699,176.0563,6.2,0.133,Cet
634,635,"","",0.12892,-2.548679,183.4862,6.43,-0.146,Psc
635,636,"","",0.129693,-22.50856,78.3699,5.93,0.141,Cet
654,655,"","",0.134303,-33.529326,94.9668,5.67,1.119,Scl
663,664,"","",0.136693,-2.447711,279.3296,6.18,1.366,Psc
670,671,"","",0.138204,-8.824112,98.4252,5.99,1.034,Cet
676,677,"21Alp And",Alpheratz,0.139791,29.090432,29.7442,2.07,-0.038,And
693,695,"","",0.142462,63.20404,369.0037,6.41,0.998,Cas
694,696,"","",0.142638,-17.578155,578.0347,6.11,1.664,Cet
697,699,"","",0.14471,36.627125,32.4465,6.21,0.504,And
714,716,"","",0.147814,25.462985,138.5042,6.24,0.976,Peg
726,728,"","",0.150045,28.247543,110.8647,6.47,0.242,Peg
727,729,"87    Peg","",0.150672,18.211963,87.4126,5.57,1.043,Peg
728,730,"","",0.15066,-54.001931,128.3697,6.32,0.738,Phe
744,746,"11Bet Cas",Caph,0.152887,59.14978,16.7842,2.28,0.38,Cas
758,760,"","",0.155525,79.714545,105.4852,6.01,0.203,Cep
759,761,Kap1Scl,"",0.155851,-27.987928,77.4593,5.42,0.414,Scl
763,765,Eps Phe,"",0.156836,-45.747426,44.2087,3.88,1.013,Phe
796,798,"","",0.164474,-62.296794,132.2751,6.34,0.164,Tuc
811,813,"34    Psc","",0.167278,11.145813,93.633,5.54,-0.064,Psc
812,814,Gam3Oct,"",0.167293,-82.224047,78.064,5.29,1.049,Oct
838,840,"","",0.171908,-5.248588,58.309,5.84,0.973,Psc
839,841,"22    And","",0.172012,46.072272,377.3585,5.01,0.405,And
871,873,"","",0.178565,-12.579897,75.0188,5.84,1.0,Cet
908,910,"6    Cet","",0.187739,-15.467977,18.7477,4.89,0.487,Cet
928,930,Kap2Scl,"",0.192894,-27.799737,243.309,5.41,1.346,Scl
948,950,The Scl,"",0.195552,-35.133119,21.2766,5.24,0.459,Scl
965,967,"","",0.199741,48.152396,202.0202,6.18,1.467,And
981,983,"","",0.202773,-17.938278,190.8397,5.29,1.478,Cet
1007,1009,"","",0.209484,44.707195,140.8451,6.5,1.112,And
1065,1067,"88Gam Peg",Algenib,0.220598,15.183596,120.048,2.83,-0.19,Peg
1072,1074,"","",0.222099,-84.993978,298.5075,5.78,1.71,Oct
1074,1076,"","",0.223312,26.987545,131.406,6.24,0.68,And
1084,1086,"23    And","",0.22524,41.03537,34.904,5.71,0.331,And
1094,1096,"","",0.228401,-26.022345,396.8254,5.94,1.548,Scl
1097,1099,"","",0.228994,-26.284959,265.252,6.14,1.49,Scl
1121,1123,"","",0.233967,33.206039,103.1992,6.22,0.009,And
1156,1158,"","",0.241008,-7.780532,178.5714,5.13,1.601,Cet
1166,1168,"89Chi Peg","",0.243378,20.206702,112.8668,4.79,1.572,Peg
1169,1170,"7    Cet","",0.244005,-18.932866,137.1742,4.44,1.64,Cet
1189,1191,"","",0.248476,-9.569571,103.8422,5.77,-0.084,Cet
1191,1193,"","",0.24886,22.284225,140.8451,6.25,-0.004,Peg
1193,1195,"","",0.249515,-34.904223,194.5525,6.17,1.344,Scl
1194,1196,"35    Psc","",0.249677,8.820962,77.7605,6.02,0.312,Psc
1206,1208,"","",0.25193,31.535725,286.533,6.34,1.555,And
1213,1215,"","",0.252934,27.28344,135.1351,6.35,-0.002,And
1266,1269,"","",0.265239,61.000172,132.9787,6.43,0.838,Cas
1267,1268,"","",0.265257,-75.911615,189.3939,6.49,0.983,Hyi
1286,1288,"","",0.269126,-31.446394,152.207,5.66,1.35,Scl
1293,1296,"","",0.270527,76.950755,192.3077,6.35,-0.044,Cep
1300,1302,"","",0.272645,43.595049,106.4963,6.12,0.068,And
1317,1319,"36    Psc","",0.276122,8.240154,125.0,6.12,0.919,Psc
1329,1331,"","",0.278429,-20.210061,182.8154,6.5,-0.108,Cet
1351,1354,"","",0.282513,61.533185,190.1141,5.74,0.898,Cas
1363,1366,"24The And","",0.284863,38.681636,94.697,4.61,0.059,And
1369,1372,"","",0.285845,47.947405,343.6426,5.86,-0.079,Cas
1399,1402,"","",0.292417,-19.051092,48.4966,6.46,0.386,Cet
1412,1415,"","",0.295295,51.43309,735.2941,6.11,-0.151,Cas
1418,1421,"","",0.296583,1.688727,117.3709,6.19,0.937,Psc
1462,1465,"","",0.304791,11.206214,153.8462,6.07,1.036,Psc
1470,1473,"25Sig And","",0.305463,36.785224,41.3223,4.51,0.054,And
1490,1493,"","",0.310625,31.517227,166.6667,5.88,-0.014,And
1496,1499,"","",0.311629,-8.053001,23.245,6.47,0.674,Cet
1498,1501,"26    And","",0.311712,43.791141,202.8398,6.1,-0.074,And
1499,1502,"","",0.31182,-43.235571,112.4859,6.33,1.21,Phe
1559,1562,"8Iot Cet","",0.323799,-8.823921,84.1751,3.56,1.214,Cet
1571,1575,"","",0.328212,40.729461,175.1313,6.35,1.179,And
1595,1599,Zet Tuc,"",0.334142,-64.874791,8.5866,4.23,0.576,Tuc
1626,1630,"","",0.340111,30.935614,159.7444,5.89,-0.098,And
1635,1639,"","",0.341924,48.968633,218.3406,6.46,0.564,Cas
1641,1645,"41    Psc","",0.343295,8.190271,125.0,5.38,1.343,Psc
1643,1647,Pi  Tuc,"",0.344178,-69.624913,97.561,5.5,-0.046,Tuc
1653,1657,"","",0.345978,32.911186,191.9386,5.79,1.595,And
1682,1686,"27Rho And","",0.352017,37.968603,48.5437,5.16,0.442,And
1702,1706,"","",0.357986,-77.426873,174.8252,5.96,1.397,Hyi
1704,1708,Iot Scl,"",0.358665,-28.981469,101.3171,5.18,1.006,Scl
1724,1728,"","",0.362853,-20.058024,270.2703,5.61,1.58,Cet
1768,1772,"42    Psc","",0.373745,13.482488,153.8462,6.25,1.225,Psc
1799,1803,"9    Cet","",0.381051,-12.209438,20.8638,6.39,0.659,Cet
1817,1821,"","",0.384554,-15.942556,337.8378,6.43,1.595,Cet
1916,1921,"","",0.404348,52.019914,306.7485,5.58,-0.11,Cas
1934,1939,"","",0.408236,-2.219064,151.7451,6.08,1.216,Psc
1943,1948,"","",0.410599,14.315514,180.5054,6.48,1.161,Psc
1955,1960,"12    Cas","",0.413193,61.831057,215.0538,5.38,0.008,Cas
1977,1982,"","",0.418445,53.046786,158.2278,5.72,-0.056,Cas
2000,2006,"44    Psc","",0.423391,1.939692,144.0922,5.77,0.855,Psc
2016,2021,Bet Hyi,"",0.427916,-77.254247,7.4588,2.82,0.618,Hyi
2069,2072,Kap Phe,"",0.436716,-43.679829,23.8095,3.93,0.175,Phe
2076,2081,Alp Phe,Ankaa,0.438056,-42.305981,25.974,2.4,1.083,Phe
2081,2086,"","",0.439375,-18.693632,483.0918,6.24,1.622,Cet
2095,2100,"10    Cet","",0.443726,-0.049533,138.3126,6.16,0.893,Cet
2153,2159,"","",0.454085,-25.54717,176.0563,5.99,1.022,Scl
2173,2178,"","",0.45863,16.025483,117.2333,6.44,0.23,Psc
2204,2210,Eta Scl,"",0.465472,-33.007167,138.5042,4.86,1.634,Scl
2207,2213,"","",0.466241,19.514039,172.117,6.4,0.99,Psc
2213,2219,"47    Psc","",0.467475,17.893125,162.0746,5.01,1.584,Psc
2218,2224,"48    Psc","",0.470195,16.445065,233.6449,6.05,1.58,Psc
2220,2225,"","",0.470454,44.394452,86.6551,5.18,0.043,And
2229,2235,"","",0.472236,10.189848,36.5497,6.05,0.447,Psc
2231,2237,"","",0.472528,-20.335051,32.1958,6.44,0.594,Cet
2234,2240,"","",0.474027,-39.915002,115.2074,5.42,1.556,Phe
2250,2256,"","",0.478632,-50.532859,125.3133,6.26,1.09,Phe
2264,2270,"","",0.482406,36.899694,162.0746,6.28,0.916,And
2331,2337,"","",0.497748,-14.864109,42.7533,6.15,0.388,Cet
2347,2353,"12    Cet","",0.500655,-3.957332,173.913,5.72,1.545,Cet
2349,2355,"28    And","",0.502045,29.751557,62.7746,5.2,0.271,And
2371,2377,"","",0.505534,59.977554,235.8491,5.94,-0.003,Cas
2375,2381,"","",0.506293,-23.78768,53.1067,5.17,0.128,Cet
2377,2383,"","",0.507242,-48.21491,43.0849,5.67,0.367,Phe
2382,2388,"","",0.507729,-40.939586,129.5337,6.18,0.315,Phe
2416,2422,"","",0.51511,77.019404,38.506,6.18,0.883,Cas
2466,2472,Lam1Phe,"",0.523594,-48.803514,52.9661,4.76,0.018,Phe
2468,2474,"13    Cas","",0.52367,66.519617,233.1002,6.18,-0.1,Cas
2469,2475,"","",0.523787,33.581642,116.144,5.88,1.133,And
2478,2484,Bet1Tuc,"",0.525725,-62.958218,41.4079,4.36,-0.064,Tuc
2479,2487,Bet2Tuc,"",0.525946,-62.965561,51.6529,4.53,0.147,Tuc
2491,2497,"","",0.528105,52.839526,116.8224,5.59,1.163,Cas
2499,2505,"14Lam Cas","",0.529539,54.522289,115.7407,4.74,-0.098,Cas
2543,2548,"51    Psc","",0.539939,6.955463,80.9717,5.69,-0.014,Psc
2562,2568,"52    Psc","",0.543189,20.294316,80.0,5.38,1.069,Psc
2572,2578,Bet3Tuc,"",0.545512,-63.0315,45.5581,5.07,0.038,Tuc
2577,2583,"","",0.546969,28.280241,158.4786,6.26,0.965,And
2592,2599,"15Kap Cas","",0.549997,62.931783,100000.0,4.17,0.13,Cas
2605,2611,"","",0.552879,54.894985,114.1553,5.93,1.037,Cas
2622,2628,"","",0.55534,70.981843,151.7451,6.41,-0.007,Cas
2623,2629,The Tuc,"",0.556463,-71.266246,130.039,6.11,0.265,Tuc
2655,2661,"","",0.561401,-29.558278,165.0165,5.55,1.262,Scl
2657,2663,"","",0.56217,-35.002078,33.1126,6.41,0.617,Scl
2701,2707,"16    Cas","",0.573583,66.750351,189.7533,6.47,-0.049,Cas
2705,2711,"","",0.574374,-52.37309,25.4842,5.57,0.472,Phe
2728,2734,"","",0.582046,13.371137,109.6491,6.39,1.136,Psc
2756,2762,"13    Cet","",0.587466,-3.592846,21.254,5.2,0.567,Cet
2781,2787,"14    Cet","",0.592454,-0.50561,54.4959,5.94,0.444,Cet
2783,2789,"","",0.592591,-54.821873,70.7714,6.04,1.001,Phe
2796,2802,Lam2Phe,"",0.594767,-48.000907,34.8189,5.51,0.461,Phe
2826,2832,"","",0.598557,13.207067,37.5657,6.32,0.517,Psc
2840,2846,"","",0.600877,-14.973035,115.3403,6.45,1.063,Cet
2846,2852,"","",0.601906,-22.842333,48.8759,6.06,0.297,Cet
2848,2854,"","",0.602306,54.16845,164.4737,5.08,-0.098,Cas
2870,2876,"","",0.607595,60.326215,100000.0,5.78,0.294,Cas
2882,2889,"","",0.610449,-65.124445,211.8644,6.43,1.26,Tuc
2894,2900,"","",0.612903,44.488587,189.0359,5.14,1.587,And
2897,2903,"53    Psc","",0.613142,15.231725,318.4713,5.89,-0.146,Psc
2906,2912,"29Pi  And","",0.61468,33.719344,183.4862,4.34,-0.123,And
2914,2920,"17Zet Cas",Fulu,0.616188,53.896909,181.8182,3.69,-0.196,Cas
2920,2926,"","",0.618664,24.014136,112.7396,6.18,1.17,And
2931,2937,"","",0.621727,-54.393819,146.8429,6.4,0.995,Phe
2935,2941,"","",0.622393,-24.767267,15.4012,5.57,0.715,Cet
2936,2942,"","",0.622561,35.399501,259.7403,5.45,0.886,And
2947,2954,"","",0.625136,3.135351,223.2143,6.43,1.339,Psc
3025,3031,"30Eps And","",0.642602,29.311751,50.226,4.34,0.871,And
3050,3056,"","",0.646883,-25.107819,273.9726,6.43,1.482,Scl
3077,3083,"","",0.652748,49.354589,641.0256,5.45,1.644,Cas
3086,3092,"31Del And","",0.655462,30.861024,32.352,3.27,1.268,And
3087,3093,"54    Psc","",0.656063,21.250472,11.0595,5.88,0.85,Psc
3126,3132,"","",0.663247,82.493762,33.2557,6.38,0.551,Cep
3130,3137,"","",0.664428,-44.796293,94.162,6.0,1.142,Phe
3132,3138,"55    Psc","",0.665436,21.438495,127.0648,5.36,1.16,Psc
3163,3170,"","",0.673659,-59.454604,24.9563,5.89,0.564,Tuc
3168,3175,"","",0.674606,-16.516676,146.4129,6.49,0.91,Cet
3172,3179,"18Alp Cas",Schedar,0.675116,56.537331,69.979,2.24,1.17,Cas
3178,3185,"","",0.675771,-23.804876,28.885,6.14,0.718,Cet
3186,3193,"","",0.678437,-4.351841,144.5087,5.9,1.091,Cet
3224,3231,"32    And","",0.68533,39.458664,108.8139,5.3,0.891,And
3238,3245,Mu  Phe,"",0.688766,-46.085007,75.358,4.59,0.953,Phe
3262,3269,"","",0.693343,24.629008,126.7427,6.06,0.298,And
3271,3277,Xi  Phe,"",0.69621,-56.501315,67.0241,5.72,0.131,Phe
3292,3299,"","",0.700953,66.147592,158.4786,5.83,1.042,Cas
3293,3300,"19Xi  Cas","",0.701081,50.512526,438.5965,4.8,-0.105,Cas
3323,3330,Rho Tuc,"",0.707869,-65.46803,41.0341,5.38,0.515,Tuc
3327,3334,"","",0.708618,58.753411,336.7003,6.18,-0.004,Cas
3345,3352,"","",0.711609,-60.262807,70.8215,5.99,1.318,Tuc
3347,3356,Lam1Scl,"",0.711914,-38.463483,145.1379,6.05,-0.024,Scl
3398,3405,Eta Phe,"",0.722567,-57.46306,75.5287,4.36,0.024,Phe
3407,3414,"20Pi  Cas","",0.724466,47.024546,53.6769,4.95,0.17,Cas
3413,3419,"16Bet Cet",Diphda,0.72649,-17.986605,29.5334,2.04,1.019,Cet
3429,3436,"","",0.73058,-12.011813,56.4016,6.01,1.107,Cet
3448,3455,"17Phi1Cet","",0.7365,-10.60955,71.6332,4.77,0.998,Cet
3449,3456,Lam2Scl,"",0.736683,-38.421686,103.8422,5.9,1.144,Scl
3471,3478,"","",0.740612,47.863984,191.2046,5.66,-0.113,Cas
3481,3489,"","",0.742107,-62.497591,87.6424,6.06,0.446,Tuc
3496,3504,"22Omi Cas","",0.74542,48.284364,215.5172,4.48,-0.069,Cas
3497,3505,"","",0.745666,-22.006135,26.7451,5.22,0.35,Cet
3513,3521,"","",0.749187,-42.676558,64.3915,5.94,0.297,Phe
3519,3527,"","",0.749959,-53.714895,46.5983,6.15,0.524,Phe
3536,3544,"","",0.754774,55.221396,98.8142,5.41,0.022,Cas
3544,3552,"","",0.756702,-4.62916,253.8071,6.15,1.652,Cet
3551,3559,"18    Cet","",0.757969,-12.88081,30.9981,6.15,0.603,Cet
3564,3572,"21    Cas","",0.760862,74.988073,93.0233,5.64,0.078,Cas
3568,3576,"","",0.761585,-16.42422,89.0472,6.47,0.314,Cet
3575,3583,"","",0.76265,-47.551985,15.1584,5.8,0.635,Phe
3596,3604,"","",0.769669,44.861497,131.0616,6.03,-0.063,And
3599,3607,"","",0.769929,-22.522097,93.2836,5.49,0.978,Cet
3624,3632,"57    Psc","",0.775822,15.475504,238.0952,5.36,1.559,Psc
3632,3641,"","",0.777313,69.325408,40.7498,6.39,0.424,Cas
3641,3649,"","",0.778462,59.574539,934.5794,6.41,1.081,Cas
3667,3675,"58    Psc","",0.783738,11.973849,86.8056,5.51,0.987,Psc
3677,3685,"59    Psc","",0.787118,19.578702,100.6036,6.11,0.27,Psc
3685,3693,"34Zet And","",0.788981,24.267178,58.0046,4.08,1.1,And
3689,3697,"60    Psc","",0.789898,6.740956,141.2429,5.98,0.941,Psc
3709,3717,"","",0.795339,-18.061339,108.9325,5.7,1.3,Cet
3713,3721,"23    Cas","",0.796119,74.847573,236.4066,5.42,-0.066,Cas
3733,3741,"","",0.800296,-21.722492,105.1525,5.57,-0.058,Cet
3742,3750,"","",0.802487,72.674482,61.237,5.86,1.01,Cas
3752,3760,"62    Psc","",0.804836,7.299928,177.6199,5.92,1.104,Psc
3759,3765,"","96 G. Psc",0.806382,5.280615,7.4549,5.74,0.89,Psc
3773,3781,Lam Hyi,"",0.809777,-74.923438,64.9351,5.09,1.345,Hyi
3778,3786,"63Del Psc","",0.811373,7.585079,95.4198,4.44,1.5,Psc
3793,3801,"25Nu  Cas","",0.813892,50.968168,126.2626,4.9,-0.091,Cas
3799,3807,"","",0.815758,-46.697648,129.5337,6.28,0.897,Phe
3802,3810,"64    Psc","",0.816308,16.940644,23.4522,5.07,0.502,Psc
3814,3821,"24Eta Cas",Achird,0.81826,57.815187,5.9531,3.46,0.587,Cas
3825,3834,"","",0.82054,-24.136672,57.9039,5.9,0.944,Cet
3841,3849,"","",0.823782,-13.561274,85.1064,5.59,1.325,Cet
3848,3858,"","",0.825953,-23.362144,234.192,6.27,0.132,Cet
3871,3881,"35Nu  And","",0.830234,41.078911,189.3939,4.53,-0.136,And
3875,3885,"65    Psc","",0.831433,27.710286,88.574,5.55,0.398,Psc
3893,3903,"","",0.834379,-43.394921,108.5776,6.49,0.286,Phe
3899,3909,"19Phi2Cet","",0.835443,-10.644326,15.753,5.17,0.514,Cet
3909,3919,"","",0.838403,45.002258,100.3009,6.13,0.043,And
3939,3949,Rho Phe,"",0.844768,-50.986816,74.239,5.24,0.356,Phe
3941,3951,"","",0.845442,64.247549,196.0784,5.35,0.528,Cas
3955,3965,"","",0.849263,51.508032,67.2948,6.38,0.307,Cas
3978,3988,"","",0.854551,61.805494,100000.0,6.04,1.88,Cas
3982,3992,"","",0.85509,3.38502,137.931,6.39,1.069,Psc
4013,4023,"","",0.859386,51.571427,306.7485,6.22,0.032,Cas
4095,4104,"","",0.877951,-24.005844,171.2329,5.47,1.275,Cet
4137,4147,"20    Cet","",0.883471,-1.14426,179.8561,4.78,1.55,Cet
4142,4151,"","",0.884511,61.12397,18.7441,4.8,0.54,Cas
4154,4164,"","",0.886793,-24.776876,73.5835,6.44,0.439,Cet
4175,4185,"","",0.891173,37.418209,107.8749,6.07,1.139,And
4190,4200,"","",0.893839,-62.871352,218.3406,5.73,1.574,Tuc
4202,4212,"","",0.896547,52.689293,88.4173,6.27,0.191,Cas
4247,4257,"21    Cet","",0.904887,-8.740662,131.406,6.15,0.911,Cet
4257,4267,"66    Psc","",0.909785,19.188417,108.1081,5.8,-0.016,Psc
4273,4283,"","",0.914667,83.707435,87.7193,5.59,0.105,Cep
4278,4288,"36    And","",0.916139,23.628335,37.9795,5.46,1.012,And
4282,4292,"26Ups1Cas","",0.916715,58.972698,100.7049,4.83,1.216,Cas
4283,4293,Lam2Tuc,"",0.916751,-69.527084,68.0272,5.45,1.095,Tuc
4288,4298,"","",0.918114,48.67852,207.4689,6.28,1.681,Cas
4307,4317,"","",0.920742,24.557062,173.913,6.19,1.546,Psc
4336,4346,"","",0.928444,-7.347149,184.5018,5.88,1.52,Cet
4353,4363,"","",0.932093,-27.775839,292.3977,6.11,1.674,Scl
4356,4366,"67    Psc","",0.93292,27.209381,77.7605,6.08,0.133,Psc
4361,4371,"22Phi3Cet","",0.933747,-11.266526,168.9189,5.35,1.505,Cet
4372,4382,"","",0.935867,13.95196,125.1564,6.46,0.962,Psc
4373,4383,"","",0.936931,57.996557,198.8072,6.2,1.376,Cas
4412,4422,"28Ups2Cas",Castula,0.944432,59.181056,61.2745,4.62,0.957,Cas
4417,4427,"27Gam Cas",Cih,0.945143,60.71674,168.3502,2.15,-0.046,Cas
4426,4436,"37Mu  And","",0.945885,38.499345,39.7772,3.86,0.13,And
4430,4440,"","",0.946377,60.362836,165.0165,5.56,-0.054,Cas
4436,4446,"","",0.948624,68.775657,64.8929,6.39,0.375,Cas
4453,4463,"38Eta And","",0.953445,23.417648,70.4225,4.4,0.94,And
4465,4475,"","",0.955435,61.421895,198.8072,6.44,0.94,Cas
4490,4501,"","",0.961012,45.839379,134.0483,6.1,1.028,And
4500,4510,"68    Psc","",0.963931,28.992217,198.8072,5.44,1.076,Psc
4510,4520,"","",0.965142,13.695865,148.5884,6.3,0.895,Psc
4542,4552,"","",0.970615,33.950885,56.3698,5.99,1.0,And
4548,4558,"","",0.971915,21.404495,129.7017,6.47,0.089,Psc
4553,4563,"","",0.972834,-60.696239,171.2329,6.23,0.096,Tuc
4562,4572,"","",0.975285,66.351793,107.4114,5.97,-0.008,Cas
4567,4577,Alp Scl,"",0.976766,-29.357449,238.0952,4.3,-0.154,Scl
4577,4587,"23Phi4Cet","",0.978852,-11.379975,98.0392,5.62,0.949,Cet
4645,4655,"","",0.997135,6.483225,332.2259,6.14,1.654,Psc
4665,4675,"","",1.000988,44.713243,119.0476,5.69,-0.01,And
4699,4709,"","",1.008587,70.982988,109.4092,6.4,0.135,Cas
4760,4770,Xi  Scl,"",1.02174,-38.916527,157.4803,5.59,1.185,Scl
4776,4786,"","",1.024179,49.54422,322.5806,6.48,1.099,Cas
4791,4801,"","",1.027401,-16.265573,92.8505,6.47,1.184,Cet
4819,4829,Ome Phe,"",1.033838,-57.002389,120.6273,6.12,0.935,Phe
4834,4844,"","",1.038463,51.034938,226.2443,6.48,0.122,Cas
4842,4852,Sig Scl,"",1.040674,-31.552005,71.2251,5.5,0.083,Scl
4869,4879,"","",1.04525,-65.456102,265.9574,6.25,1.634,Tuc
4879,4889,"69Sig Psc","",1.046971,31.804263,132.9787,5.5,-0.043,Psc
4880,4890,"","",1.046997,-46.397311,73.0994,5.39,0.9,Phe
4893,4903,"39    And","",1.048407,41.345157,107.2961,5.95,0.161,And
4896,4906,"71Eps Psc","",1.049058,7.890135,55.7414,4.27,0.952,Psc
4901,4911,"","",1.050423,47.376158,96.0615,6.46,0.248,And
4904,4914,"25    Cet","",1.050705,-4.836601,102.2495,5.4,1.106,Cet
4922,4932,"","",1.054918,-29.525848,130.039,6.28,0.932,Scl
4951,4962,"","",1.06028,61.074823,613.4969,5.92,0.512,Cas
4970,4979,"26    Cet","",1.063619,1.366846,60.1323,6.06,0.271,Cet
4988,4998,"","",1.06733,52.502161,326.7974,5.99,1.447,Cas
5011,5021,"","",1.072084,61.580184,80.7754,5.83,0.569,Cas
5024,5034,"","",1.074339,29.658806,44.287,6.2,0.443,Psc
5032,5042,"","",1.075717,-33.532845,163.6661,6.44,1.071,Scl
5064,5074,"73    Psc","",1.081288,5.656262,199.6008,6.03,1.525,Psc
5071,5081,"72    Psc","",1.084821,14.946133,54.5852,5.64,0.42,Psc
5111,5121,"27    Cet","",1.093579,-9.979323,92.9368,6.09,1.012,Cet
5121,5131,"74Psi1Psc","",1.094709,21.473181,84.317,5.33,0.003,Psc
5122,5132,"74Psi1Psc","",1.094919,21.465442,85.9107,5.55,-0.048,Psc
5130,5141,"77    Psc","",1.097008,4.908372,40.6339,6.35,0.383,Psc
5154,5165,Bet Phe,"",1.101407,-46.718414,100000.0,3.32,0.885,Phe
5155,5164,"28    Cet","",1.10143,-9.839354,180.8318,5.58,0.009,Cet
5160,5170,"","",1.102141,-23.992451,117.3709,6.12,1.076,Cet
5165,5175,"","",1.103111,32.181485,172.7116,6.28,1.308,Psc
5192,5204,"75    Psc","",1.109341,12.956039,133.3333,6.14,0.962,Psc
5229,5240,"","",1.116702,56.934972,99.108,6.41,1.188,Cas
5240,5251,"","",1.119292,53.498185,512.8205,6.31,1.499,Cas
5247,5259,"","",1.120255,-23.996334,68.7758,6.36,0.238,Cet
5257,5268,Iot Tuc,"",1.121838,-61.775289,93.2836,5.36,0.884,Tuc
5285,5296,"30    Cet","",1.129502,-9.78555,47.1476,5.71,0.446,Cet
5289,5300,Ups Phe,"",1.129957,-41.486916,56.9476,5.21,0.159,Phe
5299,5310,"79Psi2Psc","",1.132544,20.739113,47.3037,5.56,0.121,Psc
5304,5315,"","",1.13324,1.993042,48.4731,6.44,0.847,Cet
5306,5317,"41    And","",1.133559,43.942092,58.9623,5.04,0.109,And
5308,5319,"78    Psc","",1.133701,32.01213,41.3907,6.23,0.398,Psc
5325,5336,"30Mu  Cas","",1.137477,54.92034,7.554,5.17,0.704,Cas
5335,5346,"80    Psc","",1.1395,5.649819,35.2113,5.51,0.334,Psc
5337,5348,Zet Phe,Wurren,1.139742,-55.24576,91.5751,3.94,-0.12,Phe
5350,5361,"","",1.142627,58.263449,184.8429,5.77,-0.019,Cas
5353,5364,"31Eta Cet","",1.143164,-10.182264,37.9939,3.46,1.161,Cet
5361,5372,"","",1.145613,86.25709,85.9107,4.24,1.213,Cep
5399,5412,"","",1.15341,80.011579,135.318,6.24,0.922,Cep
5423,5434,"42Phi And","",1.158368,47.241792,219.7802,4.26,0.012,And
5436,5447,"43Bet And",Mirach,1.162194,35.620558,60.5327,2.07,1.576,And
5443,5454,"81Psi3Psc","",1.163667,19.658408,115.4734,5.57,0.697,Psc
5466,5477,"","",1.168715,-57.694419,125.6281,6.41,0.888,Phe
5472,5483,"","",1.169845,15.673912,165.0165,6.07,1.535,Psc
5474,5485,"32    Cet","",1.169985,-8.906135,118.624,6.4,1.029,Cet
5482,5493,"44    And","",1.17188,42.081475,52.2739,5.67,0.603,And
5483,5494,"","",1.17207,25.457763,120.7729,5.81,1.466,Psc
5498,5510,"33    Cet","",1.175987,2.44567,235.2941,5.97,1.491,Cet
5506,5518,"31    Cas","",1.177579,68.778621,84.8896,5.32,-0.014,Cas
5530,5542,"33The Cas","",1.185017,55.149901,40.95,4.34,0.17,Cas
5532,5544,"82    Psc","",1.185213,31.424736,147.2754,5.15,0.261,Psc
5537,5550,"45    And","",1.186189,37.724121,242.1308,5.8,-0.095,And
5554,5566,"","",1.190428,64.202677,124.0695,5.56,-0.052,Cas
5559,5571,"84Chi Psc","",1.190894,21.03465,117.6471,4.66,1.024,Psc
5563,5575,"","",1.191381,10.291908,132.4503,6.49,0.891,Psc
5574,5586,"83Tau Psc","",1.194342,30.089638,51.7598,4.51,1.092,Psc
5577,5589,"32    Cas","",1.194829,65.018854,119.0476,5.57,-0.072,Cas
5582,5594,"34    Cet","",1.195419,-2.251079,171.8213,5.93,1.403,Cet
5614,5626,"","",1.204601,79.673963,82.85,5.6,0.008,Cep
5638,5650,"","",1.209465,45.337531,193.7984,6.13,1.652,And
5649,5661,"","",1.212616,-37.856479,69.3963,5.95,0.281,Scl
5667,5679,"","",1.21652,30.064229,116.0093,6.24,0.98,Psc
5676,5688,"","",1.219398,61.706188,201.6129,6.4,0.018,Cas
5725,5737,"86Zet Psc",Revati,1.228857,7.575354,53.3049,5.21,0.32,Psc
5730,5742,"85Phi Psc","",1.229152,24.583713,136.7989,4.67,1.047,Psc
5731,5743,"86Zet Psc",Revati B,1.22924,7.578261,93.985,6.44,0.492,Psc
5760,5772,"","",1.234695,28.529575,408.1633,6.33,1.684,Psc
5766,5778,"87    Psc","",1.235453,16.133479,139.47,5.97,-0.082,Psc
5786,5799,"37    Cet","",1.240011,-7.922826,23.3863,5.14,0.448,Cet
5811,5824,"88    Psc","",1.245109,6.995136,159.2357,6.04,1.081,Psc
5820,5833,"38    Cet","",1.246992,-0.973795,42.9185,5.7,0.428,Cet
5849,5862,Nu  Phe,"",1.253043,-45.531664,15.1149,4.97,0.571,Phe
5884,5896,Kap Tuc,"",1.262704,-68.875927,20.9556,4.25,0.48,Tuc
5913,5926,"","",1.269972,71.743842,847.4576,5.87,2.042,Cas
5916,5928,"","",1.270176,87.145496,106.9519,6.2,1.114,Cep
5923,5936,"","",1.271922,33.11472,106.7236,6.04,1.163,Psc
5934,5947,"","",1.275281,79.910013,72.6216,6.27,0.44,Cep
5939,5951,"39    Cet","",1.276747,-2.500368,80.5802,5.42,0.888,Cet
5979,5992,"","",1.284364,-66.397854,94.2507,6.23,0.052,Tuc
5981,5993,"","",1.284739,44.901992,214.1328,6.11,1.59,And
6012,6025,"","",1.290033,31.744617,85.1064,6.36,1.132,Psc
6048,6061,"89    Psc","",1.296654,3.614466,75.3012,5.13,0.071,Psc
6074,6087,"","",1.302818,47.419706,662.2517,6.29,1.357,And
6080,6093,"","",1.303858,57.803166,348.4321,6.39,1.589,Cas
6126,6140,"","",1.313058,37.386275,128.5347,6.44,0.233,And
6179,6193,"90Ups Psc","",1.324443,27.264059,94.4287,4.74,0.032,Psc
6212,6226,"42    Cet","",1.330082,-0.509029,100.7049,5.87,0.635,Cet
6228,6242,"34Phi Cas","",1.334699,58.231611,100000.0,4.95,0.683,Cas
6247,6261,"","",1.338733,77.570682,126.4223,6.31,0.912,Cas
6258,6272,"","",1.341058,-11.238999,112.2334,6.16,1.102,Cet
6269,6283,"","",1.342937,-3.24699,137.1742,6.26,1.013,Cet
6298,6312,"35    Cas","",1.35145,64.658131,78.125,6.33,0.113,Cas
6301,6315,"91    Psc","",1.352047,28.738207,107.4114,5.23,1.396,Psc
6364,6378,"","",1.366383,76.238804,76.0456,6.37,0.283,Cas
6397,6411,"46Xi  And",Adhil,1.372337,45.528778,65.7462,4.87,1.077,And
6413,6427,"","",1.375134,-19.081208,61.5006,6.35,0.493,Cet
6415,6429,"43    Cet","",1.376342,-0.449673,137.3626,6.5,1.079,Cet
6418,6432,"","",1.376931,1.726332,212.3142,6.21,1.482,Cet
6472,6486,"","",1.389264,58.142994,58.8235,6.36,0.457,Cas
6478,6492,"","",1.390264,20.468967,306.7485,5.97,1.677,Psc
6488,6502,"","",1.391933,-30.945617,299.4012,5.84,1.612,Scl
6498,6512,"","",1.393735,34.245887,56.6572,6.28,0.829,And
6500,6514,"47    And","",1.394612,37.714943,63.857,5.6,0.276,And
6507,6522,"","",1.396337,78.726056,100000.0,6.07,0.389,Cep
6523,6537,"45The Cet","",1.40039,-8.183257,34.8918,3.6,1.065,Cet
6526,6539,"44    Cet","",1.400705,-8.007416,67.5219,6.21,0.235,Cet
6550,6564,"","",1.405695,-6.914656,46.6418,5.92,0.407,Cet
6575,6589,"","",1.411092,-15.660468,118.624,6.17,0.924,Cet
6578,6592,"","",1.411329,-41.492549,72.2543,5.42,1.03,Phe
6581,6595,"","",1.411644,-44.528575,259.0674,6.26,1.122,Phe
6591,6605,"","",1.413522,-2.84859,76.3359,6.17,0.959,Cet
6617,6631,"","",1.418136,-64.369478,277.0083,5.92,1.561,Hyi
6655,6669,"","",1.426577,23.511519,68.0735,6.18,0.447,Psc
6656,6670,"46    Cet","",1.427009,-14.598796,88.1834,4.9,1.231,Cet
6671,6685,"","",1.42953,70.979887,145.1379,6.34,-0.011,Cas
6672,6686,"37Del Cas",Ruchbah,1.430216,60.235283,30.4785,2.66,0.16,Cas
6673,6687,"","",1.431212,-3.927391,96.5251,6.5,1.348,Cet
6678,6692,"36Psi Cas","",1.432208,68.130012,59.8086,4.72,1.047,Cas
6688,6702,"","",1.435765,34.5797,36.062,6.34,0.5,And
6692,6706,"93Rho Psc","",1.437573,19.172346,25.2143,5.35,0.395,Psc
6697,6711,"","",1.438517,43.457739,41.7188,5.98,0.52,And
6700,6714,"","",1.439887,20.070804,95.3289,6.44,0.947,Psc
6703,6717,"","",1.44093,-0.399034,250.0,6.42,1.241,Cet
6718,6732,"94    Psc","",1.44491,19.240422,85.5432,5.5,1.106,Psc
6734,6748,"47    Cet","",1.447657,-13.056512,37.4672,5.51,0.321,Cet
6762,6776,"","",1.451752,34.377552,40.7997,6.27,0.453,And
6775,6789,"","",1.456475,-22.338232,128.3697,6.43,1.122,Cet
6780,6794,"","",1.457409,41.101158,53.2198,6.42,0.311,And
6799,6813,"48Ome And","",1.460915,45.406687,28.6205,4.83,0.421,And
6808,6822,"","",1.462928,-10.901582,118.2033,6.13,1.32,Cet
6853,6867,Gam Phe,"",1.472759,-43.318234,71.6332,3.41,1.542,Phe
6854,6868,"","",1.473032,7.961353,114.5475,6.22,1.114,Psc
6938,6952,"","",1.491816,-46.756422,310.559,6.25,1.658,Phe
6946,6960,"48    Cet","",1.49337,-21.629339,71.3776,5.11,0.028,Cet
6957,6971,"","",1.495226,-25.617749,168.9189,6.37,1.141,Scl
6967,6981,"97    Psc","",1.498017,18.355669,146.1988,6.01,0.162,Psc
6985,6999,"49    And","",1.501695,47.007274,90.1713,5.27,0.999,And
6993,7007,"98Mu  Psc","",1.503087,6.14382,93.1966,4.84,1.372,Psc
7002,7016,"","",1.506362,-26.207851,137.931,5.92,1.327,Scl
7036,7050,"","",1.51446,66.098087,93.8086,6.15,0.07,Cas
7064,7078,"38    Cas","",1.520444,70.264604,28.9771,5.82,0.489,Cas
7068,7083,Del Phe,"",1.520851,-49.072702,43.573,3.93,0.972,Phe
7083,7097,"99Eta Psc",Alpherg,1.524725,15.345823,107.1811,3.62,0.974,Psc
7101,7115,"","",1.527502,-45.575712,104.712,6.17,0.066,Phe
7104,7118,"","",1.52868,-30.283081,102.3541,5.79,1.073,Scl
7133,7147,"","",1.535438,34.799962,255.7545,6.39,-0.103,Tri
7175,7189,"","",1.543438,-49.727713,77.5795,6.27,0.462,Phe
7199,7213,"","",1.548903,-36.865231,84.3882,5.49,1.021,Scl
7229,7243,"","",1.555077,8.208738,147.929,6.31,0.8,Psc
7237,7251,"","",1.557142,58.327334,675.6757,5.69,1.435,Cas
7257,7271,"","",1.560901,-78.50482,124.6883,6.11,0.97,Hyi
7262,7276,"","",1.561899,-7.025341,29.5159,5.75,0.639,Cet
7269,7283,"","",1.563487,89.015639,103.0928,6.46,0.107,UMi
7280,7294,"39Chi Cas","",1.565528,59.23204,63.8162,4.68,0.991,Cas
7307,7321,"","",1.571279,37.237146,143.472,5.9,-0.067,And
7331,7345,"49    Cet","",1.57716,-15.676359,59.3824,5.62,0.066,Cet
7345,7359,"","",1.580296,18.460512,163.1321,5.9,1.536,Psc
7347,7361,"","",1.580775,-31.892317,114.4165,6.11,1.109,Scl
7348,7362,"","",1.580922,-3.523889,343.6426,6.44,1.341,Cet
7349,7363,"","",1.580992,-23.699681,220.7506,6.41,1.306,Cet
7373,7387,"","",1.587465,-58.139475,40.1929,6.03,0.382,Hyi
7422,7436,"101    Psc","",1.596234,14.661422,476.1905,6.23,-0.036,Psc
7429,7443,"","",1.597382,-39.947126,38.1825,6.43,0.415,Phe
7430,7444,"","",1.59793,41.07642,120.048,6.39,1.122,And
7433,7447,"","",1.598542,17.433841,58.072,5.95,0.259,Psc
7436,7450,"50    Cet","",1.599713,-15.400183,167.5042,5.41,1.226,Cet
7449,7463,Tau Scl,"",1.602361,-29.907317,69.3481,5.69,0.335,Scl
7479,7493,"","",1.607557,48.722776,157.2327,6.2,1.237,And
7491,7505,"","",1.612091,7.831529,282.4859,6.39,1.605,Psc
7492,7506,"","",1.61244,-58.270966,228.833,6.18,1.607,Hyi
7499,7513,"50Ups And",Titawin,1.613299,41.405459,13.4916,4.1,0.536,And
7521,7535,"102Pi  Psc","",1.61831,12.141535,35.0877,5.54,0.347,Psc
7554,7568,"","",1.624389,-84.769593,116.6861,5.66,0.939,Oct
7566,7580,"","",1.62714,-9.403782,40.3877,6.24,0.528,Cet
7574,7588,Alp Eri,Achernar,1.628556,-57.236757,42.7533,0.45,-0.158,Eri
7579,7593,"","",1.629778,64.739357,558.6592,6.49,0.776,Cas
7583,7597,"","",1.63113,-3.440678,251.8892,6.43,1.568,Cet
7587,7601,"","",1.631959,-82.974995,27.3823,5.88,0.62,Oct
7593,7607,"51    And",Nembus,1.633205,48.628213,54.3183,3.59,1.275,And
7603,7617,"","",1.635435,57.977631,534.7594,5.55,1.388,Cas
7628,7643,"","",1.640968,-36.528251,101.833,5.94,1.045,Scl
7635,7650,"40    Cas","",1.641926,73.04004,140.4494,5.28,0.972,Cas
7636,7651,"","",1.642174,45.399706,160.5136,6.38,-0.021,And
7664,7679,"","",1.647718,-21.275384,77.2798,5.58,0.346,Cet
7703,7719,"52Chi And","",1.655835,44.386165,76.746,5.01,0.883,And
7725,7740,"105    Psc","",1.661338,16.405858,120.1923,5.98,1.119,Psc
7736,7751,"",p Eridani,1.663169,-56.1964,7.8223,5.76,0.88,Eri
7771,7786,"","",1.670308,53.868278,214.1328,6.35,1.608,Per
7803,7818,"53Tau And","",1.676337,40.577049,218.3406,4.96,-0.068,And
7804,7819,"","",1.676368,8.760769,54.7046,6.34,0.401,Psc
7810,7825,"","",1.677674,43.297687,69.5894,5.63,0.214,And
7859,7874,"","",1.688435,25.745712,54.9451,6.2,0.459,Psc
7864,7879,Tau1Hyi,"",1.689256,-79.1482,120.7729,6.33,0.947,Hyi
7869,7884,"106Nu  Psc","",1.690526,5.487613,111.3586,4.45,1.347,Psc
7871,7886,"","",1.69092,-38.132827,41.58,6.2,0.404,Scl
7891,7906,"","",1.694233,30.04712,157.7287,5.97,1.015,Tri
7901,7916,"","",1.695787,-11.324669,39.4477,5.75,0.443,Cet
7903,7918,"","",1.696383,42.613369,12.7389,4.96,0.618,And
7906,7921,"","",1.696655,-60.789339,111.4827,5.7,1.264,Hyi
7926,7941,"","",1.700833,-36.832305,93.1099,5.7,-0.01,Scl
7928,7943,"","",1.700968,35.245707,84.246,5.63,-0.059,Tri
7940,7955,Pi  Scl,"",1.702389,-32.32697,65.8762,5.25,1.044,Scl
7948,7963,"","",1.704915,58.627739,598.8024,6.35,-0.027,Cas
7950,7965,"43    Cas","",1.705688,68.043021,119.1895,5.57,-0.049,Cas
7963,7978,"","",1.708125,-53.740834,17.4338,5.52,0.551,Eri
7966,7981,"107    Psc","",1.70827,20.268504,7.5324,5.24,0.836,Psc
7984,7999,"","",1.712086,-3.6902,364.9635,4.98,1.378,Cet
8001,8016,"42    Cas","",1.715493,70.622526,85.1064,5.18,-0.022,Cas
8005,8020,"","",1.7162,61.421073,446.4286,6.33,0.013,Cas
8029,8044,"","",1.721242,45.322649,57.7701,6.33,1.02,And
8031,8046,"44    Cas","",1.722151,60.551332,320.5128,5.78,-0.01,Cas
8053,8068,Phi Per,"",1.727675,50.688732,220.2643,4.01,-0.098,Per
8071,8086,"","",1.730596,32.192015,129.7017,6.32,0.879,Tri
8079,8094,"","",1.731888,-4.765514,209.6436,6.2,1.537,Cet
8087,8102,"52Tau Cet","",1.734479,-15.93748,3.6502,3.49,0.727,Cet
8100,8115,"","",1.738317,57.536617,84.9618,6.18,0.131,Cas
8112,8127,"","",1.740702,46.139692,192.3077,6.32,1.419,And
8128,8143,"","",1.745466,-6.766164,189.3939,6.45,0.864,Cet
8133,8148,"","",1.746156,57.089226,193.4236,6.25,0.062,Cas
8144,8159,"109    Psc","",1.748841,20.083149,32.5733,6.27,0.72,Psc
8183,8198,"110Omi Psc",Torcular,1.756564,9.157736,85.6898,4.26,0.942,Psc
8194,8209,Eps Scl,"",1.760763,-25.05261,28.1136,5.29,0.395,Scl
8215,8230,"","",1.766461,-5.733299,168.9189,5.37,1.517,Cet
8218,8233,"","",1.766959,-27.348831,43.4972,6.38,0.366,For
8225,8240,"","",1.76832,-50.816256,194.5525,5.49,1.615,Phe
8226,8241,"","",1.768392,-53.522037,62.0347,5.04,0.031,Eri
8305,8320,"","",1.787972,-41.759926,184.1621,6.18,1.544,Phe
8347,8362,"","",1.795668,63.852501,10.0675,5.63,0.804,Cas
8351,8366,Tau2Hyi,"",1.796291,-80.176311,61.8429,6.05,0.338,Hyi
8354,8369,"","",1.796602,-37.159483,157.2327,6.33,1.016,For
8355,8370,"","",1.79667,46.22975,58.8582,6.33,0.461,And
8372,8387,"4    Ari","",1.803038,16.955551,84.3882,5.86,-0.039,Ari
8388,8404,"","",1.807227,3.685447,98.4252,5.91,0.97,Psc
8408,8423,"","",1.810808,37.95287,104.6025,5.94,0.975,And
8417,8433,"","",1.81155,32.69021,27.8552,5.78,0.572,Tri
8459,8475,"","",1.820986,47.896924,127.551,6.01,0.17,Per
8464,8480,"","",1.822059,-31.072463,154.0832,6.35,1.222,For
8481,8497,"53Chi Cet","",1.826418,-10.68641,23.1857,4.66,0.333,Cet
8498,8514,"","",1.83024,-38.402797,27.3523,6.37,0.523,For
8527,8544,"1    Ari","",1.835714,22.275338,179.5332,5.83,0.743,Ari
8535,8552,"","",1.83893,-47.816392,151.9757,6.14,0.998,Phe
8571,8588,"","",1.84777,11.043378,42.0168,5.92,0.302,Ari
8576,8593,"","",1.848459,-50.206138,77.1605,5.94,0.154,Phe
8581,8598,"","",1.849198,51.933417,41.684,5.96,0.419,Per
8624,8641,"","",1.857321,-39.835935,161.8123,6.44,1.094,Phe
8628,8645,"55Zet Cet",Baten Kaitos,1.857676,-10.335038,72.0461,3.74,1.136,Cet
8647,8664,"","",1.8605,-6.874143,167.5042,6.42,1.233,Cet
8671,8688,"","",1.862805,-15.64748,355.8719,6.44,1.608,Cet
8687,8704,"1    Per","",1.866476,55.147385,396.8254,5.53,-0.175,Per
8696,8714,"2    Per","",1.869268,50.792794,147.929,5.7,-0.067,Per
8753,8771,"","",1.880758,51.474836,129.5337,6.28,0.05,Per
8760,8778,"","",1.881142,-16.92925,94.162,5.78,0.26,Cet
8777,8796,"2Alp Tri",Mothallah,1.884696,29.578829,19.4175,3.42,0.488,Tri
8795,8814,"55    And","",1.888152,40.72979,193.4236,5.42,1.311,And
8801,8820,"","",1.889764,-38.594632,111.1111,6.09,1.125,For
8813,8832,"5Gam2Ari",Mesarthim,1.89217,19.293852,50.3018,3.88,-0.047,Ari
8814,8833,"111Xi  Psc","",1.892597,3.187536,54.9149,4.61,0.928,Psc
8818,8837,Psi Phe,"",1.894102,-46.302669,104.8218,4.39,1.597,Phe
8828,8847,"","",1.896803,55.597639,70.8215,6.44,0.185,Per
8863,8882,Phi Phe,"",1.906122,-42.49695,94.0734,5.12,-0.06,Phe
8867,8886,"45Eps Cas",Segin,1.906584,63.670101,126.2626,3.35,-0.15,Cas
8884,8903,"6Bet Ari",Sheratan,1.910668,20.808035,17.9856,2.64,0.165,Ari
8903,8922,"","",1.914938,40.702034,90.2527,6.25,1.262,And
8909,8928,Eta2Hyi,"",1.915572,-67.647303,67.0691,4.68,0.931,Hyi
8911,8930,"","",1.916015,37.12829,163.6661,6.28,1.169,And
8938,8957,"","",1.92213,-60.312484,55.5864,6.43,0.409,Hyi
8964,8983,"","",1.929576,-60.860975,47.4383,6.07,0.356,Hyi
8972,8991,Sig Hyi,"",1.930642,-78.348548,40.6174,6.15,0.448,Hyi
8974,8993,"7    Ari","",1.930844,23.577322,170.9402,5.76,1.185,Ari
8980,8998,"","",1.93162,1.849982,39.8883,6.01,0.549,Cet
8982,9001,"","",1.9318,37.277786,282.4859,5.89,1.599,And
8989,9007,Chi Eri,"",1.932564,-51.608896,17.8508,3.69,0.844,Eri
8990,9009,"46Ome Cas","",1.933337,68.685242,215.0538,4.97,-0.084,Cas
9002,9021,"56    And","",1.935927,37.25183,96.9932,5.69,1.06,And
9003,9022,"","",1.935945,-49.836446,200.4008,6.37,-0.081,Eri
9042,9061,"56    Cet","",1.944499,-22.526785,108.2251,4.92,1.434,Cet
9066,9085,"","",1.949961,-51.766244,26.8673,6.1,0.487,Eri
9075,9094,"","",1.952669,-10.242427,32.8515,6.42,0.817,Cet
9076,9095,"","",1.952792,-47.385277,76.1035,4.82,0.864,Phe
9091,9110,"8Iot Ari","",1.955848,17.817532,159.4896,5.09,0.921,Ari
9113,9132,"","",1.962151,27.804381,140.2525,5.84,1.576,Tri
9130,9149,"","",1.964821,-65.4247,169.7793,6.36,0.906,Hyi
9135,9153,"9Lam Ari","",1.965478,23.596061,39.4945,4.79,0.29,Ari
9144,9163,"","",1.966454,47.09552,680.2721,6.48,1.203,And
9188,9207,"","",1.974078,-33.066787,129.7017,6.37,1.006,For
9201,9220,"","",1.975896,61.697788,223.7136,6.02,-0.042,Cas
9203,9222,"3    Per","",1.975973,49.204352,75.0188,5.7,1.005,Per
9217,9236,Alp Hyi,"",1.979451,-61.569859,22.0119,2.86,0.29,Hyi
9218,9237,"","",1.979444,-11.300955,109.7695,6.46,1.128,Cet
9276,9295,"","",1.990524,12.294876,98.6193,6.09,0.186,Ari
9288,9307,"","",1.993244,21.05857,119.9041,5.89,1.031,Ari
9293,9312,"","",1.993892,64.621602,75.3012,5.29,0.002,Cas
9294,9313,"","",1.994118,-42.030532,89.9281,5.57,1.052,Phe
9299,9318,"","",1.99475,-66.066558,136.612,6.09,1.176,Hyi
9307,9326,"57    Cet","",1.996166,-20.824539,180.5054,5.43,1.64,Cet
9328,9347,"59Ups Cet","",2.000084,-21.077831,89.7666,3.99,1.554,Cet
9334,9353,"112    Psc","",2.002544,3.097015,33.5008,5.89,0.61,Psc
9353,9372,"","",2.007451,-8.523873,145.9854,5.43,1.391,Cet
9420,9440,Pi  For,"",2.020759,-30.00183,90.2527,5.34,0.883,For
9439,9459,Chi Phe,"",2.02844,-44.713509,115.0748,5.15,1.471,Phe
9460,9480,"48    Cas","",2.032644,70.90702,35.2609,4.49,0.164,Cas
9467,9487,"113Alp Psc",Alrescha,2.034117,2.763759,46.1681,3.82,0.024,Psc
9485,9505,"4    Per","",2.038359,54.487541,223.2143,4.99,-0.071,Per
9501,9521,"","",2.041185,-29.665642,147.0588,6.4,0.135,For
9513,9533,"","",2.043077,13.476716,206.1856,5.97,1.584,Ari
9542,9562,"","",2.047705,-23.886628,257.0694,6.3,1.34,For
9544,9564,"52    Cas","",2.047913,64.901466,83.8926,6.0,0.029,Cas
9548,9568,"","",2.049177,77.916263,295.858,6.04,1.107,Cep
9550,9570,"3Eps Tri","",2.049433,33.284135,120.048,5.5,0.029,Tri
9552,9572,"","",2.049602,-15.305932,109.8901,5.87,0.966,Cet
9553,9573,"53    Cas","",2.050052,64.390018,537.6344,5.59,0.325,Cas
9565,9586,"","",2.052914,73.85057,118.624,6.12,0.162,Cas
9568,9589,"60    Cet","",2.053236,0.128507,86.1326,5.42,0.146,Cet
9577,9598,"50    Cas","",2.057268,72.421294,48.1696,3.95,-0.002,Cas
9600,9621,"10    Ari","",2.060927,25.935471,48.7092,5.64,0.537,Ari
9601,9622,"","",2.061247,-4.103516,166.113,5.61,1.589,Cet
9605,9627,"","",2.061836,18.253238,272.4796,6.24,1.424,Ari
9609,9631,"61    Cet","",2.063381,-0.340251,110.9878,5.96,0.851,Cet
9618,9640,"57Gam1And",Almach,2.064984,42.329725,120.4819,2.1,1.37,And
9633,9655,"","",2.07013,-11.85977,404.8583,6.43,1.498,Cet
9655,9677,Nu  For,"",2.074844,-29.296819,113.7656,4.68,-0.156,For
9663,9685,"","",2.076413,-54.881689,47.7555,6.45,0.386,Eri
9684,9706,"","",2.080836,7.735664,127.8772,6.44,1.114,Psc
9706,9727,"47    Cas","",2.085315,77.281341,33.1565,5.27,0.345,Cas
9741,9763,"49    Cas","",2.092103,76.11506,122.6994,5.22,0.954,Cas
9787,9809,"","",2.103406,8.248114,248.139,6.27,1.636,Psc
9805,9827,"","",2.108141,0.035384,184.5018,6.29,0.897,Cet
9814,9836,"12Kap Ari","",2.109423,22.648317,55.6793,5.03,0.121,Ari
9837,9859,"11    Ari","",2.113676,25.704553,268.8172,6.01,-0.03,Ari
9840,9862,"","",2.114458,-19.138869,89.7666,6.39,1.143,Cet
9861,9884,"13Alp Ari",Hamal,2.119555,23.462423,20.1776,2.01,1.151,Ari
9928,9951,"","",2.134913,-41.88042,93.4579,6.5,0.205,Phe
9954,9977,"58    And","",2.141454,37.859077,58.6854,4.78,0.12,And
9960,9983,"","",2.142655,44.459429,125.9446,6.38,0.965,And
9967,9990,"","",2.144606,58.423601,100000.0,5.66,0.595,Per
9976,9999,"","",2.146017,-17.779155,283.2861,6.07,1.661,Cet
10011,10035,"","",2.152584,-43.516596,159.7444,5.84,1.197,Phe
10027,10050,"","",2.156419,17.224196,37.5375,6.4,0.471,Ari
10030,10053,"14    Ari","",2.157036,25.939892,88.4956,4.98,0.339,Ari
10031,10054,"","",2.157062,81.295945,70.5716,6.05,0.118,Cep
10041,10064,"4Bet Tri","",2.159058,34.987297,38.8954,3.0,0.14,Tri
10046,10069,"","",2.159668,-24.345785,66.7111,6.48,0.289,For
10073,10096,"","",2.163461,-40.866501,71.1744,6.49,0.43,Phe
10088,10111,"","",2.168,-43.815574,111.9821,6.32,0.899,Phe
10092,10115,"","",2.168817,53.843091,176.0563,6.31,0.948,Per
10116,10138,"","",2.173673,-50.823725,10.7828,6.12,0.812,Eri
10133,10155,"15    Ari","",2.177109,19.500338,171.2329,5.68,1.641,Ari
10153,10176,"59    And","",2.181342,39.039526,139.6648,6.09,-0.054,And
10180,10203,"16    Ari","",2.186682,25.936938,235.2941,6.01,1.365,Ari
10189,10212,"64    Cet","",2.189189,8.569805,40.7166,5.64,0.569,Cet
10192,10215,"","",2.189507,-10.052162,47.5964,6.0,0.418,Cet
10197,10220,"5    Tri","",2.190283,31.526398,108.2251,6.24,0.112,Tri
10204,10227,"5    Per","",2.191443,57.645543,100000.0,6.38,0.298,Per
10211,10234,"63    Cet","",2.193287,-1.825429,119.0476,5.94,0.967,Cet
10249,10273,"","",2.20438,2.745551,159.2357,6.49,1.039,Cet
10256,10280,"6    Tri","",2.206191,30.303067,89.1266,4.94,0.77,Tri
10272,10296,"","",2.210427,24.167778,228.833,5.96,1.366,Ari
10281,10305,"66    Cet","",2.213206,-2.393637,39.6983,5.65,0.546,Cet
10282,10306,"17Eta Ari","",2.213355,21.210993,28.8684,5.23,0.457,Ari
10285,10309,"","",2.21388,79.69154,140.8451,6.46,0.24,Cep
10296,10320,Mu  For,"",2.21513,-30.723825,98.2318,5.27,-0.013,For
10300,10324,"65Xi 1Cet","",2.216665,8.846717,117.5088,4.36,0.878,Cet
10302,10326,"","",2.21694,-21.000137,106.383,5.86,1.006,Cet
10304,10328,"19    Ari","",2.217584,15.27986,146.8429,5.72,1.551,Ari
10316,10340,"60    And","",2.220369,44.231652,162.6016,4.84,1.476,And
10326,10350,"","",2.22252,74.027721,145.5604,6.25,0.915,Cas
10337,10361,"","",2.225975,53.058589,100000.0,6.5,1.661,Per
10342,10366,"","",2.226728,51.065818,64.9773,5.31,0.926,And
10355,10379,"","",2.228225,58.560586,100000.0,6.43,0.554,Per
10372,10396,"","",2.231543,-9.06463,314.4654,6.43,1.415,Cet
10379,10403,"","",2.234022,47.484241,39.5883,6.05,0.406,And
10394,10418,Pi 1Hyi,"",2.237366,-67.841441,238.0952,5.57,1.556,Hyi
10414,10438,"55    Cas","",2.241417,66.524428,218.8184,6.05,0.641,Cas
10416,10440,"","",2.242208,-41.166765,105.7082,5.91,0.965,Phe
10422,10446,"","",2.24388,28.691185,64.2261,6.35,0.957,Tri
10489,10513,Pi 2Hyi,"",2.25794,-67.746366,149.7006,5.67,1.306,Hyi
10510,10535,"21    Ari","",2.261884,25.043043,51.0725,5.57,0.52,Ari
10517,10540,"20    Ari","",2.262789,25.782937,42.1053,5.79,0.439,Ari
10535,10559,"7    Tri","",2.265635,33.358895,86.0585,5.25,-0.004,Tri
10538,10562,"","",2.266033,47.811937,110.8647,6.37,1.029,And
10578,10602,Phi Eri,"",2.275154,-51.512165,47.1254,3.56,-0.12,Eri
10599,10623,"","",2.279251,83.561414,129.199,6.45,0.951,Cep
10609,10633,"","",2.281032,57.055246,100000.0,6.48,0.281,Per
10618,10642,"67    Cet","",2.283068,-6.422116,102.0408,5.51,0.962,Cet
10620,10644,"8Del Tri","",2.284191,34.224231,10.784,4.84,0.607,Tri
10645,10670,"9Gam Tri","",2.288573,33.847194,34.4353,4.03,0.019,Tri
10692,10718,"8    Per","",2.29996,57.89982,125.9446,5.75,1.175,Per
10697,10723,"","",2.3004,1.757802,24.3546,5.6,0.588,Cet
10703,10729,"7    Per","",2.301275,57.516321,251.2563,5.99,1.039,Per
10706,10732,"22The Ari","",2.302094,19.901164,137.1742,5.58,0.011,Ari
10766,10793,"10    Tri","",2.315831,28.642674,115.4734,5.29,0.037,Tri
10769,10795,"","",2.316097,23.167815,93.4579,6.45,0.376,Ari
10772,10798,"","",2.316255,-25.945687,12.6695,6.33,0.724,For
10788,10814,"","",2.319675,46.472261,136.612,6.21,0.164,And
10793,10819,"62    And","",2.321337,47.379973,75.358,5.31,0.006,And
10800,10826,"68Omi Cet",Mira,2.322442,-2.977643,91.659,6.47,0.966,Cet
10804,10830,"","",2.322974,48.955463,63.9795,6.44,0.427,And
10805,10832,"","",2.323546,-41.848367,192.6782,6.36,1.162,Phe
10828,10854,"","",2.327994,-4.345573,125.4705,6.5,0.082,Cet
10845,10871,"","",2.331739,-55.944796,189.0359,5.81,1.57,Hor
10898,10924,"","",2.344864,47.310804,243.9024,6.17,-0.094,And
10918,10944,"63    And","",2.349499,50.151466,120.3369,5.57,-0.089,And
10975,11001,Del Hyi,"",2.362498,-68.659418,42.8266,4.08,0.034,Hyi
10994,11020,"","",2.365399,57.242916,100000.0,6.4,0.569,Per
10995,11021,"69    Cet","",2.36573,0.395675,330.033,5.29,1.648,Cet
11003,11029,"","",2.367092,-10.777534,29.656,5.43,0.364,Cet
11007,11033,"","",2.368051,-17.662169,135.6852,5.89,1.231,Cet
11017,11043,"","",2.369927,-43.199811,136.7989,6.3,0.991,Phe
11020,11046,"70    Cet","",2.37011,-0.884852,80.1282,5.42,0.335,Cet
11034,11060,"9    Per","",2.372621,55.845653,100000.0,5.16,0.369,Per
11046,11072,Kap For,"",2.375704,-23.816326,21.9635,5.19,0.608,For
11064,11090,"","",2.380644,41.396297,47.0146,5.81,0.289,And
11069,11095,Kap Hyi,"",2.38123,-73.645792,97.2763,5.99,1.088,Hyi
11075,11102,"","",2.381852,-51.092129,60.8643,5.9,0.213,Eri
11082,11108,"","",2.382673,-18.354982,126.1034,6.22,0.942,Cet
11094,11121,"","",2.385166,-37.576144,271.0027,6.47,1.592,For
11147,11174,"","",2.397707,55.364861,934.5794,6.29,0.845,Per
11185,11212,"","",2.405588,-25.847459,188.6792,6.45,1.321,For
11193,11220,"64    And","",2.406919,50.006546,122.399,5.19,0.979,And
11204,11231,"","",2.4094,-40.840458,31.1818,6.17,0.653,Phe
11222,11249,"24Xi  Ari","",2.413627,10.610565,267.3797,5.48,-0.098,Ari
11231,11258,Lam Hor,"",2.414987,-60.311947,49.3827,5.36,0.395,Hor
11234,11261,"71    Cet","",2.416219,-2.780031,273.9726,6.34,-0.011,Cet
11252,11279,"10    Per","",2.421119,56.609823,100000.0,6.25,0.249,Per
11266,11293,"","",2.42402,-66.494026,230.9469,6.39,1.511,Hor
11286,11313,"65    And","",2.42706,50.278631,113.2503,4.73,1.532,And
11318,11345,"72Rho Cet","",2.432501,-12.29048,139.8601,4.88,-0.027,Cet
11321,11348,"","",2.433431,-15.341247,77.0416,5.88,0.116,Cet
11354,11381,"","",2.443115,-20.042617,84.1043,5.89,1.247,Cet
11380,11407,Kap Eri,"",2.449755,-47.70384,155.7632,4.24,-0.136,Eri
11388,11415,"","",2.452011,27.012395,162.8664,6.14,1.461,Ari
11400,11427,"","",2.456498,10.198326,37.2439,6.45,0.45,Cet
11405,11432,"11    Tri","",2.457715,31.80128,85.2515,5.55,1.114,Tri
11438,11465,"66    And","",2.46438,50.569974,56.5291,6.16,0.435,And
11447,11474,"","",2.466647,1.960846,166.6667,6.45,0.971,Cet
11449,11477,Phi For,"",2.467139,-33.811039,46.5983,5.13,0.089,For
11452,11479,"","",2.467878,-64.299768,119.1895,6.35,-0.025,Hor
11457,11484,"73Xi 2Cet","",2.469317,8.460054,59.2066,4.3,-0.053,Cet
11459,11486,"12    Tri","",2.469439,29.66933,49.8256,5.29,0.311,Tri
11497,11524,"","",2.47651,-31.102445,110.011,6.11,1.106,For
11521,11548,"13    Tri","",2.480139,29.93176,31.407,5.89,0.591,Tri
11542,11569,Iot Cas,"",2.484437,67.402474,40.7332,4.46,0.153,Cas
11551,11578,"","",2.487133,23.469026,95.2381,6.2,0.155,Ari
11576,11603,"","",2.493155,9.565629,102.6694,6.09,1.022,Cet
11617,11644,"","",2.503811,-25.186442,100.6036,6.5,0.294,For
11623,11651,"","",2.504611,33.833707,119.6172,6.26,1.079,Tri
11643,11670,"","",2.508986,25.235036,51.7598,5.88,0.412,Ari
11644,11671,"","",2.509109,-22.545318,160.2564,6.17,1.581,Cet
11651,11678,"26    Ari","",2.510671,19.855301,66.0502,6.14,0.247,Ari
11660,11687,"","",2.512556,0.255749,86.2813,6.0,0.168,Cet
11670,11698,"27    Ari","",2.51511,17.703856,88.4956,6.21,0.908,Ari
11710,11738,"","",2.525027,2.267182,140.8451,5.27,1.271,Cet
11729,11757,Mu  Hyi,"",2.527834,-79.109382,87.0322,5.27,0.981,Hyi
11734,11767,"1Alp UMi",Polaris,2.52975,89.264109,132.626,1.97,0.636,UMi
11755,11783,"76Sig Cet","",2.534786,-15.244677,26.6951,4.74,0.454,Cet
11756,11784,"14    Tri","",2.535045,36.147271,132.8021,5.15,1.472,Tri
11763,11791,"75    Cet","",2.53595,-1.034896,81.4332,5.36,1.004,Cet
11774,11802,"","",2.537432,-36.427307,144.3001,6.28,1.027,For
11811,11840,"","",2.547952,34.54241,83.2639,5.84,1.083,Tri
11814,11843,"29    Ari","",2.548372,15.034554,29.9401,6.0,0.572,Ari
11838,11867,Lam1For,"",2.551952,-34.649967,111.8568,5.91,1.064,For
11878,11907,"","",2.561173,-20.001921,114.1553,6.19,1.1,Cet
11888,11918,Ome For,"",2.564085,-28.232343,148.368,4.96,-0.05,For
11895,11925,"","",2.56517,-51.093546,58.1058,6.24,0.509,Hor
11971,12002,"77    Cet","",2.578507,-7.859445,140.647,5.74,1.393,Cet
11991,12022,"","",2.584482,7.470993,119.0476,6.17,1.053,Cet
12026,12057,"","",2.591083,39.66438,198.0198,6.36,-0.095,And
12041,12072,"","",2.594095,37.312263,191.2046,5.72,1.389,And
12055,12086,"15    Tri","",2.596336,34.687558,193.7984,5.38,1.652,Tri
12062,12093,"78Nu  Cet","",2.597909,5.593246,104.2753,4.87,0.88,Cet
12075,12107,"80    Cet","",2.600013,-7.831597,142.6534,5.53,1.607,Cet
12082,12114,"","268 G. Cet",2.601357,6.88687,7.1803,5.79,0.918,Cet
12090,12122,Iot1For,"",2.602574,-30.044978,178.5714,5.74,1.017,For
12115,12148,"","",2.609742,7.730026,90.7441,5.81,1.04,Cet
12121,12153,"31    Ari","",2.610531,12.447639,34.7343,5.64,0.516,Ari
12128,12160,"","",2.611954,31.607667,113.7656,6.07,1.052,Tri
12149,12181,"","",2.615879,38.733581,54.1712,5.91,0.502,And
12154,12186,Lam2For,"",2.616281,-34.577977,25.7798,5.78,0.653,For
12157,12189,"30    Ari","",2.61681,24.647222,41.7537,6.48,0.51,Ari
12168,12200,"","",2.618489,32.891092,49.8753,6.23,0.515,Tri
12193,12225,Eta Hor,"",2.623425,-52.543086,45.5581,5.3,0.289,Hor
12207,12239,"","",2.626676,65.745336,283.2861,5.8,1.561,Cas
12215,12247,"81    Cet","",2.628278,-3.396175,92.5069,5.65,1.021,Cet
12240,12272,"","",2.633542,7.695276,73.8007,6.4,0.431,Cet
12241,12273,"","",2.633909,72.818252,78.4314,5.17,0.896,Cas
12255,12287,"","",2.638288,37.726715,82.3045,6.19,0.49,And
12256,12288,Iot2For,"",2.638515,-30.194062,33.9443,5.84,0.476,For
12268,12300,"","",2.640227,-37.990545,55.2792,6.48,0.521,For
12273,12305,"","",2.641098,38.089141,207.4689,6.29,-0.029,And
12286,12318,"","",2.643557,3.443205,100.8065,6.21,0.999,Cet
12300,12332,"32Nu  Ari","",2.646943,21.961408,103.3058,5.45,0.168,Ari
12355,12387,"82Del Cet","",2.658044,0.328511,199.2032,4.08,-0.212,Cet
12357,12390,"83Eps Cet","",2.659398,-11.872156,21.4823,4.83,0.447,Cet
12360,12394,Eps Hyi,"",2.659799,-68.266946,46.5549,4.12,-0.061,Hyi
12381,12413,"","",2.663326,-42.89167,35.6888,4.74,0.061,Eri
12411,12444,"","",2.670117,-9.452875,21.7581,5.79,0.524,Cet
12414,12447,"","",2.671026,6.111944,40.3226,6.26,0.397,Cet
12451,12484,Zet Hor,"",2.677666,-54.549911,49.0918,5.21,0.411,Hor
12452,12486,Iot Eri,"",2.677781,-39.855375,46.1894,4.11,1.006,Eri
12456,12489,"33    Ari","",2.678075,27.060943,70.9723,5.3,0.081,Ari
12497,12530,"84    Cet","",2.687222,-0.695653,22.5887,5.72,0.511,Cet
12529,12562,"","",2.692814,-14.549276,47.2144,5.98,0.429,Cet
12551,12584,"","",2.696757,-3.213807,201.2072,6.07,1.175,Cet
12575,12608,"","",2.701834,-38.383686,126.4223,5.99,0.917,For
12578,12611,"","",2.702345,-46.524441,41.5455,6.09,0.876,Eri
12590,12623,"12    Per","",2.704144,40.193944,24.1896,4.91,0.582,Per
12607,12640,"34Mu  Ari","",2.706094,20.011465,116.8224,5.74,-0.017,Ari
12614,12647,"","",2.708038,10.741725,127.0648,6.32,0.064,Ari
12620,12653,Iot Hor,"",2.709265,-50.800294,17.1674,5.4,0.561,Hor
12653,12686,"","",2.716528,53.526105,141.2429,5.85,1.125,Per
12657,12690,"","",2.717182,48.265245,400.0,6.3,1.14,Per
12659,12692,"11    Per","",2.717451,55.106019,132.2751,5.76,-0.11,Per
12673,12706,"86Gam Cet",Kaffaljidhma,2.721678,3.235818,24.4081,3.47,0.093,Cet
12675,12708,"","",2.722287,-40.527905,182.4818,6.35,-0.022,Eri
12684,12717,"","",2.724034,-66.714252,54.3478,6.23,0.542,Hor
12686,12719,"35    Ari","",2.724198,27.707146,105.1525,4.65,-0.122,Ari
12687,12720,"","",2.724698,-2.531452,120.1923,6.48,0.981,Cet
12711,12744,"","",2.730901,25.638343,104.2753,6.35,0.089,Ari
12735,12768,"14    Per","",2.734766,44.29704,301.2048,5.43,0.904,Per
12737,12770,"89Pi  Cet","",2.735375,-13.858696,120.4819,4.24,-0.122,Cet
12742,12775,"","",2.736273,-52.570597,101.3171,6.15,0.088,Hor
12744,12777,"13The Per","",2.736634,49.228448,11.1272,4.1,0.514,Per
12751,12784,"36    Ari","",2.738642,17.763928,103.5197,6.4,1.143,Ari
12753,12786,"","",2.739037,-32.524715,109.4092,6.21,0.04,For
12770,12803,"37Omi Ari","",2.742493,15.311862,182.1494,5.78,-0.024,Ari
12788,12821,"","",2.747133,67.82463,126.7427,5.95,0.136,Cas
12795,12828,"87Mu  Cet","",2.749039,10.114146,25.7732,4.27,0.311,Cet
12799,12832,"38    Ari","",2.749328,12.445761,36.3372,5.17,0.234,Ari
12810,12843,"1Tau1Eri","",2.751715,-18.572563,14.2207,4.47,0.481,Eri
12829,12862,"","",2.755807,4.711629,49.0918,6.04,0.312,Cet
12838,12871,Gam Hor,"",2.757629,-63.704553,55.991,5.73,0.932,Hor
12843,12876,Zet Hyi,"",2.759048,-67.616617,87.184,4.83,0.058,Hyi
12931,12964,"","",2.779195,-21.639521,48.0307,6.48,0.387,Eri
12949,12982,"","",2.782865,35.983523,139.6648,6.27,0.935,Per
12957,12990,"","",2.784328,35.55468,50.6073,6.28,0.385,Per
12975,13008,"","",2.786425,-22.48575,39.6197,6.47,0.398,Eri
13003,13036,"","",2.791987,44.272198,462.963,6.45,0.637,Per
13022,13055,"","",2.796568,81.448475,133.1558,5.8,1.3,Cep
13028,13061,"39    Ari",Lilii Borea,2.79848,29.247118,52.6039,4.52,1.112,Ari
13075,13108,"40    Ari","",2.808913,18.28379,141.6431,5.83,1.216,Ari
13088,13121,"","",2.81275,25.188064,121.8027,5.89,-0.033,Ari
13100,13133,"","",2.815419,69.63429,64.7668,6.26,0.151,Cas
13108,13141,Nu  Hor,"",2.817062,-62.806521,50.4541,5.25,0.101,Hor
13114,13147,Bet For,"",2.818169,-32.405898,52.9381,4.45,0.981,For
13132,13165,"42Pi  Ari","",2.821544,17.464309,239.2344,5.26,-0.066,Ari
13143,13176,"","",2.824143,37.326411,96.6184,6.45,0.422,Per
13145,13178,"","",2.825205,57.084318,100000.0,6.25,0.786,Per
13164,13197,Gam1For,"",2.830824,-24.560311,133.6898,6.14,0.998,For
13169,13202,Gam2For,"",2.831716,-27.941981,140.647,5.39,0.013,For
13176,13209,"41    Ari",Bharani,2.833063,27.260507,50.7872,3.61,-0.1,Ari
13192,13225,Eta2For,"",2.837438,-35.843636,137.931,5.92,0.899,For
13210,13244,Nu  Hyi,"",2.841255,-75.066947,104.0583,4.76,1.337,Hyi
13221,13254,"16    Per","",2.843063,38.318644,37.0233,4.22,0.343,Per
13223,13257,"","",2.843137,36.948328,55.7103,6.44,0.617,Per
13231,13265,Eta3For,"",2.844557,-35.675849,140.8451,5.48,1.259,For
13234,13268,"15Eta Per",Miram,2.844945,55.895496,269.5418,3.77,1.69,Per
13237,13271,"","",2.846611,-39.932224,88.1057,6.36,0.04,Eri
13254,13288,"2Tau2Eri",Angetenar,2.850645,-21.004019,57.3066,4.76,0.906,Eri
13293,13327,"43Sig Ari","",2.858218,15.082071,151.5152,5.52,-0.099,Ari
13294,13328,"17    Per","",2.858566,35.059741,143.2665,4.56,1.554,Per
13305,13339,"","",2.861594,46.841939,119.9041,5.86,0.903,Per
13313,13347,"","",2.862749,58.314291,90.009,6.46,0.104,Cas
13329,13363,"","",2.865621,-30.81452,32.5415,6.38,0.484,For
13333,13367,"","",2.866319,68.888497,395.2569,5.94,0.7,Cas
13353,13387,"","",2.87194,-62.909583,163.6661,6.03,1.249,Hor
13368,13402,"","",2.87559,-12.769714,10.352,6.05,0.862,Eri
13387,13421,"","",2.880761,-9.441236,97.6562,6.31,0.196,Eri
13390,13424,"","",2.881118,52.997353,307.6923,6.35,0.093,Per
13395,13429,"","",2.881846,-65.455291,143.6782,6.47,1.008,Hor
13414,13448,"","",2.886582,16.48346,107.1811,6.3,0.457,Ari
13428,13462,"","",2.889186,48.569955,540.5405,6.23,1.18,Per
13439,13473,Psi For,"",2.892885,-38.437004,58.5138,5.93,0.437,For
13445,13479,"","",2.893144,-22.376308,111.6071,5.93,1.041,Eri
13456,13490,"20    Per","",2.895168,38.337488,70.6714,5.34,0.423,Per
13485,13518,"","",2.901797,-50.871402,350.8772,6.22,1.571,Hor
13497,13531,"18Tau Per","",2.904295,52.762479,77.9423,3.93,0.758,Per
13620,13654,"45Rho2Ari","",2.930138,18.33164,107.7586,5.76,1.452,Ari
13631,13665,"","",2.932452,61.521138,26.7094,5.59,0.445,Cas
13645,13679,"","",2.937158,8.381563,42.9738,5.97,0.478,Cet
13666,13700,"","",2.940181,64.332442,699.3007,6.17,1.994,Cas
13667,13701,"3Eta Eri",Azha,2.940458,-8.898144,41.8585,3.89,1.088,Eri
13668,13702,"46Rho3Ari","",2.940596,18.023119,35.3482,5.58,0.471,Ari
13679,13713,"","",2.942584,47.164006,319.4888,6.05,1.305,Per
13683,13717,"","",2.943729,-3.71232,57.1755,5.16,0.084,Eri
13698,13732,"","",2.947405,51.261284,185.8736,6.22,1.567,Per
13722,13756,"","",2.951271,4.50103,226.2443,6.15,1.623,Cet
13734,13768,"","",2.953584,-29.855289,149.925,6.29,0.472,For
13741,13775,"21    Per","",2.954801,31.934219,98.0392,5.1,-0.007,Per
13748,13782,"4    Eri","",2.9566,-23.862164,47.6872,5.44,0.238,Eri
13755,13789,"","",2.959063,-38.190925,119.9041,6.41,-0.018,For
13797,13832,"","",2.967314,38.614926,180.1802,6.06,1.403,Per
13800,13834,"47    Ari","",2.968114,20.668733,33.1675,5.8,0.415,Ari
13801,13835,"6    Eri","",2.968258,-23.606012,203.252,5.82,1.334,Eri
13813,13847,The1Eri,Acamar,2.971023,-40.304672,49.4315,2.88,0.128,Eri
13840,13874,"","",2.978355,-2.782877,110.6195,5.22,0.014,Eri
13845,13879,"22Pi  Per","",2.979352,39.662728,94.9668,4.68,0.065,Per
13849,13883,"","",2.979806,-9.776506,90.0901,6.14,0.221,Eri
13850,13884,Bet Hor,"",2.979939,-64.071284,90.3342,4.98,0.126,Hor
13871,13905,"24    Per","",2.984356,35.183128,112.8668,4.94,1.235,Per
13873,13907,"","",2.985137,-28.907213,142.2475,6.14,1.044,For
13880,13914,"48Eps Ari","",2.986868,21.340429,101.9368,4.63,0.048,Ari
13908,13942,Zet For,"",2.993381,-25.274133,32.6158,5.69,0.427,For
13913,13947,"","",2.993973,-32.507198,125.1564,6.32,0.002,For
13914,13949,"","",2.99441,41.032941,198.8072,5.89,1.445,Per
13917,13951,"5    Eri","",2.994767,-2.464952,111.1111,5.56,-0.072,Eri
13920,13954,"91Lam Cet","",2.99525,8.907365,176.6784,4.71,-0.109,Cet
13931,13965,"","",2.997164,47.220693,156.4945,5.47,0.869,Per
13963,13997,"","",3.003303,38.13174,201.6129,6.11,-0.057,Per
14002,14036,"","",3.012261,10.870388,161.2903,5.93,1.593,Ari
14006,14040,"7    Eri","",3.014133,-2.878618,255.102,6.11,1.751,Eri
14009,14043,"","",3.014501,52.351744,140.647,5.24,-0.049,Per
14026,14060,"8Rho1Eri","",3.019451,-7.663012,99.3049,5.75,1.043,Eri
14052,14086,Eps For,"",3.027115,-28.091554,32.1958,5.88,0.794,For
14070,14104,"","",3.031195,5.336151,119.6172,6.24,1.041,Cet
14075,14109,"49    Ari","",3.031706,26.462354,64.3501,5.91,0.141,Ari
14076,14110,"","",3.032255,-9.961407,101.1122,5.84,1.092,Eri
14090,14124,"","",3.03591,-6.494543,33.8983,6.2,0.598,Eri
14097,14131,The Hyi,"",3.037615,-71.902457,157.7287,5.51,-0.125,Hyi
14100,14135,"92Alp Cet",Menkar,3.037992,4.089734,76.3942,2.54,1.63,Cet
14109,14143,"93    Cet","",3.039588,4.352884,168.6341,5.62,-0.107,Cet
14112,14146,"11Tau3Eri","",3.039863,-23.624472,27.1739,4.08,0.163,Eri
14134,14168,"9Rho2Eri","",3.045076,-7.685472,81.1688,5.32,0.941,Eri
14153,14187,"","",3.048849,-46.975036,259.7403,5.81,1.304,Eri
14198,14232,"","",3.058376,28.269906,45.977,6.38,0.306,Ari
14206,14240,Mu  Hor,"",3.060239,-59.737775,43.4028,5.12,0.349,Hor
14230,14264,"","",3.065763,47.84848,106.9519,6.48,0.301,Per
14257,14293,"10Rho3Eri","",3.071254,-7.600857,41.5628,5.26,0.193,Eri
14279,14315,"","",3.077241,1.863604,131.9261,6.05,1.045,Cet
14282,14318,"","",3.077957,15.856023,161.5509,6.37,1.4,Ari
14292,14328,"23Gam Per","",3.079942,53.50644,74.5712,2.91,0.716,Per
14318,14354,"25Rho Per","",3.08627,38.840274,94.3396,3.32,1.528,Per
14319,14355,"","",3.086471,-8.274247,140.4494,6.3,1.02,Eri
14329,14365,"","",3.089171,40.582181,124.533,6.06,1.011,Per
14340,14376,"52    Ari","",3.090747,25.255174,165.2893,5.45,-0.031,Ari
14346,14382,"","",3.092338,56.705719,64.7249,4.77,1.018,Per
14356,14392,"","",3.094489,56.068965,77.2798,6.1,1.049,Per
14381,14417,"","",3.102203,79.418535,211.8644,5.49,1.569,Cep
14403,14439,"","",3.106579,13.18725,96.0615,5.64,1.087,Ari
14420,14456,"","",3.109303,-6.088555,139.8601,5.23,1.575,Eri
14466,14502,"","",3.121947,64.057594,189.7533,5.89,-0.02,Cas
14478,14514,"53    Ari","",3.123798,17.879995,255.102,6.13,-0.123,Ari
14485,14521,"","",3.125541,-78.989244,82.85,5.67,0.298,Hyi
14508,14544,"","",3.129817,47.308709,82.1018,6.38,0.122,Per
14511,14547,"","",3.130271,-69.26492,102.3541,6.12,1.011,Hyi
14515,14551,"","",3.13079,-27.831151,54.6448,6.18,0.166,For
14530,14566,"","",3.134401,52.213511,227.2727,6.33,-0.019,Per
14540,14576,"26Bet Per",Algol,3.136148,40.955648,27.571,2.09,-0.003,Per
14550,14586,"54    Ari","",3.139197,18.795053,234.7418,6.24,1.56,Ari
14571,14607,"","",3.144109,8.471069,112.2334,6.28,1.026,Cet
14591,14626,"","",3.148384,62.384596,793.6508,6.47,0.231,Cas
14596,14632,Iot Per,"",3.151005,49.613278,10.5407,4.05,0.595,Per
14614,14649,"","",3.155592,20.761123,150.6024,6.41,1.241,Ari
14632,14668,"27Kap Per",Misam,3.158258,44.857544,34.5662,3.79,0.98,Per
14641,14677,"55    Ari","",3.160206,29.07708,323.6246,5.74,0.115,Ari
14684,14719,"","",3.169122,27.819766,165.0165,6.42,0.014,Ari
14712,14748,"","",3.174179,26.896233,141.844,6.02,1.278,Ari
14713,14749,"","",3.174235,-48.734156,134.4086,6.11,1.118,Hor
14721,14757,"","",3.176496,-23.738548,90.6618,6.37,0.912,Eri
14728,14764,"","",3.177443,11.872627,136.4256,5.97,-0.061,Ari
14755,14791,"","",3.183549,64.896266,80.0641,6.5,0.163,Cas
14761,14797,"","",3.184801,-13.264284,327.8689,6.36,0.614,Eri
14778,14814,"","",3.18798,-16.024967,165.5629,6.25,1.167,Eri
14781,14817,"28Ome Per","",3.188163,39.611582,88.3392,4.61,1.115,Per
14783,14819,"","",3.188549,-3.811595,264.5503,6.08,1.67,Eri
14785,14821,"","",3.189422,13.047845,131.2336,6.11,1.038,Ari
14802,14838,"57Del Ari",Botein,3.193822,19.726677,52.0291,4.35,1.033,Ari
14808,14844,"","",3.195229,81.47071,62.1891,5.92,0.149,Cep
14826,14862,"","",3.198957,74.393659,50.7099,4.85,0.035,Cas
14843,14879,Alp For,Dalim,3.201249,-28.987618,14.2369,3.8,0.543,For
14850,14887,"","",3.202654,42.375905,200.4008,6.15,-0.099,Per
14857,14893,"56    Ari","",3.203957,27.256968,154.0832,5.78,-0.106,Ari
14877,14913,"","",3.207146,-44.41966,42.4989,5.92,0.44,Eri
14878,14914,"","",3.207333,47.725875,190.1141,6.32,1.425,Per
14879,14915,"","",3.207324,6.660883,230.9469,5.55,1.011,Cet
14894,14930,"","",3.209209,-57.321549,321.5434,5.71,2.419,Hor
14917,14954,"94    Cet","",3.212899,-1.196101,22.5785,5.07,0.575,Cet
14935,14972,"","",3.21708,-35.943688,144.0922,6.29,-0.076,For
14967,15004,"","",3.223297,48.176953,116.5501,5.93,0.972,Per
14987,15024,"","",3.227207,-29.804129,125.1564,6.17,1.041,For
15072,15110,"58Zet Ari","",3.24836,21.044441,80.3859,4.87,-0.007,Ari
15080,15118,"","",3.249049,42.503637,72.8863,6.07,1.093,Per
15087,15125,"","",3.250075,-26.100459,199.6008,6.25,0.038,For
15116,15154,"","",3.255677,30.556689,159.7444,5.61,0.012,Ari
15153,15191,"","",3.263095,32.856712,54.7945,6.3,0.366,Per
15154,15192,"","",3.263325,57.14062,877.193,5.79,0.644,Per
15156,15193,"","",3.263519,50.95589,134.9528,6.46,0.1,Per
15159,15197,"13Zet Eri",Zibal,3.263896,-8.81973,33.6474,4.8,0.232,Eri
15163,15201,Iot Hyi,"",3.265951,-77.388454,29.7089,5.51,0.438,Hyi
15165,15203,"","",3.266904,-5.918705,201.6129,6.17,-0.018,Eri
15166,15204,"","",3.267182,34.688513,60.9385,6.25,0.29,Per
15171,15209,"","",3.267903,45.346133,326.7974,6.15,1.674,Per
15181,15219,"","",3.270057,50.937664,242.1308,5.04,1.107,Per
15192,15230,"","",3.272701,-5.730464,458.7156,6.3,1.648,Eri
15203,15241,"","",3.276442,32.184018,134.5895,5.98,0.988,Per
15206,15244,"14    Eri","",3.276602,-9.154676,34.1763,6.14,0.407,Eri
15244,15282,"","",3.286515,40.482979,197.6285,6.44,-0.027,Per
15267,15305,"","",3.290722,-47.751664,156.9859,5.84,1.228,Hor
15271,15309,"","",3.292093,65.658367,168.9189,6.41,0.079,Cam
15285,15323,"","",3.29446,31.127048,26.6809,6.4,0.574,Ari
15293,15330,Zet1Ret,"",3.295903,-62.575322,12.0077,5.53,0.641,Ret
15296,15334,"","",3.296042,39.283373,153.3742,5.97,0.056,Per
15300,15338,"30    Per","",3.296485,44.025024,224.2152,5.49,-0.06,Per
15315,15353,"","",3.299728,-66.926853,54.9451,6.03,0.133,Ret
15319,15357,"","",3.300717,-28.797075,62.3053,5.93,0.337,For
15333,15371,Zet2Ret,"",3.303309,-62.506363,12.0322,5.24,0.6,Ret
15344,15382,"15    Eri","",3.30614,-22.511118,78.3085,4.86,0.904,Eri
15345,15383,"95    Cet","",3.306229,-0.930288,67.1592,5.62,1.05,Cet
15366,15404,"29    Per","",3.310482,50.222174,195.3125,5.16,-0.073,Per
15373,15411,"","",3.311429,-18.559794,36.9686,5.72,0.381,Eri
15378,15416,"","",3.312174,34.222653,361.0108,4.85,1.491,Per
15405,15444,"31    Per","",3.318787,50.094966,171.8213,5.05,-0.067,Per
15419,15457,"96Kap1Cet","",3.322693,3.370198,9.1399,4.84,0.681,Cet
15436,15474,"16Tau4Eri","",3.325278,-21.757864,93.3707,3.7,1.614,Eri
15441,15479,"","",3.326363,-24.122902,299.4012,5.63,1.663,For
15471,15510,"","82 G. Eri",3.331944,-43.069784,6.0434,4.26,0.711,Eri
15475,15514,"59    Ari","",3.332166,27.071134,67.2495,5.91,0.86,Ari
15481,15520,"","",3.333129,65.652292,233.6449,4.74,-0.108,Cam
15508,15547,"","",3.338783,77.73474,81.1688,5.44,0.211,Cep
15510,15549,"","",3.338989,29.048458,166.3894,4.47,1.555,Ari
15518,15557,"60    Ari","",3.340437,25.662739,91.4077,6.14,1.241,Ari
15546,15585,"","",3.345889,-26.606506,49.95,6.4,0.542,For
15580,15619,"97Kap2Cet","",3.35189,3.67562,98.912,5.7,0.964,Cet
15588,15627,"61Tau1Ari","",3.353784,21.147086,156.0062,5.27,-0.067,Ari
15604,15643,"","",3.35667,-23.635135,112.4859,5.5,0.885,Eri
15609,15648,"32    Per","",3.357381,43.329651,46.1681,4.96,0.051,Per
15616,15655,"","",3.359286,-47.776661,145.9854,6.4,0.989,Hor
15630,15669,"","",3.364577,49.070905,43.7063,5.94,0.468,Per
15657,15696,"62    Ari","",3.36997,27.607553,271.0027,5.55,1.1,Ari
15661,15700,"","",3.37119,-25.587802,114.4165,6.36,0.01,For
15698,15737,"63Tau2Ari","",3.379234,20.742069,97.371,5.1,1.231,Ari
15731,15770,"","",3.386997,49.213269,166.113,5.32,-0.076,Per
15737,15776,"","",3.38825,-7.794098,37.1471,6.2,0.702,Eri
15761,15800,"","",3.393418,0.910087,111.4827,6.47,1.154,Tau
15768,15807,"","",3.394164,4.882105,373.1343,6.37,0.851,Tau
15801,15840,"","",3.400636,-69.624606,196.0784,6.14,0.482,Hyi
15811,15850,"","",3.402814,12.62959,140.4494,6.03,1.227,Tau
15822,15861,"64    Ari","",3.405132,24.724063,63.7755,5.5,1.19,Ari
15824,15863,"33Alp Per",Mirfak,3.405378,49.86118,155.2795,1.79,0.481,Per
15831,15870,"65    Ari","",3.407255,20.803489,95.6938,6.07,-0.028,Ari
15837,15876,"","",3.408249,33.535962,133.5113,5.78,-0.001,Per
15845,15884,"","",3.410057,-51.062657,123.7624,6.5,0.003,Hor
15851,15890,"","",3.411267,64.585996,628.9308,5.13,2.038,Cam
15861,15900,"1Omi Tau","",3.413554,9.02887,89.2061,3.61,0.887,Tau
15929,15968,"","",3.426737,-69.336436,39.4011,5.96,0.415,Hyi
15948,15987,Chi1For,"",3.432177,-35.920885,107.8749,6.39,0.082,For
15949,15988,"","",3.432604,49.120757,159.4896,6.09,-0.073,Per
15976,16015,"","",3.436606,-41.63694,140.2525,6.33,0.054,Eri
15990,16029,"","",3.43959,-27.317479,138.5042,5.93,0.934,For
16003,16042,"","",3.443163,28.715087,51.6262,6.47,0.882,Ari
16044,16083,"2Xi  Tau","",3.45282,9.73268,64.1026,3.73,-0.082,Tau
16055,16095,"","",3.455188,12.735289,87.6424,6.29,-0.025,Tau
16073,16112,Chi2For,"",3.459281,-35.681323,139.47,5.71,1.284,For
16103,16142,"","",3.46693,-11.2866,97.6562,5.74,1.102,Eri
16108,16147,"","",3.467517,49.062866,160.7717,4.99,-0.091,Per
16117,16156,Chi3For,"",3.469867,-35.853426,114.2857,6.49,0.126,For
16129,16168,"","",3.472416,33.807557,117.2333,5.72,0.048,Per
16138,16177,"","",3.473216,60.255672,178.8909,6.49,0.014,Cam
16142,16181,"66    Ari","",3.474046,22.804006,64.433,6.03,0.951,Ari
16170,16210,"","",3.4812,49.848384,160.7717,5.58,-0.054,Per
16185,16226,"","",3.48439,3.248704,148.5884,6.41,0.79,Tau
16187,16228,"","",3.484482,59.94033,595.2381,4.21,0.419,Cam
16203,16244,"34    Per","",3.489456,49.508948,165.2893,4.67,-0.096,Per
16204,16245,Kap Ret,"",3.489558,-62.937527,21.6826,4.71,0.41,Ret
16211,16252,"","",3.490633,46.937868,195.3125,6.21,0.131,Per
16222,16263,"","",3.493341,-12.674737,128.2051,5.57,0.171,Eri
16226,16266,"","",3.494205,-6.804458,118.7648,6.01,1.02,Eri
16241,16281,"","",3.49854,58.87875,769.2308,4.55,0.489,Cam
16244,16285,"","",3.498656,-42.634256,65.445,5.76,0.205,Eri
16249,16290,"","",3.4997,-78.35185,98.3284,5.68,0.932,Men
16251,16292,"","",3.500057,55.451808,60.9013,5.09,0.022,Cam
16262,16303,"","",3.503039,59.365947,95.1475,6.14,0.095,Cam
16269,16310,"","",3.503773,-41.369937,34.6981,6.12,0.489,Eri
16278,16319,"","",3.505387,71.863897,262.4672,6.37,1.772,Cas
16281,16322,"4    Tau","",3.506797,11.336442,110.742,5.14,-0.041,Tau
16294,16335,"35Sig Per","",3.509579,47.995216,110.2536,4.36,1.367,Per
16298,16339,"","",3.51026,-47.375125,120.3369,5.98,0.116,Hor
16299,16340,"","",3.510262,48.103596,273.9726,5.82,-0.033,Per
16300,16341,"17    Eri","",3.510294,-5.075145,123.9157,4.74,-0.092,Eri
16317,16358,"","",3.512617,6.188703,154.0832,5.93,0.953,Tau
16327,16368,"","",3.514359,-66.489714,265.9574,5.81,-0.055,Ret
16328,16369,"5    Tau","",3.514549,12.936678,104.9318,4.14,1.112,Tau
16383,16424,"","",3.524818,49.20977,149.2537,6.29,0.067,Per
16385,16425,"","",3.525081,40.759934,115.7407,6.5,0.243,Per
16406,16447,"","",3.530288,49.401093,100000.0,6.41,0.075,Per
16408,16449,"","",3.531568,-25.614149,71.9424,6.38,0.12,For
16429,16470,"","",3.535721,48.023476,185.5288,5.47,-0.101,Per
16449,16489,"","",3.53882,84.91104,103.0928,5.62,0.894,Cep
16458,16499,"36    Per","",3.540631,46.056862,36.324,5.3,0.398,Per
16468,16509,"","",3.542992,-50.378646,95.7854,5.67,1.101,Hor
16470,16511,"6    Tau","",3.543319,9.373438,107.4114,5.76,-0.072,Tau
16475,16516,"","",3.54416,44.855759,370.3704,6.42,-0.007,Per
16477,16518,"","",3.544449,35.461729,675.6757,5.91,-0.084,Per
16490,16531,"","",3.547642,-61.016872,143.472,6.42,1.037,Ret
16496,16537,"18Eps Eri",Ran,3.548848,-9.458262,3.2161,3.72,0.881,Eri
16546,16587,"","",3.558944,58.76524,154.5595,6.45,0.168,Cam
16550,16591,"","",3.559731,39.899478,56.0538,5.79,0.139,Per
16558,16599,"","",3.560855,54.974857,74.4048,5.98,0.114,Cam
16561,16602,"","",3.561455,57.868725,66.9344,6.37,0.523,Cam
16570,16611,"19Tau5Eri","",3.563132,-21.632883,89.9281,4.26,-0.106,Eri
16587,16628,"","",3.565776,-31.080114,41.7711,6.2,0.482,For
16600,16641,"","",3.568993,17.832828,40.3877,6.14,0.891,Tau
16623,16664,"7    Tau","",3.574062,24.464393,131.5789,5.95,0.123,Tau
16631,16672,"","",3.575996,-31.874801,353.3569,6.39,1.404,For
16636,16677,"","",3.577075,-9.868261,137.3626,6.25,0.019,Eri
16655,16695,"","",3.5803,6.417691,134.4086,6.49,0.642,Tau
16656,16697,"","",3.581223,-25.582825,138.5042,6.48,0.985,For
16671,16712,"","",3.583617,60.041429,53.3618,6.43,0.433,Cam
16738,16779,"","",3.599235,-5.124954,192.6782,6.49,1.091,Eri
16739,16780,"","",3.599352,-11.193782,115.8749,5.56,0.915,Eri
16762,16803,"20    Eri","",3.604837,-17.467064,149.2537,5.24,-0.117,Eri
16785,16826,"37Psi Per","",3.608159,48.192634,178.8909,4.32,-0.058,Per
16786,16827,"","",3.608382,-78.323073,230.4147,6.29,1.15,Men
16805,16846,"","",3.613136,0.587758,30.6843,5.82,0.885,Tau
16811,16852,"10    Tau","",3.614551,0.401662,13.9626,4.29,0.575,Tau
16829,16870,"","",3.618244,-40.274545,70.7714,4.57,1.023,Eri
16883,16924,"","",3.629953,15.430552,74.7384,6.4,0.167,Tau
16897,16938,"","",3.633383,42.582843,210.5263,6.41,-0.064,Per
16933,16974,"","",3.638811,56.932713,157.2327,6.29,-0.099,Cam
16948,16989,"","",3.641459,-7.391863,112.3596,5.86,0.98,Eri
16966,17007,Tau For,"",3.646575,-27.943054,117.7856,6.01,-0.027,For
16985,17026,"","",3.650017,20.915765,142.2475,6.5,0.151,Tau
16986,17027,"21    Eri","",3.65031,-5.62621,33.7041,5.97,0.921,Eri
17015,17056,"","",3.65697,75.739622,137.741,6.25,0.973,Cas
17016,17057,"","",3.657057,-10.437278,109.4092,6.19,1.031,Eri
17017,17058,"","",3.657153,16.536685,130.2083,6.18,1.0,Tau
17046,17086,"","",3.660652,-3.39301,133.5113,6.22,1.041,Eri
17062,17103,"12    Tau","",3.664201,3.056863,114.0251,5.55,0.931,Tau
17079,17120,"","",3.666547,-1.121226,119.3317,6.12,0.994,Tau
17095,17136,"","",3.669844,-15.226534,199.6008,6.35,0.881,Eri
17126,17167,"22    Eri","",3.677315,-5.210706,152.207,5.53,-0.145,Eri
17140,17181,"11    Tau","",3.67953,25.329492,146.4129,6.11,0.097,Tau
17161,17203,"","",3.685515,37.580198,251.8892,5.55,-0.062,Per
17172,17214,"","",3.687166,-11.802418,92.7644,6.49,0.377,Eri
17254,17296,"","",3.702594,63.216806,159.2357,5.06,1.651,Cam
17256,17298,"","",3.702743,-45.957888,40.3226,6.5,0.522,Hor
17262,17304,Del For,"",3.704139,-31.938361,259.7403,4.99,-0.159,For
17267,17309,"13    Tau","",3.705263,19.700254,165.2893,5.68,-0.016,Tau
17271,17313,"40    Per","",3.706291,33.965026,323.6246,4.97,-0.048,Per
17286,17328,"","",3.709084,-85.261964,152.9052,6.4,-0.005,Oct
17300,17342,"","",3.711871,59.969391,632.9114,5.74,1.736,Cam
17309,17351,"","",3.713908,-37.313518,56.4972,4.59,1.191,Eri
17316,17358,"39Del Per","",3.715416,47.787551,158.2278,3.01,-0.125,Per
17336,17378,"23Del Eri",Rana,3.720806,-9.763395,9.0408,3.52,0.915,Eri
17353,17395,"","",3.726065,-10.485661,42.4268,5.59,0.216,Eri
17366,17408,"14    Tau","",3.72978,19.665032,125.6281,6.13,0.994,Tau
17394,17436,"","",3.735104,-40.660289,96.8992,6.45,1.059,Eri
17395,17437,"","",3.735119,48.523656,312.5,6.06,1.552,Per
17398,17440,Bet Ret,"",3.736593,-64.806903,29.8597,3.84,1.133,Ret
17406,17448,"38Omi Per",Atik,3.738648,32.288248,343.6426,3.84,0.022,Per
17411,17453,"","",3.741167,20.928737,77.7001,6.09,0.028,Tau
17415,17457,"24    Eri","",3.741808,-1.163091,200.8032,5.24,-0.088,Eri
17418,17460,"","",3.742062,36.460103,90.5797,5.6,0.062,Per
17422,17464,"","",3.742744,-54.274027,76.2195,6.29,1.035,Ret
17433,17475,"","",3.744697,46.099813,142.0455,6.1,0.291,Per
17447,17489,"16    Tau",Celaeno,3.746726,24.28947,115.6069,5.45,-0.034,Tau
17451,17493,"","",3.747355,-48.061299,137.931,6.49,1.011,Hor
17457,17499,"17    Tau",Electra,3.747927,24.113339,124.0695,3.72,-0.105,Tau
17464,17506,"25    Eri","",3.749027,-0.29672,120.919,5.56,1.411,Eri
17485,17527,"18    Tau","",3.752705,24.83926,125.4705,5.66,-0.064,Tau
17487,17529,"41Nu  Per","",3.753232,42.578549,170.6485,3.77,0.425,Per
17489,17531,"19    Tau",Taygeta,3.75347,24.467278,125.4705,4.3,-0.11,Tau
17492,17534,"","",3.75441,-47.359476,103.5197,5.72,0.961,Hor
17501,17543,"","",3.756586,-71.658132,143.2665,6.26,-0.123,Hyi
17516,17558,"","",3.760304,38.676262,135.8696,6.45,1.195,Per
17521,17563,"29    Tau","",3.761234,6.049991,163.6661,5.34,-0.099,Tau
17532,17573,"20    Tau",Maia,3.763779,24.367748,117.5088,3.87,-0.063,Tau
17537,17579,"21    Tau",Asterope,3.765132,24.554511,114.0251,5.76,-0.036,Tau
17542,17584,"","",3.76646,45.681899,229.3578,5.66,-0.08,Per
17543,17585,"","",3.766907,67.201605,55.4324,5.79,0.347,Cam
17545,17587,"","",3.767314,63.345047,303.9514,4.78,0.747,Cam
17546,17588,"22    Tau","",3.767472,24.527898,116.5501,6.43,-0.02,Tau
17551,17593,"26Pi  Eri","",3.769037,-12.101589,147.4926,4.43,1.604,Eri
17553,17595,"","",3.769267,6.80352,102.7749,5.91,0.992,Tau
17566,17608,"23    Tau",Merope,3.772104,23.948358,116.5501,4.14,-0.051,Tau
17576,17618,Sig For,"",3.774286,-29.338157,101.0101,5.91,0.11,For
17609,17651,"27Tau6Eri","",3.780804,-23.249723,17.6274,4.22,0.434,Eri
17637,17678,Gam Hyi,"",3.787295,-74.238962,65.6168,3.26,1.59,Hyi
17661,17702,"25Eta Tau",Alcyone,3.79141,24.105137,123.6094,2.85,-0.086,Tau
17665,17707,"","",3.79226,55.92196,110.2536,6.09,-0.02,Cam
17675,17717,"28Tau7Eri","",3.794347,-23.874677,76.9231,5.24,0.075,Eri
17690,17732,"","",3.796951,32.195415,48.0077,6.26,0.474,Per
17692,17734,"","",3.797114,-36.105785,149.2537,6.21,-0.102,Eri
17696,17738,Rho For,"",3.7989,-30.167882,82.4402,5.52,0.973,For
17717,17759,"","",3.801817,24.988416,165.8375,6.44,1.701,Tau
17729,17771,"30    Tau","",3.804519,11.143294,139.0821,5.08,-0.125,Tau
17730,17772,"","",3.805021,50.736767,250.6266,6.18,0.028,Per
17734,17776,"","",3.805782,23.42125,118.3432,5.44,-0.067,Tau
17755,17798,"","",3.809918,-20.902977,181.8182,5.81,1.602,Eri
17757,17797,"","",3.809963,-37.620155,50.7357,4.3,-0.038,Eri
17763,17805,"","",3.810821,0.227857,149.2537,5.91,1.224,Eri
17790,17832,"","",3.815816,23.857135,75.643,6.47,0.377,Tau
17804,17846,"","",3.818922,43.963095,74.184,5.95,0.279,Per
17805,17847,"27    Tau",Atlas,3.819373,24.053415,117.2333,3.62,-0.07,Tau
17809,17851,"28    Tau",Pleione,3.819782,24.136712,117.096,5.05,-0.082,Tau
17812,17854,"","",3.820476,70.87105,106.383,5.4,0.096,Cam
17816,17858,"","",3.822151,57.118268,148.5884,6.46,0.061,Cam
17833,17874,"","",3.824237,-36.20025,64.3501,4.17,0.927,Eri
17842,17884,"","",3.825357,65.525972,243.9024,4.39,1.87,Cam
17844,17886,"42    Per","",3.825748,33.091382,82.3045,5.14,0.057,Per
17849,17891,"","",3.826836,63.296967,71.6332,5.82,0.189,Cam
17858,17900,"","",3.828758,23.711855,114.6789,6.17,-0.046,Tau
17880,17921,"","",3.831964,22.244151,112.8668,6.05,-0.006,Tau
17890,17932,"","",3.834564,44.967856,114.6789,5.65,0.779,Per
17908,17950,"","",3.837823,-1.522574,43.6681,6.47,0.435,Eri
17912,17954,"","",3.838593,25.579362,56.4653,5.24,0.231,Tau
17917,17959,Gam Cam,"",3.839302,71.332266,110.011,4.59,0.064,Cam
17991,18033,"","",3.854408,13.046078,123.1527,6.3,-0.058,Tau
18023,18067,"","",3.8616,68.507486,313.4796,6.31,-0.057,Cam
18038,18081,"","",3.864922,34.359119,258.3979,5.78,-0.036,Per
18046,18089,"31    Tau","",3.86673,6.534907,238.6635,5.66,0.046,Tau
18051,18094,"","",3.867902,31.168578,113.8952,6.22,0.206,Per
18098,18141,"30    Eri","",3.878238,-5.361259,179.5332,5.48,-0.09,Eri
18127,18170,"","",3.886123,17.327083,41.3223,5.97,0.354,Tau
18130,18173,"","",3.886925,-18.434447,272.4796,6.21,0.866,Eri
18155,18199,"","",3.892587,-46.893674,107.6426,5.93,1.22,Hor
18156,18201,"","",3.89291,25.682883,161.0306,6.35,0.11,Tau
18167,18212,"","",3.894081,48.650495,120.7729,5.76,1.04,Per
18168,18213,"","",3.894151,-34.732297,106.1571,5.11,-0.133,Eri
18171,18216,"33Tau8Eri","",3.895195,-24.61223,115.6069,4.64,-0.136,Eri
18172,18217,"","",3.895345,57.975141,50.5051,5.8,0.182,Cam
18201,18246,"44Zet Per","",3.9022,31.883635,230.4147,2.84,0.271,Per
18210,18255,"32    Eri","",3.904862,-2.95473,95.9693,4.46,0.672,Eri
18217,18262,"","",3.906435,-40.357009,153.1394,5.7,0.599,Eri
18230,18275,"","",3.909431,-52.690426,109.1703,6.46,0.158,Dor
18294,18339,"","",3.921147,-12.099105,49.2126,5.99,0.323,Eri
18350,18396,"","",3.932824,47.87142,223.7136,5.39,-0.073,Per
18355,18401,"","",3.934428,-63.463718,103.5197,6.14,1.094,Ret
18382,18428,"","",3.941017,-13.597531,100000.0,6.37,1.585,Eri
18387,18434,"","",3.941303,35.080899,265.9574,5.49,-0.058,Per
18391,18438,"","",3.941751,71.821606,59.2066,6.31,0.333,Cam
18405,18453,"43    Per","",3.94347,50.695381,37.4392,5.28,0.425,Per
18408,18455,"","",3.94387,-9.750844,125.6281,6.18,0.269,Eri
18424,18471,"32    Tau","",3.947798,22.477971,42.337,5.62,0.345,Tau
18434,18481,"","",3.950477,6.039967,70.2247,6.09,0.058,Tau
18438,18485,"33    Tau","",3.951058,23.17555,208.7683,6.05,0.031,Tau
18441,18488,"","",3.952303,61.108883,448.4305,4.99,1.435,Cam
18458,18505,"","",3.957067,63.072264,110.6195,4.95,-0.074,Cam
18461,18508,"","",3.957328,24.461937,319.4888,6.19,1.372,Tau
18485,18532,"45Eps Per","",3.96423,40.010215,195.6947,2.9,-0.199,Per
18497,18543,"34Gam Eri",Zaurak,3.967157,-13.508515,62.3441,2.97,1.588,Eri
18518,18565,"","",3.974766,38.840254,130.2083,6.32,1.081,Per
18545,18592,"","",3.97858,-57.10236,61.3874,6.05,0.439,Ret
18550,18597,Del Ret,"",3.979095,-61.400185,161.2903,4.56,1.59,Ret
18559,18606,"","",3.981221,-5.469947,46.4468,5.85,1.001,Eri
18567,18614,"46Xi  Per",Menkib,3.98275,35.791033,381.6794,3.98,0.016,Per
18600,18647,"","",3.991703,-12.574425,225.2252,5.61,1.479,Eri
18611,18658,"","",3.994581,10.330402,40.032,6.35,0.417,Tau
18626,18673,"36Tau9Eri","",3.998745,-24.016215,100.4016,4.62,-0.121,Eri
18670,18717,"","",4.010247,17.29666,196.8504,6.31,0.056,Tau
18676,18723,"","",4.011292,-30.490697,107.7586,5.93,0.036,Eri
18677,18724,"35Lam Tau","",4.011338,12.490347,148.368,3.41,-0.099,Tau
18688,18735,"","",4.013545,18.194,42.9,5.89,0.319,Tau
18697,18744,Gam Ret,"",4.014946,-62.159284,143.8849,4.48,1.5,Ret
18722,18769,"","",4.020787,36.989477,121.2121,6.39,-0.005,Per
18725,18772,Iot Ret,"",4.021697,-61.078822,97.8474,4.97,1.386,Ret
18741,18788,"35    Eri","",4.025569,-1.54966,126.9036,5.28,-0.133,Eri
18758,18805,"","",4.029482,9.998017,175.1313,5.67,0.005,Tau
18813,18859,"","",4.04354,-0.268923,18.8324,5.38,0.516,Eri
18860,18907,"38Nu  Tau","",4.052606,5.989305,35.8551,3.91,0.032,Tau
18879,18926,"","",4.056874,-20.143796,304.878,6.47,-0.178,Eri
18910,18957,"40    Tau","",4.06239,5.435624,196.4637,5.32,-0.08,Tau
18928,18975,"","",4.065723,8.197269,34.8554,5.45,0.371,Tau
18943,18990,"","",4.069085,-16.588728,154.5595,6.36,1.266,Eri
18946,18993,"","",4.06941,2.826947,35.3982,5.36,0.505,Tau
18961,19009,"36    Tau","",4.072687,24.105993,347.2222,5.46,0.813,Tau
18963,19011,"","",4.072977,-12.792295,117.9245,5.62,1.062,Eri
18970,19018,"","",4.074212,59.155507,625.0,5.0,0.495,Cam
18989,19037,"","",4.078028,-20.381864,125.1564,6.12,1.157,Eri
18990,19038,"37    Tau","",4.078253,22.081926,57.3723,4.36,1.064,Tau
19028,19076,"39    Tau","",4.088958,22.008905,16.9377,5.9,0.62,Tau
19047,19095,"","",4.093728,-27.651807,45.045,5.59,0.324,Eri
19063,19111,"","",4.096309,-20.512563,88.574,6.34,0.918,Eri
19073,19121,"","",4.09903,-8.856105,76.2777,6.27,0.063,Eri
19081,19129,"","",4.100882,68.679972,191.5709,5.88,1.543,Cam
19119,19167,"47Lam Per","",4.109735,50.351262,129.3661,4.25,-0.011,Per
19123,19171,"41    Tau","",4.110114,27.599903,128.866,5.18,-0.124,Tau
19124,19172,"","",4.110171,54.008663,80.8407,6.31,0.983,Cam
19129,19177,"","",4.110785,65.520798,134.2282,6.14,0.145,Cam
19157,19205,"42Psi Tau","",4.116795,29.001299,27.6014,5.21,0.359,Tau
19174,19222,"","",4.119649,74.000359,110.4972,6.49,0.977,Cam
19185,19233,"","",4.122611,-64.222291,23.6295,6.37,0.636,Ret
19213,19261,"","",4.128328,15.162788,43.63,6.02,0.397,Tau
19236,19284,"","",4.133171,17.339897,123.1527,5.89,1.497,Tau
19254,19302,"49    Per","",4.137612,37.727493,44.0917,6.07,0.943,Per
19287,19335,"50    Per","",4.143497,38.039733,20.9952,5.52,0.52,Per
19296,19343,"48    Per","",4.144357,47.712513,146.1988,3.96,-0.025,Per
19328,19376,"","",4.150436,13.398281,124.533,5.94,0.052,Tau
19340,19388,"43Ome1Tau","",4.152768,19.609217,87.0322,5.51,1.077,Tau
19350,19398,"","",4.154954,-16.385875,200.0,5.45,-0.147,Eri
19352,19400,"","",4.156168,54.828862,44.4444,6.25,0.448,Cam
19364,19412,"","",4.157659,59.908071,427.3504,6.29,1.112,Cam
19384,19434,"","",4.161946,3.322697,62.383,6.49,0.443,Tau
19405,19454,"","",4.166752,86.626139,42.2297,5.84,0.393,Cep
19412,19461,"","",4.167439,80.698681,116.4144,5.1,0.589,Cep
19434,19483,"37    Eri","",4.172923,-6.923852,107.7586,5.44,0.941,Eri
19460,19509,"","",4.179409,-35.273787,263.1579,6.43,1.07,Eri
19462,19511,"","",4.179935,-8.819814,87.7193,5.7,1.057,Eri
19464,19513,"44    Tau","",4.180517,26.480952,62.9327,5.39,0.352,Tau
19465,19515,Del Hor,"",4.180708,-41.993573,54.8246,4.93,0.334,Hor
19476,19525,"","",4.183061,33.586792,301.2048,5.75,1.412,Per
19505,19554,"45    Tau","",4.188967,5.523047,36.9822,5.71,0.36,Tau
19522,19571,"","",4.193389,-20.356157,80.9717,5.8,0.165,Eri
19538,19587,"38Omi1Eri",Beid,4.197761,-6.837581,37.3134,4.04,0.327,Eri
19541,19590,"","",4.198927,-8.837485,158.4786,6.45,0.95,Eri
19552,19601,"","",4.200076,-17.274732,110.1322,6.41,0.968,Eri
19592,19641,"","",4.208709,17.27746,105.042,6.09,1.081,Tau
19623,19672,"","",4.214235,22.413458,267.3797,6.14,0.171,Tau
19624,19673,"","",4.214404,68.501154,115.6069,6.33,1.169,Cam
19669,19719,"46    Tau","",4.225862,7.716045,36.3372,5.29,0.366,Tau
19670,19720,"","",4.226269,10.212458,132.2751,6.24,0.021,Tau
19671,19721,"","",4.226589,-40.357763,291.5452,6.36,1.468,Hor
19675,19725,"","",4.227264,-1.149737,220.2643,6.45,-0.125,Eri
19680,19730,"","",4.229114,72.126147,144.9275,6.05,1.019,Cam
19686,19736,"","",4.23051,12.753701,99.4036,6.25,1.143,Tau
19690,19740,"47    Tau","",4.232329,9.263824,101.7294,4.84,0.799,Tau
19696,19746,"","",4.23325,37.967147,151.2859,6.47,1.029,Per
19697,19747,Alp Hor,"",4.233363,-42.294368,35.2609,3.85,1.085,Hor
19727,19777,"39    Eri","",4.239914,-10.256283,74.2942,4.87,1.156,Eri
19730,19780,Alp Ret,"",4.240404,-62.473858,49.554,3.33,0.915,Ret
19749,19799,"","",4.243398,10.011406,119.9041,5.22,-0.085,Tau
19755,19805,"","",4.246819,-62.191811,80.5802,5.45,1.106,Ret
19760,19810,"","",4.247797,37.54267,154.5595,6.31,0.958,Per
19761,19811,"52    Per","",4.248143,40.483671,291.5452,4.67,1.007,Per
19762,19812,"51Mu  Per","",4.248295,48.409331,276.2431,4.12,0.935,Per
19773,19823,"","",4.250499,57.460361,429.1845,6.06,0.6,Cam
19799,19849,"40Omi2Eri",Keid,4.254537,-7.652871,4.9845,4.43,0.82,Eri
19809,19859,"","",4.258,6.186858,21.3311,6.32,0.57,Tau
19810,19860,"49Mu  Tau","",4.258905,8.892357,139.6648,4.27,-0.054,Tau
19827,19877,"48    Tau","",4.262856,15.400695,45.4133,6.31,0.4,Tau
19843,19893,Gam Dor,"",4.267097,-51.486648,20.4625,4.26,0.312,Dor
19867,19917,"","",4.272486,-60.948482,126.2626,6.34,0.097,Ret
19871,19921,Eps Ret,"",4.274738,-59.302156,18.2382,4.44,1.078,Ret
19899,19949,"","",4.278638,53.611799,100.2004,5.2,0.052,Cam
19918,19968,"","",4.281542,61.849989,136.7989,5.69,-0.116,Cam
19933,19983,"","",4.28558,57.860355,79.8085,5.72,1.108,Cam
19940,19990,"50Ome2Tau","",4.287684,20.578591,28.9436,4.93,0.259,Tau
19946,19996,"","",4.288673,-6.472177,232.0186,5.95,1.078,Eri
19970,20020,The Ret,"",4.294519,-63.255405,141.2429,5.88,-0.061,Ret
19989,20039,"","",4.297733,80.535783,319.4888,6.39,0.947,Cep
19992,20042,"41Ups4Eri","",4.298237,-33.798348,54.5554,3.55,-0.108,Eri
20001,20049,Del Men,"",4.299776,-80.214033,129.8701,5.67,0.836,Men
20013,20063,"","",4.302252,42.141159,121.3592,6.22,-0.072,Per
20021,20070,"","",4.304056,50.295502,96.1538,4.6,0.043,Per
20025,20075,"","",4.304466,-20.71526,462.963,6.0,1.597,Eri
20037,20087,"51    Tau","",4.306444,21.579297,54.0541,5.64,0.277,Tau
20056,20106,"","",4.310414,-22.969722,89.8473,6.09,0.302,Eri
20059,20109,"","",4.311113,-52.860097,72.0461,6.08,0.489,Dor
20088,20138,"","",4.317469,-33.904617,102.0408,6.36,0.132,Eri
20106,20156,"","",4.320339,50.048695,74.4602,5.46,0.235,Per
20112,20161,"","",4.321301,-44.267919,77.2798,5.33,1.066,Hor
20121,20171,"53    Tau","",4.323916,21.142307,82.7815,5.5,-0.069,Tau
20136,20186,"56    Tau","",4.326862,21.773491,100.0,5.34,-0.107,Tau
20138,20188,"","",4.32706,10.121437,210.9705,6.31,1.428,Tau
20155,20205,"54Gam Tau",Prima Hyadum,4.329889,15.627642,49.5295,3.65,0.981,Tau
20169,20219,"57    Tau","",4.332695,14.035201,45.7038,5.58,0.283,Tau
20181,20231,"","",4.336097,31.953174,225.2252,6.16,1.679,Per
20184,20234,"","",4.336531,50.920933,332.2259,5.55,-0.031,Per
20191,20241,"","",4.337341,41.80807,123.1527,5.95,0.962,Per
20200,20250,"52Phi Tau","",4.339227,27.350754,98.4252,4.97,1.15,Tau
20203,20252,"54    Per","",4.340178,34.566725,66.9344,4.93,0.95,Per
20205,20255,"","",4.340307,18.742608,48.3092,6.11,0.404,Tau
20211,20261,"58    Tau","",4.343419,15.095453,46.9484,5.26,0.225,Tau
20213,20263,"","",4.344067,-6.245995,61.2745,6.15,0.901,Eri
20214,20264,"","",4.34417,-20.639622,145.7726,5.38,-0.027,Eri
20216,20266,"","",4.344541,65.140441,97.9432,5.26,0.82,Cam
20218,20268,"","",4.34479,6.130798,110.6195,5.76,0.914,Tau
20221,20271,"","",4.345232,-7.592493,242.1308,5.85,-0.124,Eri
20234,20284,"","",4.347977,13.864427,47.4158,6.15,0.456,Tau
20248,20297,Nu  Men,"",4.349455,-81.57992,52.0562,5.78,0.359,Men
20291,20341,"","",4.357511,-0.09817,143.0615,5.86,1.32,Eri
20297,20347,"","",4.358698,-25.72858,58.7544,6.08,0.371,Eri
20304,20354,"53    Per","",4.359211,46.498878,155.521,4.8,-0.022,Per
20310,20360,"","",4.360421,-6.284172,210.5263,6.45,0.056,Eri
20326,20376,"","",4.363227,60.735625,136.7989,5.4,1.497,Cam
20330,20380,"","",4.364392,56.506317,96.9932,5.91,0.112,Cam
20334,20384,Eta Ret,"",4.364796,-63.386391,117.9245,5.24,0.955,Ret
20350,20400,"60    Tau","",4.367643,14.077198,44.3853,5.72,0.315,Tau
20367,20417,"","",4.372981,20.821416,714.2857,5.91,1.66,Tau
20380,20430,"59Chi Tau","",4.376373,25.629314,89.2857,5.38,-0.041,Tau
20405,20455,"61Del1Tau",Secunda Hyadum,4.382247,17.542514,47.7099,3.77,0.983,Tau
20406,20456,"","",4.382758,59.616182,142.0455,6.18,0.108,Cam
20414,20465,"","",4.384909,-24.892157,153.6098,5.81,1.507,Eri
20416,20467,"","",4.385488,-35.544815,282.4859,6.38,1.242,Eri
20433,20484,"63    Tau","",4.390294,16.77726,49.9002,5.64,0.31,Tau
20441,20493,"","",4.392324,20.982044,170.068,6.0,0.029,Tau
20446,20498,"","",4.393281,42.427909,177.305,6.25,0.023,Per
20455,20507,"42Xi  Eri","",4.394681,-3.74547,64.1026,5.17,0.072,Eri
20470,20522,"66    Tau","",4.397729,9.460968,121.3592,5.1,0.074,Tau
20481,20533,"62    Tau","",4.399934,24.300992,278.5515,6.34,0.173,Tau
20483,20535,"43    Eri",Beemim,4.400613,-34.016846,90.8265,3.97,1.468,Eri
20490,20542,"64Del2Tau","",4.401599,17.44413,49.4805,4.8,0.154,Tau
20500,20552,"","",4.403405,-57.071337,27.7008,6.28,0.659,Dor
20505,20558,"","",4.404023,12.157987,190.1141,6.42,1.408,Tau
20527,20579,"55    Per","",4.408098,34.130758,137.3626,5.73,-0.054,Per
20539,20591,"56    Per","",4.410404,33.959686,40.6174,5.77,0.4,Per
20562,20614,"","",4.415868,19.042013,50.5306,5.97,0.378,Tau
20567,20619,"","",4.418153,-61.238193,215.0538,5.94,1.533,Ret
20578,20630,"","",4.421976,-44.160897,36.8868,6.38,0.457,Cae
20583,20635,"65Kap1Tau","",4.422822,22.293874,47.1921,4.21,0.136,Tau
20590,20641,"67Kap2Tau","",4.423614,22.199998,45.3926,5.27,0.25,Tau
20597,20648,"68Del3Tau","",4.424828,17.92791,45.5373,4.3,0.049,Tau
20609,20661,"70    Tau","",4.427032,15.94101,47.1698,6.44,0.509,Tau
20646,20698,"","",4.433708,4.373451,217.8649,6.37,1.078,Tau
20652,20704,"","",4.435084,31.438911,77.6398,5.29,0.986,Per
20659,20711,"69Ups Tau","",4.438461,22.813583,47.1476,4.28,0.263,Tau
20661,20713,"71    Tau","",4.439094,15.618265,49.0918,4.48,0.262,Tau
20663,20715,"","",4.439195,8.590269,198.0198,6.06,-0.01,Tau
20680,20732,"73Pi  Tau","",4.443437,14.713782,127.7139,4.69,0.979,Tau
20713,20765,"","",4.449147,-24.081323,97.6562,6.11,0.143,Eri
20719,20771,"","",4.450194,2.079409,105.3741,6.23,1.087,Tau
20720,20772,"","",4.450241,57.58529,228.3105,6.28,0.063,Cam
20725,20776,"","",4.450806,80.824159,296.7359,5.42,1.179,Cep
20729,20781,"","",4.451654,-46.947505,33.1345,6.1,0.47,Cae
20737,20789,"72    Tau","",4.454847,22.996337,115.8749,5.53,-0.098,Tau
20752,20804,"","",4.457991,11.2123,180.1802,5.87,0.049,Tau
20774,20825,"","",4.462788,-62.521206,109.7695,5.74,1.005,Ret
20790,20842,"","",4.466883,21.619907,47.1254,5.72,0.27,Tau
20796,20848,"","",4.467677,1.858605,94.2507,6.14,1.018,Tau
20804,20856,"","",4.469296,-41.959833,364.9635,6.41,1.614,Cae
20808,20860,"","",4.470359,83.80779,232.0186,5.51,-0.106,Cep
20821,20873,"76    Tau","",4.473167,14.740974,57.5705,5.9,0.325,Tau
20825,20877,"75    Tau","",4.473992,16.359672,57.241,4.96,1.137,Tau
20832,20884,"","",4.475589,1.380821,117.3709,5.53,-0.099,Tau
20833,20885,"77The1Tau","",4.476248,15.962181,47.3261,3.84,0.952,Tau
20837,20889,"74Eps Tau",Ain,4.476943,19.180431,44.964,3.53,1.014,Tau
20840,20892,"","",4.47751,-19.458874,94.518,5.95,1.215,Eri
20842,20894,"78The2Tau",Chamukuy,4.477705,15.870883,46.1042,3.4,0.179,Tau
20849,20901,"79    Tau","",4.480601,13.047602,48.852,5.02,0.215,Tau
20852,20904,"","",4.481108,30.361492,51.5996,6.38,0.547,Tau
20870,20922,"","",4.485257,-13.04837,465.1163,5.61,-0.202,Eri
20882,20934,"","",4.488909,-46.51527,122.549,6.13,1.062,Cae
20930,20982,"","",4.500159,83.340379,94.2507,5.47,0.855,Cep
20933,20985,"","",4.500636,10.262214,119.4743,6.47,1.038,Tau
20943,20995,"80    Tau","",4.502388,15.63784,45.8295,5.58,0.324,Tau
20945,20997,"","",4.502779,-13.592372,143.6782,6.22,1.001,Eri
20977,21029,"","",4.509342,16.194014,43.1965,4.78,0.17,Tau
20984,21036,"83    Tau","",4.510378,13.724402,45.208,5.4,0.263,Tau
20986,21038,"","",4.510669,32.457768,115.0748,6.18,-0.026,Per
20987,21039,"81    Tau","",4.510802,15.691879,44.9236,5.47,0.258,Tau
20990,21042,"","",4.511203,-35.653504,120.4819,5.95,1.005,Eri
21001,21053,"","",4.512998,16.148696,41.511,6.5,0.428,Tau
21008,21060,Del Cae,"",4.513916,-44.953749,215.9827,5.07,-0.194,Cae
21030,21082,"","",4.518664,15.105037,167.7852,6.28,1.725,Tau
21056,21108,"","",4.523361,40.010193,369.0037,6.25,0.009,Per
21058,21110,"","",4.523848,-13.644222,112.8668,6.25,0.086,Eri
21085,21137,"85    Tau","",4.531043,15.85156,45.1671,6.01,0.338,Tau
21087,21139,"45    Eri","",4.531296,-0.044011,201.2072,4.91,1.32,Eri
21091,21144,"","",4.532485,36.742688,116.0093,6.35,1.089,Per
21096,21148,"1    Cam","",4.533845,53.91083,100000.0,5.78,0.119,Cam
21100,21152,"","",4.534669,5.410035,43.4972,6.37,0.42,Tau
21139,21192,"","",4.543765,-3.209541,145.7726,5.76,-0.117,Eri
21186,21239,"","",4.556135,-10.785333,227.7904,6.06,1.379,Eri
21189,21242,"57    Per","",4.556917,43.063893,59.1716,6.09,0.37,Per
21194,21247,"","",4.558511,72.528605,101.7294,5.94,0.306,Cam
21195,21248,"50Ups1Eri","",4.55849,-29.766492,38.956,4.49,0.972,Eri
21199,21251,"","",4.55918,18.016722,134.2282,6.24,0.077,Tau
21200,21253,"","",4.559453,-62.823677,45.1467,5.79,1.028,Ret
21216,21269,"","",4.563382,9.413567,170.9402,6.01,1.061,Tau
21220,21273,"86Rho Tau","",4.564143,14.844424,48.5201,4.65,0.255,Tau
21225,21278,"46    Eri","",4.565202,-6.738908,253.8071,5.71,-0.128,Eri
21228,21281,Alp Dor,"",4.566598,-55.044975,51.7063,3.3,-0.079,Dor
21242,21295,"","",4.568963,5.568616,148.5884,5.67,0.055,Tau
21243,21296,"47    Eri","",4.569897,-8.231352,304.878,5.2,1.708,Eri
21244,21297,"","",4.569936,-8.970258,233.1002,5.24,1.465,Eri
21245,21298,"","",4.570609,-6.837809,219.7802,6.09,1.384,Eri
21270,21323,"","",4.57722,28.96115,148.8095,5.88,-0.048,Tau
21271,21324,"","",4.577261,-24.0405,113.1222,6.37,1.137,Eri
21310,21363,"","",4.58353,-19.921384,108.6957,6.12,1.174,Eri
21340,21393,"52Ups2Eri",Theemin,4.592512,-30.562341,65.5738,3.81,0.957,Eri
21349,21402,"88    Tau","",4.594239,10.16079,47.8927,4.25,0.184,Tau
21355,21408,"","",4.595156,19.881791,133.8688,6.33,0.754,Tau
21368,21421,"87Alp Tau",Aldebaran,4.598677,16.509301,20.4332,0.87,1.538,Tau
21375,21428,"","",4.600465,-3.611641,251.2563,6.34,-0.1,Eri
21391,21444,"48Nu  Eri","",4.605317,-3.352459,207.0393,3.93,-0.21,Eri
21399,21452,"","",4.606727,64.261602,135.1351,5.91,-0.009,Cam
21406,21459,"","",4.608092,23.340855,47.5285,6.01,0.38,Tau
21423,21476,"58    Per","",4.611508,41.264808,244.4988,4.25,1.171,Per
21426,21479,"","",4.612677,-62.077154,54.615,5.59,1.5,Dor
21433,21486,"","",4.614148,-30.716779,127.3885,6.28,-0.095,Eri
21462,21515,"","",4.620465,0.998314,261.0966,5.32,-0.107,Tau
21464,21517,"","",4.620772,18.543031,416.6667,6.49,0.81,Tau
21472,21525,"","",4.622017,-41.872944,118.7648,6.4,0.167,Cae
21494,21547,"51    Eri","",4.626703,-2.473548,29.4291,5.22,0.283,Eri
21535,21588,"89    Tau","",4.635956,16.033291,49.8256,5.78,0.312,Tau
21536,21589,"90    Tau","",4.635961,12.510838,47.081,4.27,0.122,Tau
21541,21594,"53    Eri",Sceptrum,4.63634,-14.30402,33.6814,3.86,1.082,Eri
21551,21604,"","",4.637731,20.684722,101.1122,5.85,-0.019,Tau
21558,21611,"","",4.639372,-77.656003,157.7287,6.05,1.08,Men
21591,21644,"","",4.64821,-12.123121,71.3267,4.99,0.074,Eri
21612,21666,"","",4.651194,-51.672752,214.1328,6.45,1.321,Pic
21617,21670,"","",4.65171,7.870976,49.1642,5.38,0.257,Tau
21620,21673,"91Sig1Tau","",4.65256,15.799846,45.0857,5.08,0.141,Tau
21630,21683,"92Sig2Tau","",4.654583,15.917977,47.6872,4.67,0.147,Tau
21632,21685,"","",4.655475,-14.359192,60.1323,5.46,1.054,Eri
21636,21689,"","",4.65643,25.218274,106.2699,6.21,0.176,Tau
21665,21718,"","",4.663117,-1.052459,219.7802,6.11,0.943,Eri
21674,21727,"3    Cam","",4.66519,53.079535,129.5337,5.07,1.079,Cam
21677,21730,"2    Cam","",4.666126,53.473021,44.4642,5.36,0.331,Cam
21682,21735,"93    Tau","",4.667616,12.197609,127.7139,5.45,-0.121,Tau
21690,21743,"","",4.668557,-24.482368,107.4114,5.56,0.926,Eri
21710,21763,"54    Eri","",4.674031,-19.671493,112.9944,4.32,1.599,Eri
21717,21770,Alp Cae,"",4.676039,-41.863752,20.1654,4.44,0.342,Cae
21766,21819,"","",4.688822,28.614994,116.9591,5.73,0.018,Tau
21770,21823,"","",4.690032,48.300881,90.9091,5.66,0.002,Per
21794,21847,"","",4.697283,38.280182,31.8674,5.97,0.593,Per
21808,21861,Bet Cae,"",4.700965,-37.144297,28.6697,5.04,0.391,Cae
21828,21881,"94Tau Tau","",4.704084,22.956926,122.1001,4.27,-0.112,Tau
21861,21914,Lam Pic,"",4.712899,-50.481334,114.8106,5.3,0.977,Pic
21875,21928,"59    Per","",4.715089,43.365138,73.9645,5.3,0.028,Per
21896,21949,Mu  Men,"",4.717764,-70.931027,150.6024,5.53,-0.114,Men
21905,21958,"","",4.719249,-30.765557,196.8504,5.66,1.391,Cae
21908,21961,"95    Tau","",4.720488,24.08892,48.2625,6.18,0.544,Tau
21919,21972,"","",4.722665,49.973789,209.6436,5.86,0.013,Per
21933,21986,"55    Eri","",4.726318,-8.794317,653.5948,5.98,0.645,Eri
21945,21998,"","",4.728964,-41.064788,226.7574,6.24,1.468,Cae
21950,22003,"","",4.730068,32.865459,60.2047,6.49,0.311,Aur
21971,22024,"56    Eri","",4.734811,-8.503571,100000.0,5.78,-0.076,Eri
21975,22028,"","",4.73555,-18.666586,93.8086,5.53,0.025,Eri
21981,22034,"","",4.736949,40.786454,187.6173,6.09,0.04,Per
21987,22040,Kap Dor,"",4.739205,-59.732733,67.0241,5.28,0.206,Dor
21991,22044,"","",4.740508,11.146137,45.8295,5.39,0.251,Ori
22028,22081,"","",4.749419,-63.229715,148.8095,6.46,1.077,Dor
22033,22086,"","",4.751156,-21.283383,218.3406,5.72,1.476,Eri
22056,22109,"57Mu  Eri","",4.758375,-3.254657,160.0,4.01,-0.148,Eri
22075,22128,"","",4.761796,23.627996,210.5263,6.34,0.058,Tau
22091,22144,"","",4.765406,-39.356619,97.2763,6.04,1.065,Cae
22100,22152,"","",4.766786,76.611042,32.3206,6.46,0.512,Cam
22104,22157,"","",4.76715,11.705591,72.1501,5.35,0.197,Ori
22123,22176,"","",4.771341,18.734693,80.1925,5.99,1.221,Tau
22136,22189,"","",4.773379,-2.954532,99.108,6.33,0.041,Ori
22139,22192,"","",4.773819,-28.087444,56.1798,6.18,0.189,Eri
22167,22220,"","",4.779021,40.31259,132.8021,5.99,0.934,Per
22210,22263,"58    Eri","",4.793413,-16.934456,13.2767,5.49,0.632,Eri
22227,22280,Zet Cae,"",4.797104,-30.020372,131.7523,6.35,1.071,Cae
22234,22287,"4    Cam","",4.800069,56.757183,52.7704,5.29,0.246,Cam
22247,22300,"","",4.801942,55.602611,52.356,6.32,0.32,Cam
22272,22325,"59    Eri","",4.809037,-16.329484,41.7188,5.76,0.537,Eri
22283,22336,"","",4.810107,-5.674045,26.4201,5.77,0.631,Eri
22301,22354,"","",4.812396,3.588526,210.5263,6.04,1.2,Ori
22308,22361,"","",4.813968,75.941219,47.0588,5.96,0.283,Cam
22340,22393,"","",4.820235,31.437375,65.8328,5.57,1.132,Aur
22354,22407,"","",4.821965,32.588191,83.7521,5.84,0.25,Aur
22386,22439,"","",4.828402,-13.769669,33.8066,6.27,0.456,Eri
22388,22441,"96    Tau","",4.828912,15.904221,333.3333,6.09,1.551,Tau
22396,22449,"1Pi 3Ori",Tabit,4.830669,6.961276,8.0684,3.19,0.484,Ori
22400,22453,"","",4.831846,37.488275,154.321,4.89,1.447,Per
22426,22479,"60    Eri","",4.83656,-16.217159,72.3066,5.03,0.992,Eri
22435,22488,"","",4.837828,-41.320848,52.5486,6.06,0.408,Cae
22455,22508,"","",4.843441,70.941528,207.0393,6.36,-0.069,Cam
22456,22509,"2Pi 2Ori","",4.843534,8.900176,68.8231,4.35,0.01,Ori
22478,22531,Iot Pic,"",4.848706,-53.461508,41.5628,5.58,0.341,Pic
22481,22534,Iot Pic,"",4.849036,-53.459698,38.5356,6.42,0.483,Pic
22492,22545,"","",4.852594,48.740685,97.1817,5.64,1.013,Aur
22496,22549,"3Pi 4Ori","",4.853434,5.605104,322.5806,3.68,-0.157,Ori
22512,22565,"97    Tau","",4.856239,18.839861,51.2558,5.08,0.214,Tau
22520,22573,"","",4.857837,-34.906286,82.1693,5.82,0.105,Cae
22544,22597,"","",4.862051,9.975078,186.9159,6.11,0.06,Ori
22554,22607,"","",4.863885,13.655155,40.7166,6.3,0.502,Ori
22573,22626,"","",4.868109,63.505421,152.9052,5.47,1.559,Cam
22614,22667,"4Omi1Ori","",4.875545,14.250642,199.6008,4.71,1.773,Ori
22626,22678,"2    Aur","",4.877218,36.703187,184.5018,4.79,1.414,Aur
22644,22697,"","",4.879754,27.897485,106.383,5.97,0.368,Tau
22646,22699,"","",4.879933,42.586626,138.8889,5.68,0.115,Aur
22648,22701,"61Ome Eri","",4.881575,-5.452695,72.0461,4.36,0.257,Eri
22664,22717,"","",4.884919,-72.40768,32.4465,6.28,0.521,Men
22667,22720,"","",4.886052,52.841155,137.3626,6.4,0.068,Cam
22677,22730,"5    Ori","",4.889659,2.508225,181.1594,5.33,1.632,Ori
22684,22737,"","",4.891803,-66.675413,366.3004,6.43,1.64,Dor
22730,22783,"9Alp Cam","",4.900836,66.342678,100000.0,4.26,-0.008,Cam
22744,22797,"8Pi 5Ori","",4.904193,2.440672,411.5226,3.71,-0.179,Ori
22780,22833,"6    Ori","",4.913027,11.426006,69.979,5.18,0.121,Ori
22781,22834,"","",4.913273,7.779097,147.7105,5.33,1.214,Ori
22787,22840,"","",4.914086,0.467167,222.2222,5.98,-0.116,Ori
22789,22842,"","",4.914233,44.060861,95.6023,6.06,-0.032,Aur
22791,22844,"","",4.914717,-58.547652,30.4044,6.11,0.442,Dor
22792,22845,"7Pi 1Ori","",4.914924,10.150833,35.6633,4.64,0.085,Ori
22794,22847,"","",4.915226,-39.628607,377.3585,6.11,1.423,Cae
22797,22850,"","",4.916211,19.485388,64.3501,6.36,0.292,Tau
22801,22854,"5    Cam","",4.917537,55.259109,190.1141,5.52,0.015,Cam
22808,22860,"","",4.918562,-16.74067,145.1379,5.71,0.953,Eri
22818,22871,Eta Men,"",4.919765,-74.936852,204.918,5.47,1.518,Men
22828,22881,"","",4.921847,-16.417767,85.3242,5.71,0.874,Eri
22860,22913,"","",4.930598,15.040278,111.4827,5.79,-0.085,Ori
22870,22923,"","",4.932875,5.399024,131.0616,6.5,0.025,Ori
22883,22936,"","",4.935299,52.869761,129.7017,5.75,0.105,Cam
22885,22938,"","",4.935825,7.904696,59.9161,6.42,0.415,Ori
22896,22949,"","",4.937661,24.592218,42.6985,6.33,0.351,Tau
22902,22955,"","",4.938913,36.168537,100000.0,6.1,0.352,Aur
22904,22957,"9Omi2Ori","",4.939521,13.514466,57.0125,4.06,1.158,Ori
22905,22958,"62    Eri","",4.940052,-5.171356,227.2727,5.5,-0.123,Eri
22961,23015,"3Iot Aur",Hassaleh,4.949894,33.16609,151.2859,2.69,1.49,Aur
22986,23041,"","",4.954775,-1.067258,84.3882,6.25,0.423,Ori
22987,23040,"7    Cam","",4.95478,53.752101,114.0251,4.43,-0.017,Cam
22989,23043,"","",4.956206,17.153677,146.1988,5.51,1.304,Tau
23006,23060,"","",4.962412,-14.23192,416.6667,6.15,-0.202,Eri
23014,23068,"99    Tau","",4.963513,23.948562,139.6648,5.79,1.109,Tau
23034,23088,"98    Tau","",4.969275,25.050405,87.184,5.79,0.018,Tau
23038,23092,"","",4.969698,-2.212738,133.3333,6.34,0.11,Ori
23069,23123,"10Pi 6Ori","",4.975806,1.714016,289.8551,4.47,1.369,Ori
23094,23148,Xi  Men,"",4.980829,-82.470512,113.1222,5.84,0.932,Men
23107,23161,"","",4.98317,14.54324,349.6503,6.14,0.156,Ori
23112,23166,"","",4.983713,-16.376027,40.4694,5.65,0.447,Lep
23125,23179,"4Ome Aur","",4.987612,37.890245,52.2739,4.93,0.037,Aur
23162,23216,"8    Cam","",4.996204,53.155451,176.3668,6.09,1.462,Cam
23167,23221,"63    Eri","",4.997348,-10.263325,53.9665,5.39,0.797,Eri
23177,23231,"64    Eri","",4.998816,-12.537416,88.968,4.78,0.267,Eri
23197,23251,"","",5.003688,-78.300009,273.9726,6.29,1.517,Men
23207,23261,"5    Aur","",5.005095,39.394701,59.7372,5.95,0.415,Aur
23211,23265,"","",5.005755,81.194088,117.7856,5.09,1.304,Cep
23214,23268,"6    Aur","",5.006449,39.654653,336.7003,6.46,1.677,Aur
23242,23296,"","",5.011058,-2.066032,49.6032,6.31,0.293,Ori
23256,23311,"","",5.013611,-5.753675,8.7078,6.22,1.049,Eri
23307,23362,"","",5.023772,-20.051918,60.6796,4.91,-0.047,Lep
23309,23364,"65Psi Eri","",5.023985,-7.173965,226.7574,4.8,-0.164,Eri
23322,23377,"","",5.026257,-39.718046,111.8568,6.02,0.893,Cae
23325,23380,"","",5.026676,61.077996,35.5999,6.03,0.448,Cam
23353,23408,"","",5.030654,0.722112,145.1379,5.91,1.267,Ori
23361,23416,"7Eps Aur",Almaaz,5.032815,43.823308,653.5948,3.03,0.537,Aur
23364,23419,"","",5.03334,1.608865,187.2659,6.45,-0.05,Ori
23375,23430,"","",5.03606,-26.275029,71.4796,5.01,1.056,Lep
23387,23442,"","",5.038832,74.269368,208.7683,6.05,1.562,Cam
23391,23446,"","",5.039668,-31.771333,95.511,5.92,1.17,Cae
23398,23453,"8Zet Aur",Saclateni,5.041301,41.075837,240.9639,3.69,1.154,Aur
23412,23467,Bet Men,"",5.045279,-71.3143,243.309,5.3,0.996,Men
23419,23474,"1    Lep","",5.045828,-22.795052,143.472,5.74,1.188,Lep
23420,23475,"","",5.045943,-4.210121,91.9118,5.86,1.212,Eri
23428,23482,Eta1Pic,"",5.046861,-49.151407,26.0756,5.37,0.421,Pic
23429,23484,"","",5.047327,66.822974,27.7624,6.2,0.509,Cam
23442,23497,"102Iot Tau","",5.051596,21.589962,52.9661,4.62,0.155,Tau
23456,23511,"","",5.055177,41.441646,609.7561,6.11,0.188,Aur
23467,23522,"10Bet Cam","",5.05697,60.442245,267.3797,4.03,0.921,Cam
23496,23551,"","",5.064479,-14.370231,568.1818,6.42,-0.187,Lep
23499,23554,"","",5.064797,-24.388151,58.1734,5.61,0.094,Lep
23500,23555,"","",5.064986,-41.74495,31.746,6.3,0.528,Cae
23527,23582,"","",5.070216,73.763887,473.9336,6.21,1.609,Cam
23528,23583,"","",5.070712,30.494588,180.8318,6.14,1.208,Aur
23534,23589,"","",5.072663,21.277931,148.5884,6.2,1.324,Tau
23540,23595,Gam1Cae,"",5.07344,-35.482978,55.5864,4.55,1.177,Cae
23541,23596,Gam2Cae,"",5.073931,-35.705109,98.3284,6.32,0.311,Cae
23552,23607,"11    Ori","",5.076153,15.404105,111.9821,4.65,-0.064,Ori
23562,23617,"","",5.077683,74.066955,171.2329,6.1,0.018,Cam
23588,23643,"","",5.081813,-3.039675,357.1429,6.04,-0.117,Ori
23594,23649,Eta2Pic,"",5.082776,-49.577837,136.0544,5.05,1.484,Pic
23598,23653,"","",5.083502,-54.407401,253.1646,6.26,1.554,Pic
23613,23668,"","",5.087832,-26.152391,76.2195,5.71,1.166,Lep
23625,23680,"","",5.089921,1.177627,377.3585,6.1,3.332,Ori
23630,23685,"2Eps Lep","",5.091018,-22.371032,65.4022,3.19,1.46,Lep
23638,23693,Zet Dor,"",5.091853,-57.472704,11.6455,4.71,0.526,Dor
23640,23695,"","",5.09225,19.806723,137.741,6.48,0.219,Tau
23669,23724,"","",5.100256,35.936388,105.5966,6.49,0.184,Aur
23679,23734,"11    Cam","",5.102349,58.972372,210.084,5.22,-0.08,Cam
23682,23737,"","",5.102575,-73.037673,134.9528,6.26,0.01,Men
23688,23743,"12    Cam","",5.103372,59.02134,218.8184,6.08,1.112,Cam
23709,23766,"","",5.108245,61.169756,143.8849,6.0,1.38,Cam
23712,23767,"10Eta Aur",Haedus,5.10858,41.234474,74.6269,3.18,-0.148,Aur
23722,23777,"","",5.110206,-13.122622,113.6364,6.04,-0.03,Lep
23728,23783,"9    Aur","",5.111289,51.59772,26.2881,4.98,0.343,Aur
23739,23794,"66    Eri","",5.112681,-4.655163,94.697,5.12,-0.059,Eri
23744,23799,"","",5.113766,43.174705,238.0952,6.2,0.444,Aur
23763,23818,"","",5.119376,-19.391868,38.432,6.47,0.648,Lep
23776,23831,"","",5.1236,-12.491269,36.6972,5.97,0.606,Lep
23780,23835,"104    Tau","",5.124164,18.645052,15.4345,4.91,0.657,Tau
23785,23840,"","",5.126116,-63.399679,173.3102,5.19,1.646,Dor
23797,23852,"13    Ori","",5.127309,9.47178,27.6702,6.15,0.625,Ori
23816,23871,"106    Tau","",5.130111,20.418379,58.1058,5.28,0.118,Tau
23819,23874,"","",5.130502,-12.592658,257.0694,6.33,1.617,Lep
23820,23875,"67Bet Eri",Cursa,5.130829,-5.086446,27.3973,2.78,0.161,Eri
23824,23879,"14    Ori","",5.131359,8.498429,64.6412,5.33,0.338,Ori
23828,23883,"105    Tau","",5.132066,21.704821,331.1258,5.84,0.168,Tau
23845,23900,"103    Tau","",5.135173,24.265175,458.7156,5.5,0.03,Tau
23853,23908,"","",5.137016,-15.095354,208.7683,6.38,0.889,Lep
23861,23916,"","",5.138942,-8.665324,208.7683,5.8,-0.059,Eri
23886,23941,"68    Eri","",5.145472,-4.456207,25.4582,5.11,0.455,Eri
23917,23972,"69Lam Eri","",5.15244,-8.754081,248.7562,4.25,-0.187,Eri
23928,23983,"16    Ori","",5.155456,9.829579,54.7046,5.43,0.249,Ori
23949,24003,"",Mago,5.160181,69.639401,120.6273,6.43,1.101,Cam
23955,24010,"15    Ori","",5.161654,15.597232,165.0165,4.81,0.313,Ori
23962,24017,"","",5.162367,64.91949,39.8248,6.37,0.448,Cam
23964,24019,"","",5.162524,28.030461,52.6039,5.93,0.311,Tau
23986,24041,"","",5.167573,-0.565323,99.7009,6.11,1.098,Ori
24015,24072,"","",5.171891,37.301854,485.4369,6.02,0.72,Aur
24052,24109,"","",5.178585,46.96207,48.6855,5.67,0.452,Aur
24057,24114,"","",5.179053,-25.910463,232.0186,6.4,1.246,Lep
24072,24130,"","",5.182785,-2.254114,46.7946,6.24,0.984,Ori
24105,24162,"","",5.18866,-2.490782,37.6223,5.89,0.462,Ori
24112,24169,"","",5.189686,-11.849089,149.0313,5.6,1.35,Lep
24136,24193,"","",5.193976,29.90358,321.5434,6.42,1.752,Aur
24140,24197,"","",5.194879,16.045673,105.2632,5.18,1.525,Ori
24146,24203,"","",5.195931,1.037028,195.3125,5.88,0.662,Ori
24187,24244,"3Iot Lep","",5.204973,-11.869219,71.0732,4.45,-0.099,Lep
24197,24254,"","",5.206237,73.946674,115.8749,5.44,-0.108,Cam
24237,24294,"","",5.213369,-6.05719,143.8849,5.9,0.96,Ori
24249,24305,"5Mu  Lep","",5.215528,-16.205468,57.0125,3.29,-0.11,Lep
24256,24313,"","",5.217451,61.85004,131.7523,6.17,0.032,Cam
24270,24327,"4Kap Lep","",5.220522,-12.941291,223.2143,4.36,-0.094,Lep
24274,24331,"17Rho Ori","",5.221523,2.861265,107.2961,4.46,1.166,Ori
24275,24332,"","",5.221519,37.337309,26.1165,6.48,0.542,Aur
24283,24340,"11Mu  Aur","",5.223811,38.484498,46.9043,4.82,0.189,Aur
24291,24348,"14    Cam","",5.225353,62.691132,79.3021,6.49,0.204,Cam
24292,24349,"","",5.225432,1.967684,212.3142,6.08,0.421,Ori
24314,24372,The Dor,"",5.229288,-67.185255,150.6024,4.81,1.274,Dor
24319,24377,"","",5.229793,0.560423,307.6923,6.33,1.463,Ori
24326,24384,"","",5.231482,-52.030755,189.0359,6.03,1.392,Pic
24336,24394,"","",5.233319,-14.606872,76.746,6.22,0.377,Lep
24368,24426,"","",5.241346,-35.976996,152.439,5.75,1.009,Col
24378,24436,"19Bet Ori",Rigel,5.242298,-8.20164,264.5503,0.18,-0.03,Ori
24382,24440,"","",5.243205,76.472761,132.626,6.36,-0.011,Cam
24392,24450,"","",5.245569,5.156151,149.0313,5.5,1.369,Ori
24393,24451,"","",5.245631,53.213949,100000.0,6.16,0.084,Aur
24421,24479,"","",5.253164,59.405687,109.0513,6.15,1.179,Cam
24435,24493,"","",5.255139,-1.40904,46.9043,6.15,0.401,Ori
24446,24505,"","",5.25677,-26.943509,85.2515,5.06,-0.067,Lep
24448,24504,"14    Aur","",5.256777,32.6876,87.5657,5.01,0.222,Aur
24449,24507,"","",5.256908,-73.588475,111.4827,6.49,0.15,Men
24454,24512,"108    Tau","",5.257682,22.284858,214.5923,6.26,0.075,Tau
24462,24520,"","",5.26078,-52.182179,232.5581,6.48,1.213,Pic
24496,24555,"18    Ori","",5.267815,11.341354,135.8696,5.52,-0.012,Ori
24501,24560,"","",5.2696,-11.352553,228.3105,6.45,0.67,Lep
24516,24575,"","",5.271708,34.312317,574.7126,5.99,0.199,Aur
24548,24607,"","",5.278067,1.947328,166.6667,6.42,-0.015,Ori
24549,24608,"13Alp Aur",Capella,5.27815,45.997991,13.1234,0.08,0.795,Aur
24599,24659,Omi Col,"",5.291411,-34.895207,32.4465,4.81,0.987,Col
24614,24674,"20Tau Ori","",5.293442,-6.844409,151.5152,3.59,-0.115,Ori
24619,24679,"","",5.294512,-13.519826,49.0196,5.48,0.932,Lep
24667,24727,"16    Aur","",5.302935,33.371613,71.2251,4.54,1.252,Aur
24672,24732,"","",5.30368,73.268071,111.2347,5.81,-0.023,Cam
24678,24738,"","",5.304359,42.792111,172.7116,5.55,1.492,Aur
24680,24740,"17    Aur","",5.305249,33.767348,122.1001,6.15,-0.043,Aur
24711,24771,"","",5.311201,40.465124,223.7136,6.22,1.386,Aur
24726,24786,"","",5.314017,-18.13005,25.025,5.96,0.572,Lep
24739,24799,"","",5.316674,33.748394,126.7427,5.38,-0.167,Aur
24753,24813,"15Lam Aur","",5.318995,40.099051,12.631,4.69,0.63,Aur
24757,24817,"21    Ori","",5.319783,2.595806,61.9579,5.34,0.412,Ori
24760,24820,"","",5.320748,20.134596,120.3369,6.12,1.02,Tau
24762,24822,"109    Tau","",5.321278,22.096494,75.815,4.96,0.937,Tau
24765,24825,"","",5.32151,-18.519919,263.1579,6.37,-0.134,Lep
24769,24829,Zet Pic,"",5.322813,-50.605967,35.7143,5.44,0.517,Pic
24771,24831,"","",5.323246,-27.368884,134.0483,5.98,-0.022,Col
24772,24832,"18    Aur","",5.323261,33.985421,68.5871,6.49,0.256,Aur
24776,24836,"15    Cam","",5.324404,58.117365,240.9639,6.13,-0.031,Cam
24785,24845,"6Lam Lep","",5.326257,-13.176788,261.0966,4.29,-0.235,Lep
24787,24847,"","",5.326468,-1.411892,219.2982,6.33,-0.105,Ori
24813,24873,"7Nu  Lep","",5.333062,-12.315585,102.2495,5.29,-0.104,Lep
24819,24879,"19    Aur","",5.333589,33.958054,636.9427,5.05,0.287,Aur
24821,24881,"","",5.333977,44.425383,247.5248,6.49,1.331,Aur
24842,24902,"","",5.337409,41.086212,84.9618,5.46,0.122,Aur
24848,24909,"","",5.339086,-34.698856,160.5136,6.34,0.318,Col
24853,24914,"","",5.339615,62.653711,628.9308,5.64,1.728,Cam
24864,24925,"","",5.340669,-5.367528,281.6901,6.4,-0.047,Ori
24866,24927,"","",5.340811,-21.239763,127.551,4.7,-0.048,Lep
24894,24955,"","",5.344635,66.746878,118.2033,6.39,0.921,Cam
24899,24960,"","",5.345489,2.54478,144.0922,6.43,1.041,Ori
24916,24977,"","",5.34906,19.814347,168.6341,6.2,1.229,Tau
24923,24984,"","",5.349815,27.957262,166.113,6.35,0.039,Tau
24940,25001,"","",5.353524,29.569884,88.574,5.66,0.06,Aur
24946,25007,"","",5.354684,-34.345051,440.5286,6.05,-0.176,Col
24950,25011,"","",5.355363,4.011948,280.8989,6.49,-0.089,Ori
24967,25028,"","",5.358845,-0.416491,307.6923,5.68,-0.125,Ori
24980,25041,"","",5.3621,8.428556,436.6812,5.78,-0.114,Ori
24983,25044,"22    Ori","",5.362708,-0.382465,284.9003,4.72,-0.168,Ori
24984,25045,"","",5.362849,-24.772981,107.8749,5.06,0.662,Lep
24987,25048,"20Rho Aur","",5.363448,41.804572,162.3377,5.22,-0.129,Aur
24997,25059,"","",5.365364,-17.603631,136.4256,6.47,1.206,Lep
25036,25098,Kap Pic,"",5.372819,-56.134401,194.5525,6.1,-0.091,Pic
25047,25110,"","",5.376036,79.231149,20.8855,5.08,0.506,Cam
25079,25142,"23    Ori","",5.380556,3.544452,476.1905,4.99,-0.096,Ori
25080,25143,"","",5.380644,41.02926,89.6861,5.54,0.127,Aur
25117,25180,"","",5.386665,-26.705433,49.975,6.49,0.505,Lep
25124,25187,"","",5.388475,-8.415595,122.6994,5.99,-0.037,Ori
25129,25192,"22    Aur","",5.389686,28.936761,162.6016,6.45,-0.04,Aur
25131,25194,"","",5.390006,-39.678423,199.2032,5.73,1.626,Col
25134,25197,"16    Cam","",5.391065,57.544395,103.0928,5.24,-0.011,Cam
25139,25202,"8    Lep","",5.39171,-13.927352,505.0505,5.25,-0.219,Lep
25142,25205,"","",5.391963,5.323086,84.7458,6.34,0.123,Ori
25153,25216,"110    Tau","",5.393807,16.699298,124.8439,6.09,0.141,Tau
25160,25223,"","",5.395086,-0.159818,268.8172,5.69,-0.208,Ori
25177,25240,"","",5.397592,-0.866622,55.7103,6.13,0.483,Ori
25184,25247,"29    Ori","",5.399119,-7.808065,48.2393,4.13,0.943,Ori
25215,25278,"111    Tau","",5.407071,17.383534,14.3864,5.0,0.544,Tau
25217,25280,"","",5.407914,-16.975781,68.2594,5.64,-0.001,Lep
25218,25281,"28Eta Ori","",5.407949,-2.397146,299.4012,3.35,-0.24,Ori
25219,25282,"27    Ori","",5.40803,-0.891328,57.2082,5.07,0.961,Ori
25225,25288,"","",5.410028,2.353165,462.963,6.33,-0.145,Ori
25227,25290,"","",5.410674,31.223912,191.9386,6.3,1.251,Aur
25228,25291,"","",5.4107,31.143148,211.4165,5.94,0.034,Aur
25229,25292,"21Sig Aur","",5.410873,37.385346,143.2665,5.02,1.445,Aur
25238,25301,"","",5.412445,36.199945,250.6266,6.49,1.645,Aur
25239,25302,"25Psi1Ori","",5.412452,1.846445,318.4713,4.89,-0.2,Ori
25240,25303,The Pic,"",5.412858,-52.316245,157.2327,6.26,0.067,Pic
25254,25317,"","",5.415438,-44.225684,144.9275,6.09,1.195,Pic
25259,25322,"","",5.416508,73.707198,492.6108,6.48,1.738,Cam
25266,25329,"","",5.417151,-10.328887,133.8688,5.6,1.543,Ori
25273,25336,"24Gam Ori",Bellatrix,5.418851,6.349702,77.3994,1.64,-0.224,Ori
25305,25368,"","",5.426805,-1.491294,225.2252,6.44,-0.162,Ori
25315,25378,"","",5.429727,0.520244,380.2281,6.18,-0.178,Ori
25334,25397,"","",5.433285,-19.695399,45.0248,5.78,0.441,Lep
25337,25401,"","",5.43399,-5.518501,204.0816,6.24,-0.047,Ori
25346,25410,"113    Tau","",5.434923,16.700161,179.5332,6.23,-0.084,Tau
25364,25428,"112Bet Tau",Elnath,5.438198,28.60745,41.0509,1.65,-0.13,Tau
25365,25429,Lam Dor,"",5.438687,-58.91252,140.4494,5.14,0.986,Dor
25389,25453,"","",5.444119,6.868658,92.1659,6.41,-0.023,Ori
25407,25471,"","",5.44689,34.39181,645.1613,5.92,0.138,Aur
25409,25473,"30Psi2Ori","",5.447286,3.095674,348.4321,4.59,-0.199,Ori
25411,25475,"","",5.447578,33.262258,100.8065,6.18,1.152,Aur
25413,25476,"","",5.448422,35.457272,180.1802,6.17,1.453,Aur
25418,25482,"","",5.449948,-68.622544,77.8816,6.02,0.346,Dor
25423,25486,"","",5.451323,-11.900964,27.0416,6.3,0.553,Lep
25424,25488,"","",5.451478,-40.94351,91.9118,5.86,0.239,Col
25428,25492,"","",5.452298,30.208603,440.5286,5.69,0.175,Aur
25435,25499,"115    Tau","",5.452804,17.962216,168.3502,5.4,-0.09,Tau
25438,25502,"","",5.45386,15.25763,130.3781,6.18,0.083,Ori
25441,25505,"","",5.454278,2.3412,124.533,6.36,0.965,Ori
25468,25532,"","",5.460139,-21.375713,119.9041,6.08,1.032,Lep
25475,25539,"114    Tau","",5.460579,21.936965,191.5709,4.88,-0.14,Tau
25477,25541,"24Phi Aur","",5.460802,34.475892,138.8889,5.08,1.4,Aur
25491,25555,"116    Tau","",5.462669,15.874052,130.039,5.52,0.015,Tau
25516,25580,"","",5.466926,33.763703,33.8524,6.41,0.51,Aur
25518,25582,"","",5.467075,1.298251,395.2569,6.41,-0.173,Ori
25519,25583,"117    Tau","",5.467114,17.23913,187.9699,5.77,1.634,Tau
25542,25606,"9Bet Lep",Nihal,5.470756,-20.759441,49.1642,2.81,0.807,Lep
25544,25608,"","",5.470926,-37.230767,87.7963,5.56,0.026,Col
25574,25638,"","",5.476326,13.678979,93.5454,6.35,0.168,Ori
25603,25667,"","",5.482475,-3.307429,244.4988,6.39,-0.007,Ori
25631,25695,"118    Tau","",5.487916,25.150215,130.3781,5.47,-0.042,Tau
25644,25708,"","",5.489913,-3.446394,151.0574,5.8,1.149,Ori
25666,25730,"","",5.494626,29.186464,88.7311,6.2,0.476,Aur
25668,25732,"","",5.494895,-0.802512,110.9878,6.49,0.251,Ori
25673,25737,"31    Ori","",5.49555,-1.092239,155.7632,4.71,1.592,Ori
25687,25751,"","",5.498548,1.78926,438.5965,5.77,-0.192,Ori
25704,25768,"","",5.502632,-47.077655,44.1306,5.46,0.615,Pic
25705,25769,"17    Cam","",5.502835,63.06722,288.1844,5.43,1.704,Cam
25711,25776,"","",5.503869,-84.785104,112.2334,6.18,-0.003,Men
25716,25781,"","",5.504408,-63.927686,113.8952,6.19,0.225,Dor
25721,25785,"","",5.505534,4.204795,166.113,6.21,1.28,Ori
25722,25786,"","",5.505765,-7.434811,729.927,6.33,-0.194,Ori
25726,25790,"","",5.507268,15.360449,77.5795,5.93,0.103,Ori
25742,25806,"","",5.51204,22.462255,109.529,6.29,1.18,Tau
25745,25810,"","",5.512522,39.825916,175.4386,6.38,0.986,Aur
25749,25813,"32    Ori","",5.51307,5.948139,92.8505,4.2,-0.143,Ori
25752,25816,"","",5.513514,41.461994,128.866,5.99,1.112,Aur
25788,25853,"10    Lep","",5.518785,-20.863659,83.2639,5.53,0.012,Lep
25794,25859,Eps Col,"",5.520209,-35.470519,80.7103,3.86,1.13,Col
25796,25861,"33    Ori","",5.520703,3.292133,348.4321,5.46,-0.176,Ori
25804,25869,"","",5.52247,-6.708379,714.2857,6.23,-0.178,Ori
25822,25887,"","",5.526666,-45.925317,168.0672,5.86,1.349,Pic
25846,25911,"","",5.530002,85.938528,101.5228,6.5,0.36,Cep
25853,25918,Gam Men,"",5.531318,-76.340964,31.3578,5.18,1.13,Men
25858,25923,"36Ups Ori","",5.532183,-7.301537,877.193,4.62,-0.261,Ori
25865,25930,"34Del Ori",Mintaka,5.533445,-0.299092,212.3142,2.25,-0.175,Ori
25880,25945,"119    Tau","",5.536875,18.594234,549.4505,4.32,2.06,Tau
25883,25950,"","",5.537262,17.058128,917.4312,5.5,-0.004,Tau
25908,25973,"18    Cam","",5.542707,57.221071,42.6985,6.44,0.587,Cam
25911,25976,"","",5.543883,0.011933,337.8378,6.15,1.553,Ori
25915,25980,"","",5.54482,-1.591831,478.4689,5.34,-0.188,Ori
25919,25984,"25Chi Aur","",5.545465,32.192022,100000.0,4.71,0.281,Aur
25920,25985,"11Alp Lep",Arneb,5.545504,-17.822289,680.2721,2.58,0.211,Lep
25928,25993,"","",5.547613,-38.513371,52.8262,5.45,1.224,Col
25936,26001,"","",5.549873,-64.227517,71.0227,5.34,1.039,Dor
25954,26019,"","",5.552049,-35.139376,78.9266,5.75,1.085,Col
25989,26054,"","",5.557612,32.80118,106.2699,6.5,0.094,Aur
25998,26063,"","",5.558735,-1.156073,450.4505,5.36,-0.175,Ori
25999,26064,"120    Tau","",5.558786,18.540231,476.1905,5.67,-0.022,Tau
26004,26069,Bet Dor,"",5.560421,-62.489825,308.642,3.76,0.64,Dor
26006,26071,"","",5.560616,34.72557,137.3626,6.27,0.17,Aur
26007,26072,"","",5.560788,20.474216,350.8772,6.19,-0.034,Tau
26014,26079,"","",5.562315,-54.902289,55.7103,6.42,0.55,Pic
26028,26093,"35    Ori","",5.565079,14.305578,136.7989,5.6,-0.118,Ori
26039,26104,"","",5.567353,-7.02375,160.7717,6.45,1.116,Ori
26041,26106,"","",5.567747,-1.035726,310.559,6.24,-0.16,Ori
26044,26108,"","",5.567791,-1.470253,209.6436,5.92,1.535,Ori
26061,26126,"38    Ori","",5.571326,3.766895,84.6024,5.32,0.051,Ori
26084,26149,"","",5.574802,-0.012345,294.1176,6.25,0.997,Ori
26104,26169,"","",5.579106,-73.741277,333.3333,5.79,1.717,Men
26111,26176,"37Phi1Ori","",5.580344,9.489579,333.3333,4.39,-0.157,Ori
26125,26190,"","",5.582621,-61.176048,95.3289,6.32,0.845,Dor
26132,26197,"","",5.583613,-6.00927,826.4463,5.67,-0.228,Ori
26134,26199,"","",5.584078,-6.002027,495.0495,4.78,-0.248,Ori
26142,26207,"39Lam Ori",Meissa,5.585633,9.934158,336.7003,3.39,-0.16,Ori
26150,26215,"","",5.587011,10.240093,343.6426,5.6,0.149,Ori
26154,26219,"","",5.587631,-33.079724,92.4214,5.76,1.12,Col
26155,26220,"41The1Ori","",5.587728,-5.387315,100000.0,4.98,,Ori
26156,26221,"41The1Ori","",5.587907,-5.389696,100000.0,5.13,0.02,Ori
26169,26234,"","",5.589532,-4.42432,408.1633,6.24,-0.148,Ori
26170,26235,"43The2Ori","",5.589695,-5.41606,473.9336,4.98,-0.097,Ori
26172,26237,"42    Ori","",5.589768,-4.838358,271.0027,4.58,-0.183,Ori
26176,26241,"44Iot Ori",Hatysa,5.590551,-5.909901,714.2857,2.75,-0.21,Ori
26182,26248,"121    Tau","",5.590869,24.039589,169.4915,5.37,-0.092,Tau
26198,26263,"","",5.593307,-3.25284,476.1905,6.4,-0.122,Ori
26199,26264,Iot Men,"",5.593372,-78.820839,261.7801,6.04,-0.018,Men
26203,26268,"45    Ori","",5.594301,-4.856067,110.2536,5.24,0.269,Ori
26226,26291,"","",5.59875,27.662347,236.9668,6.27,1.529,Tau
26235,26300,"","",5.600791,-47.313746,155.0388,6.1,1.159,Pic
26244,26309,"","",5.602859,-28.708015,52.7983,6.26,0.151,Col
26246,26311,"46Eps Ori",Alnilam,5.603559,-1.20192,606.0606,1.69,-0.184,Ori
26250,26315,"","",5.604432,47.71529,104.2753,6.1,0.295,Aur
26279,26344,"","",5.609784,54.428658,228.833,5.74,1.671,Aur
26280,26345,"","",5.609915,-6.064752,471.6981,5.71,-0.212,Ori
26298,26363,"","",5.61456,40.182375,100000.0,6.08,1.032,Aur
26301,26366,"40Phi2Ori","",5.615108,9.290673,36.0231,4.09,0.951,Ori
26303,26368,"","",5.615273,-66.560287,234.192,6.28,-0.052,Dor
26317,26382,"122    Tau","",5.617704,17.040324,48.5909,5.53,0.237,Tau
26321,26386,"","",5.617884,11.035005,251.8892,5.97,1.592,Ori
26329,26395,"","",5.619103,-11.775515,62.8931,6.1,0.051,Lep
26330,26394,Pi  Men,"",5.61916,-80.469122,18.315,5.65,0.6,Men
26331,26396,"","",5.619123,26.924473,154.7988,5.83,-0.075,Tau
26343,26408,"19    Cam","",5.620852,64.15469,111.2347,6.15,0.006,Cam
26345,26410,"","",5.621122,66.696692,77.7605,6.26,0.231,Cam
26347,26412,Nu 1Col,"",5.621251,-27.871362,39.3701,6.15,0.322,Col
26349,26414,"","",5.622031,8.951875,344.8276,6.11,-0.17,Ori
26362,26427,"","",5.624266,-5.938391,408.1633,6.03,-0.21,Ori
26386,26451,"123Zet Tau",Tianguan,5.627413,21.142549,136.4256,2.97,-0.148,Tau
26395,26460,Nu 2Col,"",5.629061,-28.68969,40.7997,5.28,0.486,Col
26398,26463,"","",5.62939,33.559167,154.0832,6.36,1.306,Aur
26411,26477,"","",5.631496,-4.814034,495.0495,6.16,-0.029,Ori
26422,26487,"","",5.633644,7.54142,239.2344,5.87,-0.061,Ori
26450,26515,"","",5.638172,-50.640995,154.0832,6.43,-0.047,Pic
26470,26535,"","",5.643881,-6.573959,411.5226,5.96,-0.216,Ori
26471,26536,"26    Aur","",5.643913,30.492412,173.6111,5.4,0.45,Aur
26480,26545,"","",5.645424,-40.707306,134.7709,5.81,-0.078,Col
26484,26549,"48Sig Ori","",5.645769,-2.600069,328.9474,3.77,-0.19,Ori
26497,26563,"49    Ori","",5.648079,-7.212829,44.603,4.77,0.139,Ori
26506,26571,"","",5.64927,26.618068,105.5966,6.45,0.98,Tau
26527,26592,"","",5.652417,41.358562,78.0031,6.44,1.0,Aur
26529,26594,"47Ome Ori","",5.653096,4.121467,423.7288,4.5,-0.098,Ori
26537,26602,"","",5.654507,-17.849408,473.9336,6.4,-0.095,Lep
26541,26606,"","",5.655087,29.215213,324.6753,5.98,0.144,Aur
26551,26616,"","",5.65753,21.762929,175.7469,6.42,0.066,Tau
26558,26623,"","",5.658567,-9.706628,166.9449,6.49,-0.107,Ori
26559,26624,"","",5.658653,-3.564704,42.5713,5.99,0.294,Ori
26569,26634,Alp Col,Phact,5.660817,-34.074108,80.1282,2.65,-0.12,Col
26573,26638,"","",5.662144,75.043871,215.5172,6.19,1.606,Cam
26575,26640,"125    Tau","",5.662277,25.897091,131.0616,5.18,-0.15,Tau
26584,26649,"","",5.663845,-32.629216,129.3661,5.44,0.913,Col
26647,26712,"","",5.676641,31.358197,190.4762,6.04,0.037,Aur
26648,26713,"","",5.677027,-2.825236,418.41,6.22,-0.194,Ori
26653,26718,"","",5.678347,31.920607,595.2381,6.23,2.088,Aur
26662,26727,"50Zet Ori",Alnitak,5.679313,-1.942572,225.7336,1.74,-0.199,Ori
26663,26728,"","",5.679498,-10.408664,243.309,6.46,-0.127,Ori
26671,26736,"","",5.680754,-1.128787,275.4821,4.95,-0.197,Ori
26697,26762,"","",5.684888,0.337753,47.9386,5.93,0.311,Ori
26711,26777,"126    Tau","",5.688255,16.534148,194.9318,4.84,-0.125,Tau
26714,26779,"","",5.688982,53.481058,12.2775,6.21,0.84,Aur
26716,26781,"","",5.68916,29.487418,186.2197,6.4,-0.081,Aur
26731,26796,"","",5.690812,-33.400741,153.6098,6.35,-0.04,Col
26755,26820,"","",5.694538,-2.896457,80.7103,6.41,0.32,Ori
26756,26821,"","",5.694864,-16.72583,564.9718,6.22,-0.136,Lep
26788,26853,"","",5.701107,22.660325,99.7009,6.35,1.194,Tau
26797,26862,"","",5.703217,-30.535442,226.7574,6.18,0.023,Col
26800,26865,"12    Lep","",5.703877,-22.373715,304.878,5.88,0.08,Lep
26801,26866,"","",5.704021,-17.530376,245.7002,6.15,1.376,Lep
26803,26868,"","",5.704221,-34.667812,131.406,5.29,-0.032,Col
26817,26882,"","",5.707347,65.697649,83.612,5.62,1.249,Cam
26820,26885,"51    Ori","",5.707953,1.474629,90.009,4.9,1.144,Ori
26860,26926,"","",5.714976,-6.796168,49.95,5.97,0.447,Ori
26876,26942,"24    Cam","",5.71713,56.581522,59.1716,6.05,0.951,Cam
26887,26953,"","",5.719255,-1.613248,161.2903,6.31,1.467,Ori
26898,26964,"","",5.722084,23.204372,253.8071,6.23,-0.071,Tau
26900,26966,"","",5.722686,-18.557475,75.0751,5.73,-0.014,Lep
26915,26981,"","",5.725049,-39.406908,52.7704,6.25,0.377,Col
26935,27001,"","",5.728092,-45.832864,85.034,6.38,0.295,Pic
26980,27046,"23    Cam","",5.735682,61.476536,110.9878,6.17,0.902,Cam
27006,27072,"13Gam Lep","",5.741057,-22.448382,8.927,3.59,0.481,Lep
27009,27075,"","",5.741221,-20.126573,25.5428,6.34,0.58,Lep
27034,27100,Del Dor,"",5.746223,-65.735526,45.8716,4.34,0.217,Dor
27050,27116,"","",5.750358,12.888332,108.5776,6.47,0.234,Tau
27052,27118,"","",5.750498,4.008111,58.8582,6.09,0.32,Ori
27098,27164,"","",5.758221,31.324825,230.9469,6.5,1.1,Aur
27130,27196,"27Omi Aur","",5.765012,49.826255,126.7427,5.46,0.03,Aur
27138,27204,Mu  Col,"",5.766637,-32.306435,408.1633,5.18,-0.274,Col
27146,27212,"","",5.767463,-4.268484,111.4827,6.24,1.05,Ori
27177,27243,"","",5.77427,-46.59718,143.8849,5.31,1.04,Pic
27183,27249,"26    Cam","",5.775106,56.115575,60.7903,5.93,0.164,Cam
27187,27253,"","",5.776364,1.168193,39.2773,5.95,0.773,Ori
27198,27265,"129    Tau","",5.779305,15.822497,225.2252,6.0,-0.061,Tau
27212,27280,"","",5.781149,9.522343,91.3242,5.78,0.888,Ori
27220,27288,"14Zet Lep","",5.782595,-14.82195,21.6076,3.55,0.104,Lep
27225,27293,"","",5.783346,51.520871,155.7632,6.47,0.898,Aur
27236,27303,"","",5.784605,-28.638913,230.4147,6.22,-0.132,Col
27240,27308,"","",5.785501,-16.238079,223.7136,6.18,0.892,Lep
27248,27316,"131    Tau","",5.786987,14.488322,104.1667,5.72,0.077,Tau
27249,27317,"","",5.787036,-54.360728,381.6794,6.19,1.406,Pic
27251,27319,"","",5.787412,42.526748,180.1802,6.3,1.354,Aur
27253,27321,Bet Pic,"",5.788079,-51.066514,19.4401,3.85,0.171,Pic
27257,27325,"","",5.788524,-35.674075,162.6016,6.29,1.191,Col
27270,27338,"130    Tau","",5.79061,17.729141,546.4481,5.47,0.301,Tau
27273,27341,"","",5.790803,-10.532958,204.918,6.04,0.135,Ori
27278,27346,"","",5.792291,63.598848,145.7726,6.49,1.01,Cam
27285,27353,"","",5.792963,25.568623,250.0,6.48,1.193,Tau
27296,27364,"133    Tau","",5.795252,13.899599,194.1748,5.28,-0.156,Tau
27298,27366,"53Kap Ori",Saiph,5.795941,-9.669605,198.4127,2.07,-0.168,Ori
27318,27386,"52    Ori","",5.800065,6.454156,165.0165,5.26,0.234,Ori
27353,27421,"","",5.806213,20.869481,167.5042,6.03,-0.051,Tau
27367,27435,"","",5.809706,-4.094648,15.1768,5.97,0.639,Ori
27399,27468,"132    Tau","",5.816935,24.567535,111.4827,4.88,1.021,Tau
27403,27472,"","",5.817963,62.80819,122.6994,6.18,0.128,Cam
27414,27483,"29Tau Aur","",5.819567,39.181071,63.4115,4.51,0.949,Aur
27442,27511,"134    Tau","",5.825814,12.651324,76.2777,4.89,-0.068,Tau
27443,27512,"","",5.826146,-44.875394,100000.0,6.38,1.262,Pic
27448,27517,"","",5.826817,-14.483665,82.0345,5.49,0.87,Lep
27461,27530,Gam Pic,"",5.830451,-56.166663,54.2005,4.5,1.075,Pic
27464,27533,"","",5.831528,-22.971872,170.3578,5.87,0.055,Lep
27465,27534,Eps Dor,"",5.831539,-66.901187,176.0563,5.1,-0.128,Dor
27481,27549,"","",5.834079,9.871218,109.8901,5.79,0.876,Ori
27491,27560,"","",5.836962,4.423406,178.2531,5.96,1.361,Ori
27497,27566,Kap Men,"",5.837999,-79.361362,87.4126,5.46,-0.076,Men
27512,27583,"","",5.84134,-52.767879,214.5923,6.32,0.746,Pic
27514,27581,"135    Tau","",5.841363,14.305608,97.0874,5.54,1.006,Tau
27519,27588,"","",5.841674,2.0247,316.4557,5.97,0.953,Ori
27552,27621,"","",5.848117,-52.108873,78.6164,5.16,0.96,Pic
27556,27625,"","",5.848976,51.514583,87.7193,6.29,1.047,Aur
27559,27628,Bet Col,Wazn,5.849329,-35.768309,26.7308,3.12,1.146,Col
27560,27629,"","",5.849475,27.967861,107.0664,5.6,0.978,Tau
27569,27639,"31Ups Aur","",5.850675,37.305573,160.2564,4.72,1.621,Aur
27585,27654,"15Del Lep","",5.855357,-20.879089,34.8675,3.76,0.984,Lep
27589,27658,"55    Ori","",5.856107,-7.518003,321.5434,5.36,-0.195,Ori
27591,27660,"","",5.856416,-64.033566,346.0208,6.35,0.866,Dor
27592,27661,"","",5.857153,32.124694,183.8235,6.28,1.752,Aur
27601,27670,"","",5.857948,-22.926947,126.1034,6.16,1.02,Lep
27604,27673,"32Nu  Aur","",5.858166,39.14848,70.6215,3.97,1.132,Aur
27636,27705,"","",5.866552,-29.449426,215.5172,6.47,1.473,Col
27644,27713,"","",5.868814,-9.0419,98.912,5.95,0.1,Ori
27661,27731,"30    Cam","",5.87146,58.964088,148.368,6.14,-0.036,Cam
27668,27737,"","",5.872276,-57.156191,132.626,5.93,0.656,Pic
27673,27743,"137    Tau","",5.872859,14.171787,130.039,5.6,-0.053,Tau
27678,27747,"","",5.873168,19.867849,343.6426,5.96,0.549,Ori
27681,27750,"56    Ori","",5.874011,1.855134,386.1004,4.76,1.382,Ori
27697,27766,"","",5.875883,-37.631063,98.7167,5.62,1.046,Col
27708,27777,"","",5.877685,39.574705,188.6792,6.4,0.098,Aur
27709,27778,"","",5.877803,33.917462,236.4066,6.04,1.579,Aur
27726,27795,"","",5.88208,68.471541,141.6431,6.22,0.955,Cam
27741,27810,Lam Col,"",5.885245,-33.801361,102.5641,4.88,-0.154,Col
27761,27830,"136    Tau","",5.88879,27.612262,129.7017,4.56,-0.008,Tau
27821,27890,"","",5.901658,-63.089627,26.2467,4.65,1.022,Dor
27831,27900,"","",5.903708,10.586403,431.0345,6.13,1.404,Ori
27832,27901,"","",5.903896,-29.147206,53.9084,6.34,0.37,Col
27833,27902,"","",5.904377,3.225641,140.4494,6.3,1.283,Ori
27844,27913,"54Chi1Ori","",5.906386,20.276174,8.6633,4.39,0.594,Ori
27868,27937,"","",5.911422,-49.62701,343.6426,6.11,-0.148,Pic
27869,27938,"","",5.912119,-11.774192,203.252,5.62,1.523,Lep
27870,27939,"","",5.912232,0.968615,268.0965,5.99,1.328,Ori
27878,27947,"","",5.913916,-52.635481,34.6981,5.29,0.295,Pic
27880,27949,"30Xi  Aur","",5.914107,55.706947,73.046,4.96,0.052,Aur
27886,27955,"","",5.91458,-39.957857,155.2795,5.55,1.515,Col
27896,27965,"57    Ori","",5.915746,19.749614,558.6592,5.92,-0.145,Ori
27902,27971,"31    Cam","",5.916063,59.888367,143.6782,5.2,0.01,Cam
27904,27973,"","",5.916387,31.701496,84.9618,5.9,0.144,Aur
27919,27989,"58Alp Ori",Betelgeuse,5.919529,7.407063,152.6718,0.45,1.5,Ori
27940,28010,Xi  Col,"",5.924975,-37.120668,102.0408,4.97,1.102,Col
27941,28011,"","",5.925048,-4.616546,96.9932,5.87,1.173,Ori
27949,28019,"","",5.926491,-4.788587,102.0408,6.28,0.056,Ori
28014,28085,"","",5.937296,-22.839975,88.6525,5.95,1.107,Lep
28027,28098,Sig Col,"",5.939151,-31.38244,510.2041,5.52,0.382,Col
28032,28103,"16Eta Lep","",5.940082,-14.1677,14.8787,3.71,0.337,Lep
28040,28110,"","",5.941121,9.509396,120.048,5.97,-0.038,Ori
28046,28117,"","",5.942713,28.942266,100000.0,6.35,0.275,Aur
28047,28118,"","",5.942899,-23.21531,137.1742,6.37,1.068,Lep
28066,28138,"","",5.946946,-31.976247,240.9639,6.44,1.07,Col
28067,28139,"","",5.947069,11.521058,94.6074,5.89,1.111,Ori
28082,28154,"","",5.948922,24.249689,100000.0,6.03,0.346,Tau
28108,28180,"","",5.953992,-53.425693,207.0393,6.48,1.48,Pic
28127,28199,Gam Col,"",5.958947,-35.28328,266.6667,4.36,-0.165,Col
28133,28205,"","",5.959716,66.096099,149.7006,6.24,1.369,Cam
28160,28232,"","",5.965137,1.22431,148.8095,6.22,1.461,Ori
28165,28237,"139    Tau","",5.966571,25.953912,476.1905,4.81,-0.088,Tau
28180,28252,"","",5.96992,-0.994018,103.5197,6.21,1.14,Ori
28199,28271,"59    Ori","",5.973456,1.837108,111.7318,5.89,0.223,Ori
28215,28287,"","",5.977097,-44.034562,362.3188,5.81,1.061,Pic
28224,28296,"60    Ori","",5.980437,0.552979,136.612,5.21,0.009,Ori
28230,28302,"","",5.981455,12.808264,243.309,5.7,0.874,Ori
28249,28321,"1    Mon","",5.983633,-9.382223,90.3342,6.15,0.333,Mon
28253,28325,"2    Mon","",5.984531,-9.55825,87.7963,5.04,0.189,Mon
28256,28328,Eta Col,"",5.985778,-42.815135,144.7178,3.96,1.146,Col
28271,28343,"","",5.989384,49.92454,328.9474,5.9,1.194,Aur
28287,28358,"33Del Aur","",5.992111,54.284656,38.6399,3.72,1.01,Aur
28288,28360,"34Bet Aur",Menkalinan,5.992149,44.947433,24.8694,1.9,0.077,Aur
28309,28380,"37The Aur",Mahasim,5.995351,37.212585,50.7614,2.65,-0.083,Aur
28314,28385,"","",5.996063,55.320857,101.3171,6.42,0.318,Aur
28319,28390,"","",5.996652,54.547009,94.162,6.14,1.197,Aur
28333,28404,"35Pi  Aur","",5.998917,45.936736,230.4147,4.3,1.701,Aur
28342,28413,"","",6.00093,-3.074253,129.0323,4.53,1.202,Ori
28363,28434,"","",6.004905,-12.900034,62.8536,6.21,0.358,Lep
28367,28438,"","",6.005252,44.592013,107.9914,6.21,1.128,Aur
28413,28484,"","",6.013661,-51.216319,65.189,5.65,0.207,Pic
28428,28499,"36    Aur","",6.016267,47.901923,354.6099,5.71,-0.007,Aur
28429,28500,"","",6.016793,27.572362,704.2254,6.04,0.218,Gem
28446,28517,"","",6.019457,31.034517,71.9424,6.18,0.095,Aur
28449,28520,"","",6.020305,-25.417763,109.8901,6.04,0.027,Lep
28453,28524,"","",6.021194,-33.911835,188.3239,5.54,1.58,Col
28461,28532,"","",6.022272,85.182113,416.6667,6.17,1.564,Cep
28490,28561,"","",6.02823,22.401001,240.9639,6.36,-0.071,Gem
28491,28562,"","",6.028627,48.959445,242.1308,5.98,1.437,Aur
28503,28574,"3    Mon","",6.030673,-10.59793,240.3846,4.92,-0.128,Mon
28525,28596,"","",6.035924,-60.09683,294.1176,6.41,1.508,Pic
28543,28614,"61Mu  Ori","",6.039722,9.647276,47.5059,4.12,0.17,Ori
28551,28622,"","",6.042726,-14.497157,125.3133,6.2,0.947,Lep
28563,28634,"","",6.04587,47.809529,28.6123,6.49,0.567,Aur
28566,28637,"","",6.046833,49.905678,130.2083,6.04,-0.033,Aur
28571,28642,"","",6.048193,43.378334,106.9519,6.38,1.205,Aur
28573,28644,"","",6.048657,32.635697,47.5511,6.23,0.456,Aur
28585,28656,"","",6.051198,57.018314,204.0816,6.5,0.953,Cam
28604,28675,"","",6.054333,-26.284544,124.6883,5.03,1.335,Lep
28606,28677,"38    Aur","",6.054982,42.911564,65.2316,6.08,0.979,Aur
28615,28686,"","",6.05688,11.681065,158.9825,6.09,-0.035,Ori
28620,28691,"64    Ori","",6.057602,19.690561,220.2643,5.14,-0.097,Ori
28645,28716,"62Chi2Ori","",6.065329,20.138452,552.4862,4.64,0.236,Ori
28664,28734,"1    Gem","",6.068671,23.263341,47.5511,4.16,0.835,Gem
28673,28744,"","",6.070417,-6.708941,403.2258,5.19,-0.066,Mon
28685,28756,"","",6.072296,-32.17243,308.642,5.65,-0.186,Col
28693,28764,"","",6.074572,-45.036603,26.5675,6.35,0.517,Pup
28694,28765,"","",6.074752,51.573395,134.9528,6.39,0.196,Aur
28719,28790,"","",6.077811,-45.078932,26.8962,5.93,0.493,Pup
28741,28812,"63    Ori","",6.082829,5.41997,401.6064,5.67,1.047,Ori
28742,28814,"66    Ori","",6.082878,4.158671,100000.0,5.63,1.041,Ori
28744,28816,"17    Lep","",6.083091,-16.484435,278.5515,4.92,0.196,Lep
28748,28820,"","",6.084051,37.964272,182.8154,6.32,0.825,Aur
28751,28823,"39    Aur","",6.084276,42.981635,49.7265,5.9,0.358,Aur
28757,28829,"","",6.085619,59.39321,132.4503,6.32,1.116,Cam
28759,28831,"","",6.085924,75.585919,240.9639,6.28,1.512,Cam
28782,28854,"","",6.090842,-10.242596,54.9149,5.88,0.374,Mon
28783,28855,"","",6.090882,-35.513647,83.1255,5.8,0.027,Col
28789,28861,"","",6.09275,33.59905,214.5923,6.23,-0.079,Aur
28827,28899,"","",6.101538,-29.758624,85.2515,5.79,0.041,Col
28836,28908,"","",6.102375,35.38774,25.6213,6.12,0.6,Aur
28837,28910,"18The Lep","",6.10259,-14.935254,52.9661,4.67,0.046,Lep
28838,28909,Eta1Dor,"",6.102603,-66.039621,98.6193,5.72,-0.024,Dor
28858,28930,"","",6.106235,29.512414,225.2252,6.01,1.73,Aur
28871,28943,"","",6.108916,-23.110846,141.0437,5.46,0.064,Lep
28874,28946,"40    Aur","",6.109749,38.482644,104.4932,5.35,0.251,Aur
28877,28949,"","",6.11076,-4.193836,324.6753,5.37,-0.122,Mon
28879,28951,"","",6.110883,63.453838,118.4834,6.42,1.011,Cam
28885,28957,Pi 1Col,"",6.111402,-42.298804,83.4028,6.15,0.246,Col
28912,28984,"","",6.115976,-21.812299,384.6154,5.74,1.584,Lep
28916,28988,"","",6.117187,-45.09151,112.7396,6.48,1.162,Pup
28919,28991,"","",6.117604,-62.154581,110.8647,5.04,1.256,Pic
28920,28992,"","",6.117686,-34.312021,312.5,5.82,-0.137,Col
28953,29025,"","",6.124099,41.854282,217.8649,6.15,1.202,Aur
28962,29034,The Col,Elkurud,6.125453,-37.25292,221.2389,5.0,-0.095,Col
28966,29038,"67Nu  Ori","",6.126201,14.768472,158.2278,4.42,-0.164,Ori
28976,29048,"19    Lep","",6.128233,-19.165866,257.0694,5.28,1.661,Lep
28992,29064,Pi 2Col,"",6.13135,-42.154043,74.4602,5.5,0.007,Col
29042,29114,"","",6.13976,41.055726,127.8772,6.34,1.044,Aur
29056,29129,"","",6.142953,-44.356212,227.2727,6.26,-0.135,Pup
29061,29134,Nu  Dor,"",6.145643,-68.843409,91.9118,5.06,-0.072,Dor
29067,29140,"","",6.146584,-6.821373,104.6025,6.46,0.876,Mon
29078,29150,"","",6.149407,-22.427412,75.5287,5.49,-0.01,Lep
29079,29151,"","",6.149418,2.499692,200.8032,5.7,0.067,Ori
29105,29178,"","",6.15561,-18.126385,152.6718,6.36,-0.04,Lep
29112,29185,"","",6.156508,-49.562831,59.1716,6.48,0.502,Pup
29123,29196,"","",6.15901,22.190262,632.9114,5.93,1.626,Gem
29132,29205,"","",6.15959,-14.584619,63.8162,5.56,1.15,Lep
29137,29210,"","",6.16007,-5.711429,62.5,6.16,0.352,Mon
29152,29225,"3    Gem","",6.162218,23.113466,100000.0,5.75,0.192,Gem
29160,29233,"","",6.163096,-26.701086,145.9854,6.27,1.01,Lep
29161,29234,"","",6.163322,-22.774343,49.0436,5.71,0.454,Lep
29173,29246,"37    Cam","",6.16639,58.935694,116.8224,5.35,1.096,Cam
29190,29263,"","",6.169558,-40.353792,261.0966,5.54,1.665,Col
29198,29271,Alp Men,"",6.170632,-74.753045,10.1978,5.08,0.714,Men
29203,29276,Del Pic,"",6.171642,-54.968645,398.4064,4.72,-0.229,Pic
29221,29294,"","",6.1763,-27.154343,101.1122,5.72,1.072,Lep
29231,29304,"","",6.177758,-45.281988,232.0186,6.28,-0.012,Pup
29250,29323,"","",6.183671,-6.754221,170.3578,6.15,0.01,Mon
29253,29326,"","",6.183825,18.130465,338.9831,6.37,1.35,Ori
29274,29348,"","",6.187117,60.453487,362.3188,6.48,1.698,Cam
29275,29347,"","",6.187127,-26.4821,207.0393,6.08,-0.021,Lep
29280,29353,Eta2Dor,"",6.1875,-65.589417,196.4637,5.01,1.599,Dor
29298,29371,"","",6.191086,13.638561,132.1004,6.04,0.021,Ori
29306,29379,"5    Gem","",6.192307,24.420253,174.216,5.83,1.11,Gem
29315,29388,"41    Aur","",6.193496,48.710989,102.459,5.78,0.1,Aur
29328,29401,"","",6.195477,-4.66544,176.0563,6.18,-0.079,Mon
29331,29404,"","",6.196087,52.647186,102.9866,6.28,0.141,Aur
29344,29417,"","",6.197726,-6.550287,366.3004,5.06,-0.201,Mon
29353,29426,"70Xi  Ori","",6.198999,14.208765,186.2197,4.45,-0.18,Ori
29360,29433,"68    Ori","",6.200372,19.790543,255.102,5.76,-0.071,Ori
29361,29434,"69    Ori","",6.200911,16.130406,162.0746,4.95,-0.149,Ori
29378,29451,"","",6.20559,32.69338,285.7143,5.78,1.646,Aur
29417,29490,"36    Cam","",6.214182,65.718422,219.2982,5.36,1.344,Cam
29436,29509,"","",6.216548,6.016258,182.4818,6.45,1.621,Ori
29452,29525,"","",6.220139,10.627144,17.9501,6.43,0.663,Ori
29495,29568,"","",6.22925,-23.861938,16.7224,6.37,0.713,CMa
29496,29569,"","",6.229262,51.172469,127.8772,6.07,1.051,Aur
29501,29575,"","",6.231732,-3.741374,94.2507,5.83,0.91,Ori
29543,29616,"","",6.241273,17.906353,162.0746,5.86,0.253,Ori
29556,29629,"","",6.243529,-4.568457,196.0784,5.83,-0.155,Mon
29577,29650,"71    Ori","",6.247467,19.156448,20.816,5.2,0.43,Ori
29578,29651,"5Gam Mon","",6.247592,-6.274776,152.6718,3.99,1.319,Mon
29582,29655,"7Eta Gem",Propus,6.247961,22.506799,117.9245,3.31,1.6,Gem
29605,29679,"","",6.252334,-20.272186,226.2443,5.88,1.322,CMa
29606,29678,"","",6.252353,13.851098,366.3004,5.91,-0.231,Ori
29619,29692,"","",6.254923,-18.477163,62.5391,5.99,1.058,CMa
29623,29696,"44Kap Aur","",6.256304,29.498076,54.2594,4.32,1.021,Aur
29631,29704,"72    Ori","",6.25698,16.143175,160.2564,5.34,-0.101,Ori
29632,29705,"","",6.257263,-9.035757,214.1328,6.09,-0.081,Mon
29638,29711,"","",6.258243,-4.914719,65.0618,5.99,0.097,Mon
29643,29716,"","",6.259518,-0.512189,37.1885,5.62,0.506,Ori
29655,29728,"","",6.26116,6.066166,200.4008,6.07,-0.124,Ori
29657,29730,"40    Cam","",6.261257,59.998975,150.8296,5.37,1.339,Cam
29662,29735,"","",6.262468,-13.718414,125.0,5.0,-0.078,CMa
29663,29736,"73    Ori","",6.26249,12.551067,357.1429,5.44,0.015,Ori
29673,29746,"","",6.264992,1.169078,96.2464,6.37,0.443,Ori
29698,29771,"","",6.268803,-16.618006,238.6635,5.97,-0.167,CMa
29715,29788,"","",6.271892,-59.213504,37.4251,6.44,0.593,Pic
29716,29789,"8    Gem","",6.271957,23.970027,136.9863,6.09,0.897,Gem
29725,29798,"","",6.273276,17.181607,294.1176,6.39,1.565,Ori
29727,29800,"74    Ori","",6.274061,12.272163,19.2493,5.04,0.431,Ori
29734,29807,Kap Col,"",6.275871,-35.140519,55.9597,4.37,0.978,Col
29735,29808,"","",6.276553,-39.264394,123.3046,6.0,0.163,Col
29767,29840,"9    Gem","",6.282974,23.740909,100000.0,6.24,0.446,Gem
29769,29842,"","",6.283675,-37.737445,91.5751,5.54,1.129,Col
29770,29843,"","",6.284331,-22.715229,40.2576,6.05,0.576,CMa
29777,29850,"75    Ori","",6.285172,9.94239,69.1085,5.39,0.106,Ori
29779,29852,"","",6.285991,-37.253498,61.9195,5.88,0.139,Col
29787,29860,"","",6.287816,5.100112,19.2493,5.7,0.61,Ori
29822,29895,"","",6.294923,-16.815908,189.7533,5.15,1.293,CMa
29840,29913,"","",6.297706,-52.733031,366.3004,6.4,1.456,Car
29846,29919,"1    Lyn","",6.298563,61.515286,195.6947,5.01,1.843,Lyn
29858,29931,"","",6.301558,14.382859,220.2643,6.12,0.035,Ori
29868,29941,"","",6.303813,-19.966974,243.9024,5.51,-0.163,CMa
29876,29949,"43    Aur","",6.304684,46.360443,121.2121,6.33,1.113,Aur
29909,29982,"","",6.311209,9.047183,98.8142,6.24,0.87,Ori
29920,29993,"","",6.313553,-15.024954,175.1313,6.04,1.663,CMa
29922,29996,"","",6.314051,-9.390018,144.0922,5.36,1.239,Mon
29924,29997,"","",6.314105,69.319787,53.6481,4.76,0.025,Cam
29938,30011,"","",6.316382,-20.925611,537.6344,5.79,-0.155,CMa
29946,30019,"","",6.317178,17.325259,260.4167,6.27,-0.094,Ori
29954,30028,"","",6.31887,-8.586012,127.0648,6.22,-0.043,Mon
29987,30060,"2    Lyn","",6.327052,59.010964,48.0077,4.44,0.032,Lyn
29989,30062,"","",6.32727,-22.103119,282.4859,6.29,1.473,CMa
29996,30069,"","",6.328043,-34.396591,125.0,5.76,-0.08,Col
30000,30073,"7    Mon","",6.328555,-7.822908,267.3797,5.27,-0.177,Mon
30020,30093,"","",6.333222,-2.944493,142.4501,4.91,1.613,Ori
30026,30099,"","",6.334507,14.651127,181.8182,5.67,1.578,Ori
30049,30122,"1Zet CMa",Furud,6.338553,-30.063367,111.1111,3.02,-0.16,CMa
30068,30141,"","",6.3431,-23.637963,166.9449,6.49,1.132,CMa
30070,30143,"","",6.3434,-34.144144,595.2381,5.55,-0.182,Col
30117,30190,"","",6.351509,-11.817324,232.5581,6.32,1.676,CMa
30127,30200,"","",6.35331,29.540816,106.7236,6.41,0.048,Aur
30141,30214,"","",6.356865,-11.773238,337.8378,5.48,0.002,CMa
30144,30217,"","",6.357158,2.268522,92.3361,6.3,0.251,Mon
30145,30218,"","",6.357201,17.763503,131.406,6.32,1.1,Gem
30174,30247,"45    Aur","",6.362811,53.452179,59.2066,5.34,0.448,Aur
30199,30272,"4    Lyn","",6.367654,59.372099,152.207,6.05,0.153,Lyn
30204,30277,Del Col,"",6.368564,-33.4364,71.736,3.85,0.858,Col
30245,30318,"","",6.376776,12.570237,69.8324,6.0,0.319,Ori
30248,30321,Pi 1Dor,"",6.37729,-69.984043,189.7533,5.56,1.51,Dor
30251,30324,"2Bet CMa",Mirzam,6.378329,-17.955918,151.0574,1.98,-0.24,CMa
30269,30342,Nu  Pic,"",6.382179,-56.369969,48.2625,5.6,0.242,Pic
30270,30343,"13Mu  Gem",Tejat,6.382673,22.513586,71.0227,2.87,1.621,Gem
30279,30352,"","",6.383741,-63.683136,337.8378,6.3,1.612,Pic
30284,30357,"","",6.385103,56.976349,152.6718,6.47,1.075,Lyn
30303,30376,"","",6.387355,-31.790312,105.3741,6.31,0.893,CMa
30309,30382,"","",6.38847,3.764489,325.7329,6.41,-0.149,Mon
30334,30407,"","",6.393311,-9.874727,446.4286,6.11,1.841,Mon
30346,30419,"8Eps Mon","",6.396135,4.592865,37.4953,4.39,0.215,Mon
30347,30420,"","",6.396151,-15.071257,448.4305,6.27,1.534,CMa
30350,30423,"","",6.396367,-58.543871,103.8422,6.47,0.12,Pic
30363,30436,"","",6.398866,-25.577629,310.559,5.61,1.561,CMa
30365,30438,Alp Car,Canopus,6.399195,-52.69566,94.7867,-0.62,0.164,Car
30371,30444,"","",6.400281,-36.707764,101.5228,5.62,1.027,Col
30375,30448,"","",6.400634,8.885014,348.4321,6.24,-0.06,Mon
30384,30457,"","",6.402867,-11.530088,106.8376,5.21,1.23,CMa
30390,30463,"","",6.40385,-60.281325,93.0233,5.78,-0.001,Pic
30395,30468,"","",6.405716,-12.961939,289.0173,6.12,-0.076,CMa
30407,30480,"","",6.407384,-63.428929,31.7561,6.45,0.66,Pic
30428,30501,"","",6.412152,25.048714,245.098,6.35,1.21,Gem
30430,30503,"","",6.412193,-28.780112,21.8818,6.37,0.626,CMa
30432,30505,"","",6.41236,-40.283979,165.8375,6.3,-0.049,Col
30445,30517,"","",6.414658,16.05713,141.0437,6.35,1.063,Ori
30447,30520,"46Psi1Aur","",6.414973,49.287893,100000.0,4.92,1.905,Aur
30451,30524,"","",6.415501,-63.828144,224.2152,6.26,-0.119,Pic
30468,30541,"","",6.420278,7.085713,826.4463,6.26,0.85,Mon
30472,30545,"","",6.421263,-0.945883,33.5683,5.88,0.564,Mon
30491,30564,"","",6.424493,14.721992,100000.0,6.3,2.349,Ori
30492,30565,Pi 2Dor,"",6.424623,-69.690299,82.7815,5.37,0.971,Dor
30493,30566,"","",6.425001,-35.064153,168.3502,6.24,1.353,Col
30497,30570,"","",6.425816,23.327169,150.6024,6.05,0.02,Gem
30518,30591,"","",6.428793,-48.176898,180.1802,5.76,-0.061,Pup
30522,30595,"","",6.42976,-3.889032,287.3563,6.33,1.018,Mon
30529,30602,"","",6.431202,11.125884,123.1527,6.39,0.077,Mon
30535,30608,"","",6.433008,-7.894983,173.6111,6.4,0.145,Mon
30554,30627,"","",6.435986,-3.515691,173.0104,6.42,1.039,Mon
30578,30651,"","",6.440514,56.285096,74.9625,5.53,0.238,Lyn
30587,30660,"","",6.442901,-4.5974,396.8254,6.16,-0.151,Mon
30593,30666,"","",6.444329,-1.507336,72.4638,5.87,0.07,Mon
30596,30669,"","",6.445183,-14.603429,169.7793,6.32,1.242,CMa
30602,30675,"","",6.445792,-7.511936,75.4148,6.35,-0.061,Mon
30606,30679,"5    Lyn","",6.44691,58.417409,191.9386,5.21,1.538,Lyn
30627,30700,"","",6.450243,-4.355659,287.3563,6.5,-0.155,Mon
30630,30703,"","",6.451147,-58.002116,172.7116,5.82,1.279,Pic
30633,30706,"","",6.452107,-37.895507,50.4032,6.48,0.394,Col
30639,30711,"","",6.45316,-25.856496,29.8686,6.05,0.545,CMa
30644,30717,"","",6.453823,0.299246,260.4167,5.19,1.186,Mon
30647,30720,"","",6.454331,-0.275999,212.3142,5.55,1.376,Mon
30655,30728,"","",6.455681,2.908288,94.4287,5.55,1.035,Mon
30668,30741,"","",6.459867,32.562946,184.8429,6.43,1.264,Aur
30696,30769,"16    Gem","",6.465742,20.49632,142.4501,6.22,0.041,Gem
30699,30772,"10    Mon","",6.465992,-4.762154,333.3333,5.06,-0.175,Mon
30715,30788,Lam CMa,"",6.469503,-32.58007,129.8701,4.47,-0.169,CMa
30721,30794,"","",6.47069,70.53532,177.9359,6.03,0.103,Cam
30725,30798,"","",6.471324,1.912679,161.5509,6.48,-0.064,Mon
30731,30804,"","",6.471893,10.303893,81.8331,6.16,1.15,Mon
30742,30815,"","",6.47446,16.238386,68.918,6.24,0.894,Gem
30754,30827,"48    Aur","",6.476136,30.493034,100000.0,5.75,0.779,Aur
30763,30836,"","",6.477061,-17.466009,139.8601,5.76,1.118,CMa
30767,30840,"","",6.477568,-32.371279,264.5503,5.74,-0.16,CMa
30776,30849,"","",6.47845,-41.074877,74.5712,6.32,0.39,Col
30794,30867,"11Bet Mon","",6.480297,-7.033062,207.4689,3.76,-0.113,Mon
30810,30883,"18Nu  Gem","",6.482719,20.212133,166.9449,4.13,-0.115,Gem
30833,30906,"","",6.487448,2.646194,300.3003,6.17,1.539,Mon
30859,30932,"","",6.491255,-56.852766,93.2836,5.2,1.087,Pic
30880,30953,"","",6.496969,-50.239085,51.4403,5.28,0.371,Pup
30899,30972,"47    Aur","",6.500827,46.685554,187.2659,5.88,1.448,Aur
30900,30973,"","",6.500836,-65.568242,96.8054,6.28,0.329,Dor
30913,30986,"","",6.503132,-10.081511,319.4888,5.92,1.373,Mon
30915,30988,"","",6.503283,-19.214889,322.5806,6.44,1.683,CMa
30951,31024,"","",6.50969,-13.148172,500.0,6.16,-0.137,CMa
30964,31037,"","",6.512858,-27.769575,377.3585,5.92,-0.156,CMa
30966,31039,"6    Lyn","",6.51309,58.162633,55.8036,5.86,0.934,Lyn
30983,31056,"","",6.516638,-40.916253,173.3102,6.19,1.398,Col
30993,31066,"","",6.519323,11.251375,303.0303,6.17,-0.116,Mon
30995,31068,"","",6.519624,-61.879545,380.2281,6.15,-0.147,Pic
30999,31072,"","",6.520304,-35.25884,188.6792,5.82,0.813,Col
31005,31079,"","",6.521744,-51.825953,36.914,5.58,0.534,Car
31010,31084,"","",6.523068,-12.391953,112.3596,5.16,1.262,CMa
31012,31086,"","",6.523333,-32.868548,314.4654,6.31,1.665,CMa
31025,31099,"","",6.526374,-36.940027,220.7506,6.26,1.599,Col
31031,31105,"19    Gem","",6.527065,15.903501,134.9528,6.38,0.275,Gem
31045,31119,"","",6.530083,11.544412,63.6537,5.22,0.185,Mon
31048,31121,"","",6.530573,-8.158235,214.1328,5.43,1.373,Mon
31052,31125,"4Xi 1CMa","",6.530935,-23.418422,423.7288,4.34,-0.245,CMa
31062,31137,Mu  Pic,"",6.532864,-58.753835,232.0186,5.69,-0.057,Pic
31081,31158,"","",6.538485,17.784349,80.2568,6.26,0.541,Gem
31082,31159,"12    Mon","",6.538668,4.855999,172.4138,5.88,0.997,Mon
31088,31165,"","",6.539271,-37.696702,83.7521,5.25,0.982,Col
31090,31167,"","",6.539758,-5.86882,41.841,5.6,0.256,Mon
31091,31168,"","",6.539798,11.67352,210.5263,6.08,1.069,Mon
31096,31173,"","",6.540885,32.454898,80.5802,5.82,0.188,Aur
31113,31190,"","",6.54416,-32.030447,537.6344,5.73,-0.18,CMa
31128,31205,"","",6.546354,-11.166381,123.3046,6.3,1.096,CMa
31139,31216,"13    Mon","",6.548396,7.332965,100000.0,4.47,0.023,Mon
31164,31241,"","",6.552844,-38.62519,150.6024,6.44,0.999,Col
31188,31265,"","",6.557304,-52.329234,183.8235,6.18,1.088,Car
31189,31266,"","",6.557409,-20.923961,98.8142,6.39,0.817,CMa
31200,31277,"","",6.560046,14.155163,77.0416,5.57,1.105,Gem
31201,31278,"","",6.560534,-1.220154,169.7793,5.09,-0.132,Mon
31222,31299,"","",6.563745,-36.232029,120.048,5.42,1.419,Col
31282,31359,"7    Lyn","",6.575777,55.353042,295.858,6.45,1.554,Lyn
31285,31362,"","",6.576481,-32.716255,161.2903,5.62,-0.085,CMa
31308,31385,"14    Mon","",6.579533,7.572482,115.4734,6.44,-0.01,Mon
31330,31407,"","",6.58294,-52.975607,418.41,4.35,-0.021,Car
31339,31416,"5Xi 2CMa","",6.584274,-22.964793,135.318,4.54,-0.035,CMa
31357,31434,"49    Aur","",6.586684,28.022314,113.3787,5.26,-0.008,Aur
31367,31446,"","",6.58773,0.890216,467.2897,5.78,0.004,Mon
31369,31448,"","",6.588221,9.988335,469.4836,5.93,1.508,Mon
31378,31457,"","",6.590061,-36.779879,156.25,5.59,-0.13,Col
31390,31469,"","",6.591894,-22.109053,134.4086,6.32,1.03,CMa
31429,31509,"","",6.598344,-36.088632,39.604,6.36,0.486,Col
31484,31564,"6Nu 1CMa","",6.606347,-18.659904,107.5269,5.71,0.848,CMa
31499,31579,"","",6.609121,38.4455,100000.0,5.4,2.773,Aur
31503,31583,"","",6.609814,-5.211143,230.9469,5.52,-0.082,Mon
31512,31592,"7Nu 2CMa","",6.611399,-19.255879,19.7511,3.95,1.037,CMa
31514,31593,"","",6.611407,-22.614732,322.5806,6.35,-0.117,CMa
31518,31599,"","",6.612944,-13.321036,210.9705,5.95,1.562,CMa
31523,31603,"","",6.614243,-41.557141,483.0918,6.36,1.147,Col
31537,31617,"","",6.617191,-38.146506,110.3753,6.03,1.03,Col
31557,31637,"","",6.62051,-36.990651,350.8772,5.72,-0.112,Col
31566,31646,"","",6.623345,6.135382,100000.0,6.05,0.018,Mon
31570,31650,"","",6.624247,24.590851,121.9512,6.44,0.101,Gem
31582,31662,"","",6.626915,10.853293,152.439,6.39,1.351,Mon
31585,31665,"11    Lyn","",6.627332,56.857531,101.7294,5.87,0.006,Lyn
31592,31672,"","",6.627868,2.704158,135.6852,6.17,1.08,Mon
31594,31674,"","",6.627998,-12.985116,80.0,6.11,0.994,CMa
31596,31676,"8    Lyn","",6.6282,61.481233,52.0562,5.94,0.899,Lyn
31601,31681,"24Gam Gem",Alhena,6.628528,16.399252,33.5121,1.93,0.001,Gem
31605,31685,Nu  Pup,"",6.629353,-43.195934,113.8952,3.17,-0.103,Pup
31608,31688,"","",6.629891,-32.339735,123.3046,5.25,1.177,CMa
31617,31697,"","",6.631307,4.95667,100000.0,6.14,0.091,Mon
31620,31700,"8Nu 3CMa","",6.631506,-18.237478,129.199,4.42,1.137,CMa
31623,31703,"","",6.631984,73.695636,35.9583,6.26,0.396,Cam
31631,31711,"","",6.633443,-61.533387,21.2947,6.15,0.624,Pic
31653,31733,"","",6.639016,-2.543897,232.5581,6.14,1.47,Mon
31656,31736,"","",6.639697,-23.580321,234.192,6.48,0.664,CMa
31657,31737,"53    Aur","",6.639725,28.984354,106.2699,5.76,-0.001,Aur
31678,31758,"","",6.643174,-16.873547,149.4768,6.01,0.042,CMa
31685,31765,"","",6.643787,-48.220183,146.1988,5.05,0.997,Pup
31686,31766,"","",6.643941,1.613518,666.6667,6.23,0.086,Mon
31691,31771,"51    Aur","",6.644317,39.390854,149.7006,5.7,1.367,Aur
31709,31789,"52Psi3Aur","",6.646995,39.902559,420.1681,5.34,-0.075,Aur
31733,31813,"","",6.651472,22.030881,129.199,6.09,1.027,Gem
31746,31827,"","",6.654644,-14.145764,303.0303,4.82,1.459,CMa
31751,31832,"50Psi2Aur","",6.655507,42.488877,127.551,4.8,1.236,Aur
31769,31850,"","",6.658745,24.600162,32.7761,6.43,0.523,Gem
31771,31852,"54    Aur","",6.6592,28.263134,258.3979,6.02,-0.087,Aur
31778,31859,"","",6.660062,-23.695662,208.3333,6.05,-0.031,CMa
31787,31870,"","",6.66185,-30.470491,73.3676,5.7,1.134,CMa
31793,31876,"","",6.663255,12.982768,78.8644,5.99,0.063,Gem
31806,31889,"","",6.666078,44.014114,212.3142,6.35,1.222,Aur
31814,31897,Zet Men,"",6.667474,-80.813593,126.9036,5.61,0.214,Men
31857,31940,"","",6.674679,77.995782,214.1328,5.75,1.488,Cam
31863,31946,"","",6.675624,71.748786,237.5297,5.88,1.223,Cam
31894,31977,"","",6.68266,-71.775192,132.4503,6.5,1.11,Vol
31895,31978,"15    Mon","",6.682961,9.895754,281.6901,4.66,-0.233,Mon
31909,31992,"","",6.684845,0.495323,384.6154,5.79,-0.094,Mon
31922,32007,"","",6.68727,-40.349847,355.8719,6.16,-0.146,Pup
31927,32012,"","",6.688117,11.003197,100000.0,6.19,1.675,Mon
31934,32019,"25    Gem","",6.689138,28.196638,632.9114,6.45,1.09,Gem
31935,32020,"","",6.689428,16.39765,276.2431,6.28,-0.016,Gem
31955,32040,"","",6.693822,35.931928,83.8223,6.48,0.509,Aur
31979,32064,"","",6.698996,-9.167537,105.5966,5.21,1.525,Mon
31982,32067,"","",6.699786,6.345425,854.7009,6.36,-0.084,Mon
32006,32091,"","",6.704551,-38.398791,82.9187,6.28,0.346,Pup
32019,32104,"26    Gem","",6.706757,17.645303,43.63,5.2,0.063,Gem
32059,32144,"","",6.712791,-22.44859,54.3183,6.26,0.321,CMa
32088,32173,"55Psi4Aur","",6.718051,44.52445,99.2063,5.04,1.479,Aur
32092,32177,"","",6.718504,3.033801,194.5525,6.18,1.366,Mon
32105,32190,"","",6.720483,37.147375,158.7302,6.21,1.026,Aur
32123,32208,"","",6.723154,-39.193118,135.5014,6.3,0.258,Pup
32137,32222,"","",6.726872,-73.118208,136.7989,6.36,0.96,Vol
32141,32226,"","",6.727402,3.932528,877.193,5.88,-0.046,Mon
32161,32246,"27Eps Gem",Mebsuta,6.732202,25.131124,259.0674,3.06,1.377,Gem
32164,32249,"30    Gem","",6.733137,13.228017,88.574,4.49,1.167,Gem
32176,32261,"","",6.736527,53.295939,78.3085,6.28,1.089,Lyn
32182,32268,"","",6.736812,36.109258,281.6901,6.37,0.065,Aur
32184,32269,"","",6.736888,-54.695507,220.2643,6.47,-0.119,Car
32207,32292,"10    CMa","",6.741241,-31.070523,100000.0,5.23,-0.127,CMa
32226,32311,"28    Gem","",6.745961,28.970932,145.9854,5.42,1.445,Gem
32237,32322,"","",6.747765,-27.341666,27.137,6.43,0.55,CMa
32247,32332,"","",6.748796,-70.433758,195.3125,6.1,1.335,Vol
32263,32349,"9Alp CMa",Sirius,6.752481,-16.716116,2.6371,-1.44,0.009,CMa
32276,32362,"31Xi  Gem",Alzirr,6.754824,12.895591,17.9986,3.35,0.443,Gem
32280,32366,"","",6.756378,-31.793661,24.3784,5.92,0.491,CMa
32282,32368,"","",6.75649,-23.462432,145.9854,6.04,1.205,CMa
32299,32385,"","",6.758664,-30.94898,581.3953,5.62,-0.138,CMa
32316,32402,"","",6.764922,-52.409691,395.2569,5.81,1.551,Car
32318,32404,"32    Gem","",6.765055,12.693561,877.193,6.47,0.344,Gem
32325,32411,"","",6.766499,-14.796127,130.039,5.3,0.075,CMa
32348,32434,"","",6.770042,-37.775325,406.5041,6.19,-0.123,Pup
32352,32438,"12    Lyn","",6.770595,59.44167,65.8328,4.86,0.084,Lyn
32353,32439,"","",6.77067,79.564811,17.8731,5.44,0.525,Cam
32377,32463,"16    Mon","",6.775671,8.587153,263.1579,5.92,-0.173,Mon
32388,32474,"","",6.777505,-10.10736,165.5629,5.66,-0.048,Mon
32391,32477,"","",6.778242,-54.695028,127.2265,6.45,0.858,Car
32394,32480,"56Psi5Aur","",6.778983,43.577427,16.7168,5.24,0.575,Aur
32403,32489,"13    Lyn","",6.780417,57.169176,64.6831,5.34,0.964,Lyn
32406,32492,"11    CMa","",6.780859,-14.425971,243.9024,5.28,-0.024,CMa
32408,32494,"","",6.7813,-51.265667,252.5253,5.39,1.33,Car
32414,32500,"","",6.782923,-87.024964,39.3546,6.46,0.429,Oct
32418,32504,"12    CMa","",6.783745,-21.015402,241.5459,6.07,-0.159,CMa
32445,32531,"","",6.78853,-55.539988,184.5018,5.6,1.549,Car
32447,32533,"17    Mon","",6.788842,8.037254,151.0574,4.77,1.396,Mon
32451,32537,"","",6.789278,-37.929698,99.4036,5.27,-0.078,Pup
32453,32539,"","",6.789849,18.193452,176.6784,6.35,0.066,Gem
32472,32558,"","",6.793673,-8.998503,432.9004,5.08,1.795,Mon
32476,32562,"57Psi6Aur","",6.794327,48.789476,110.4972,5.22,1.131,Aur
32492,32578,"18    Mon","",6.79768,2.412159,112.8668,4.48,1.099,Mon
32521,32607,Alp Pic,"",6.803194,-61.941391,29.6033,3.24,0.225,Pic
32523,32609,"","",6.803407,55.704195,44.2674,5.54,,Lyn
32531,32617,"","",6.805296,-1.318922,39.984,5.75,0.292,Mon
32591,32677,"","",6.816038,-15.144726,162.0746,5.39,-0.096,CMa
32596,32682,"","",6.817682,1.002065,100000.0,6.16,-0.134,Mon
32612,32698,"","",6.821225,-2.272038,176.0563,5.75,-0.098,Mon
32653,32740,"","",6.828143,32.606756,127.551,5.72,1.298,Gem
32657,32744,"","",6.828889,-24.076066,245.7002,6.31,0.054,CMa
32659,32746,"","",6.828968,37.512748,224.7191,6.49,1.553,Aur
32667,32753,"33    Gem","",6.83051,16.202888,263.1579,5.87,-0.136,Gem
32672,32759,"13Kap CMa","",6.830683,-32.508478,202.0202,3.5,-0.116,CMa
32675,32761,"","",6.830921,-53.622449,166.9449,4.41,0.899,Car
32679,32765,"","",6.831838,-46.61456,25.2589,5.14,0.46,Pup
32682,32768,Tau Pup,"",6.832266,-50.61456,55.8036,2.94,1.207,Pup
32689,32775,"","",6.833614,-60.249146,33.6247,6.11,0.457,Pic
32723,32809,"","",6.83938,-17.084555,363.6364,5.77,1.435,CMa
32724,32810,"","",6.839819,-31.706057,199.2032,5.74,0.094,CMa
32728,32814,"35    Gem","",6.840416,13.413177,540.5405,5.68,1.329,Gem
32741,32827,"","",6.8436,-25.778394,483.0918,6.32,-0.183,CMa
32752,32838,"","",6.845084,-8.040996,99.9001,6.31,0.011,Mon
32758,32844,"58Psi7Aur","",6.846097,41.78123,116.144,4.99,1.256,Aur
32765,32851,"","",6.847176,-0.540882,29.6824,5.78,0.396,Mon
32769,32855,"","",6.847876,-34.367318,250.0,4.99,1.379,Pup
32778,32864,"42    Cam","",6.849191,67.571934,283.2861,5.14,-0.152,Cam
32826,32912,Iot Vol,"",6.857495,-70.963411,172.7116,5.41,-0.11,Vol
32831,32918,"","",6.859048,-48.292754,207.4689,6.42,1.207,Pup
32834,32921,"36    Gem","",6.859179,21.761148,150.6024,5.28,-0.02,Gem
32844,32931,"","",6.860938,3.041991,105.042,6.37,0.052,Mon
32851,32938,"","",6.861785,-36.23027,55.2181,5.94,0.183,Pup
32881,32968,"","",6.866664,23.601718,141.844,5.68,1.467,Gem
32903,32990,"","",6.873017,-5.316277,141.0437,6.3,0.977,Mon
32926,33012,"","",6.879287,-59.341195,145.3488,6.41,0.181,Car
32931,33015,"","",6.879761,-43.975594,145.5604,6.47,-0.101,Pup
32932,33018,"34The Gem","",6.879816,33.961254,57.971,3.6,0.102,Gem
32937,33024,"","",6.880408,8.380373,62.3053,5.75,0.27,Mon
32953,33040,"","",6.883417,-26.957632,279.3296,6.33,1.408,CMa
32954,33041,"59    Aur","",6.883725,38.869157,150.6024,6.1,0.406,Aur
32957,33044,"","",6.884316,35.787995,293.2551,6.03,1.455,Aur
32961,33048,"14    Lyn","",6.884738,59.448543,149.2537,5.34,0.675,Lyn
32969,33056,"","",6.885438,44.839941,92.6784,6.24,0.239,Aur
32978,33064,"60    Aur","",6.887054,38.438013,69.541,6.32,0.516,Aur
32990,33077,"","",6.88856,-19.032763,95.511,5.65,0.279,CMa
32992,33079,"","",6.8894,-18.932844,127.0648,6.13,0.156,CMa
32995,33082,"","",6.889556,10.99665,117.9245,6.3,0.962,Mon
33005,33092,"15    CMa","",6.892474,-20.224254,373.1343,4.82,-0.212,CMa
33007,33094,"","",6.892756,-28.539794,25.8933,6.05,0.708,CMa
33017,33104,"43    Cam","",6.895068,68.888309,300.3003,5.11,-0.114,Cam
33039,33126,"","",6.898737,-24.538756,163.1321,6.23,0.016,CMa
33046,33133,"61Psi8Aur","",6.899187,38.505018,229.3578,6.46,-0.044,Aur
33052,33139,"","",6.900633,-50.6116,54.1126,6.24,0.988,Pup
33065,33152,"16Omi1CMa","",6.902209,-24.184211,100000.0,3.89,1.74,CMa
33067,33154,"","",6.902386,-5.852188,163.6661,6.39,0.174,Mon
33073,33160,"14The CMa","",6.903167,-12.038628,79.9361,4.08,1.418,CMa
33097,33184,"","",6.906851,-1.126996,169.2047,5.44,0.167,Mon
33102,33189,"","",6.907412,-42.365571,502.5126,6.32,2.287,Pup
33115,33202,"38    Gem","",6.910732,13.177827,25.6279,4.73,0.321,Gem
33123,33210,"","",6.911679,-1.756486,100000.0,6.2,0.487,Mon
33156,33243,"","",6.916366,-2.803588,334.4482,6.03,1.102,Mon
33161,33248,"17    CMa","",6.917427,-20.404876,154.5595,5.8,0.048,CMa
33182,33269,"","",6.920738,43.910031,310.559,6.16,0.314,Aur
33184,33271,"","",6.920888,45.826408,137.741,6.31,0.945,Aur
33190,33277,"37    Gem","",6.921853,25.375697,17.2414,5.74,0.573,Gem
33210,33297,"","",6.926282,8.324285,85.4701,6.28,0.037,Mon
33215,33302,"19Pi  CMa","",6.927064,-20.136497,29.5858,4.66,0.374,CMa
33229,33316,"","",6.929702,-22.941439,100000.0,5.29,-0.163,CMa
33243,33330,"","",6.931881,-31.790179,294.9853,6.36,-0.155,CMa
33258,33345,"18Mu  CMa","",6.935179,-14.04343,381.6794,5.0,1.182,CMa
33260,33347,"20Iot CMa","",6.935618,-17.054242,769.2308,4.36,-0.063,CMa
33270,33357,"","",6.937775,-48.721144,263.8522,4.94,1.668,Pup
33285,33372,"","",6.940509,9.956578,139.2758,5.9,-0.085,Mon
33290,33377,Psi9Aur,"",6.942238,46.273998,386.1004,5.85,-0.079,Aur
33297,33384,The Men,"",6.942911,-79.420193,107.9914,5.45,0.041,Men
33307,33394,"","",6.946028,-35.341334,193.7984,6.27,1.278,Pup
33328,33415,"","",6.94891,46.705352,107.1811,5.88,1.093,Aur
33333,33420,"","",6.950026,-8.179295,434.7826,6.31,0.641,Mon
33334,33421,"","",6.950145,33.681039,129.5337,5.91,0.878,Gem
33357,33444,"","",6.953648,57.563287,247.5248,6.03,1.495,Lyn
33362,33449,"15    Lyn","",6.954612,58.422759,54.6747,4.35,0.85,Lyn
33364,33451,"","",6.954886,-35.507153,43.1034,6.23,0.465,Pup
33366,33453,"","",6.95514,37.394723,526.3158,6.48,1.673,Aur
33378,33465,"","",6.957108,11.907554,943.3962,6.26,0.349,Gem
33391,33478,"","",6.95942,-24.630841,37.9363,5.45,0.39,CMa
33398,33485,"16    Lyn","",6.960309,45.094094,73.8552,4.9,0.027,Lyn
33405,33492,"","",6.961842,-27.537505,312.5,6.22,-0.147,CMa
33444,33532,"","",6.968765,-27.164381,854.7009,6.36,-0.186,CMa
33471,33558,"","",6.973638,-34.111708,180.8318,5.07,-0.154,Pup
33488,33575,"","",6.976639,-25.414157,264.5503,5.59,-0.162,CMa
33490,33577,"","",6.976772,-56.394849,94.3396,6.46,0.389,Car
33492,33579,"21Eps CMa",Adhara,6.977097,-28.972084,124.2236,1.5,-0.211,CMa
33497,33584,"","",6.977476,7.6223,68.306,6.25,0.105,Mon
33501,33588,"","",6.977715,-55.729122,88.3392,6.26,1.16,Car
33503,33590,"","",6.978259,-45.767593,120.1923,6.23,-0.006,Pup
33504,33591,"","",6.978805,-30.998037,232.5581,6.41,-0.137,CMa
33508,33595,"39    Gem","",6.979839,26.081079,47.6644,6.2,0.52,Gem
33516,33603,"","",6.982507,3.602355,257.0694,5.96,1.056,Mon
33527,33614,"62    Aur","",6.984126,38.052317,256.4103,6.02,1.218,Aur
33557,33644,"","",6.988937,7.316967,293.2551,6.34,-0.106,Mon
33563,33650,"40    Gem","",6.991092,25.914171,366.3004,6.4,-0.111,Gem
33579,33666,"","",6.994237,-21.602884,393.7008,6.26,-0.164,CMa
33595,33682,"","",6.997378,-67.916443,89.6057,5.18,1.396,Vol
33607,33694,"","",7.001081,76.977408,56.338,4.55,1.365,Cam
33616,33703,"","",7.002301,-20.158425,436.6812,6.32,-0.134,CMa
33628,33715,"41    Gem","",7.004396,16.078998,100000.0,5.73,1.641,Gem
33632,33719,"",Citalá,7.00501,-5.367162,28.9603,6.29,0.572,Mon
33642,33729,"","",7.006599,-8.406821,330.033,5.95,-0.075,Mon
33667,33754,"","",7.010927,-9.202967,471.6981,6.49,0.142,Mon
33673,33760,"","",7.011809,-28.489574,68.6813,6.28,0.449,CMa
33687,33774,"","",7.013818,-33.46553,118.0638,6.39,1.052,Pup
33692,33779,"","",7.014303,-51.402585,198.0198,5.14,1.652,Car
33713,33800,"","",7.018096,-58.939937,54.1419,6.01,0.297,Car
33717,33804,"","",7.018318,-25.215634,312.5,5.64,-0.165,CMa
33740,33827,"","",7.022612,70.808296,156.0062,5.69,1.337,Cam
33769,33856,"22Sig CMa",Nganurganity,7.028652,-27.93483,343.6426,3.49,1.729,CMa
33785,33873,"","",7.031366,-1.345883,176.9912,6.2,1.286,Mon
33790,33878,"","",7.032329,-5.722065,175.1313,5.22,1.687,Mon
33821,33909,"","",7.037633,-43.40387,134.9528,6.44,-0.039,Pup
33826,33914,"","",7.038193,15.336008,183.1502,5.78,1.14,Gem
33839,33927,"42Ome Gem","",7.040217,24.215446,456.621,5.2,0.953,Gem
33841,33929,"","",7.040426,17.755521,246.9136,5.96,1.518,Gem
33849,33937,"","",7.04258,16.674447,769.2308,5.86,1.659,Gem
33882,33971,"19    Mon","",7.048549,-4.239231,373.1343,4.99,-0.195,Mon
33888,33977,"24Omi2CMa","",7.050409,-23.833291,847.4576,3.02,-0.077,CMa
33910,34000,"","",7.054195,-59.178109,151.2859,5.5,-0.125,Car
33913,34002,"","",7.054977,9.138355,101.9368,5.96,0.126,Mon
33928,34017,"","",7.058457,29.337081,19.1314,5.93,0.595,Gem
33944,34033,"","",7.060576,10.951817,182.1494,5.14,1.391,Gem
33956,34045,"23Gam CMa",Muliphein,7.062637,-15.633286,135.5014,4.11,-0.112,CMa
33966,34055,"","",7.064333,12.594242,581.3953,6.01,1.584,Gem
33971,34059,"","",7.064896,-49.58392,60.5694,4.92,0.14,Pup
33977,34065,"","",7.065928,-43.608039,16.5153,5.56,0.624,Pup
33978,34066,"","",7.06596,-10.123765,413.2231,6.44,-0.067,Mon
33993,34081,"","",7.067444,-42.33728,106.8376,5.2,0.198,Pup
33998,34086,"","",7.068124,-5.323979,380.2281,5.63,1.29,Mon
34000,34088,"43Zet Gem",Mekbuda,7.068481,20.570297,421.9409,4.01,0.899,Gem
34017,34105,"","",7.071757,-56.749724,92.2509,5.14,-0.032,Car
34054,34142,"","",7.079736,-22.031688,105.9322,6.09,1.225,CMa
34081,34168,"","",7.08583,47.775044,413.2231,6.37,-0.048,Lyn
34089,34177,"","",7.087883,-50.360042,317.4603,6.47,1.424,Pup
34094,34182,"44    Gem","",7.088436,22.637458,123.0012,6.0,-0.027,Gem
34112,34200,"","",7.092229,-34.7777,53.4474,6.15,0.353,Pup
34127,34215,"","",7.094174,9.1858,303.9514,5.78,1.513,Mon
34129,34217,"","",7.094391,52.758558,99.7009,6.17,0.102,Lyn
34144,34234,"","",7.097122,-10.66008,100000.0,6.5,-0.062,Mon
34148,34238,"","",7.097676,70.731924,350.8772,6.49,1.568,Cam
34158,34248,"","",7.100135,-30.655711,257.732,6.34,-0.131,CMa
34160,34250,"","",7.10034,59.80185,118.9061,6.4,1.19,Lyn
34163,34253,"","",7.100629,-38.382854,205.3388,6.09,0.702,Pup
34177,34267,"","",7.103222,34.473967,92.6784,5.55,0.909,Gem
34180,34270,"","",7.103974,-68.83758,161.8123,6.47,1.039,Vol
34207,34297,"","",7.10999,-12.393949,100000.0,6.48,-0.124,CMa
34211,34301,"","",7.111324,-11.294014,934.5794,5.41,0.033,CMa
34228,34318,"","",7.114577,-24.960572,280.8989,6.09,1.341,CMa
34248,34338,"","",7.118464,4.910582,203.666,6.1,-0.129,Mon
34249,34339,"","",7.118633,-40.893268,238.0952,5.8,-0.158,Pup
34259,34349,"","",7.120359,-51.968283,166.9449,5.96,0.996,Car
34260,34350,"","",7.121189,-59.716416,374.5318,6.46,-0.113,Car
34268,34358,"","",7.122889,34.009288,201.2072,5.94,1.507,Gem
34269,34360,"","",7.122941,-23.840722,100000.0,5.75,-0.117,CMa
34277,34367,"","",7.123577,28.176695,289.0173,6.47,-0.081,Gem
34297,34387,"","",7.130414,7.471214,182.4818,5.74,1.176,CMi
34338,34428,"","",7.13702,33.832388,191.2046,6.31,1.356,Gem
34350,34440,"45    Gem","",7.139455,15.930675,98.912,5.47,1.02,Gem
34354,34444,"25Del CMa",Wezen,7.139857,-26.3932,492.6108,1.83,0.671,CMa
34372,34462,"","",7.143401,37.445096,294.9853,6.19,1.212,Aur
34382,34473,Gam1Vol,"",7.145098,-70.497087,49.6524,5.68,0.436,Vol
34389,34481,Gam2Vol,"",7.145788,-70.498932,42.8633,3.78,1.006,Vol
34404,34495,"","",7.147519,-39.655657,223.2143,4.83,-0.179,Pup
34445,34536,"","",7.155625,-10.346565,632.9114,6.23,-0.018,Mon
34471,34561,"","",7.159268,-16.234509,684.9315,6.0,0.04,CMa
34488,34579,"","",7.161951,-25.231034,564.9718,5.69,-0.158,CMa
34516,34608,"","",7.168524,21.246985,45.8295,6.43,0.88,Gem
34525,34617,"","",7.169268,-18.685637,42.0875,6.23,0.419,CMa
34530,34622,"20    Mon","",7.170467,-4.237106,62.1891,4.91,1.02,Mon
34532,34624,"","",7.172034,-27.49152,216.4502,5.46,0.998,CMa
34578,34670,"","",7.179858,-48.932098,96.8992,5.12,1.251,Pup
34601,34693,"46Tau Gem","",7.185659,30.245163,98.4252,4.41,1.261,Gem
34629,34722,"47    Gem","",7.189741,26.856587,119.1895,5.75,0.13,Gem
34631,34724,"21    Mon","",7.189893,-0.301928,87.184,5.44,0.31,Mon
34660,34752,"63    Aur","",7.194255,39.320549,148.8095,4.91,1.451,Aur
34665,34758,"","",7.19489,-20.883063,143.2665,5.84,-0.038,CMa
34670,34763,"","",7.196347,16.976344,362.3188,6.5,1.423,Gem
34675,34768,"","",7.197606,5.654703,168.3502,6.07,-0.016,CMi
34677,34769,"22Del Mon","",7.197739,-0.492764,117.7856,4.15,-0.005,Mon
34687,34780,"","",7.20055,-63.190059,147.7105,6.03,-0.011,Car
34689,34782,"","",7.201137,-30.821365,47.5511,6.1,0.273,CMa
34696,34789,"","",7.202081,5.474347,196.0784,6.15,1.142,CMi
34705,34798,"26    CMa","",7.203393,-25.942588,257.0694,5.91,-0.17,CMa
34709,34802,"","",7.204392,-40.498808,126.1034,5.3,0.072,Pup
34724,34817,"","",7.207173,-36.544381,278.5515,5.94,-0.145,Pup
34726,34819,"48    Gem","",7.207327,24.128594,109.7695,5.85,0.397,Gem
34741,34834,"","",7.20935,-46.759305,21.427,4.49,0.324,Pup
34766,34860,"","",7.213635,27.224823,42.4809,6.46,0.502,Gem
34794,34888,"","",7.218665,-11.251341,202.4291,5.77,1.508,CMa
34805,34899,"","",7.220377,-45.182739,56.5291,4.87,-0.003,Pup
34815,34909,"51    Gem","",7.222854,16.158966,165.8375,5.07,1.653,Gem
34818,34912,"","",7.223166,51.428745,221.7295,5.46,1.64,Lyn
34820,34914,"","",7.22334,-22.674241,245.098,5.99,1.481,CMa
34828,34922,"","",7.225637,-44.639739,64.0615,4.42,1.331,Pup
34830,34924,"","",7.226792,-27.35636,100000.0,6.12,-0.234,CMa
34846,34940,"","",7.230107,-22.905778,436.6812,6.34,-0.184,CMa
34860,34954,"","",7.232594,-30.339791,529.1005,6.32,-0.183,CMa
34862,34956,"","",7.232779,71.816584,129.8701,6.36,1.119,Cam
34881,34975,"","",7.236347,-3.901779,396.8254,5.8,1.585,Mon
34887,34981,"27    CMa","",7.237559,-26.352507,531.9149,4.42,-0.17,CMa
34888,34982,"","",7.237644,-9.947533,574.7126,5.9,1.528,Mon
34893,34987,"","",7.238906,3.111414,227.2727,5.36,1.193,CMi
34905,34999,"","",7.241181,-10.316245,869.5652,6.02,-0.173,Mon
34911,35005,"","",7.242395,12.115824,90.2527,5.71,1.007,CMi
34926,35020,"","",7.243928,-48.271927,115.4734,4.75,-0.091,Pup
34931,35025,"52    Gem","",7.244993,24.884984,92.081,5.84,1.554,Gem
34935,35029,"","",7.246117,-46.849672,142.4501,5.72,-0.109,Pup
34943,35037,"28Ome CMa","",7.246849,-26.772667,279.3296,4.01,-0.15,CMa
34950,35044,"","",7.247546,-27.037996,83.3333,5.58,1.22,CMa
34960,35054,"","",7.249209,-41.426394,167.7852,5.95,-0.146,Pup
34987,35080,"24    Mon","",7.255391,-0.161283,138.5042,6.42,0.901,Mon
34990,35083,"","",7.255854,-30.686447,192.6782,5.36,-0.155,CMa
34991,35084,"","",7.255901,-52.499226,128.041,5.96,1.099,Car
35027,35120,"","",7.260953,7.977742,166.3894,5.78,1.537,CMi
35034,35127,"","",7.262011,-10.583605,121.2121,5.95,1.173,Mon
35039,35132,"","",7.263138,-23.74028,253.8071,6.34,-0.018,CMa
35043,35136,"","",7.263925,47.239964,16.8919,5.54,0.576,Lyn
35053,35146,"18    Lyn","",7.265267,59.637467,61.0128,5.2,1.081,Lyn
35060,35152,"53    Gem","",7.26588,27.897419,235.8491,5.75,1.605,Gem
35086,35180,"","",7.27071,-15.585689,82.5083,5.46,0.079,CMa
35087,35181,"","",7.270965,-46.774533,230.4147,5.64,1.441,Pup
35107,35202,"","",7.275515,-38.318928,187.2659,5.81,-0.133,Pup
35110,35205,"","",7.276387,-27.881179,124.2236,4.66,1.589,CMa
35115,35210,"","",7.276898,-23.315594,434.7826,4.83,1.601,CMa
35118,35213,"","",7.277322,-23.31094,92.9368,6.02,0.317,CMa
35131,35226,"","",7.280392,-36.592633,230.9469,5.03,-0.161,Pup
35132,35228,Del Vol,"",7.280508,-67.957152,226.2443,3.97,0.76,Vol
35147,35241,"","",7.28256,-30.897012,132.2751,6.3,0.2,CMa
35158,35253,"","",7.284277,26.689485,77.2201,6.38,0.883,Gem
35169,35264,Pi  Pup,"",7.285711,-37.09747,247.5248,2.71,1.616,Pup
35205,35301,"","",7.292129,-6.679997,302.1148,6.29,1.624,Mon
35208,35304,"","",7.2927,52.131071,183.4862,5.93,1.259,Lyn
35220,35317,"","",7.29518,38.876265,147.2754,6.48,0.995,Aur
35229,35326,"","",7.29667,-26.797556,296.7359,6.45,-0.153,CMa
35244,35341,"64    Aur","",7.300616,40.883392,85.2515,5.87,0.181,Aur
35249,35345,"","",7.301136,30.955872,181.1594,6.19,-0.024,Gem
35250,35347,"","",7.301181,-43.986786,181.4882,5.86,-0.117,Pup
35253,35350,"54Lam Gem","",7.30155,16.540383,30.931,3.58,0.106,Gem
35266,35363,"","",7.30511,-36.733962,246.3054,4.65,-0.099,Pup
35287,35384,"","",7.308883,49.464756,106.9519,5.0,0.087,Lyn
35295,35393,"","",7.309309,-39.210285,141.844,5.24,0.026,Pup
35309,35406,"","",7.310607,-36.742735,232.0186,5.11,-0.17,Pup
35315,35412,"29    CMa","",7.311216,-24.558701,584.7953,4.88,-0.16,CMa
35317,35415,"30Tau CMa","",7.311802,-24.954375,917.4312,4.37,-0.132,CMa
35330,35427,"","",7.314243,-26.585854,384.6154,5.29,0.956,CMa
35345,35442,"","",7.3172,-19.280304,100000.0,6.06,0.612,CMa
35366,35463,"","",7.320469,-33.727166,225.2252,6.31,1.302,Pup
35379,35476,"","",7.322881,2.740694,195.3125,5.9,1.069,CMi
35390,35487,"","",7.324494,-16.395244,42.7716,5.7,0.346,CMa
35412,35509,"","",7.329901,7.142947,53.3049,5.91,0.537,CMi
35451,35548,"","",7.335234,15.142928,208.7683,6.45,0.009,Gem
35453,35550,"55Del Gem",Wasat,7.335383,21.98232,18.5391,3.5,0.374,Gem
35467,35564,"","",7.339288,-52.311524,31.7158,5.5,0.483,Car
35490,35589,"","",7.344114,-52.085924,147.2754,5.38,-0.069,Car
35513,35611,"","",7.348588,-26.963838,763.3588,6.0,-0.172,CMa
35517,35615,"","",7.349524,-14.360489,184.8429,5.59,0.971,CMa
35525,35623,"","",7.350862,42.655913,215.0538,6.33,1.404,Aur
35528,35626,"","",7.351204,-25.891643,196.0784,5.87,1.604,CMa
35545,35643,"","",7.354864,45.2282,35.4862,5.74,0.342,Lyn
35601,35699,"56    Gem","",7.365795,20.443658,135.8696,5.09,1.528,Gem
35609,35707,"","",7.367237,-8.979377,100000.0,6.42,-0.189,Mon
35611,35710,"65    Aur","",7.367397,36.760584,72.3589,5.12,1.082,Aur
35614,35712,"","",7.367633,0.177121,500.0,5.99,-0.069,CMi
35627,35725,"","",7.370392,38.995944,191.5709,6.4,1.217,Aur
35628,35727,"","",7.370425,-19.0166,147.4926,4.94,-0.039,CMa
35637,35735,"47    Cam","",7.37144,59.901996,73.8007,6.36,0.282,Cam
35639,35737,"","",7.371831,-2.979175,161.2903,6.23,0.686,Mon
35651,35749,"","",7.373719,-5.982829,229.3578,5.83,0.352,Mon
35653,35751,"","",7.374533,0.700831,71.3776,6.43,0.995,CMi
35686,35785,"19    Lyn","",7.381127,55.281392,100000.0,5.8,-0.078,Lyn
35697,35795,"","",7.383527,-31.923781,406.5041,5.4,-0.161,CMa
35744,35842,"58    Gem","",7.39115,22.945349,87.6424,6.17,0.006,Gem
35749,35846,"57    Gem","",7.391254,25.050531,48.7329,5.04,0.902,Gem
35750,35848,"","",7.391386,-27.834294,189.0359,5.37,1.539,CMa
35757,35855,"","",7.392193,-32.202067,340.1361,5.41,-0.169,CMa
35795,35893,"","",7.399538,-35.837824,198.8072,6.32,-0.136,Pup
35806,35904,"31Eta CMa",Aludra,7.401584,-29.303104,609.7561,2.45,-0.083,CMa
35809,35907,"66    Aur","",7.402352,40.672389,370.3704,5.23,1.249,Aur
35822,35920,"","",7.404787,-22.912758,176.6784,6.2,-0.088,CMa
35835,35933,"","",7.40768,15.517195,970.8738,6.47,-0.19,Gem
35843,35941,"59    Gem","",7.409292,27.637857,57.4053,5.77,0.368,Gem
35848,35946,"","",7.410311,-71.470657,82.3723,6.49,0.12,Vol
35853,35951,"","",7.411163,-16.201473,287.3563,5.18,-0.035,CMa
35859,35957,"","",7.412182,-31.808905,202.4291,5.35,1.071,CMa
35863,35960,"","",7.413155,-37.291193,206.1856,6.14,0.261,Pup
35876,35975,"","",7.414134,-19.012279,714.2857,6.24,0.291,CMa
35884,35984,"","",7.415857,51.887258,317.4603,5.8,1.61,Lyn
35888,35987,"1    CMi","",7.416161,11.669524,96.9932,5.37,0.105,CMi
35899,35998,"","",7.418977,-13.751978,35.6379,5.79,0.432,CMa
35917,36017,"","",7.422215,-21.982591,100000.0,6.04,0.227,CMa
35919,36019,"","",7.422769,81.257456,263.8522,6.3,-0.031,Cam
35924,36024,"","",7.423686,-25.217767,432.9004,5.79,-0.103,CMa
35939,36039,Eps Men,"",7.42727,-79.094188,143.0615,5.54,1.281,Men
35941,36041,"2Eps CMi","",7.427471,9.276097,319.4888,4.99,0.991,CMi
35945,36045,"","",7.428606,-31.73872,341.2969,6.32,-0.176,CMa
35946,36046,"60Iot Gem","",7.428779,27.79808,36.9004,3.78,1.024,Gem
35955,36055,"","",7.430889,-5.774961,371.7472,5.98,0.901,Mon
36013,36114,"","",7.439403,-51.018481,185.5288,5.09,1.038,Car
36022,36123,"","",7.441052,10.608067,79.6813,6.38,0.078,CMi
36040,36141,"","",7.444782,11.008833,409.8361,6.39,-0.126,CMi
36042,36143,"","",7.44513,-34.140692,316.4557,5.9,-0.153,Pup
36044,36145,"21    Lyn","",7.445237,49.211527,83.8926,4.61,-0.001,Lyn
36055,36156,"61    Gem","",7.448981,20.257557,136.9863,5.94,0.336,Gem
36067,36168,"","",7.449856,-23.086023,383.1418,5.65,-0.134,CMa
36085,36186,"","",7.452219,-17.864861,92.3361,5.6,0.314,CMa
36087,36188,"3Bet CMi",Gomeisa,7.452512,8.289315,49.5786,2.89,-0.097,CMi
36110,36211,"","",7.457178,66.331571,257.732,6.47,-0.064,Cam
36134,36236,"","",7.461927,-22.859199,295.858,5.98,-0.088,Pup
36136,36238,"63    Gem","",7.462324,21.445247,32.0205,5.2,0.455,Gem
36149,36251,"","",7.46435,-11.556867,485.4369,5.79,0.583,CMa
36156,36258,"","",7.466434,-29.155896,282.4859,5.55,-0.048,Pup
36162,36264,"","",7.467202,-26.838974,350.8772,6.26,1.513,Pup
36163,36265,"5Eta CMi","",7.467243,6.941968,97.561,5.22,0.221,CMi
36182,36284,"4Gam CMi","",7.469387,8.92553,97.561,4.33,1.425,CMi
36223,36325,"","",7.47775,27.552938,114.5475,6.36,1.223,Gem
36238,36340,"","",7.479793,15.109822,224.7191,6.23,-0.04,Gem
36243,36345,"","",7.480876,-31.848401,228.3105,5.95,-0.156,Pup
36245,36346,"","",7.480946,-64.509804,221.7295,6.38,1.554,Vol
36247,36348,"","",7.480968,48.18393,153.1394,5.7,-0.092,Lyn
36249,36351,"","",7.481288,46.314618,112.6126,6.42,1.202,Lyn
36259,36362,"","",7.484699,-31.456216,327.8689,5.78,-0.185,Pup
36260,36363,"","",7.484916,-38.812065,165.0165,5.41,-0.148,Pup
36263,36366,"62Rho Gem","",7.485195,31.78455,18.0473,4.16,0.32,Gem
36274,36377,Sig Pup,"",7.487179,-43.301432,59.3824,3.25,1.509,Pup
36285,36388,"","",7.488519,-1.905329,684.9315,5.6,1.493,Mon
36290,36393,"64    Gem","",7.489012,28.118275,54.0249,5.07,0.12,Gem
36292,36395,"","",7.489407,-14.998657,35.0877,6.05,0.479,Pup
36293,36396,"","",7.489474,-10.326664,396.8254,5.75,1.616,Mon
36296,36399,"","",7.490455,-7.551168,27.2405,5.86,0.487,Mon
36322,36425,"6    CMi","",7.496606,12.006564,175.4386,4.55,1.276,CMi
36326,36429,"65    Gem","",7.49688,27.916146,148.368,5.01,1.117,Gem
36328,36431,"","",7.497615,-23.024287,952.381,4.85,0.243,Pup
36336,36439,"22    Lyn","",7.498867,49.672463,20.2388,5.35,0.47,Lyn
36341,36444,"","",7.499925,-52.651157,110.3753,5.87,1.01,Car
36393,36496,"","",7.508587,-54.399365,145.5604,5.95,1.585,Car
36412,36514,"","",7.511834,-30.962281,460.8295,4.65,0.904,Pup
36423,36526,"","",7.514204,-5.226494,584.7953,6.24,1.185,Mon
36425,36528,"","",7.514638,68.465621,137.5516,5.63,1.1,Cam
36444,36547,"","",7.517911,82.411466,153.1394,4.92,1.633,Cam
36450,36553,"","",7.519107,11.202979,227.7904,6.38,1.278,CMi
36512,36616,"","",7.53011,17.086046,96.8992,5.45,1.126,Gem
36536,36640,"","",7.534934,-8.881326,27.9174,5.9,0.54,Mon
36537,36641,"7Del1CMi","",7.534986,1.914481,233.1002,5.24,0.23,CMi
36551,36657,"","",7.53952,-35.961188,196.4637,6.35,-0.096,Pup
36615,36721,"","",7.552716,-24.710731,84.5309,5.84,0.156,Pup
36617,36723,"8Del2CMi","",7.553241,3.290379,41.7537,5.59,0.321,CMi
36622,36728,"","",7.553656,-40.058522,235.2941,6.27,-0.129,Pup
36626,36732,"","",7.555434,-19.412525,83.612,5.64,1.121,Pup
36630,36736,"","",7.556163,-14.338307,617.284,6.21,-0.061,Pup
36634,36740,"","",7.556897,37.187897,147.2754,6.4,1.231,Lyn
36654,36760,"68    Gem","",7.560134,15.826662,129.8701,5.27,0.055,Gem
36667,36773,"","",7.563323,-14.523892,471.6981,4.82,1.362,Pup
36672,36778,"","",7.564179,-36.338392,363.6364,5.42,-0.078,Pup
36673,36779,"","",7.564311,51.314147,327.8689,6.44,1.348,Lyn
36689,36795,"","",7.567551,-22.296067,25.2972,4.44,0.521,Pup
36690,36796,"","",7.568046,10.568076,135.5014,6.28,0.022,CMi
36701,36807,"","",7.570231,-33.46343,82.3045,6.11,0.297,Pup
36706,36812,"9Del3CMi","",7.571081,3.371725,176.3668,5.83,-0.018,CMi
36711,36817,"","",7.571839,-23.473661,31.6857,5.06,0.468,Pup
36742,36848,"","",7.576333,-27.012275,99.2063,5.78,1.045,Pup
36744,36850,"66Alp Gem",Castor,7.576634,31.888276,15.5958,1.58,0.034,Gem
36750,36856,"","",7.577662,-51.474517,456.621,6.29,0.073,Car
36790,36896,"","",7.585778,30.960924,114.1553,5.34,1.01,Gem
36808,36914,"","",7.58935,-74.274957,358.4229,6.33,0.016,Vol
36811,36917,"","",7.589694,-28.369323,67.9348,4.65,-0.111,Pup
36836,36942,"","",7.594365,-52.533836,120.3369,4.93,1.373,Car
36856,36962,"69Ups Gem","",7.598708,26.895741,83.0565,4.06,1.54,Gem
36858,36965,"","",7.598884,43.030959,140.647,6.37,0.364,Lyn
36871,36977,"","",7.600447,-55.887708,177.305,6.39,1.182,Car
36875,36981,"","",7.601082,-14.492771,389.1051,5.66,-0.067,Pup
36880,36986,"","",7.602059,-22.160505,187.2659,6.4,0.968,Pup
36894,37000,"","",7.604638,-8.311302,226.7574,6.27,1.541,Mon
36916,37023,"","",7.608789,46.180288,168.6341,5.66,1.56,Lyn
36925,37031,"","",7.609641,5.862171,39.3082,5.89,0.602,CMi
36930,37036,"","",7.611398,-19.702338,518.1347,5.69,-0.165,Pup
36937,37043,"","",7.6122,-48.830167,142.0455,5.69,-0.037,Pup
36940,37046,"","",7.613067,55.75506,81.6993,5.93,1.123,Lyn
36982,37088,"25    Mon","",7.621303,-4.110979,67.5219,5.14,0.442,Mon
36983,37089,"","",7.621369,-23.775399,775.1938,6.34,0.54,Pup
36985,37091,"","",7.62161,40.025383,266.6667,6.34,1.6,Lyn
36990,37096,"","",7.622809,-34.96853,110.4972,4.53,-0.081,Pup
37022,37128,"","",7.629173,-38.010425,174.216,6.38,1.472,Pup
37034,37140,"","",7.631628,48.773842,77.8816,5.93,0.221,Lyn
37059,37165,"","",7.637325,24.360441,42.6076,6.37,0.337,Gem
37067,37173,"","",7.638346,-25.364804,189.7533,4.69,-0.1,Pup
37068,37174,"","",7.638391,-48.601436,961.5385,5.68,0.683,Pup
37096,37202,"","",7.642371,-38.781487,124.533,6.2,1.015,Pup
37098,37204,"70    Gem","",7.64246,35.04855,114.0251,5.58,0.921,Gem
37117,37223,"","",7.645528,-36.49683,305.8104,5.78,-0.148,Pup
37124,37229,"","",7.647186,-26.803836,106.2699,3.8,-0.159,Pup
37141,37248,"","",7.65009,-53.273357,191.9386,6.06,-0.118,Car
37159,37265,"71Omi Gem",Jishui,7.65276,34.584346,50.9944,4.89,0.413,Gem
37163,37269,"","",7.653335,24.222528,135.318,6.18,0.028,Gem
37173,37279,"10Alp CMi",Procyon,7.655033,5.224993,3.5142,0.4,0.432,CMi
37183,37289,"","",7.656721,-16.847292,279.3296,6.4,1.47,Pup
37187,37293,"","",7.657495,-26.863102,234.192,6.5,-0.094,Pup
37191,37297,"","",7.657595,-38.308021,170.3578,4.84,-0.189,Pup
37194,37300,"74    Gem","",7.657942,17.674519,161.0306,5.04,1.616,Gem
37216,37322,"","",7.662171,-38.139287,175.4386,5.73,-0.125,Pup
37223,37329,"","",7.663299,-38.260652,352.1127,5.76,-0.071,Pup
37233,37339,"","",7.665025,32.009727,101.626,6.16,0.374,Gem
37239,37345,"","",7.666109,-37.579422,429.1845,5.99,-0.04,Pup
37258,37364,"","",7.670425,-19.660861,190.8397,5.92,1.158,Pup
37263,37369,"","",7.67075,38.344539,359.7122,5.77,1.654,Lyn
37269,37375,"","",7.672504,-11.752552,191.9386,6.43,1.245,Pup
37273,37379,"","",7.673114,-15.26392,213.2196,4.98,1.543,Pup
37285,37391,"","",7.675295,87.020091,139.6648,5.05,1.604,Cep
37288,37394,"","",7.676534,-8.18543,95.3289,6.01,0.153,Mon
37298,37404,"","",7.679773,13.771251,337.8378,6.23,1.393,Gem
37300,37406,"23    Lyn","",7.680429,57.082865,214.1328,6.09,1.44,Lyn
37321,37428,"","",7.682922,23.018527,467.2897,5.93,1.561,Gem
37334,37441,"","",7.686782,48.131533,96.3391,5.58,1.011,Lyn
37340,37447,"26Alp Mon","",7.687454,-9.551131,45.3104,3.94,1.022,Mon
37343,37450,"","",7.687727,-38.533532,181.8182,5.41,-0.13,Pup
37354,37461,"","",7.689368,-44.632168,350.8772,6.41,-0.003,Pup
37358,37465,"","",7.689869,-22.336721,270.2703,6.16,1.644,Pup
37371,37478,"","",7.693099,3.624779,139.47,5.95,-0.032,CMi
37397,37504,Zet Vol,"",7.697004,-72.606098,43.2339,3.93,1.033,Vol
37401,37508,"","",7.697735,13.480453,238.6635,5.79,1.669,Gem
37414,37521,"","",7.700894,14.208503,396.8254,5.55,1.642,Gem
37423,37530,"","",7.702839,-58.630918,384.6154,6.4,-0.094,Car
37473,37580,"","",7.7121,34.000218,59.8086,6.05,0.469,Gem
37483,37590,"","",7.713376,-26.351326,96.8054,5.64,0.99,Pup
37492,37599,"","",7.714818,-58.230058,198.0198,6.2,1.049,Car
37498,37606,"","",7.715865,-45.173118,24.6731,5.04,0.765,Pup
37502,37609,"24    Lyn","",7.716788,58.71036,81.8331,4.93,0.104,Lyn
37507,37614,"","",7.718172,0.189333,172.117,6.17,1.047,CMi
37516,37623,"","",7.719996,-36.050089,191.9386,5.6,-0.13,Pup
37522,37629,"75Sig Gem","",7.721867,28.88351,38.3436,4.23,1.118,Gem
37527,37634,"","",7.722553,4.945762,198.0198,6.5,1.356,CMi
37529,37636,"","",7.722828,22.399472,98.2318,6.25,0.93,Gem
37541,37648,"1    Pup","",7.725663,-28.410885,236.9668,4.63,1.632,Pup
37557,37664,"","",7.728307,-40.933746,66.5336,5.12,1.104,Pup
37559,37666,"","",7.728589,-38.201879,199.6008,6.42,-0.119,Pup
37570,37677,"3    Pup","",7.73013,-28.954826,100000.0,3.94,0.16,Pup
37594,37701,"","",7.734495,50.433794,226.7574,5.31,-0.001,Lyn
37597,37704,"76    Gem","",7.735254,25.784159,194.5525,5.3,1.535,Gem
37598,37705,"","",7.735454,2.405422,123.3046,6.46,0.211,CMi
37603,37710,"","",7.736027,-36.062505,42.9553,5.8,0.32,Pup
37613,37720,"","",7.736964,-69.821593,125.0,6.16,-0.032,Vol
37616,37723,"","",7.737238,12.860071,208.3333,6.4,1.392,CMi
37633,37740,"77Kap Gem","",7.740793,24.397993,43.3463,3.57,0.932,Gem
37644,37751,"","",7.742825,-24.674079,793.6508,5.62,-0.191,Pup
37645,37752,"","",7.74283,-37.942917,206.1856,5.89,-0.115,Pup
37666,37773,"","",7.745519,-66.071933,194.1748,6.37,0.949,Vol
37711,37819,"","",7.754249,-37.968584,347.2222,3.62,1.706,Pup
37715,37823,"","",7.755013,-43.752566,251.8892,6.02,-0.069,Pup
37718,37826,"78Bet Gem",Pollux,7.755277,28.026199,10.3584,1.16,0.991,Gem
37735,37843,"2    Pup","",7.758092,-14.690537,77.821,6.06,0.11,Pup
37745,37853,"","",7.759736,-34.172363,15.2091,5.36,0.589,Pup
37746,37854,"","",7.759866,-56.72257,273.224,6.1,0.397,Car
37783,37891,"4    Pup","",7.765797,-14.563805,72.0981,5.03,0.342,Pup
37793,37901,"","",7.767275,-6.772511,82.1018,5.49,1.378,Mon
37800,37908,"81    Gem","",7.768736,18.510043,104.0583,4.89,1.425,Gem
37807,37915,"","",7.769596,-37.93367,181.1594,5.87,-0.111,Pup
37813,37921,"11    CMi","",7.771167,10.768252,92.4214,5.25,0.018,CMi
37826,37934,"49    Cam","",7.774289,62.830522,96.7118,6.5,0.262,Cam
37831,37939,"","",7.77595,-37.772569,176.0563,6.31,1.348,Pup
37838,37946,"","",7.777577,37.517394,132.8021,5.15,1.588,Lyn
37841,37949,"51    Cam","",7.777793,65.455676,100.7049,5.93,1.183,Cam
37843,37951,"","",7.779087,-12.675313,227.7904,6.39,-0.004,Pup
37874,37982,"","",7.784934,-39.330996,200.4008,6.33,-0.142,Pup
37887,37995,"","",7.786821,-22.51951,502.5126,5.9,-0.18,Pup
37888,37996,"","",7.787389,-36.0736,136.9863,6.46,1.083,Pup
37902,38010,"","",7.790276,-38.511145,323.6246,5.07,-0.112,Pup
37908,38016,"80Pi  Gem","",7.791757,33.415697,202.8398,5.14,1.635,Gem
37912,38020,"","",7.792085,-46.60849,480.7692,5.22,-0.151,Pup
37924,38031,"","",7.794035,-15.990688,578.0347,6.31,1.791,Pup
37929,38037,"","",7.795891,-16.014483,432.9004,6.38,1.697,Pup
37941,38048,"5    Pup","",7.799089,-12.192705,28.5959,5.48,0.478,Pup
37962,38070,Omi Pup,"",7.801436,-25.937169,434.7826,4.4,-0.07,Pup
37966,38074,"","",7.802374,-40.652378,197.6285,6.14,1.591,Pup
37979,38087,"","",7.805417,-56.471075,100000.0,6.3,1.01,Car
37981,38089,"","",7.805608,-47.077722,71.2251,4.69,1.039,Pup
37998,38106,"82    Gem","",7.809344,23.14098,241.5459,6.18,0.571,Gem
38038,38146,"","",7.817132,-24.912208,86.2813,5.32,0.751,Pup
38039,38147,"","",7.817177,13.371869,233.6449,6.07,1.367,Gem
38044,38152,"","",7.818533,-56.41036,334.4482,5.57,1.116,Car
38051,38159,"","",7.82024,-46.857717,591.716,5.82,-0.142,Pup
38052,38160,"","",7.820257,-60.283688,34.5901,5.78,0.428,Car
38057,38164,"","",7.820638,-46.373205,505.0505,4.1,-0.16,Pup
38059,38167,"","",7.820736,-35.243286,158.2278,5.94,-0.051,Pup
38062,38170,"7Xi  Pup",Azmidi,7.821571,-24.859786,367.6471,3.34,1.218,Pup
38075,38183,"","",7.824525,-44.751157,106.6098,6.32,0.962,Pup
38076,38184,"","",7.824669,-13.352948,348.4321,6.23,-0.078,Pup
38088,38196,"","",7.825643,12.81425,180.1802,6.42,0.984,CMi
38092,38200,"","",7.826502,-33.28895,232.5581,5.61,1.617,Pup
38098,38206,"","",7.827771,-14.085359,282.4859,6.34,1.66,Pup
38101,38209,"","",7.82799,-19.505518,111.8568,6.49,1.234,Pup
38102,38210,"","",7.828054,-66.195974,150.8296,5.78,-0.04,Vol
38103,38211,"6    Pup","",7.828111,-17.228408,78.064,5.17,1.282,Pup
38138,38246,"","",7.834908,-19.523548,334.4482,6.11,1.265,Pup
38145,38253,"","",7.836271,-9.183441,367.6471,5.6,1.446,Mon
38158,38267,"","",7.839957,-50.509468,75.4717,5.89,1.088,Pup
38183,38292,"","",7.845142,-44.579945,167.2241,6.45,0.899,Pup
38191,38300,"","",7.846499,3.277253,150.1502,6.17,1.106,CMi
38194,38303,"","",7.847527,4.459514,152.439,6.49,0.944,CMi
38197,38306,"","",7.848175,0.079556,162.8664,6.38,1.237,CMi
38198,38307,"","",7.848677,-11.128602,123.3046,6.16,1.128,Mon
38207,38316,"","",7.850022,-24.528557,140.4494,6.43,-0.003,Pup
38210,38319,"","",7.850655,33.233653,70.4722,6.06,0.15,Gem
38217,38325,"","",7.851591,54.12924,29.6033,6.03,0.496,Lyn
38240,38349,"","",7.854262,37.082085,186.2197,6.49,1.51,Lyn
38246,38355,"","",7.85565,-43.095232,602.4096,6.34,-0.173,Pup
38261,38370,"","",7.861211,-42.888202,641.0256,6.05,-0.181,Pup
38263,38372,"8    Pup","",7.861358,-12.819405,75.4717,6.37,0.384,Pup
38264,38373,"13Zet CMi","",7.861663,1.766868,191.2046,5.12,-0.116,CMi
38266,38375,"","",7.861952,-21.173662,93.7207,5.62,0.956,Pup
38273,38382,"9    Pup","",7.862862,-13.898029,16.5044,5.16,0.6,Pup
38285,38394,"","",7.865771,19.325085,138.8889,6.03,1.125,Gem
38293,38403,"","",7.867743,45.932989,103.7344,6.5,0.213,Lyn
38296,38406,"","",7.868664,3.277342,155.0388,6.3,1.464,CMi
38304,38414,"","",7.870288,-40.575786,108.1081,3.71,1.012,Pup
38313,38423,"","",7.871024,-34.705442,17.9437,5.01,0.47,Pup
38317,38427,"10    Pup","",7.871911,-14.846175,334.4482,5.69,0.368,Pup
38328,38438,"","",7.874929,-54.367165,409.8361,5.7,-0.151,Car
38338,38449,"","",7.876789,55.209443,113.5074,6.36,-0.003,Lyn
38343,38455,"","",7.877402,-38.862812,198.8072,4.49,-0.188,Pup
38362,38474,"","",7.879961,-5.428257,39.7141,5.76,0.412,Mon
38386,38497,"","",7.884308,-36.363769,227.7904,5.44,1.161,Pup
38388,38500,"","",7.884344,-49.613044,232.5581,4.63,-0.228,Pup
38406,38518,"","",7.888378,-48.102934,507.6142,4.22,-0.13,Pup
38426,38538,"83Phi Gem","",7.891616,26.765783,68.2128,4.97,0.098,Gem
38480,38593,"","",7.903058,-35.877287,207.9002,5.48,-0.175,Pup
38510,38623,"25    Lyn","",7.90813,47.385982,246.9136,6.25,1.133,Lyn
38522,38635,"","",7.911088,-34.846713,198.8072,6.14,1.54,Pup
38526,38639,"26    Lyn","",7.911864,47.564596,257.732,5.47,1.462,Lyn
38542,38656,"","",7.91482,-57.302806,103.4126,5.62,1.298,Car
38553,38667,"","",7.916786,-52.58333,361.0108,6.36,-0.007,Car
38573,38686,"","",7.920514,-30.917643,270.2703,6.45,1.474,Pup
38599,38712,"","",7.925398,8.86284,39.0168,5.86,0.369,CMi
38609,38722,"85    Gem","",7.927749,19.88397,114.8106,5.38,-0.035,Gem
38610,38723,"","",7.92801,35.412684,58.9971,6.23,0.277,Lyn
38619,38732,"","",7.929608,-43.845054,621.118,6.02,-0.111,Pup
38670,38783,"","",7.938514,-60.526436,401.6064,5.74,1.554,Car
38679,38792,"","",7.939645,-30.28457,341.2969,6.28,1.476,Pup
38681,38794,"","",7.939974,4.485567,359.7122,6.16,0.957,CMi
38713,38827,Chi Car,"",7.946313,-52.98236,139.47,3.46,-0.177,Car
38721,38835,"11    Pup","",7.94765,-22.880119,160.0,4.2,0.718,Pup
38731,38846,"","",7.94939,-43.500411,480.7692,5.36,-0.166,Pup
38732,38845,"","",7.949396,-42.406475,235.2941,6.09,1.361,Pup
38734,38848,"1    Cnc","",7.949848,15.790281,142.8571,5.8,1.285,Cnc
38749,38863,"","",7.953544,-63.296835,142.6534,6.14,-0.103,Car
38754,38868,"","",7.954411,8.64122,103.1992,6.03,1.0,CMi
38756,38870,"","",7.954526,1.127029,61.9579,6.35,0.507,CMi
38758,38872,"","",7.955118,-44.109859,335.5705,5.08,-0.166,Pup
38765,38879,"","",7.955575,-47.890705,317.4603,6.21,-0.099,Pup
38788,38901,"","",7.961141,-30.33457,371.7472,4.76,0.151,Pup
38795,38908,"","",7.962946,-60.303072,16.2048,5.59,0.573,Car
38807,38917,"","",7.964368,-45.577669,89.2061,5.14,1.263,Pup
38814,38925,"","",7.965223,-40.784352,150.1502,6.46,0.979,Pup
38835,38945,"","",7.968304,7.21353,231.4815,6.42,-0.031,CMi
38847,38957,"","",7.970678,-49.244912,294.1176,4.47,-0.18,Pup
38849,38959,"","",7.971265,43.977374,129.199,6.36,1.043,Lyn
38852,38962,"14    CMi","",7.972404,2.224767,74.0741,5.3,0.933,CMi
38853,38963,"","",7.972624,-51.448472,144.7178,6.44,0.26,Car
38865,38975,"","",7.975409,16.51868,367.6471,6.05,1.468,Cnc
38884,38994,"","",7.98071,-60.824462,322.5806,5.77,-0.082,Car
38904,39014,"","",7.983835,-45.215844,301.2048,5.98,-0.143,Pup
38913,39023,"12    Pup","",7.984921,-23.310396,263.8522,5.09,1.111,Pup
38925,39035,"","",7.986752,-49.976851,100000.0,6.35,-0.151,Pup
38928,39038,"","",7.9871,-49.973772,100000.0,6.37,-0.089,Pup
38930,39041,"","",7.987715,-73.244171,130.039,6.33,0.128,Vol
38951,39061,"","",7.991217,-39.296944,55.5556,5.22,0.4,Pup
38957,39067,"","",7.993071,13.242166,99.8004,6.05,1.325,Cnc
38960,39070,"","",7.993762,-60.587061,301.2048,5.19,1.758,Car
38963,39073,"","",7.994469,-60.207351,325.7329,6.3,-0.05,Car
38969,39079,"27    Mon","",7.995598,-3.679583,84.246,4.93,1.205,Mon
38984,39094,"","",7.997605,36.082075,257.732,6.5,1.561,Lyn
38985,39095,"","",7.997792,-18.399228,73.9645,4.61,0.087,Pup
39007,39117,"","",8.003264,73.917919,269.5418,5.37,1.424,Cam
39012,39122,"","",8.004083,-48.981509,101.3171,6.01,0.042,Pup
39028,39138,"","",8.005547,-63.567456,153.1394,4.81,-0.173,Car
39041,39153,"","",8.008045,-48.871768,296.7359,6.13,-0.085,Pup
39062,39172,"","",8.01226,-2.881917,709.2199,6.41,-0.087,Mon
39066,39177,"3    Cnc","",8.013141,17.308703,243.309,5.6,1.317,Cnc
39069,39180,"","",8.013362,19.816216,120.4819,6.3,1.109,Cnc
39073,39184,"","",8.013875,-54.151275,235.2941,5.87,-0.134,Car
39080,39191,"2Ome1Cnc","",8.01552,25.392836,203.252,5.87,1.021,Cnc
39083,39194,"","",8.016884,23.583093,87.9507,6.34,1.16,Cnc
39087,39198,"","",8.017612,-6.419195,69.2521,6.45,0.838,Mon
39100,39211,"28    Mon","",8.020371,-1.392608,137.931,4.69,1.475,Mon
39102,39213,"","",8.020525,4.879824,94.4287,5.65,0.013,CMi
39110,39221,"","",8.022434,59.047398,46.1255,5.78,0.421,Lyn
39114,39225,"","",8.023068,-54.51553,413.2231,6.12,-0.044,Car
39124,39236,"5    Cnc","",8.02508,16.455309,165.5629,5.99,-0.024,Cnc
39127,39238,"","",8.025438,-55.454655,201.6129,6.28,-0.146,Car
39140,39251,"","",8.027091,-37.28372,175.7469,5.9,0.147,Pup
39150,39261,"53    Cam","",8.028465,60.324353,98.7167,6.02,0.158,Cam
39152,39263,"4Ome2Cnc","",8.028822,25.089465,145.9854,6.32,0.023,Cnc
39160,39271,"","",8.030758,8.913991,63.7755,6.22,0.57,CMi
39168,39279,"","",8.031996,35.413069,250.6266,6.34,1.564,Lyn
39188,39299,"","",8.035037,-37.050043,246.3054,6.31,1.599,Pup
39200,39311,"","",8.03776,2.334571,77.8816,4.39,1.252,CMi
39214,39326,"","",8.040547,-6.337135,114.8106,6.34,0.615,Mon
39229,39340,"","",8.041893,63.090306,116.144,6.09,0.58,Cam
39237,39348,"","",8.043278,57.273627,104.9318,6.48,0.649,Lyn
39249,39360,"","",8.045774,-41.309828,147.0588,5.52,-0.152,Pup
39269,39380,"","",8.051156,-32.463548,144.7178,5.83,1.225,Pup
39309,39420,"","",8.058225,-42.948327,248.139,6.28,1.008,Pup
39313,39424,Chi Gem,"",8.058634,27.794332,78.5546,4.94,1.13,Gem
39318,39429,Zet Pup,Naos,8.059737,-40.003148,332.2259,2.21,-0.269,Pup
39376,39487,"","",8.071164,-32.674829,641.0256,5.25,1.882,Pup
39403,39514,"","",8.075733,-25.699737,259.0674,6.35,1.461,Pup
39413,39524,"14    Pup","",8.078172,-19.728148,406.5041,6.12,-0.154,Pup
39416,39527,"","",8.078445,-50.590396,363.6364,5.96,1.213,Vel
39419,39530,"","",8.078593,-62.836347,367.6471,6.25,-0.093,Car
39424,39535,"","",8.079251,18.84202,107.0664,6.21,-0.042,Cnc
39427,39538,"","",8.079768,79.479612,99.0099,5.39,-0.04,Cam
39455,39566,"","",8.084363,-53.107921,117.6471,5.52,1.347,Car
39456,39567,"8    Cnc","",8.08458,13.118215,65.7895,5.14,0.018,Cnc
39473,39584,"","",8.088974,-46.978411,100000.0,6.18,-0.138,Vel
39496,39607,"","",8.093627,27.529736,294.1176,6.21,0.01,Cnc
39505,39617,"","",8.095801,-33.569435,862.069,6.15,1.098,Pup
39513,39625,"","",8.09712,-0.57332,149.4768,6.4,1.058,Mon
39547,39659,"9Mu 1Cnc","",8.10511,22.63549,228.3105,5.96,1.652,Cnc
39563,39675,"","",8.107615,-9.244457,307.6923,6.25,-0.006,Mon
39578,39690,"","",8.111206,-45.266015,427.3504,5.04,1.488,Vel
39579,39691,"","",8.111558,-48.497389,384.6154,6.34,-0.172,Vel
39610,39722,"28    Lyn","",8.119429,43.260365,193.4236,6.35,-0.02,Lyn
39618,39730,"","",8.121113,-17.368744,226.2443,6.5,1.246,Pup
39622,39734,"","",8.121678,-20.554342,473.9336,5.33,0.1,Pup
39644,39757,"15Rho Pup",Tureis,8.125737,-24.304324,19.4818,2.83,0.458,Pup
39667,39780,"10Mu 2Cnc","",8.129404,21.581816,23.2883,5.3,0.642,Cnc
39681,39794,Eps Vol,"",8.132173,-68.617062,172.4138,4.35,-0.113,Vol
39730,39843,"","",8.140179,-63.800821,250.6266,6.32,-0.058,Car
39734,39847,"27    Lyn","",8.140963,51.50667,76.6871,4.78,0.048,Lyn
39750,39863,"29Zet Mon","",8.143236,-2.983786,324.6753,4.36,0.97,Mon
39753,39866,"","",8.14379,-37.681221,840.3361,6.36,-0.054,Pup
39761,39874,"12    Cnc","",8.145124,13.640917,80.0,6.25,0.48,Cnc
39764,39876,"","",8.145439,-20.363173,581.3953,6.37,0.141,Pup
39785,39898,"","",8.149124,-11.33965,291.5452,6.31,0.011,Mon
39790,39903,"","",8.150213,-61.302429,19.98,4.74,0.437,Car
39793,39906,"16    Pup","",8.150455,-19.245014,142.6534,4.4,-0.16,Pup
39806,39919,"","",8.152641,-48.684413,280.8989,5.66,-0.101,Vel
39807,39920,"","",8.15283,-35.455015,117.9245,6.21,0.892,Pup
39825,39938,"","",8.156404,42.430609,204.499,6.26,1.263,Lyn
39829,39943,"","",8.157926,-16.248922,518.1347,5.66,-0.153,Pup
39840,39953,Gam2Vel,"",8.158876,-47.336588,342.4658,1.75,-0.145,Vel
39844,39957,"","",8.159342,-56.085384,120.7729,5.66,0.204,Car
39845,39958,"","",8.159773,29.093076,434.7826,6.47,0.804,Cnc
39848,39961,"","",8.159977,-44.122773,383.1418,5.2,-0.173,Vel
39857,39970,"","",8.161988,-47.937193,338.9831,5.23,-0.199,Vel
39861,39974,"","",8.163249,-42.640803,294.1176,6.27,-0.036,Pup
39882,39995,"","",8.167719,58.248242,263.1579,5.91,1.365,Lyn
39894,40007,"","",8.170308,25.844481,259.0674,6.44,1.42,Cnc
39903,40016,"","",8.17238,-49.237347,537.6344,6.46,-0.14,Vel
39910,40023,"14Psi Cnc","",8.174218,25.507334,41.3565,5.73,0.825,Cnc
39922,40035,"18    Pup","",8.177731,-13.799207,22.3814,5.53,0.488,Pup
39945,40058,"","",8.183024,14.629474,194.9318,6.22,0.01,Cnc
39950,40063,"","",8.183801,-37.292372,980.3922,6.42,-0.045,Pup
39964,40077,"","",8.186332,-48.461994,258.3979,5.83,-0.146,Vel
39971,40084,"19    Pup","",8.187863,-12.926999,54.1712,4.72,0.939,Pup
39972,40085,"","",8.187944,9.82123,268.8172,6.08,-0.104,Cnc
39973,40086,"","",8.18835,54.540238,166.113,6.48,0.94,Lyn
39978,40091,"","",8.189304,-39.618545,520.8333,4.44,1.59,Pup
39983,40096,"","",8.190526,-42.987278,100000.0,4.73,0.164,Pup
39994,40107,"","",8.192501,-7.772539,89.1266,5.36,0.892,Hya
40042,40155,"","",8.199991,-46.644351,751.8797,5.77,0.626,Vel
40047,40160,"","",8.201683,-43.40044,100000.0,6.48,1.704,Vel
40054,40167,"16Zet2Cnc",Tegmine,8.203535,17.647771,25.0815,4.67,0.531,Cnc
40070,40183,"","",8.208554,-46.264285,320.5128,6.0,-0.113,Vel
40101,40215,"","",8.213552,68.474072,230.4147,5.34,1.037,UMa
40106,40220,"","",8.214321,-37.92447,181.8182,6.4,0.108,Pup
40117,40231,"","",8.216592,16.51432,147.4926,6.03,0.89,Cnc
40126,40240,"15    Cnc","",8.21913,29.656536,209.6436,5.62,-0.073,Cnc
40145,40259,"20    Pup","",8.222213,-15.788221,266.6667,4.99,1.066,Pup
40149,40263,"","",8.222715,-1.165885,152.9052,6.48,0.918,Hya
40159,40274,"","",8.224866,-35.899518,284.9003,4.78,-0.11,Pup
40167,40282,"","",8.226178,-50.196072,221.2389,5.52,1.651,Vel
40170,40285,"","",8.22671,-46.991628,416.6667,5.14,-0.139,Vel
40176,40291,"","",8.228075,-33.569528,120.3369,6.38,1.141,Pup
40184,40299,"","",8.229348,-46.578684,392.1569,6.49,-0.159,Vel
40190,40305,"","",8.230607,56.452246,176.0563,5.88,1.016,Lyn
40206,40321,"","",8.232865,-36.322281,311.5265,5.09,-0.184,Pup
40209,40324,"","",8.232972,-36.340777,352.1127,6.11,-0.185,Pup
40211,40326,"","",8.234143,-40.34789,91.4913,4.42,1.17,Pup
40226,40341,"","",8.236399,-32.140711,694.4444,6.07,-0.159,Pup
40227,40342,"","",8.236428,17.675955,94.9668,6.47,0.331,Cnc
40229,40344,"","",8.237017,-35.490019,68.8705,5.77,1.024,Pup
40239,40354,"","",8.239165,13.048296,364.9635,6.39,1.034,Cnc
40242,40357,"","",8.239965,-45.834522,362.3188,5.86,-0.176,Vel
40282,40397,"","",8.247567,-46.485892,617.284,6.45,-0.149,Vel
40314,40429,"","",8.254427,-62.915643,77.5194,5.16,0.086,Car
40318,40433,"","",8.256461,-50.449222,248.7562,6.44,1.52,Vel
40359,40474,"","",8.264031,60.380602,151.2859,6.43,0.21,UMa
40361,40476,"","",8.264596,-30.925944,97.8474,6.22,0.777,Pup
40369,40485,"","",8.26634,-35.903191,507.6142,6.15,1.549,Pup
40411,40526,"17Bet Cnc",Tarf,8.275256,9.185545,93.0233,3.53,1.481,Cnc
40444,40559,"","",8.281654,84.057642,147.2754,6.45,0.052,Cam
40489,40604,"21    Pup","",8.289759,-16.285111,273.9726,6.32,0.057,Pup
40502,40617,"","",8.292125,8.86631,269.5418,6.28,0.98,Cnc
40524,40639,"","",8.296153,-36.067591,961.5385,6.42,1.446,Pup
40531,40646,"29    Lyn","",8.297338,59.571133,91.8274,5.63,0.182,Lyn
40540,40655,"","",8.298823,-59.166825,74.184,6.47,0.397,Car
40541,40656,"","",8.299522,-30.003697,138.5042,6.43,1.04,Pup
40560,40675,"","",8.304006,15.67792,143.8849,6.42,1.018,Cnc
40562,40677,"","",8.304388,54.143696,258.3979,6.26,1.558,Lyn
40563,40678,"","",8.304832,-35.451703,126.2626,5.59,1.246,Pup
40565,40680,"","",8.305219,-65.613192,91.0747,5.06,1.129,Vol
40578,40693,"","",8.306651,-12.632173,12.4938,5.95,0.754,Pup
40587,40702,Alp Cha,"",8.308703,-76.919722,19.5618,4.05,0.413,Cha
40591,40706,"","",8.309258,-36.659288,28.6287,4.44,0.222,Pup
40634,40749,"","",8.318219,-48.197853,288.1844,6.45,-0.131,Vel
40651,40766,"","",8.320856,-10.165754,105.9322,6.31,0.329,Hya
40657,40772,"","",8.321437,62.507159,141.6431,5.73,0.891,UMa
40672,40787,"","",8.324865,-34.590137,235.2941,6.44,-0.079,Pup
40679,40793,"","",8.32562,75.756907,85.9845,5.55,0.902,Cam
40701,40817,Kap1Vol,"",8.330274,-71.514906,133.3333,5.33,-0.063,Vol
40703,40818,"","",8.330518,3.948032,168.6341,6.04,0.964,Hya
40718,40834,Kap2Vol,"",8.333486,-71.505377,128.3697,5.63,-0.099,Vol
40728,40843,"18Chi Cnc","",8.334406,27.217707,18.2715,5.13,0.487,Cnc
40743,40858,"","",8.336944,-0.909314,39.4945,6.18,0.607,Hya
40744,40859,"","",8.338061,-5.32993,211.4165,6.12,1.329,Hya
40751,40866,"","",8.339158,20.747721,172.7116,5.8,1.137,Cnc
40760,40875,"30    Lyn","",8.340564,57.743278,32.352,5.89,0.421,Lyn
40761,40876,"","",8.34093,-22.92468,220.2643,6.12,1.039,Pup
40763,40878,"","",8.341423,53.574092,59.3824,6.5,0.3,Lyn
40766,40881,"19Lam Cnc",Piautos,8.34226,24.022314,140.2525,5.92,-0.039,Cnc
40773,40888,The Cha,"",8.344115,-77.484477,47.619,4.34,1.161,Cha
40774,40889,"","",8.344533,72.407232,248.7562,6.0,1.537,UMa
40811,40926,"","",8.352123,-64.106002,143.2665,6.11,0.93,Car
40817,40932,"","",8.353361,-57.97322,543.4783,5.96,-0.092,Car
40828,40943,"","",8.355846,-36.484177,456.621,5.18,-0.187,Pup
40829,40944,"","",8.355895,-20.079058,173.913,5.58,0.771,Pup
40830,40945,"","",8.356397,-33.054366,308.642,4.83,1.419,Pup
40832,40947,"","",8.356718,-39.620714,65.9196,6.15,0.172,Pup
40875,40990,"","",8.365169,-17.586334,95.2381,5.71,1.05,Pup
40888,41003,Eta Vol,"",8.367918,-73.399985,116.8224,5.28,0.014,Vol
40896,41011,"","",8.369314,74.820364,143.472,6.4,1.022,Cam
40920,41036,"","",8.375046,-6.179158,72.8863,6.14,0.227,Hya
40921,41037,Eps Car,Avior,8.375236,-59.509483,185.5288,1.86,1.196,Car
40922,41039,"","",8.375471,-48.490381,526.3158,4.79,-0.146,Vel
40944,41060,"","",8.378907,60.631236,119.9041,6.42,0.969,UMa
40951,41067,"22    Pup","",8.37968,-13.054793,126.1034,6.13,0.997,Pup
40958,41074,"","",8.380538,-26.34822,100000.0,5.88,0.379,Pup
40959,41075,"31    Lyn",Alsciaukat,8.380588,43.188131,117.2333,4.25,1.55,Lyn
40964,41080,"","",8.381693,-7.54312,395.2569,5.92,1.635,Hya
40965,41081,"","",8.381991,-52.12373,70.028,5.89,0.018,Vel
40991,41107,"","",8.388037,-38.286079,334.4482,6.28,1.613,Pup
41000,41117,"20    Cnc","",8.3894,18.3322,117.7856,5.94,0.175,Cnc
41035,41152,"","",8.396809,53.219712,50.4286,5.52,0.125,Lyn
41046,41163,"21    Cnc","",8.39867,10.632063,272.4796,6.11,1.507,Cnc
41074,41191,"","",8.405637,-80.914202,75.8725,5.67,1.018,Cha
41091,41208,"","",8.409193,82.430759,186.2197,6.28,0.035,Cam
41094,41211,"1    Hya","",8.409726,-3.75124,26.617,5.61,0.478,Hya
41097,41214,"","",8.410121,-4.717,63.3714,6.03,0.46,Hya
41107,41224,"","",8.411881,42.005242,294.9853,6.02,1.591,Lyn
41125,41242,"","",8.415328,-23.153745,173.0104,5.67,0.066,Pup
41133,41250,"","",8.415891,-42.769834,549.4505,5.97,-0.159,Pup
41143,41260,"","",8.417706,-24.046212,143.472,5.32,1.476,Pup
41145,41262,"","",8.418024,35.011409,267.3797,6.08,1.261,Lyn
41165,41282,"","",8.421945,-21.045956,35.1617,6.01,0.402,Pup
41179,41296,"","",8.42537,-51.727415,213.2196,5.18,-0.164,Vel
41182,41299,"","",8.426538,2.102209,273.9726,5.74,1.528,Hya
41189,41306,"","",8.427601,-17.439405,215.5172,6.44,1.234,Pup
41190,41307,"","",8.427676,-3.906424,37.5094,3.91,-0.012,Hya
41195,41312,Bet Vol,"",8.428951,-66.13689,32.9707,3.77,1.132,Vol
41203,41319,"25    Cnc","",8.430523,17.046267,44.9438,6.11,0.448,Cnc
41205,41321,"","",8.431002,-64.600618,112.3596,5.95,0.971,Vol
41207,41323,"","",8.431087,-42.153072,220.2643,5.45,-0.142,Pup
41209,41325,"","",8.43188,7.564506,121.0654,5.13,0.934,Cnc
41212,41328,"","",8.432108,-14.929661,110.9878,5.96,0.167,Pup
41245,41361,"","",8.438259,-39.058956,171.8213,6.07,-0.009,Pup
41257,41373,"","",8.440339,-52.8075,69.4444,6.05,0.062,Vel
41259,41375,"2    Hya","",8.440891,-3.987479,50.025,5.6,0.218,Hya
41261,41377,"22Phi1Cnc","",8.44103,27.893583,114.4165,5.58,1.421,Cnc
41279,41395,"","",8.444987,-12.534602,84.317,5.52,1.167,Pup
41283,41400,"27    Cnc","",8.445539,12.654612,276.2431,5.56,1.608,Cnc
41288,41404,"23Phi2Cnc","",8.446408,26.935489,84.5309,6.3,0.187,Cnc
41308,41426,"","",8.449383,-52.70495,54.0541,6.49,0.419,Vel
41331,41449,"","",8.454561,-31.672734,184.5018,6.33,0.897,Pyx
41333,41451,"","",8.45466,-70.093482,85.6898,5.51,-0.024,Vol
41365,41483,"","",8.46017,-53.08848,61.0501,5.08,0.256,Vel
41366,41484,"","",8.460219,45.652987,22.2519,6.32,0.624,Lyn
41397,41515,"","",8.466506,-35.113761,284.9003,5.75,-0.151,Pyx
41429,41547,"","",8.472163,-8.81628,253.1646,6.43,1.197,Hya
41446,41564,"","",8.474765,-2.517126,74.5712,6.42,0.332,Hya
41455,41572,"","",8.476678,-23.070981,162.8664,6.5,0.06,Pyx
41456,41574,"28    Cnc","",8.476884,24.144934,136.612,6.05,0.246,Cnc
41460,41578,"29    Cnc","",8.477039,14.210822,105.2632,5.94,0.201,Cnc
41479,41597,"","",8.480834,-9.748582,448.4305,6.01,0.427,Hya
41498,41616,"","",8.484654,-47.928923,653.5948,5.33,-0.14,Vel
41503,41621,"","",8.485436,-44.160413,438.5965,5.82,-0.16,Vel
41521,41639,"","",8.490968,-44.724812,800.0,5.03,-0.168,Vel
41526,41644,"","",8.491613,-54.211761,223.7136,6.44,-0.108,Car
41534,41653,"","",8.493442,-55.190936,193.4236,6.36,0.799,Car
41556,41674,"","",8.496011,-46.331693,176.6784,5.98,-0.127,Vel
41558,41676,"","",8.496182,67.297441,98.0392,5.89,0.972,UMa
41586,41704,"1Omi UMa",Muscida,8.504431,60.718169,54.9149,3.35,0.856,UMa
41605,41723,"","",8.507948,-32.159285,323.6246,5.61,1.509,Pyx
41619,41737,"","",8.510898,-44.73732,606.0606,6.3,-0.007,Vel
41663,41781,"","",8.51962,-47.86662,364.9635,6.39,-0.147,Vel
41680,41798,"","",8.522213,37.264942,253.1646,6.18,-0.039,Lyn
41689,41806,"","",8.523527,-39.06411,460.8295,6.31,-0.133,Vel
41695,41813,"","",8.524883,-54.39401,157.4803,6.34,1.298,Vel
41697,41816,"30Ups1Cnc","",8.525145,24.081105,76.6284,5.71,0.327,Cnc
41699,41817,"","",8.525257,-19.577462,105.8201,5.42,-0.061,Pyx
41704,41822,"31The Cnc","",8.526592,18.09442,127.2265,5.33,1.567,Cnc
41715,41833,"","",8.528138,18.987732,242.7184,6.5,1.496,Cnc
41743,41861,"","",8.534712,-53.21192,229.8851,5.68,0.582,Vel
41774,41893,"","",8.5426,-15.030143,83.682,6.38,0.275,Hya
41775,41894,"","",8.542623,53.114848,58.072,6.23,1.008,Lyn
41785,41904,"34    Cnc","",8.544409,10.066008,165.2893,6.48,-0.007,Cnc
41786,41905,"","",8.544585,-47.042108,231.4815,6.49,1.293,Vel
41788,41907,"","",8.544957,-73.35679,121.2121,6.11,0.946,Vol
41790,41909,"33Eta Cnc","",8.545139,20.441162,91.4913,5.33,1.252,Cnc
41807,41926,"","",8.547669,-31.500853,12.2085,6.38,0.78,Pyx
41808,41927,"","",8.548135,69.319901,167.2241,6.31,1.36,UMa
41816,41935,"","",8.54861,38.016368,74.7943,5.88,1.106,Lyn
41820,41939,"","",8.549584,-34.634039,127.0648,6.36,0.951,Pyx
41821,41940,"32Ups2Cnc","",8.55003,24.08479,170.3578,6.35,1.032,Cnc
41822,41941,"","",8.550517,-45.752906,581.3953,6.36,-0.119,Vel
41831,41949,"","",8.551346,-24.60696,72.6216,6.19,0.27,Pyx
41851,41970,"","",8.555517,-38.370676,469.4836,6.48,-0.153,Vel
41857,41975,"32    Lyn","",8.556042,36.436429,37.092,6.2,0.402,Lyn
41867,41986,"","",8.55841,-46.970661,684.9315,6.25,1.56,Vel
41882,42001,"","",8.560676,-38.848815,255.7545,5.92,-0.114,Vel
41889,42008,"","",8.562077,4.757,505.0505,5.89,1.066,Hya
41891,42010,"","",8.562513,13.257311,105.042,6.26,1.179,Cnc
41909,42028,"","",8.567116,-2.151555,90.3342,5.8,0.007,Hya
41930,42049,"","",8.570375,8.452339,57.7367,6.04,0.332,Cnc
41951,42070,"","",8.574793,-37.611169,408.1633,6.28,1.562,Vel
41952,42071,"","",8.574918,-27.098161,251.8892,6.4,1.429,Pyx
41956,42075,"","",8.57554,-32.598744,67.2948,6.41,0.752,Pyx
41961,42080,"2    UMa","",8.576711,65.14517,46.7508,5.47,0.207,UMa
41969,42088,"","",8.578778,-49.944203,260.4167,5.01,1.304,Vel
41970,42090,"33    Lyn","",8.578858,36.419619,108.8139,5.76,0.051,Lyn
42004,42123,"","",8.586812,-39.970452,36.4431,6.44,0.578,Vel
42010,42129,"","",8.587658,-58.224735,274.7253,5.27,-0.133,Car
42015,42134,"","",8.5888,-58.009228,68.0735,4.84,0.981,Car
42023,42142,"","",8.590266,2.743449,160.5136,6.35,1.023,Hya
42027,42146,"3    Hya","",8.591166,-7.982292,92.8505,5.72,-0.004,Hya
42028,42147,"","",8.591307,-26.843487,179.5332,5.95,0.393,Pyx
42053,42172,"","",8.597493,6.62022,25.1256,5.91,0.53,Cnc
42058,42177,"","",8.597787,-50.969651,136.7989,5.79,-0.132,Vel
42068,42187,"","",8.602142,15.313632,77.7605,6.33,0.338,Cnc
42130,42249,"","",8.613547,74.723677,75.7002,6.31,0.308,Cam
42146,42265,"36    Cnc","",8.61827,9.65558,149.7006,5.92,0.083,Cnc
42168,42286,"","",8.6219,-62.853465,103.6269,5.45,1.013,Car
42180,42299,"","",8.624215,-4.933999,127.551,6.18,1.054,Hya
42193,42312,"","",8.627399,-42.989081,558.6592,4.11,0.109,Vel
42195,42313,"4Del Hya","",8.627602,5.703782,49.1642,4.14,0.003,Hya
42215,42334,Eta Pyx,"",8.631154,-26.255,71.0732,5.24,-0.03,Pyx
42246,42365,"","",8.638607,32.802021,124.6883,5.96,1.111,Cnc
42253,42372,"","",8.639504,53.401539,81.6993,5.66,0.964,UMa
42275,42394,"","",8.644526,-19.736904,361.0108,6.32,1.592,Pyx
42281,42400,"","",8.645782,-53.090381,160.5136,6.45,-0.1,Vel
42283,42402,"5Sig Hya",Minchir,8.645955,3.341435,114.2857,4.45,1.216,Hya
42296,42415,"","",8.649972,52.925079,226.2443,6.34,1.319,UMa
42306,42425,The Vol,"",8.651428,-70.386745,73.6377,5.19,0.013,Vol
42311,42430,"","",8.652198,-22.661875,19.3986,5.05,0.72,Pyx
42315,42434,"","",8.652802,59.939126,127.551,6.47,0.035,UMa
42319,42438,"3Pi 1UMa","",8.653257,65.020907,14.3554,5.63,0.618,UMa
42321,42440,"","",8.653672,-60.317289,136.9863,6.35,-0.002,Car
42333,42452,"","",8.654898,52.711623,160.0,5.91,1.167,UMa
42336,42455,"","",8.656144,-36.606685,37.8501,6.12,0.426,Pyx
42341,42459,"","",8.656626,-53.439767,136.4256,5.45,-0.132,Vel
42343,42462,"","",8.656821,8.0176,101.9368,6.46,1.08,Cnc
42364,42483,Zet Pyx,"",8.661799,-29.561084,74.9064,4.86,0.9,Pyx
42365,42484,"","",8.661841,73.629678,113.3787,6.16,1.017,Cam
42385,42504,"","",8.666002,-53.054729,135.6852,5.18,-0.147,Vel
42390,42509,"6    Hya","",8.667076,-12.475372,119.0476,4.98,1.415,Hya
42396,42515,Bet Pyx,"",8.668373,-35.308352,127.551,3.97,0.936,Pyx
42397,42516,"39    Cnc","",8.66845,20.007788,186.5672,6.39,0.98,Cnc
42408,42527,"4Pi 2UMa","",8.67024,64.327936,78.4929,4.59,1.179,UMa
42415,42535,"","",8.671521,-53.015398,147.2754,5.56,-0.125,Vel
42416,42536,"","",8.671554,-52.921887,151.2859,3.6,-0.168,Vel
42419,42538,"","",8.671748,31.941898,123.9157,6.21,0.401,Cnc
42421,42540,"","",8.671996,-40.263875,85.6164,5.2,-0.027,Vel
42429,42549,"","",8.672802,19.669938,218.3406,6.42,1.02,Cnc
42437,42556,"41Eps Cnc",Meleph,8.67417,19.544808,179.8561,6.29,0.17,Cnc
42445,42564,"","",8.676461,-45.191103,295.858,5.67,1.664,Vel
42449,42568,"","",8.676953,-59.761003,442.4779,4.31,-0.117,Car
42452,42570,"","",8.677103,-46.648744,100000.0,3.77,0.67,Vel
42460,42579,"","",8.678761,-57.54549,67.1592,6.34,0.208,Car
42485,42604,"34    Lyn","",8.683629,45.83401,55.2792,5.35,0.993,Lyn
42495,42614,"","",8.684812,-48.92268,606.0606,5.9,-0.186,Vel
42505,42624,"","",8.686982,-47.317125,781.25,4.74,0.137,Vel
42518,42637,Eta Cha,"",8.688773,-78.963359,94.9668,5.46,-0.101,Cha
42543,42662,"9    Hya","",8.695371,-15.943384,64.9351,4.87,1.063,Hya
42560,42679,"","",8.699142,-45.410714,100000.0,5.2,0.171,Vel
42583,42701,"","",8.702726,-11.966008,94.9668,6.46,0.16,Hya
42593,42712,"","",8.704498,-48.09909,100000.0,5.48,-0.172,Vel
42596,42715,"","",8.705278,-53.100056,153.1394,5.49,-0.127,Vel
42598,42717,"","",8.705793,-55.774557,99.7009,6.26,1.178,Car
42607,42726,"","",8.707054,-53.113984,148.5884,4.83,-0.173,Vel
42656,42775,"","",8.715833,-35.943301,132.1004,6.42,0.019,Pyx
42658,42777,"","",8.716713,46.900845,126.7427,6.21,0.981,UMa
42675,42794,"","",8.720081,-79.070082,92.8505,6.05,0.229,Cha
42676,42795,"45    Cnc","",8.720091,12.680876,284.0909,5.62,0.435,Cnc
42680,42799,"7Eta Hya","",8.72041,3.398662,179.8561,4.3,-0.192,Hya
42687,42806,"43Gam Cnc",Asellus Borealis,8.721431,21.468501,55.5556,4.66,0.01,Cnc
42709,42828,Alp Pyx,"",8.726539,-33.186385,269.5418,3.68,-0.18,Pyx
42715,42834,"","",8.727854,-49.822802,568.1818,5.15,-0.197,Vel
42716,42835,"","",8.727882,-7.23373,235.8491,4.63,0.84,Hya
42731,42850,"","",8.731758,-68.21158,285.7143,6.33,1.501,Vol
42735,42854,"","",8.733272,4.334558,303.9514,6.37,-0.04,Hya
42765,42884,"","",8.739987,-42.649276,70.1754,4.05,0.874,Vel
42776,42895,"","",8.74167,-65.825429,58.6166,6.03,0.217,Vol
42792,42911,"47Del Cnc",Asellus Australis,8.74475,18.154309,40.032,3.94,1.083,Cnc
42794,42913,Del Vel,Alsephina,8.745059,-54.708821,24.6975,1.93,0.043,Vel
42798,42917,"49    Cnc","",8.745844,10.08167,129.7017,5.63,-0.069,Cnc
42804,42923,"","",8.747758,-37.147249,485.4369,5.74,-0.139,Pyx
42809,42928,"","",8.748653,-21.167826,84.3882,6.1,0.195,Pyx
42812,42931,"10    Hya","",8.750356,5.680588,64.5578,6.13,0.2,Hya
42817,42936,"","",8.751541,-58.724319,262.4672,6.2,-0.083,Car
42833,42951,"","",8.755769,-2.601062,61.7665,6.41,0.521,Hya
42835,42954,"46    Cnc","",8.755951,30.697752,181.1594,6.12,0.935,Cnc
42862,42981,"","",8.759685,4.664376,163.3987,6.45,1.228,Hya
42883,43002,"","",8.76369,-25.388088,103.8422,6.07,0.084,Pyx
42893,43012,"","",8.765339,-79.504373,152.9052,5.79,1.595,Cha
42904,43023,"","",8.767124,-46.041527,568.1818,3.87,0.015,Vel
42907,43026,"","",8.767354,-2.048655,92.5926,5.7,1.097,Hya
42916,43035,"","",8.768576,-11.006768,306.7485,6.22,1.608,Hya
42948,43067,"12    Hya","",8.772927,-13.54772,75.1315,4.32,0.9,Hya
42954,43073,"","",8.773267,-41.125389,219.7802,6.21,-0.05,Vel
42963,43082,"","",8.775152,-45.912504,100000.0,5.43,0.238,Vel
42984,43103,"48Iot Cnc","",8.778284,28.759898,101.5228,4.03,1.007,Cnc
42986,43105,"","",8.778487,-56.769776,185.5288,4.5,-0.169,Car
42990,43109,"11Eps Hya",Ashlesha,8.779587,6.418809,39.6354,3.38,0.685,Hya
42995,43114,"","",8.780345,-34.622945,384.6154,6.33,-0.127,Pyx
43002,43121,"50    Cnc","",8.782227,12.109952,53.9665,5.89,0.12,Cnc
43023,43142,"","",8.787496,-1.897033,123.1527,5.28,0.058,Hya
43029,43148,"","",8.788568,-46.155415,100000.0,5.71,0.554,Vel
43033,43152,"","",8.789297,-17.052878,189.0359,6.48,0.679,Hya
43057,43177,"","",8.794554,-41.736792,29.146,6.35,0.578,Vel
43075,43195,"","",8.800064,-52.850151,141.844,6.29,-0.097,Vel
43084,43204,"","",8.801355,-6.558839,215.9827,6.09,1.282,Hya
43089,43209,"","",8.802438,-42.463446,483.0918,6.43,-0.178,Vel
43095,43215,"","",8.804063,-28.6388,213.6752,6.42,1.364,Pyx
43113,43234,"13Rho Hya","",8.807214,5.837812,108.5776,4.35,-0.044,Hya
43126,43246,"","",8.810403,-1.044836,170.9402,6.42,1.142,Hya
43146,43266,"","",8.813686,66.708083,153.1394,6.2,-0.106,UMa
43184,43305,"14    Hya","",8.822702,-3.443023,138.1215,5.3,-0.08,Hya
43204,43325,"","",8.827545,-40.320158,387.5969,5.47,0.066,Vel
43216,43338,"","",8.829151,-21.04844,78.4929,6.48,0.256,Pyx
43224,43347,"","",8.8299,-45.307875,340.1361,4.94,0.043,Vel
43228,43351,"","",8.830593,-72.55124,625.0,6.1,0.185,Vol
43229,43352,"","",8.830972,-32.780525,68.6342,5.19,0.876,Pyx
43231,43354,"","",8.831212,-39.141603,76.0456,6.38,0.249,Vel
43247,43370,"","",8.833953,-29.462997,230.4147,5.86,0.948,Pyx
43269,43392,"","",8.839172,-42.089791,769.2308,6.0,-0.114,Vel
43271,43394,"","",8.839344,-28.617619,115.2074,6.17,-0.055,Pyx
43286,43409,Gam Pyx,"",8.842204,-27.709844,63.5728,4.02,1.272,Pyx
43287,43410,"","",8.842286,33.285052,28.3527,6.22,0.549,Lyn
43290,43413,"","",8.842628,-46.529187,100000.0,5.09,-0.205,Vel
43291,43414,"","",8.842982,-66.792981,51.9211,5.34,0.423,Vol
43305,43427,"","",8.845868,18.832183,289.0173,6.41,0.009,Cnc
43331,43454,"54    Cnc","",8.850407,15.350651,38.3142,6.36,0.669,Cnc
43373,43496,"15    Hya","",8.859559,-7.177226,136.7989,5.55,0.15,Hya
43376,43499,"","",8.860145,-57.633577,226.2443,5.59,-0.102,Car
43397,43520,"","",8.863899,-44.150931,515.4639,6.38,-0.15,Vel
43405,43528,"","",8.865443,-40.986584,323.6246,6.49,-0.106,Vel
43408,43531,"35    Lyn","",8.865787,43.726603,81.2348,5.15,0.971,Lyn
43427,43550,"","",8.869453,42.002735,161.5509,5.98,1.251,Lyn
43430,43553,"","",8.869936,45.312819,164.7446,5.96,1.233,Lyn
43447,43570,"","",8.873384,5.340311,309.5975,6.34,0.122,Hya
43450,43573,"","",8.873927,-32.509322,235.2941,6.49,1.451,Pyx
43452,43575,"53    Cnc","",8.874608,28.259159,271.7391,6.25,1.552,Cnc
43457,43580,"","",8.875212,-13.232942,103.9501,6.12,1.142,Hya
43461,43584,"51Sig1Cnc","",8.876284,32.474157,64.4745,5.67,0.224,Cnc
43464,43587,"55Rho1Cnc",Copernicus,8.876625,28.330819,12.3411,5.96,0.869,Cnc
43466,43589,"","",8.877391,-48.359097,318.4713,5.92,-0.148,Vel
43467,43590,"","",8.877416,-36.545342,352.1127,6.41,0.549,Pyx
43470,43593,"","",8.878005,-52.128906,124.0695,6.39,0.003,Vel
43480,43603,"","",8.880005,-38.724086,214.1328,5.79,1.508,Vel
43497,43620,"","",8.884386,-56.649485,92.4214,6.02,-0.023,Car
43500,43623,"","",8.88481,-16.952471,139.0821,6.43,1.082,Hya
43501,43624,"","",8.884983,59.05614,60.5694,6.35,0.414,UMa
43521,43644,"5    UMa","",8.889601,61.962268,88.8099,5.72,0.305,UMa
43546,43669,"","",8.896851,-60.353909,440.5286,5.78,-0.088,Car
43548,43671,"","",8.897388,-47.520778,77.2798,5.31,0.275,Vel
43550,43673,"","",8.897433,-40.447542,373.1343,6.42,0.96,Vel
43562,43685,"","",8.898801,35.538294,241.5459,6.14,0.059,Lyn
43597,43721,"57    Cnc","",8.904091,30.579115,141.4427,5.4,1.05,Cnc
43602,43726,"","",8.904986,-5.434459,17.3853,6.01,0.661,Hya
43639,43763,"","",8.915011,-58.239658,218.3406,6.36,-0.086,Car
43659,43783,"","",8.917457,-60.644609,98.0392,3.84,-0.104,Car
43673,43797,"","",8.919936,-54.965768,24.1546,5.7,0.481,Vel
43674,43798,"","",8.920119,-18.241189,136.7989,5.75,1.327,Hya
43683,43807,"","",8.922002,-45.04167,370.3704,6.26,-0.152,Vel
43687,43811,"","",8.923022,17.231276,342.4658,6.28,2.975,Cnc
43689,43813,"16Zet Hya","",8.92323,5.945563,51.2558,3.11,0.978,Hya
43697,43822,"17    Hya","",8.924891,-7.971153,88.4956,6.07,0.22,Hya
43700,43825,Del Pyx,"",8.925434,-27.681871,75.815,4.87,0.142,Pyx
43709,43834,"58Rho2Cnc","",8.927689,27.927481,149.2537,5.23,1.0,Cnc
43725,43850,"","",8.931802,-15.439536,250.6266,6.47,1.393,Hya
43726,43851,"60    Cnc","",8.932097,11.626023,213.2196,5.44,1.462,Cnc
43728,43853,"","",8.932196,-23.818303,71.6332,6.39,0.157,Pyx
43754,43878,"","",8.938686,-52.723475,108.3424,4.68,-0.115,Vel
43769,43894,"","",8.941814,40.201474,72.2022,5.9,0.378,Lyn
43774,43899,"","",8.942813,-16.708748,221.7295,5.95,1.544,Hya
43777,43902,"","",8.943622,4.236581,434.7826,6.13,1.001,Hya
43778,43903,"6    UMa","",8.943741,64.603831,94.0734,5.57,0.877,UMa
43783,43908,Zet Oct,"",8.944949,-85.663152,49.7512,5.43,0.306,Oct
43798,43923,"","",8.947218,45.631646,70.7214,5.72,1.125,Lyn
43807,43932,"59Sig2Cnc","",8.949056,32.91043,59.5593,5.44,0.181,Cnc
43812,43937,"","",8.949562,-59.229338,206.6116,4.93,-0.182,Car
43831,43957,"","",8.9523,17.143751,107.0664,6.17,1.001,Cnc
43844,43970,"62Omi1Cnc","",8.954152,15.322762,45.7247,5.22,0.149,Cnc
43876,44001,"63Omi2Cnc","",8.959777,15.581281,46.1255,5.68,0.209,Cnc
43884,44010,"","",8.961673,9.387764,264.5503,6.19,0.984,Cnc
43898,44024,"","",8.965434,-48.57291,317.4603,5.88,1.06,Vel
43905,44031,"61    Cnc","",8.966295,30.233826,55.5247,6.25,0.474,Cnc
43939,44066,"65Alp Cnc",Acubens,8.974784,11.857701,57.7367,4.26,0.141,Cnc
43948,44075,"","",8.978869,-16.132727,21.0349,5.8,0.521,Hya
43966,44093,"","",8.981216,-47.234688,68.918,5.17,0.268,Vel
43999,44126,"","",8.986314,18.134867,187.9699,6.3,1.511,Cnc
44000,44127,"9Iot UMa",Talitha,8.986828,48.041826,14.5096,3.12,0.223,UMa
44003,44130,"","",8.987729,-28.806017,167.2241,6.24,0.997,Pyx
44016,44143,"","",8.990078,-59.083712,26.4201,5.17,0.417,Car
44021,44148,"","",8.990801,13.074391,421.9409,6.49,1.462,Cnc
44027,44154,"64Sig3Cnc","",8.992405,32.418559,90.6618,5.23,0.913,Cnc
44035,44162,"","",8.994421,-19.208036,39.2619,6.19,0.461,Hya
44064,44191,"","",9.001505,-41.253605,64.5161,4.45,0.646,Vel
44086,44213,"","",9.006183,-43.173991,320.5128,6.04,-0.154,Vel
44103,44231,"","",9.008556,37.604353,371.7472,6.21,1.572,Lyn
44120,44248,"","",9.010685,41.782911,16.0694,3.96,0.463,Lyn
44128,44256,"","",9.012707,-60.963828,401.6064,5.8,1.211,Car
44155,44283,"","",9.019027,-68.683916,216.9197,5.89,1.634,Vol
44161,44290,"","",9.019838,-26.663716,108.1081,6.2,1.137,Pyx
44171,44299,"","",9.022462,-41.864254,131.5789,5.56,-0.135,Vel
44179,44307,"66    Cnc","",9.023369,32.252296,143.0615,5.89,0.088,Cnc
44188,44315,"","",9.025385,5.640986,318.4713,6.08,1.111,Hya
44203,44331,"","",9.027991,39.713518,76.1615,6.39,0.314,Lyn
44209,44337,"","",9.029046,-52.188685,112.9944,5.23,-0.12,Vel
44214,44342,"67    Cnc","",9.030234,27.902593,58.0046,6.07,0.243,Cnc
44228,44356,"","",9.032774,-0.482673,150.3759,5.64,1.163,Hya
44239,44367,"","",9.03511,-39.402164,122.549,6.25,1.0,Vel
44254,44382,Alp Vol,"",9.040777,-66.396076,38.2995,4.0,0.145,Vol
44262,44390,"8Rho UMa","",9.04242,67.629619,96.432,4.74,1.542,UMa
44277,44405,"69Nu  Cnc","",9.045629,24.452915,120.3369,5.45,-0.041,Cnc
44278,44406,"","",9.045783,7.298267,194.1748,5.85,1.1,Cnc
44295,44423,"","",9.051483,-53.550372,260.4167,6.39,-0.074,Vel
44343,44471,"12Kap UMa",Alkaphrah,9.060427,47.156525,109.8901,3.57,0.007,UMa
44376,44504,"","",9.066778,54.283887,119.6172,5.74,0.034,UMa
44381,44509,"","",9.068273,-47.44145,358.4229,6.46,-0.155,Vel
44383,44511,"","",9.069248,-47.097737,91.8274,3.75,1.174,Vel
44436,44565,"","",9.079995,-57.852573,307.6923,6.43,0.288,Car
44446,44574,"","",9.081968,32.376833,72.8332,6.46,0.241,Cnc
44471,44599,"","",9.085785,-72.602705,122.8501,4.47,0.607,Car
44485,44613,"","",9.090028,48.530314,97.0874,5.48,0.475,UMa
44498,44626,"","",9.093994,-70.538497,296.7359,4.66,-0.149,Car
44531,44659,"18Ome Hya","",9.099546,5.092316,274.7253,4.99,1.189,Hya
44537,44665,"","",9.102117,-64.499849,165.8375,6.37,1.361,Car
44572,44700,"","",9.108825,38.452215,250.6266,4.56,1.037,Lyn
44580,44708,"","",9.109454,-55.802411,334.4482,6.1,-0.132,Vel
44589,44717,"","",9.111986,59.34452,421.9409,6.44,0.045,UMa
44610,44738,"","",9.11665,1.462694,249.3766,6.16,1.648,Hya
44640,44768,"","",9.124143,22.980872,58.1734,6.39,0.453,Cnc
44670,44798,"76Kap Cnc","",9.129115,10.668191,162.8664,5.23,-0.092,Cnc
44689,44816,Lam Vel,Suhail,9.133268,-43.432589,166.9449,2.23,1.665,Vel
44690,44818,"72Tau Cnc","",9.133348,29.654235,83.8926,5.42,0.888,Cnc
44696,44824,Kap Pyx,"",9.134133,-25.858536,171.8213,4.62,1.594,Pyx
44697,44825,"","",9.13449,32.540399,106.7236,6.47,0.375,Cnc
44728,44857,"11Sig1UMa","",9.139867,66.873235,159.7444,5.15,1.514,UMa
44755,44883,"19    Hya","",9.14505,-8.589524,188.3239,5.6,-0.057,Hya
44759,44887,"","",9.145426,-26.767598,122.1001,6.15,0.17,Pyx
44760,44888,"","",9.145701,-16.277321,128.3697,6.48,1.1,Hya
44764,44892,"75    Cnc","",9.146483,26.629112,31.0078,5.95,0.654,Cnc
44769,44897,"","",9.147526,33.882217,19.1902,5.95,0.585,Lyn
44773,44901,"15    UMa","",9.147863,51.604648,28.8184,4.46,0.288,UMa
44795,44923,"","",9.15117,-18.328548,83.682,5.73,0.0,Hya
44808,44936,"","",9.153198,-12.357706,138.8889,5.76,0.937,Hya
44819,44946,"77Xi  Cnc",Nahn,9.155982,22.045446,114.4165,5.16,0.97,Cnc
44833,44961,"20    Hya","",9.15988,-8.787648,147.7105,5.47,1.002,Hya
44851,44979,"","",9.162499,-49.424383,161.5509,6.48,0.17,Vel
44856,44984,"","",9.162896,11.564377,38.9257,6.48,0.355,Cnc
44872,45001,Eps Pyx,"",9.16567,-30.365401,64.9773,5.59,0.179,Pyx
44874,45002,"","",9.165861,-52.082861,91.9118,6.19,1.023,Vel
44905,45033,"79    Cnc","",9.172461,21.996415,112.8668,6.04,0.89,Cnc
44910,45038,"13Sig2UMa","",9.173204,67.134018,20.3791,4.8,0.489,UMa
44930,45058,"","",9.177444,30.963139,143.472,6.04,1.373,Cnc
44947,45075,"14Tau UMa","",9.181941,63.513633,38.7297,4.67,0.381,UMa
44952,45080,"","",9.182804,-58.966896,136.9863,3.43,-0.19,Car
44957,45085,"","",9.184556,-44.867902,100000.0,4.99,0.222,Vel
44969,45097,"","",9.186865,80.828909,75.5287,6.37,0.385,Cam
44972,45101,"","",9.187985,-62.316977,166.3894,3.96,-0.18,Car
44992,45122,"","",9.192607,-46.583911,304.878,5.78,-0.218,Vel
44997,45127,"","",9.194704,-39.258845,334.4482,6.05,-0.108,Vel
45020,45150,"","",9.198787,5.468629,50.7357,6.34,0.328,Hya
45028,45158,"","",9.19965,-19.747628,93.1966,5.72,0.977,Hya
45036,45166,"","",9.203414,-76.663028,119.1895,6.13,1.09,Cha
45037,45167,"","",9.203578,3.866978,99.3049,6.14,-0.01,Hya
45040,45170,"81Pi 1Cnc","",9.204878,14.996037,20.3625,6.49,0.731,Cnc
45053,45184,"21    Hya","",9.207234,-7.109827,86.7303,6.1,0.232,Hya
45058,45189,"","",9.20848,-43.613262,212.3142,5.56,-0.107,Vel
45082,45214,"","",9.214061,-60.916769,173.3102,6.36,-0.044,Car
45087,45219,"","",9.215452,-59.413928,145.1379,5.54,0.846,Car
45106,45238,Bet Car,Miaplacidus,9.220041,-69.717208,34.6981,1.67,0.07,Car
45110,45242,"","",9.221852,-42.27329,164.7446,6.27,1.25,Vel
45117,45249,"","",9.222652,-29.664369,286.533,6.38,1.6,Pyx
45127,45259,"","",9.223839,-38.616471,212.766,6.31,0.018,Vel
45138,45270,"","",9.226239,-47.338407,156.25,5.92,-0.051,Vel
45140,45272,"","",9.227017,21.283206,155.7632,6.48,0.046,Cnc
45158,45290,"36    Lyn","",9.230059,43.217825,178.2531,5.3,-0.13,Lyn
45173,45305,"","",9.234192,-14.694842,166.113,6.46,0.958,Hya
45182,45314,"","",9.235615,-44.145822,161.2903,5.85,-0.113,Vel
45196,45328,"","",9.238335,-55.569629,196.0784,5.26,0.98,Vel
45201,45333,"16    UMa","",9.239041,61.423318,19.5695,5.18,0.605,UMa
45204,45336,"22The Hya","",9.239405,2.31428,34.7947,3.89,-0.06,Hya
45212,45344,"","",9.240136,-43.227493,187.6173,5.24,-0.137,Vel
45255,45386,"","",9.249213,-37.602396,196.8504,5.85,0.827,Vel
45279,45410,"82Pi 2Cnc","",9.253848,14.941507,186.2197,5.36,1.319,Cnc
45281,45412,"","",9.253963,34.633516,130.039,5.98,0.839,Lyn
45282,45413,"","",9.254066,-45.555498,561.7978,6.25,-0.07,Vel
45287,45418,"","",9.254902,-58.388377,181.8182,6.02,-0.101,Car
45290,45421,"","",9.255905,84.181013,94.6074,6.3,0.339,Cam
45293,45424,"","",9.25693,-15.024908,111.6071,6.32,0.013,Hya
45306,45437,"","",9.259645,-57.577742,337.8378,6.32,1.037,Car
45308,45439,"","",9.2602,-38.569942,68.8705,4.92,1.084,Vel
45317,45448,"","",9.262522,-37.413144,50.4796,4.63,0.473,Vel
45324,45455,"17    UMa","",9.263832,56.741406,220.7506,5.28,1.568,UMa
45330,45461,"","",9.264639,72.946326,88.1057,5.93,0.179,UMa
45350,45481,"","",9.267786,-44.898723,100000.0,6.02,0.269,Vel
45363,45493,"18    UMa","",9.269808,54.021857,35.8423,4.8,0.199,UMa
45365,45496,"","",9.270024,-57.541473,149.7006,4.34,1.602,Car
45374,45505,"","",9.273066,-44.265735,100000.0,5.12,1.636,Vel
45395,45526,"24    Hya","",9.278158,-8.744759,207.4689,5.49,-0.081,Hya
45396,45527,"23    Hya","",9.27826,-6.353144,75.2445,5.24,1.172,Hya
45412,45543,"","",9.282514,-11.103111,112.1076,6.45,1.172,Hya
45413,45544,"","",9.282523,-39.401539,105.8201,5.31,1.166,Vel
45425,45556,Iot Car,Aspidiske,9.284838,-59.275229,234.7418,2.21,0.189,Car
45428,45559,"","",9.285478,-14.574069,110.6195,5.83,1.049,Hya
45440,45571,"","",9.288149,-68.689642,32.6371,5.38,0.415,Car
45450,45581,"","",9.290334,-74.894313,107.5269,5.28,0.021,Car
45454,45585,"","",9.291005,-74.734591,81.9672,5.86,-0.024,Car
45460,45590,"","",9.291993,46.817228,130.3781,5.96,0.063,UMa
45472,45603,"","",9.295082,-54.494829,268.0965,6.33,1.403,Vel
45483,45614,"","",9.297599,11.501146,197.6285,6.4,0.095,Cnc
45484,45615,"","",9.297684,-67.050868,393.7008,6.14,1.254,Car
45500,45631,"","",9.301633,-51.050859,134.2282,5.26,-0.062,Vel
45529,45661,"","",9.307199,35.36408,86.9565,5.94,0.177,Lyn
45544,45675,"","",9.311766,-51.560651,100000.0,5.83,0.474,Vel
45557,45688,"38    Lyn","",9.314069,36.802597,38.2702,3.82,0.066,Lyn
45611,45742,"","",9.325689,-55.186471,100000.0,6.28,-0.099,Vel
45612,45743,"","",9.32587,-15.834663,138.5042,5.79,1.285,Hya
45620,45751,"26    Hya","",9.329551,-11.974853,103.3058,4.77,0.927,Hya
45623,45754,"","",9.329982,-34.103339,183.8235,6.4,-0.087,Pyx
45633,45764,"","",9.332156,74.016601,128.2051,6.42,1.05,Cam
45679,45811,"27    Hya","",9.341394,-9.555695,68.2128,4.8,0.913,Hya
45682,45814,"","",9.341576,-37.581688,156.7398,6.04,1.396,Vel
45704,45836,"","",9.345493,51.266066,27.4499,6.14,0.436,UMa
45722,45854,"","",9.348749,-15.617826,49.8008,6.3,0.468,Hya
45724,45856,"","",9.349117,-62.404632,71.6332,4.79,0.926,Car
45726,45858,"","",9.349828,38.188262,42.6621,6.12,0.38,Lyn
45728,45860,"40Alp Lyn","",9.350925,34.392562,62.2665,3.14,1.55,Lyn
45756,45888,"","",9.356557,45.370101,203.252,6.4,1.305,UMa
45764,45896,"","",9.35755,32.902151,89.9281,6.16,1.097,Cnc
45770,45902,The Pyx,"",9.35822,-25.965439,154.0832,4.71,1.633,Pyx
45783,45915,"","",9.362026,56.699219,230.4147,5.79,1.511,UMa
45788,45920,"","",9.363909,-55.514686,81.1688,5.61,0.19,Vel
45792,45924,"","",9.36416,-42.19486,176.0563,5.56,1.637,Vel
45809,45941,Kap Vel,Markeb,9.368562,-55.010668,175.4386,2.47,-0.141,Vel
45830,45962,"","",9.373331,-46.047445,162.8664,5.74,0.903,Vel
45894,46026,Lam Pyx,"",9.386739,-28.833873,58.8928,4.71,0.892,Pyx
45913,46045,"","",9.390381,-48.286942,775.1938,6.27,-0.144,Vel
45917,46049,"","",9.390924,-60.302314,662.2517,6.3,1.477,Car
45926,46058,"","",9.392162,25.18284,142.2475,6.41,0.856,Leo
45935,46067,"","",9.394378,-46.90875,235.8491,6.21,-0.093,Vel
45943,46075,"","",9.395799,-37.7569,99.108,6.47,0.193,Vel
45961,46093,"","",9.399816,-51.73708,100000.0,6.05,0.528,Vel
45969,46101,"","",9.401526,-61.648902,110.9878,5.99,1.06,Car
45975,46107,Iot Cha,"",9.40268,-80.786876,58.1395,5.34,0.454,Cha
45982,46114,"","",9.404523,-39.425502,149.0313,6.05,0.193,Vel
46011,46143,"","",9.410315,-70.075779,214.1328,6.45,1.275,Car
46014,46146,"1Kap Leo","",9.410906,26.182324,61.7284,4.47,1.222,Leo
46036,46168,"","",9.415463,51.573896,129.199,6.3,0.774,UMa
46062,46194,"","",9.418852,-43.976603,224.2152,6.31,1.526,Vel
46088,46221,"28    Hya","",9.423343,-5.117394,275.4821,5.6,1.523,Hya
46093,46225,"","",9.424253,-61.950476,77.3994,5.77,0.137,Car
46100,46232,"","",9.425695,16.585588,85.2515,6.31,0.968,Leo
46114,46247,"","",9.428939,63.940939,363.6364,6.24,1.465,UMa
46150,46283,"","",9.438324,-53.378909,131.5789,5.09,-0.102,Vel
46156,46288,"","",9.43953,-1.464078,211.8644,6.01,1.313,Hya
46165,46297,"","",9.441238,-40.501706,95.8773,6.19,0.251,Vel
46196,46328,"","",9.445596,-64.929701,69.7837,6.05,0.147,Car
46197,46329,"","",9.445806,-28.787696,628.9308,6.12,-0.089,Pyx
46226,46358,"","",9.451788,-71.601895,61.8812,5.46,1.079,Car
46239,46371,"","",9.45511,-22.343783,48.0077,4.72,1.154,Hya
46259,46390,"30Alp Hya",Alphard,9.45979,-8.658603,55.2792,1.99,1.44,Hya
46272,46404,"","",9.462995,-6.071187,30.4136,5.38,0.642,Hya
46275,46407,"","",9.463651,-71.781101,56.9152,6.33,0.413,Car
46278,46410,"","",9.464338,75.098341,156.9859,6.2,0.115,Dra
46322,46454,"2Ome Leo","",9.474278,9.056778,33.1675,5.4,0.605,Leo
46325,46457,"3    Leo","",9.474771,8.188298,124.2236,5.72,1.045,Leo
46328,46460,"","",9.47516,-66.701877,77.6398,5.9,0.012,Car
46339,46471,"",Intercrus,9.477775,45.601483,85.8369,5.4,0.993,UMa
46350,46482,"","",9.479763,-62.273134,154.0832,5.91,1.102,Car
46371,46504,"","",9.483972,-1.256913,79.1139,6.27,0.274,Hya
46376,46509,"31Tau1Hya","",9.485805,-2.768964,17.334,4.59,0.411,Hya
46378,46511,"","",9.486845,-20.749127,364.9635,5.66,1.587,Hya
46382,46515,Eps Ant,"",9.487423,-35.951335,217.8649,4.51,1.408,Ant
46384,46517,"","",9.487831,-38.403542,60.6061,6.15,0.216,Ant
46396,46529,"","",9.490123,-2.205172,128.866,6.14,0.222,Hya
46410,46543,"","",9.492338,-4.246636,55.6483,6.25,0.838,Hya
46433,46566,"","",9.496609,55.745233,42.0345,6.5,0.394,UMa
46436,46569,"","",9.497187,-23.345342,411.5226,6.26,1.559,Hya
46445,46578,"","",9.498474,-26.589616,242.1308,5.49,1.345,Ant
46461,46594,"","",9.501421,-51.517164,132.626,5.45,-0.078,Vel
46485,46618,"","",9.506246,-15.577352,73.0994,5.86,1.193,Hya
46487,46620,"","",9.50651,-58.361839,296.7359,5.88,1.676,Car
46518,46651,Psi Vel,"",9.511674,-40.466769,18.8147,3.6,0.371,Vel
46519,46652,"7    LMi","",9.512006,33.655711,153.8462,5.87,1.032,LMi
46524,46657,Zet1Ant,"",9.512804,-31.889222,124.3781,5.75,0.066,Ant
46568,46701,"","",9.520371,-57.034377,73.2601,3.16,1.538,Vel
46600,46733,"23    UMa","",9.525453,63.061861,23.8152,3.65,0.36,UMa
46601,46734,Zet2Ant,"",9.525601,-31.871831,117.6471,5.91,0.258,Ant
46602,46735,"8    LMi","",9.525671,35.103273,147.0588,5.39,1.543,LMi
46603,46736,"","",9.52584,-35.71475,85.5432,5.86,1.287,Ant
46604,46737,"","",9.525844,-66.719026,189.0359,6.27,1.348,Car
46608,46741,"","",9.526752,-73.080913,242.1308,5.46,1.556,Car
46611,46744,"","",9.527497,-10.552013,51.4139,6.13,0.261,Hya
46617,46750,"4Lam Leo",Alterf,9.528675,22.967971,100.9082,4.32,1.541,Leo
46635,46768,"","",9.532142,-10.370341,109.529,6.12,1.183,Hya
46637,46771,"5Xi  Leo","",9.532428,11.299827,66.0939,4.99,1.046,Leo
46641,46774,"6    Leo","",9.53266,9.715767,153.1394,5.07,1.364,Leo
46643,46776,"32Tau2Hya","",9.533036,-1.184664,158.7302,4.54,0.109,Hya
46677,46810,"","",9.538443,-28.627769,84.4595,6.43,0.358,Ant
46678,46811,"","",9.538688,-40.649335,129.8701,5.35,0.897,Vel
46680,46813,"","",9.539003,-19.400303,115.6069,5.74,0.135,Hya
46707,46840,"","",9.544832,1.864151,116.6861,6.11,0.614,Hya
46720,46853,"25The UMa","",9.547715,51.6773,13.4789,3.17,0.475,UMa
46726,46859,"","",9.548826,-13.516804,226.7574,5.95,1.501,Hya
46736,46869,"","",9.550548,-8.505374,125.1564,6.12,0.974,Hya
46741,46874,"","",9.552135,-39.129073,74.9625,6.43,0.337,Ant
46746,46879,"","",9.553126,45.513758,195.6947,6.49,1.141,UMa
46747,46880,"","",9.553461,-21.115722,111.1111,5.02,1.023,Hya
46759,46891,"","",9.555082,28.36794,83.5422,6.5,0.128,Leo
46760,46893,"","",9.555529,-7.190204,124.8439,6.25,1.17,Hya
46764,46897,"","",9.557237,-22.863883,80.2568,5.92,0.023,Hya
46771,46904,"9    LMi","",9.558433,36.486949,149.0313,6.19,1.264,LMi
46780,46914,"","",9.562374,-49.005072,254.4529,5.12,-0.114,Vel
46795,46928,Zet Cha,"",9.564857,-80.941258,175.4386,5.07,-0.139,Cha
46805,46938,"","",9.566429,23.453919,154.5595,6.26,1.453,Leo
46817,46950,"","",9.56911,-51.255266,277.0083,5.01,-0.18,Vel
46819,46952,"10    LMi","",9.570384,36.397558,56.7215,4.54,0.914,LMi
46841,46974,"","",9.574071,-59.229753,406.5041,4.08,-0.013,Car
46844,46977,"24    UMa","",9.574703,69.830343,31.9285,4.54,0.781,UMa
46849,46982,"33    Hya","",9.575736,-5.914948,173.6111,5.56,1.159,Hya
46873,47006,"26    UMa","",9.580405,52.051477,80.3859,4.47,0.027,UMa
46880,47013,"22    UMa","",9.581508,72.205679,49.0918,5.77,0.53,UMa
46896,47029,"","",9.584399,39.621493,66.0502,4.81,0.992,Lyn
46906,47039,"","",9.58662,-35.82375,68.3527,6.48,0.417,Ant
46937,47070,"","",9.592723,-19.583394,87.6424,6.33,0.069,Hya
46945,47080,"11    LMi","",9.594334,35.810133,11.3688,5.4,0.77,LMi
46963,47096,"7    Leo","",9.598024,14.379588,209.6436,6.32,0.027,Leo
46986,47119,"","",9.601884,74.318805,128.7001,6.46,-0.083,Dra
47012,47145,"","",9.607058,-48.751179,70.6215,6.18,0.277,Vel
47035,47168,"","",9.611903,31.161734,175.4386,5.57,1.594,Leo
47039,47172,"","",9.612872,-52.94367,113.8952,6.18,1.051,Vel
47042,47175,"","",9.613772,-49.355026,32.3206,4.34,0.173,Vel
47054,47187,"","",9.616725,-25.296759,95.511,5.68,1.116,Ant
47056,47189,"8    Leo","",9.617384,16.437952,355.8719,5.73,1.223,Leo
47060,47193,"","",9.618151,81.326382,304.878,4.28,1.488,Dra
47066,47199,"","",9.619413,-32.178646,85.7633,5.62,1.023,Ant
47071,47204,"","",9.620184,-53.668508,71.5308,5.44,0.137,Vel
47072,47205,"10    Leo","",9.620185,6.835802,75.3012,5.0,1.051,Leo
47091,47224,"","",9.624557,-36.095994,110.1322,5.96,1.118,Ant
47098,47231,"","",9.627088,60.213682,97.6562,6.41,0.921,UMa
47109,47242,"","",9.629427,-3.170642,140.4494,6.45,0.986,Hya
47116,47249,"34    Hya","",9.630974,-9.424446,130.039,6.4,-0.04,Hya
47125,47260,"","",9.632295,73.080394,71.0227,6.39,0.352,Dra
47134,47267,"","",9.633736,-43.190944,145.5604,5.51,0.985,Vel
47167,47300,"42    Lyn","",9.639383,40.239793,37.5799,5.28,0.223,Lyn
47177,47310,"","",9.640913,4.649293,90.5797,4.68,1.31,Hya
47257,47391,"","",9.655839,-61.32806,69.2042,4.51,-0.07,Car
47267,47401,"","",9.65775,67.27223,154.0832,5.96,1.528,UMa
47288,47422,"","",9.662538,-62.942923,215.0538,6.4,-0.084,Car
47293,47427,"37    Hya","",9.66317,-10.570271,307.6923,6.31,-0.029,Hya
47297,47431,"35Iot Hya",Ukdah,9.664267,-1.14281,80.7103,3.9,1.313,Hya
47318,47452,"38Kap Hya","",9.671768,-14.332292,133.6898,5.07,-0.149,Hya
47320,47454,"","",9.672241,-10.769185,225.7336,6.37,0.083,Hya
47345,47479,"","",9.678494,-57.983553,72.5689,5.3,0.195,Car
47363,47498,"","",9.68393,-57.259542,112.8668,5.8,1.083,Car
47373,47508,"14Omi Leo",Subra,9.685843,9.892308,39.9521,3.52,0.516,Leo
47386,47521,"","",9.687985,55.866491,118.2033,6.5,1.15,UMa
47387,47522,"","",9.688058,-23.591514,155.2795,4.76,-0.117,Hya
47409,47544,"","",9.693087,31.277817,236.9668,5.9,1.579,Leo
47415,47550,"13    Leo","",9.694024,25.912876,169.2047,6.26,1.251,Leo
47424,47559,"","",9.696648,-55.213762,574.7126,5.99,-0.119,Vel
47435,47570,"43    Lyn","",9.700098,39.757851,106.4963,5.61,0.951,Lyn
47456,47591,"","",9.703605,-66.91482,160.0,6.33,0.075,Car
47457,47592,"","",9.704011,-23.915569,15.0128,4.93,0.534,Hya
47458,47594,"","",9.704137,69.237537,151.2859,5.72,1.131,UMa
47492,47627,"","",9.711487,-35.501709,337.8378,6.39,-0.053,Ant
47496,47631,"13    LMi","",9.711873,35.093371,53.2765,6.12,0.386,LMi
47498,47633,"","",9.711973,48.431,139.2758,6.36,0.01,UMa
47519,47654,"27    UMa","",9.715895,72.252618,146.6276,5.15,1.029,UMa
47529,47664,"","",9.718605,54.363703,91.7431,6.5,0.121,UMa
47559,47694,"","",9.724331,-51.228136,411.5226,6.15,-0.098,Vel
47566,47701,"15    Leo","",9.725906,29.974473,49.0196,5.64,0.111,Leo
47582,47717,"","",9.728406,-53.891282,105.1525,5.56,-0.042,Vel
47588,47723,"16Psi Leo","",9.728862,14.021692,187.2659,5.36,1.61,Leo
47623,47758,The Ant,"",9.736694,-27.769471,104.0583,4.78,0.516,Ant
47644,47779,"","",9.741668,18.863492,120.1923,6.49,1.158,Leo
47656,47791,"","",9.743498,64.984112,95.4198,6.18,0.419,UMa
47719,47854,"","",9.754117,-62.507903,478.4689,3.69,1.01,Car
47733,47868,"","",9.756113,-30.20275,100000.0,6.45,-0.137,Ant
47748,47884,"","",9.758601,78.134709,317.4603,6.25,1.353,Dra
47757,47893,"","",9.761286,-57.186041,284.9003,6.47,-0.108,Car
47772,47908,"17Eps Leo",Ras Elased Australis,9.764188,23.774255,75.643,2.97,0.808,Leo
47777,47913,"","",9.76549,-58.793828,80.8407,6.22,0.461,Car
47807,47943,"","",9.769457,6.708556,602.4096,5.8,1.639,Leo
47820,47956,Nu  Cha,"",9.772352,-76.77612,56.5291,5.43,0.901,Cha
47823,47959,"18    Leo","",9.773147,11.810043,156.9859,5.67,1.489,Leo
47824,47960,"","",9.773225,1.785586,80.5802,5.65,0.342,Sex
47827,47963,"","",9.775104,-44.75506,305.8104,5.58,-0.176,Vel
47829,47965,"","",9.775462,57.12807,169.4915,5.09,1.594,UMa
47866,48002,Ups Car,"",9.785036,-65.072007,440.5286,2.92,0.273,Car
47881,48017,"","",9.788366,79.13668,131.2336,6.09,0.303,Dra
47887,48023,"","",9.789499,23.647686,170.6485,6.49,1.093,Leo
47893,48029,"19    Leo","",9.790546,11.568165,84.674,6.44,0.255,Leo
47977,48113,"","",9.80981,46.021008,18.3688,5.08,0.619,UMa
47983,48119,"","",9.811118,-56.41189,101.626,6.05,0.937,Vel
48055,48191,"","",9.824471,-37.186765,124.0695,5.95,1.245,Ant
48082,48218,"20    Leo","",9.830582,21.179422,191.5709,6.1,0.257,Leo
48083,48219,"","",9.830931,-36.268463,152.9052,6.36,1.008,Ant
48088,48224,"","",9.832541,-45.732736,258.3979,5.09,-0.098,Vel
48130,48266,"","",9.839898,65.593226,84.9618,6.27,0.29,UMa
48137,48273,"4    Sex","",9.841689,4.34365,44.6628,6.24,0.479,Sex
48151,48287,"","",9.844985,-46.933923,176.9912,5.72,1.085,Vel
48173,48310,"","",9.848775,-62.745116,334.4482,5.56,1.316,Car
48182,48319,"29Ups UMa","",9.849867,59.038735,35.6379,3.78,0.291,UMa
48183,48320,"","",9.850222,-80.061059,256.4103,6.47,0.074,Cha
48188,48324,"23    Leo","",9.850551,13.066239,369.0037,6.45,1.624,Leo
48202,48339,"","",9.853347,-59.425774,236.4066,5.79,1.354,Car
48204,48341,"6    Sex","",9.853898,-4.24335,63.5728,6.01,0.171,Sex
48211,48348,"","",9.855481,-46.193871,99.108,5.62,1.166,Vel
48214,48351,"","",9.856005,-6.181928,41.7711,6.42,0.577,Sex
48219,48356,"39Ups1Hya",Zhang,9.85797,-14.846603,80.9061,4.11,0.918,Hya
48237,48374,"","",9.861298,-46.54762,323.6246,4.58,1.172,Vel
48238,48375,"","",9.861449,-11.340507,350.8772,6.48,1.61,Sex
48253,48390,"22    Leo","",9.864732,24.395369,41.4594,5.29,0.229,Leo
48259,48396,"","",9.866537,-16.534775,119.7605,6.08,1.035,Hya
48265,48402,"30Phi UMa","",9.868433,54.064332,156.0062,4.55,0.038,UMa
48276,48413,"","",9.869996,0.07561,139.0821,6.34,0.934,Sex
48277,48414,"7    Sex","",9.870045,2.454131,202.8398,6.02,-0.04,Sex
48300,48437,"8Gam Sex","",9.875121,-8.10503,85.1064,5.07,0.038,Sex
48318,48455,"24Mu  Leo",Rasalas,9.879398,26.006951,38.0518,3.88,1.222,Leo
48331,48468,"","",9.882791,-27.332172,53.8503,6.28,0.622,Ant
48332,48469,"","",9.88336,-55.373208,813.0081,6.5,-0.145,Vel
48382,48519,"","",9.895257,5.958573,284.9003,5.9,1.662,Sex
48390,48527,"","",9.897251,-51.146713,704.2254,5.95,-0.152,Vel
48422,48559,"","",9.903425,-25.932345,104.8218,4.87,1.199,Hya
48427,48561,"","",9.904905,-45.283516,305.8104,5.72,-0.114,Vel
48447,48584,"","",9.908838,-22.487456,152.6718,6.23,0.052,Hya
48476,48613,"","",9.914234,-50.243959,92.8505,5.71,0.006,Vel
48478,48615,"",Felis,9.914503,-19.00936,188.3239,4.94,1.559,Hya
48501,48638,"","",9.917598,61.116123,119.7605,6.29,1.036,UMa
48543,48682,"31    UMa","",9.928612,49.819843,63.7755,5.27,0.086,UMa
48567,48706,"","",9.934816,-40.824546,224.2152,6.39,1.612,Vel
48576,48715,"","",9.936042,-71.3893,617.284,6.3,-0.056,Car
48591,48730,"","",9.939416,-51.336158,100000.0,6.39,-0.162,Vel
48595,48734,"","",9.940549,8.933157,177.6199,5.85,1.129,Leo
48609,48748,"","",9.943192,-33.418496,157.4803,5.83,1.202,Ant
48624,48763,"","",9.946347,-26.549672,67.5219,6.27,0.219,Hya
48635,48774,Phi Vel,"",9.947708,-54.56779,487.8049,3.52,-0.067,Vel
48637,48776,"","",9.94836,-27.475154,158.9825,6.32,0.173,Ant
48643,48782,"","",9.949952,-69.101804,370.3704,6.18,-0.1,Car
48660,48799,"","",9.95304,-52.638783,819.6721,6.13,-0.115,Vel
48663,48802,"","",9.953776,57.418196,145.5604,5.97,0.895,UMa
48693,48833,"19    LMi","",9.96141,41.055633,28.1452,5.11,0.481,LMi
48695,48835,"","",9.961833,-48.414075,549.4505,6.06,-0.127,Vel
48699,48839,"","",9.962195,-1.94175,106.7236,6.43,0.7,Sex
48722,48861,"","",9.96579,45.414298,121.2121,6.34,1.096,UMa
48735,48876,"","",9.968786,8.313979,137.931,6.05,1.357,Leo
48743,48883,"27Nu  Leo","",9.970382,12.4448,153.1394,5.26,-0.035,Leo
48753,48893,"","",9.973019,72.879509,110.4972,5.86,1.155,UMa
48755,48895,"","",9.973902,27.758999,74.2942,6.48,0.362,Leo
48786,48926,Eta Ant,"",9.981191,-35.890973,33.3111,5.23,0.3,Ant
48803,48943,"","",9.985085,-23.95077,244.4988,6.11,-0.101,Hya
48842,48982,"","",9.993395,29.645233,105.1525,5.75,1.059,Leo
48865,49005,"","",9.997695,56.811807,153.3742,5.5,1.487,UMa
48889,49029,"29Pi  Leo","",10.003557,8.044223,124.533,4.68,1.589,Leo
48912,49052,"","",10.009597,-56.946108,145.1379,6.5,0.979,Vel
48925,49065,Mu 1Cha,"",10.012191,-82.21467,115.0748,5.53,0.035,Cha
48941,49081,"20    LMi","",10.016864,31.923672,15.0466,5.37,0.676,LMi
48952,49092,"","",10.02,-56.096559,222.7171,6.42,-0.013,Vel
48997,49137,"","",10.027977,-53.364115,377.3585,6.2,-0.137,Vel
49020,49160,"","",10.032797,-57.349789,221.2389,6.2,1.108,Car
49024,49164,"","",10.033361,-60.42089,100000.0,5.93,0.263,Car
49080,49220,"","",10.046931,21.949258,289.0173,5.68,-0.178,Leo
49083,49223,"","",10.04706,-62.156667,100000.0,6.41,1.688,Car
49093,49233,"","",10.049985,-60.178675,100000.0,6.18,0.175,Car
49119,49259,"","",10.055719,-46.636191,90.009,6.11,0.041,Vel
49141,49281,"","",10.05948,-61.88404,502.5126,6.14,-0.032,Car
49153,49293,"","",10.061385,-9.573792,354.6099,6.09,1.671,Sex
49181,49321,"","",10.067448,-18.101406,156.0062,6.3,-0.06,Hya
49189,49329,"13    Sex","",10.069009,3.201055,56.0224,6.43,0.398,Sex
49199,49339,"","",10.072486,-24.285534,70.1754,5.7,0.303,Hya
49202,49343,"","",10.073158,-39.975858,165.8375,6.42,1.311,Ant
49222,49363,"","",10.076759,53.891716,50.7357,5.71,0.507,UMa
49253,49394,"","",10.083846,-51.31362,175.1313,6.23,-0.054,Vel
49261,49402,"40Ups2Hya","",10.085408,-13.064626,96.1538,4.6,-0.087,Hya
49267,49408,"","",10.086219,52.371302,118.624,6.31,0.135,UMa
49277,49418,"","",10.087578,-36.384381,140.2525,6.27,1.112,Ant
49304,49445,"","",10.0947,15.757506,100.0,6.36,0.387,Leo
49336,49477,"","",10.102009,-52.187939,131.406,6.5,0.997,Vel
49344,49485,"","",10.103115,-47.369995,73.692,5.06,0.88,Vel
49389,49530,"14    Sex","",10.113174,5.611493,109.1703,6.2,0.939,Sex
49427,49569,"","",10.119305,-17.141733,117.2333,5.59,1.49,Hya
49441,49583,"30Eta Leo","",10.122209,16.762664,389.1051,3.48,-0.031,Leo
49451,49593,"21    LMi","",10.123821,35.244693,28.2406,4.49,0.19,LMi
49477,49619,"","",10.126589,-48.26082,354.6099,6.4,-0.15,Vel
49496,49637,"31    Leo","",10.131742,9.997508,90.5797,4.39,1.448,Leo
49500,49641,"15Alp Sex","",10.1323,-0.371637,86.881,4.48,-0.032,Sex
49501,49642,"","",10.132398,-62.221416,210.5263,6.45,-0.095,Car
49504,49645,"","",10.133793,-37.333445,135.318,6.34,0.98,Ant
49517,49658,"","",10.137749,31.604053,61.237,6.23,0.469,LMi
49528,49669,"32Alp Leo",Regulus,10.139532,11.967207,24.3132,1.36,-0.087,Leo
49547,49688,"","",10.142888,83.918372,404.8583,6.31,1.549,Cam
49548,49689,"","",10.143174,-15.611939,173.6111,6.25,-0.007,Hya
49557,49698,"","",10.145223,-65.815438,113.2503,5.26,0.973,Car
49571,49712,"","",10.148957,-51.811261,408.1633,4.85,-0.12,Vel
49622,49764,"","",10.158386,-68.682779,209.205,5.8,0.015,Car
49627,49769,"","",10.158841,-35.856771,31.6356,6.14,0.615,Ant
49661,49802,"","",10.165691,-12.095305,84.8176,6.24,0.184,Hya
49668,49809,"","",10.168302,-12.815923,27.7393,5.3,0.368,Hya
49671,49812,"17    Sex","",10.168761,-8.40817,182.8154,5.91,0.026,Sex
49700,49841,"41Lam Hya","",10.176467,-12.354083,34.5066,3.61,1.007,Hya
49703,49844,"","",10.177142,-41.715247,69.4444,5.98,1.239,Vel
49723,49865,"18    Sex","",10.182184,-8.418462,145.1379,5.64,1.304,Sex
49729,49870,"","",10.183047,40.661608,192.6782,6.34,1.277,LMi
49752,49893,"","",10.186884,37.4019,195.6947,5.86,1.282,LMi
49759,49900,"","",10.188268,-7.316626,151.0574,6.23,0.026,Sex
49785,49926,"","",10.193187,-58.827762,245.7002,6.07,1.647,Car
49789,49929,"34    Leo","",10.193947,13.355114,64.5995,6.43,0.468,Leo
49794,49934,"","",10.19624,-58.060544,390.625,5.7,-0.118,Car
49824,49967,"","",10.200793,-28.605956,152.6718,6.28,0.019,Ant
49853,49994,"","",10.206373,-52.163242,110.011,6.16,1.168,Vel
49872,50013,"","",10.210547,-19.15304,41.3223,6.45,0.494,Hya
49886,50027,"19    Sex","",10.213435,4.61468,127.551,5.77,1.178,Sex
49903,50044,"","",10.216988,-59.918088,746.2687,6.07,-0.072,Car
49925,50066,"","",10.222069,-27.028891,144.7178,6.23,0.316,Hya
49926,50067,"","",10.222553,-61.658829,293.2551,6.42,-0.111,Car
49928,50069,"","",10.222861,-56.586697,200.8032,6.48,1.45,Vel
49929,50070,"","",10.223016,-51.232971,51.8941,5.27,0.257,Vel
49934,50075,"","",10.223548,-33.031722,22.8467,6.38,0.592,Ant
49936,50078,"","",10.224448,-51.755788,104.712,5.78,0.136,Vel
49942,50083,"","",10.225184,-66.372811,94.3396,5.15,0.217,Car
49958,50099,Ome Car,"",10.228961,-70.037903,104.8218,3.29,-0.074,Car
49962,50103,"","",10.229427,-40.346056,147.2754,5.91,1.204,Ant
49968,50109,"","",10.230474,27.135819,157.2327,6.05,0.844,Leo
49981,50122,"","",10.232379,-40.310774,139.8601,6.33,0.94,Ant
50001,50142,"","",10.235823,-23.813946,363.6364,6.36,1.639,Hya
50033,50174,"","",10.241598,21.168058,56.8182,6.02,0.573,Leo
50050,50191,"","",10.245607,-42.121942,31.0752,3.85,0.051,Vel
50077,50218,"22    LMi","",10.251762,31.468066,203.252,6.47,0.858,LMi
50081,50222,"","",10.252127,59.985539,653.5948,6.18,1.621,UMa
50090,50232,"","",10.254624,-54.974207,471.6981,6.16,-0.155,Vel
50092,50234,"","",10.255799,-36.517717,107.4114,6.17,1.058,Ant
50099,50241,"","",10.258767,-43.112369,155.521,5.59,1.52,Vel
50145,50287,"","",10.267565,-59.903411,81.6993,6.22,0.194,Car
50150,50292,"","",10.269166,-11.203419,197.2387,6.08,1.096,Sex
50161,50303,"23    LMi","",10.270677,29.310501,79.9361,5.49,0.02,LMi
50174,50316,"24    LMi","",10.274469,28.682479,33.1895,6.46,0.635,LMi
50177,50319,"35    Leo","",10.275639,23.503095,31.1721,5.95,0.655,Leo
50190,50332,"","",10.277819,-51.204636,219.2982,6.2,1.435,Vel
50191,50333,"37    Leo","",10.277983,13.728334,179.5332,5.42,1.65,Leo
50193,50335,"36Zet Leo",Adhafera,10.278171,23.417311,84.0336,3.43,0.307,Leo
50194,50336,"","",10.278268,25.370705,108.9325,5.84,1.206,Leo
50229,50371,"","",10.28472,-61.332304,201.6129,3.39,1.541,Car
50230,50372,"33Lam UMa",Tania Borealis,10.284952,42.914365,42.1585,3.45,0.029,UMa
50242,50384,"39    Leo","",10.287378,23.10622,22.805,5.81,0.5,Leo
50249,50391,"","",10.288941,-46.834942,64.6831,6.48,0.329,Vel
50272,50414,"22Eps Sex","",10.293834,-8.068914,59.312,5.25,0.336,Sex
50306,50448,"32    UMa","",10.300583,65.108351,79.5545,5.74,0.163,UMa
50314,50456,"","",10.302109,-28.992,813.0081,5.52,0.277,Ant
50338,50480,"","",10.307847,-41.66849,163.1321,5.97,-0.063,Vel
50343,50485,"","",10.309123,43.048445,37.1058,6.48,0.925,UMa
50350,50492,"","",10.310516,-36.804572,163.9344,6.31,1.282,Ant
50351,50493,"","",10.310561,-56.110393,36.062,5.8,0.481,Vel
50367,50509,"","",10.316317,46.760778,216.9197,6.42,1.19,UMa
50374,50516,"","",10.316864,24.712138,366.3004,6.42,1.388,Leo
50378,50520,"","",10.318083,-64.676258,80.3213,5.66,0.042,Car
50394,50536,"","",10.321353,-12.528132,65.6599,6.01,0.258,Hya
50404,50546,"","",10.324117,48.396762,44.405,6.0,1.022,UMa
50410,50552,"","",10.325651,-5.106148,91.659,6.38,0.894,Sex
50413,50555,"","",10.326877,-55.029305,568.1818,4.59,1.6,Vel
50420,50562,"","",10.328344,-65.137238,436.6812,6.35,1.556,Car
50422,50564,"40    Leo","",10.328938,19.470914,21.3675,4.78,0.452,Leo
50440,50583,"41Gam1Leo",Algieba,10.332873,19.841489,39.8883,2.01,1.128,Leo
50441,50584,"","",10.333189,-9.059004,53.8793,6.31,0.338,Sex
50463,50606,"","",10.337452,53.779391,31.1429,6.45,0.58,UMa
50466,50609,"","",10.337977,-47.69909,515.4639,5.66,1.667,Vel
50492,50635,"","",10.34199,54.216839,162.6016,6.01,1.128,UMa
50532,50676,"","",10.348557,-56.04322,352.1127,4.5,-0.102,Vel
50541,50685,"","",10.350943,68.747651,123.3046,5.88,0.241,UMa
50549,50693,"","",10.352211,-17.984959,62.461,6.5,0.402,Hya
50584,50728,"","",10.357963,-23.710834,106.0445,6.47,0.193,Hya
50610,50755,"42    Leo","",10.363973,14.975773,142.6534,6.16,0.018,Leo
50640,50785,"","",10.369569,-58.265572,110.9878,6.34,0.884,Car
50641,50786,"","",10.369607,41.22953,39.4322,5.73,0.531,UMa
50645,50790,"","",10.370261,-19.866571,184.1621,6.12,0.035,Hya
50653,50799,"","",10.372108,-41.64996,62.5,4.82,1.095,Vel
50655,50801,"34Mu  UMa",Tania Australis,10.372155,41.499516,70.6215,3.06,1.603,UMa
50702,50847,"","",10.382824,-66.901498,123.1527,4.97,-0.128,Car
50706,50851,"43    Leo","",10.383458,6.542643,71.1238,6.06,1.119,Leo
50715,50860,"27    LMi","",10.385091,33.908145,74.2942,5.89,0.147,LMi
50723,50868,"","",10.386983,-30.162263,55.4324,6.25,0.304,Ant
50740,50885,"25    Sex","",10.390688,-4.074035,104.1667,5.93,-0.048,Sex
50742,50887,"","",10.391214,-0.902244,77.4593,6.45,0.918,Sex
50743,50888,"","",10.391478,-38.009839,41.4594,5.34,0.251,Ant
50748,50893,"","",10.392405,-3.642854,425.5319,6.39,1.601,Sex
50758,50903,"","",10.394624,-41.953189,72.8863,6.24,0.884,Vel
50760,50904,"","",10.394933,29.615856,114.9425,6.36,1.09,LMi
50771,50916,"","",10.397401,-57.953933,268.8172,6.34,1.517,Car
50788,50933,"","",10.402182,65.566423,104.0583,4.94,-0.052,UMa
50790,50935,"28    LMi","",10.40239,33.718531,130.039,5.52,1.186,LMi
50794,50939,"","",10.40366,2.368018,94.0734,6.33,0.991,Sex
50809,50954,"","",10.406592,-74.031612,16.2232,3.99,0.369,Car
50830,50976,"","",10.412375,-73.971732,143.2665,6.18,0.071,Car
50847,50993,"","",10.416516,-58.576303,95.9693,5.93,0.315,Car
50863,51008,"44    Leo","",10.420887,8.784845,314.4654,5.61,1.63,Leo
50869,51014,"","",10.421449,-42.467404,180.5054,6.18,1.006,Vel
50901,51046,"","",10.428964,-7.059829,121.6545,5.6,1.528,Sex
50902,51047,"","",10.429149,35.42543,126.1034,6.49,1.089,LMi
50911,51056,"30    LMi","",10.431895,33.79612,71.5308,4.72,0.26,LMi
50924,51069,"42Mu  Hya","",10.434842,-16.83629,71.7875,3.83,1.456,Hya
50932,51077,"","",10.43607,-42.738494,98.0392,6.13,1.129,Vel
50972,51117,"","",10.443587,-0.988055,250.6266,6.33,1.443,Sex
50995,51140,"","",10.446924,-54.877302,621.118,5.58,1.556,Vel
51016,51161,"","",10.450135,19.364538,104.8218,6.15,1.141,Leo
51027,51172,Alp Ant,"",10.45253,-31.067779,112.2334,4.28,1.429,Ant
51047,51192,"","",10.456798,-57.638805,100000.0,4.65,0.474,Car
51049,51194,"","",10.457042,-65.704664,68.4463,6.0,0.091,Car
51055,51200,"","",10.457792,41.601035,66.0939,6.0,0.166,UMa
51068,51213,"45    Leo","",10.460831,9.762396,129.199,6.01,-0.043,Leo
51087,51232,"","",10.464649,-58.739403,411.5226,3.81,0.317,Car
51089,51233,"31Bet LMi","",10.464727,36.707212,47.1921,4.2,0.908,LMi
51100,51245,"","",10.467247,-49.405801,224.2152,6.1,1.506,Vel
51103,51248,"","",10.467738,48.784901,22.9095,6.42,0.61,UMa
51120,51265,"","",10.471742,-63.164565,357.1429,6.42,-0.039,Car
51145,51290,"","",10.476812,45.212211,369.0037,6.37,1.33,UMa
51157,51302,"","",10.478878,-3.742385,79.2393,6.05,0.059,Sex
51168,51313,"","",10.481274,-64.172278,813.0081,5.27,1.856,Car
51182,51327,"","",10.484362,-65.176244,204.0816,6.42,1.675,Car
51217,51362,"29Del Sex","",10.491306,-2.739078,98.7167,5.19,-0.05,Sex
51219,51364,"","",10.491383,-29.663832,110.1322,5.58,1.42,Hya
51231,51376,Del Ant,"",10.493161,-30.607065,133.1558,5.57,-0.041,Ant
51240,51384,"","",10.495037,84.252009,40.6339,5.52,0.244,Cam
51256,51401,"35    UMa","",10.498453,65.626233,101.2146,6.32,1.141,UMa
51275,51420,"32    LMi","",10.501792,38.925132,231.4815,5.79,0.087,LMi
51280,51425,"","",10.502445,-66.984654,268.8172,6.19,-0.004,Car
51290,51437,"30Bet Sex","",10.504855,-0.637026,124.0695,5.08,-0.138,Sex
51291,51438,"","",10.505581,-71.992793,79.8722,4.72,0.042,Car
51301,51448,"","",10.507396,64.257689,94.2507,6.07,0.178,UMa
51312,51459,"36    UMa","",10.510461,55.980536,12.7796,4.82,0.541,UMa
51314,51461,"","",10.510901,-61.356474,225.7336,6.41,1.65,Car
51343,51490,"","",10.516323,-7.63755,348.4321,6.2,1.377,Sex
51344,51491,"","",10.516622,-13.58847,160.2564,5.59,-0.028,Hya
51348,51495,"","",10.517242,-73.22149,316.4557,4.94,1.677,Car
51354,51502,"","",10.518048,82.558587,21.5008,5.25,0.399,Cam
51375,51523,"","",10.522775,-53.715484,21.8103,4.89,0.5,Vel
51403,51551,"","",10.53019,-28.237103,42.6985,6.04,0.501,Hya
51408,51556,"33    LMi","",10.530937,32.379554,78.0031,5.9,0.114,LMi
51412,51560,"","",10.532401,-45.06966,194.5525,6.04,-0.096,Vel
51413,51561,"","",10.532622,-45.06671,166.9449,5.76,-0.194,Vel
51428,51576,"","",10.533743,-61.685332,148.1481,3.3,-0.089,Car
51437,51585,"46    Leo","",10.536604,14.13727,212.766,5.43,1.696,Leo
51461,51610,"","",10.54267,-44.618508,121.8027,5.91,0.92,Vel
51474,51623,"","",10.546615,-58.666745,100000.0,5.98,0.29,Car
51475,51624,"47Rho Leo","",10.546853,9.306586,100000.0,3.84,-0.148,Leo
51486,51635,"","",10.54913,-47.003353,401.6064,5.02,1.045,Vel
51509,51658,"","",10.553865,40.42556,34.626,4.72,0.222,UMa
51527,51676,"","",10.557054,-58.190149,100000.0,6.09,0.325,Car
51536,51685,"34    LMi","",10.558587,34.988695,209.6436,5.57,0.029,LMi
51569,51718,"44    Hya","",10.566912,-23.745165,244.4988,5.08,1.596,Hya
51583,51732,"","",10.570199,-60.987629,259.0674,6.25,1.399,Car
51626,51775,"48    Leo","",10.580004,6.953749,81.5661,5.07,0.921,Leo
51646,51795,"","",10.582696,-23.176248,65.9196,6.1,0.496,Hya
51653,51802,"49    Leo","",10.583933,8.650425,131.406,5.67,0.059,Leo
51659,51808,"","",10.584878,75.712948,75.815,4.86,0.957,Dra
51665,51814,"37    UMa","",10.586017,57.082637,26.5252,5.16,0.349,UMa
51667,51816,"","",10.586229,-43.664587,348.4321,6.09,0.94,Vel
51672,51821,"","",10.586905,-39.562589,268.0965,5.5,3.015,Ant
51686,51835,"","",10.59022,-76.308986,142.0455,6.29,1.205,Cha
51690,51839,Gam Cha,"",10.591166,-78.607786,128.041,4.11,1.58,Cha
51700,51849,"","",10.59314,-57.557636,361.0108,4.45,1.604,Car
51703,51852,"","",10.594129,-18.568978,79.4281,6.49,0.199,Hya
51734,51883,"","",10.600558,80.494629,160.2564,6.48,0.963,Dra
51736,51885,"","",10.601252,-26.675479,41.2541,6.29,0.475,Hya
51756,51905,Phi2Hya,"",10.604628,-16.344326,232.0186,6.01,1.638,Hya
51763,51912,"","",10.605706,-59.564392,80.5153,5.08,1.172,Car
51765,51914,"35    LMi","",10.605949,36.326927,47.9616,6.29,0.436,LMi
51784,51933,"","",10.608994,-12.230121,25.0752,5.71,0.528,Hya
51830,51979,"","",10.620481,-27.412634,149.4768,4.87,1.626,Hya
51834,51984,"","",10.621144,-53.85526,438.5965,6.43,-0.15,Vel
51837,51986,"","",10.621717,-48.22562,26.8384,3.84,0.3,Vel
51854,52004,"","",10.624187,-58.733339,100000.0,5.47,0.5,Car
51860,52009,"","",10.625909,-13.384543,208.3333,4.89,2.8,Hya
51882,52032,"","",10.631185,34.078623,442.4779,6.42,1.364,LMi
51893,52043,"","",10.63407,-57.256309,308.642,5.89,-0.128,Car
51934,52085,Phi3Hya,"",10.643043,-16.876572,64.5578,4.91,0.922,Hya
51947,52098,"37    LMi","",10.645337,31.976237,177.305,4.68,0.823,LMi
51951,52102,"","",10.645834,-59.182997,719.4245,4.69,1.562,Car
51952,52103,"","",10.645941,-59.26242,452.4887,6.5,-0.098,Car
51961,52112,"","",10.64731,-42.753443,198.0198,6.1,0.661,Vel
51962,52113,"","",10.647337,-12.443618,111.3586,6.04,-0.007,Hya
51977,52127,"","",10.649906,-58.816854,209.205,5.96,1.692,Car
51985,52136,"","",10.651581,53.6683,139.0821,5.55,1.27,UMa
51988,52139,"38    LMi","",10.65213,37.91,52.3286,5.84,0.595,LMi
51999,52150,"","",10.654424,-74.493384,436.6812,6.08,1.683,Car
52003,52154,"","",10.655112,-55.603268,257.732,4.29,1.025,Vel
52009,52160,"","",10.656346,-64.111788,146.1988,6.33,-0.072,Car
52070,52221,"","",10.669848,-65.100209,160.5136,5.51,-0.158,Car
52122,52273,"","",10.680984,-35.741718,277.0083,6.36,0.917,Ant
52157,52308,"","",10.6882,-59.676916,100000.0,6.35,0.088,Car
52165,52316,"33    Sex","",10.690052,-1.741491,36.8189,6.25,0.88,Sex
52187,52338,"","",10.696747,68.443499,157.4803,5.74,1.315,UMa
52189,52340,"","",10.697657,-79.783288,284.0909,5.97,-0.071,Cha
52202,52353,"38    UMa","",10.69908,65.71628,69.541,5.12,1.207,UMa
52215,52366,"","",10.70313,31.696998,248.7562,6.02,1.617,LMi
52219,52370,"","",10.703926,-64.466426,139.0821,4.76,-0.139,Car
52240,52391,"","",10.708715,-13.974514,254.4529,6.24,1.54,Hya
52254,52405,"","",10.711269,-59.215759,100000.0,5.36,0.213,Car
52256,52407,"","",10.711997,-32.715673,187.2659,5.63,0.006,Ant
52268,52419,The Car,"",10.715949,-64.39445,139.6648,2.74,-0.22,Car
52271,52422,"40    LMi","",10.717191,26.325577,48.3793,5.51,0.16,LMi
52274,52425,"","",10.717789,69.076214,128.041,5.01,1.406,UMa
52301,52452,"35    Sex","",10.722478,4.747669,169.4915,5.77,1.168,Sex
52306,52457,"41    LMi","",10.7236,23.188404,70.2741,5.08,0.042,LMi
52317,52468,"","",10.725639,-60.566619,349.6503,4.58,1.7,Car
52318,52469,"","",10.725822,46.203877,37.092,5.18,0.324,UMa
52327,52478,"39    UMa","",10.728702,57.199203,113.3787,5.79,-0.038,UMa
52336,52487,"","",10.73089,-64.249042,359.7122,5.74,0.012,Car
52337,52488,"","",10.731184,-60.117783,100000.0,6.45,-0.017,Car
52351,52502,"","",10.735258,-63.961072,150.8296,4.8,-0.134,Car
52362,52513,"","",10.737375,19.758834,66.9344,6.27,0.196,Leo
52369,52520,"","",10.73891,-70.859721,103.4126,6.25,0.208,Car
52375,52526,"","",10.739699,-59.99332,598.8024,6.32,-0.31,Car
52384,52535,"","",10.74088,-72.443498,32.1234,6.26,0.51,Car
52386,52537,"","",10.742331,-70.855255,100.6036,6.43,0.227,Car
52426,52577,"","",10.751118,67.411384,380.2281,5.95,2.382,UMa
52433,52584,"36    Sex","",10.752627,2.48797,147.0588,6.27,1.212,Sex
52443,52595,Del1Cha,"",10.754546,-80.469597,106.8376,5.46,0.957,Cha
52481,52633,Del2Cha,"",10.763087,-80.540188,107.5269,4.45,-0.188,Cha
52486,52638,"42    LMi","",10.764416,30.682313,117.2333,5.36,-0.05,LMi
52508,52660,"","",10.768245,6.373183,99.6016,6.38,1.121,Leo
52526,52678,"","",10.771269,-64.514559,145.9854,5.33,-0.096,Car
52527,52679,"","",10.771414,-60.602872,120.3369,6.26,0.038,Car
52533,52685,"41    UMa","",10.772919,57.365914,214.5923,6.34,1.568,UMa
52534,52686,"51    Leo","",10.773484,18.891523,57.2082,5.5,1.134,Leo
52537,52689,"52    Leo","",10.773689,14.194645,88.1057,5.49,0.908,Leo
52549,52701,"","",10.774889,-64.263242,145.9854,5.23,-0.077,Car
52557,52709,"","",10.776984,-43.192673,72.4113,6.29,0.202,Vel
52575,52727,Mu  Vel,"",10.779488,-49.420255,35.9195,2.69,0.901,Vel
52578,52730,"","",10.780024,-69.209786,763.3588,6.34,0.18,Car
52584,52736,"","",10.780898,-64.383474,147.2754,4.87,-0.149,Car
52585,52737,"","",10.781127,-17.296874,63.1313,5.44,0.112,Hya
52590,52742,"","",10.782634,-56.757192,161.2903,5.14,-0.08,Vel
52632,52785,"","",10.791836,-69.437733,427.3504,6.35,-0.085,Car
52643,52797,"","",10.794001,-57.467411,769.2308,6.29,1.673,Car
52652,52806,"","",10.795646,-59.875257,357.1429,6.47,-0.121,Car
52661,52815,"","",10.798206,-64.262842,145.3488,6.46,0.008,Car
52673,52827,"","",10.801503,-59.919163,100000.0,5.98,0.274,Car
52687,52841,"","",10.803921,-31.68785,143.0615,5.87,0.028,Hya
52709,52863,"","",10.811266,-1.958896,167.5042,5.92,1.608,Sex
52723,52877,"","",10.813852,65.132491,120.7729,6.4,-0.022,UMa
52727,52882,"43    LMi","",10.815899,29.416057,181.1594,6.15,1.144,LMi
52757,52911,"53    Leo","",10.820953,10.545202,116.6861,5.32,0.035,Leo
52768,52922,"","",10.823457,-59.323793,225.7336,5.85,0.008,Car
52775,52929,"","",10.824669,63.810029,276.2431,6.42,1.287,UMa
52789,52943,Nu  Hya,"",10.827079,-16.193648,44.0723,3.11,1.232,Hya
52794,52948,"","",10.828747,-9.852695,104.4932,5.85,1.074,Sex
52805,52959,"44    LMi","",10.831591,27.973948,86.6551,6.05,0.399,LMi
52811,52965,"","",10.832506,-34.058183,132.4503,5.61,0.038,Ant
52826,52980,"41    Sex","",10.838349,-8.897763,95.2381,5.8,0.156,Sex
52881,53035,"","",10.851502,-3.092667,155.0388,5.95,1.475,Sex
52889,53043,"43    UMa","",10.853067,56.58225,109.529,5.66,1.132,UMa
52910,53064,"42    UMa","",10.856594,59.320119,83.5422,5.57,1.16,UMa
52946,53100,"","",10.863028,-57.272315,170.3578,6.29,0.226,Car
52987,53141,"","",10.87047,1.024973,273.9726,6.37,0.087,Leo
52997,53151,"","",10.874628,-79.559437,621.118,6.36,1.46,Cha
53000,53154,"","",10.875236,-57.240405,100000.0,5.26,0.13,Car
53003,53157,"","",10.875578,52.503605,96.9932,6.44,1.114,UMa
53013,53167,"","",10.876692,-0.201657,274.7253,6.31,1.503,Leo
53075,53229,"46    LMi",Praecipua,10.888526,34.214871,29.0867,3.79,1.04,LMi
53077,53231,"","",10.889215,-58.893453,349.6503,6.26,-0.104,Car
53086,53240,"","",10.890267,-2.255209,79.3021,6.12,0.913,Leo
53098,53252,"","",10.891536,-20.138731,30.8071,5.23,0.48,Hya
53099,53253,"","",10.891559,-58.853171,29.129,3.78,0.945,Car
53103,53257,"","",10.891986,69.853881,44.287,5.91,1.01,UMa
53105,53259,"","",10.892473,-15.445825,73.8007,6.34,1.176,Crt
53106,53260,"","",10.892615,-56.420501,100000.0,6.45,1.392,Vel
53107,53261,"44    UMa","",10.892911,54.585128,200.4008,5.12,1.355,UMa
53118,53272,"","",10.895031,-70.720337,233.1002,5.99,-0.02,Car
53119,53273,"","",10.895476,-2.129205,95.8773,5.45,0.966,Leo
53141,53295,"45Ome UMa","",10.899648,43.189956,75.5287,4.66,-0.039,UMa
53161,53316,"","",10.904938,-13.758036,151.0574,5.65,0.832,Crt
53179,53334,"","",10.908222,-61.826622,442.4779,5.95,1.736,Car
53200,53355,"48    LMi","",10.911714,25.490722,118.9061,6.19,0.291,LMi
53222,53377,"","",10.916163,34.034798,88.8889,5.73,1.032,UMa
53224,53379,"","",10.916948,-42.251098,149.925,6.08,-0.061,Vel
53232,53387,"","",10.919881,-20.664963,179.2115,6.45,1.098,Hya
53239,53394,"","",10.921456,-60.517003,93.4579,5.93,1.065,Car
53256,53411,"","",10.924228,-43.020528,100.1001,6.4,0.068,Vel
53262,53417,"54    Leo","",10.92689,24.749718,87.9507,4.3,0.016,Leo
53268,53423,"55    Leo","",10.928444,0.736922,44.8632,5.91,0.425,Leo
53271,53426,"46    UMa","",10.928999,33.506929,72.6216,5.02,1.101,UMa
53294,53449,"56    Leo","",10.933742,6.185371,119.1895,5.91,1.256,Leo
53310,53465,"","",10.937365,42.008155,95.511,6.03,1.123,UMa
53317,53472,"","",10.938015,22.351682,230.9469,6.17,1.549,Leo
53337,53492,"50    LMi","",10.942897,25.500244,78.4929,6.36,1.036,LMi
53347,53502,Iot Ant,"",10.945289,-37.137765,58.2751,4.6,1.006,Ant
53375,53530,"","",10.952183,-50.765018,102.9866,5.9,0.173,Vel
53391,53546,"","",10.954389,-75.099761,961.5385,6.16,1.531,Car
53401,53556,"","",10.955613,-69.038055,267.3797,6.48,0.0,Car
53433,53589,"","",10.963386,-59.73219,100000.0,6.36,0.84,Car
53543,53699,"","",10.98715,-33.737595,48.5201,5.7,0.374,Hya
53545,53701,"","",10.98723,-61.320739,118.2033,6.16,-0.064,Car
53546,53702,Eta Oct,"",10.987258,-84.593893,105.4852,6.19,0.1,Oct
53550,53706,"","",10.9883,51.882359,211.8644,6.22,1.352,UMa
53565,53721,"47    UMa",Chalawan,10.99112,40.430257,14.0627,5.03,0.624,UMa
53567,53723,"","",10.991925,-16.353701,202.8398,5.88,1.6,Crt
53570,53726,"","",10.992438,36.0931,253.8071,5.99,1.595,UMa
53584,53740,"7Alp Crt",Alkes,10.996244,-18.298783,48.8043,4.08,1.079,Crt
53605,53761,"","",10.99916,77.770174,161.2903,6.18,0.966,Dra
53606,53762,"","",10.999831,-43.80711,93.5454,5.81,-0.064,Vel
53616,53771,"","",11.002306,-51.8178,61.0874,6.15,0.188,Vel
53618,53773,"","",11.002572,-42.225859,60.1685,4.37,0.116,Vel
53622,53778,"","",11.003248,-14.083368,142.6534,5.86,1.501,Crt
53625,53781,"","",11.004084,45.526276,253.1646,5.47,1.466,UMa
53635,53791,"","",11.00575,42.911724,44.3459,6.03,0.584,UMa
53642,53798,"","",11.007101,51.502101,175.7469,6.41,1.007,UMa
53651,53807,"58    Leo","",11.009347,3.617494,110.4972,4.84,1.144,Leo
53655,53811,"","",11.010078,-53.111831,122.2494,6.44,1.28,Vel
53662,53818,"","",11.011331,-31.839368,31.3873,6.06,0.527,Hya
53669,53824,"59    Leo","",11.012445,6.101449,46.3607,4.98,0.166,Leo
53682,53838,"49    UMa","",11.014009,39.212092,115.4734,5.06,0.255,UMa
53693,53849,"","",11.015941,-15.792682,145.1379,6.35,1.172,Crt
53704,53860,"","",11.018249,63.42111,89.3655,6.38,0.169,UMa
53751,53907,"61    Leo","",11.030465,-2.484585,179.2115,4.73,1.593,Leo
53754,53910,"48Bet UMa",Merak,11.030677,56.382427,24.4499,2.34,0.033,UMa
53784,53940,"","",11.03718,-41.114145,448.4305,6.48,1.474,Vel
53798,53954,"60    Leo","",11.038827,20.179842,38.8651,4.42,0.053,Leo
53807,53963,"","",11.040125,-26.831505,56.0852,6.21,0.307,Hya
53871,54027,"","",11.054039,-0.752344,55.9284,6.12,0.269,Leo
53873,54029,"","",11.054133,-11.30347,103.8422,5.51,0.938,Crt
53874,54030,"","",11.054461,-31.960849,214.1328,6.44,1.616,Hya
53882,54038,"","",11.057604,70.03074,238.0952,6.44,1.28,UMa
53892,54048,"","",11.060149,-13.43492,165.5629,6.34,0.86,Crt
53893,54049,"62    Leo","",11.060164,-0.000833,185.8736,5.95,1.218,Leo
53905,54061,"50Alp UMa",Dubhe,11.062155,61.751033,37.679,1.81,1.061,UMa
53927,54082,"","",11.066733,-57.955331,840.3361,6.16,-0.167,Car
53980,54136,"51    UMa","",11.075344,38.241365,78.8644,6.01,0.165,UMa
53981,54137,"","",11.075343,-47.679103,87.6424,5.67,0.256,Vel
54016,54173,"","",11.081721,-35.804678,158.7302,5.43,0.021,Ant
54024,54182,"63Chi Leo","",11.083619,7.336007,28.9939,4.62,0.332,Leo
54027,54185,"","",11.084478,-49.392299,149.7006,6.11,-0.019,Vel
54046,54204,Chi1Hya,"",11.088867,-27.293612,43.2339,4.92,0.369,Hya
54056,54214,"","",11.092776,-11.088901,59.7015,6.09,0.301,Crt
54097,54255,Chi2Hya,"",11.099324,-27.287853,212.3142,5.69,-0.067,Hya
54106,54264,"","",11.101595,-51.21292,124.533,6.28,0.943,Cen
54131,54289,"","",11.106747,-64.839972,134.5895,6.39,0.114,Car
54133,54291,"","",11.107648,-50.956725,117.096,6.31,1.156,Cen
54135,54294,"","",11.108137,-58.675021,398.4064,6.07,1.21,Car
54143,54301,"","",11.109015,-62.424113,122.1001,4.62,0.988,Car
54161,54319,"","",11.11223,17.737364,293.2551,6.4,1.555,Leo
54169,54327,"","",11.113866,-70.87793,252.5253,5.58,-0.07,Car
54178,54336,"65    Leo","",11.115058,1.955525,63.2111,5.52,0.955,Leo
54201,54360,"","",11.121308,-42.638681,84.1043,5.15,0.029,Cen
54221,54380,"","",11.126149,-48.639982,173.0104,6.44,1.486,Cen
54229,54388,"64    Leo","",11.127696,23.323762,77.4593,6.48,0.164,Leo
54271,54430,"","",11.137715,-29.972486,132.8021,6.47,0.029,Hya
54302,54461,"","",11.142778,-61.947175,100000.0,5.11,0.195,Car
54304,54463,"","",11.143165,-58.975037,100000.0,3.93,1.225,Car
54318,54477,"","",11.145557,-28.08067,55.6483,5.43,0.069,Hya
54328,54487,"67    Leo","",11.146969,24.658464,141.2429,5.7,0.081,Leo
54364,54522,"","",11.155302,36.309379,117.096,5.71,1.4,UMa
54378,54537,"","",11.160699,43.207736,168.0672,5.89,1.564,UMa
54380,54539,"52Psi UMa","",11.161062,44.498487,44.3066,3.0,1.144,UMa
54381,54540,"","",11.161074,67.210208,111.2347,6.07,0.225,UMa
54401,54561,"","",11.164831,-32.367529,120.919,5.79,0.027,Hya
54513,54673,"","",11.191545,-71.436189,173.913,6.34,1.373,Car
54522,54682,"11Bet Crt","",11.194302,-22.825847,104.2753,4.46,0.025,Crt
54528,54688,"","",11.195488,14.400153,56.1798,6.3,0.209,Leo
54543,54703,"","",11.199401,-26.806114,138.6963,6.43,0.924,Hya
54548,54708,"","",11.200991,-58.423355,242.7184,6.24,1.495,Car
54558,54718,"","",11.202837,-46.266761,90.009,6.27,0.155,Cen
54561,54721,"","",11.203031,68.27187,90.7441,6.4,0.127,UMa
54565,54725,"","",11.204108,-32.433793,281.6901,6.35,1.683,Hya
54583,54742,Psi Crt,"",11.208437,-18.499862,153.8462,6.11,-0.004,Crt
54585,54745,"","",11.208996,35.81408,21.925,6.41,0.6,UMa
54586,54746,"","",11.209191,-49.100996,50.4032,5.37,0.175,Cen
54588,54749,"","",11.209667,-21.749339,189.7533,6.39,1.381,Crt
54591,54751,"","",11.210005,-60.317625,100000.0,4.59,0.541,Car
54607,54767,"","",11.212568,-64.16977,95.8773,5.22,-0.082,Car
54623,54783,"","",11.215757,-49.73609,260.4167,6.12,1.055,Cen
54651,54811,"","",11.220746,-44.372216,192.6782,5.77,1.661,Cen
54668,54829,"","",11.225219,-59.619318,675.6757,5.74,-0.106,Car
54679,54840,"","",11.227611,-53.231813,130.039,5.75,1.309,Cen
54681,54842,"","",11.227804,41.088837,114.0251,6.33,1.15,UMa
54688,54849,"69    Leo","",11.22932,-0.069502,161.8123,5.4,-0.02,Leo
54702,54863,"","",11.233843,8.060695,60.5694,5.79,1.128,Leo
54712,54872,"68Del Leo",Zosma,11.235138,20.523717,17.9147,2.56,0.128,Leo
54718,54879,"70The Leo",Chertan,11.237335,15.42957,50.6073,3.33,-0.003,Leo
54768,54929,"","",11.248368,-43.733703,244.4988,6.22,1.606,Cen
54789,54951,"72    Leo","",11.253397,23.095502,294.1176,4.56,1.657,Leo
54840,55003,"","",11.261877,-57.355882,193.7984,6.42,0.098,Car
54853,55016,"73    Leo","",11.264417,13.307578,118.4834,5.31,1.189,Leo
54905,55068,"","",11.274405,-45.880012,52.0021,6.3,0.403,Cen
54921,55084,"74Phi Leo","",11.277695,-3.651601,56.4653,4.45,0.21,Leo
54923,55086,"","",11.278299,49.47625,137.5516,5.88,1.102,UMa
54943,55106,"","",11.282827,-7.134689,129.5337,6.11,0.211,Crt
54967,55130,"","",11.286672,-38.014367,72.6744,6.24,0.105,Cen
54970,55133,"","",11.287315,-41.934326,105.3741,6.46,0.015,Cen
54974,55137,"75    Leo","",11.288167,2.010556,101.833,5.18,1.511,Leo
54977,55140,"","",11.288619,-67.823515,746.2687,6.06,1.753,Car
55001,55164,"","",11.29413,-34.737348,47.4608,6.44,0.408,Hya
55055,55219,"54Nu  UMa",Alula Borealis,11.307983,33.094306,122.399,3.49,1.4,UMa
55061,55225,"","",11.309511,-79.668651,61.1247,6.35,0.266,Cha
55085,55249,"76    Leo","",11.315266,1.650395,90.2527,5.9,1.04,Leo
55102,55266,"55    UMa","",11.318864,38.185557,58.8235,4.76,0.113,UMa
55116,55280,"","",11.321297,-64.582491,36.6838,5.99,0.471,Car
55118,55282,"12Del Crt","",11.322347,-14.778541,56.9476,3.56,1.112,Crt
55144,55308,"","",11.326824,-75.142452,160.5136,6.26,-0.016,Mus
55168,55332,"","",11.330781,-72.958291,147.7105,6.46,0.004,Mus
55186,55350,"","",11.334486,-71.994337,257.0694,6.41,0.019,Mus
55248,55412,"","",11.348259,67.100734,127.2265,6.2,1.018,UMa
55260,55425,Pi  Cen,"",11.350117,-54.491019,109.6491,3.9,-0.157,Cen
55269,55434,"77Sig Leo","",11.352276,6.029322,67.4764,4.05,-0.058,Leo
55320,55485,"","",11.363699,57.074857,80.8407,6.43,0.161,UMa
55332,55497,"","",11.365851,-77.608369,74.239,6.43,0.202,Cha
55363,55528,"","",11.373089,-44.645924,107.6426,6.1,0.926,Cen
55395,55560,"56    UMa","",11.380442,43.482703,163.3987,4.99,0.998,UMa
55399,55564,"","",11.380902,64.330513,86.8056,6.02,0.085,UMa
55416,55581,"","",11.385596,-56.779355,233.1002,5.82,-0.004,Cen
55423,55588,"","",11.386857,-36.164769,323.6246,5.0,1.464,Cen
55430,55595,"","",11.38832,0.13205,193.4236,6.05,1.464,Leo
55432,55597,"","",11.389283,-64.954714,123.7624,5.09,-0.061,Mus
55433,55598,"13Lam Crt","",11.389415,-18.779973,42.8816,5.08,0.439,Crt
55476,55642,"78Iot Leo","",11.398736,10.529509,23.6742,4.0,0.423,Leo
55479,55645,"","",11.399042,-57.880437,189.0359,6.5,1.504,Cen
55484,55650,"79    Leo","",11.400646,1.407765,108.4599,5.39,0.938,Leo
55491,55657,"","",11.4031,-72.256608,304.878,5.55,0.017,Mus
55501,55667,"","",11.406127,-42.669102,847.4576,6.13,-0.175,Cen
55521,55687,"14Eps Crt","",11.410164,-10.859323,115.3403,4.81,1.556,Crt
55539,55705,"15Gam Crt","",11.414702,-17.68401,25.2398,4.06,0.216,Crt
55550,55716,"","",11.416369,11.430292,150.3759,5.8,1.376,Leo
55590,55756,"","",11.424852,-36.063062,84.0336,5.21,0.979,Cen
55597,55763,"","",11.425862,-37.747575,136.7989,5.87,1.503,Cen
55599,55765,"81    Leo","",11.426771,16.456539,43.9174,5.58,0.39,Leo
55613,55779,"","",11.428717,-63.972475,27.2183,5.18,0.495,Cen
55625,55791,"80    Leo","",11.430571,3.86011,55.9284,6.35,0.345,Leo
55631,55797,"","",11.43254,55.850459,94.0734,5.73,0.988,UMa
55655,55821,"","",11.440434,33.450608,56.8505,6.33,0.454,UMa
55664,55831,"","",11.443174,-61.115167,418.41,5.22,-0.077,Cen
55679,55846,"83    Leo","",11.445923,3.013102,17.7462,6.49,0.778,Leo
55682,55849,"","",11.446467,-53.159915,187.6173,5.8,0.517,Cen
55707,55874,"16Kap Crt","",11.452644,-12.356749,70.0771,5.93,0.49,Crt
55774,55941,"","",11.464919,-1.699946,161.0306,6.23,1.037,Leo
55779,55945,"84Tau Leo","",11.465622,2.856265,172.4138,4.95,1.0,Leo
55786,55953,"","",11.466297,-35.328849,358.4229,6.44,1.614,Hya
55812,55979,"","",11.471791,-72.473977,240.3846,6.09,0.101,Mus
55833,56000,"","",11.476413,-42.674203,214.5923,5.14,-0.028,Cen
55867,56034,"57    UMa","",11.484481,39.336974,65.2316,5.3,0.019,UMa
55868,56035,"","",11.484621,61.778368,33.3,5.83,0.382,UMa
55883,56050,"","",11.487539,-63.553937,100000.0,6.45,0.32,Cen
55911,56078,"","",11.494061,-24.464011,136.612,5.77,0.067,Crt
55913,56080,"85    Leo","",11.494957,15.413269,134.2282,5.74,1.371,Leo
55916,56083,"","",11.495446,56.737573,67.2043,6.29,0.157,UMa
55959,56127,"87    Leo","",11.505248,-3.003501,185.1852,4.77,1.529,Leo
55968,56135,"","",11.506896,46.657533,261.0966,6.3,1.265,UMa
55979,56146,"86    Leo","",11.508065,18.409801,96.5251,5.54,1.056,Leo
55981,56148,"58    UMa","",11.508651,43.173242,53.4188,5.94,0.524,UMa
56003,56170,"","",11.514726,47.928918,99.2063,6.4,0.879,UMa
56034,56201,"","",11.520847,-61.278463,100000.0,6.28,0.473,Cen
56044,56211,"1Lam Dra",Giausar,11.523407,69.331076,102.145,3.82,1.613,Dra
56075,56242,"88    Leo","",11.529153,14.364505,23.3263,6.27,0.57,Leo
56076,56243,Omi1Cen,"",11.529464,-59.442061,100000.0,5.07,1.026,Cen
56078,56245,"","",11.529877,-20.776472,38.4911,6.24,0.537,Crt
56083,56250,Omi2Cen,"",11.530223,-59.515648,100000.0,5.12,0.432,Cen
56086,56253,"","",11.530832,81.127257,59.2066,6.12,0.264,Cam
56113,56280,"","",11.53789,-29.261022,26.295,4.93,0.54,Hya
56119,56287,"","",11.538888,-66.961823,93.985,5.89,1.136,Mus
56121,56290,"","",11.539097,61.08252,27.9877,5.46,0.515,UMa
56124,56293,"","",11.539802,-26.746805,220.2643,6.15,1.67,Hya
56149,56318,"","",11.546538,-7.827523,147.4926,5.94,1.38,Crt
56150,56319,"","",11.546693,-40.436194,171.2329,5.64,1.578,Cen
56163,56332,"","",11.54837,-31.087226,119.1895,5.13,1.581,Hya
56174,56343,Xi  Hya,"",11.550038,-31.857625,39.7456,3.54,0.947,Hya
56195,56364,"","",11.554117,-16.280381,124.533,6.05,0.59,Crt
56219,56388,"","",11.560096,2.499034,375.9398,6.49,1.601,Leo
56222,56391,"","",11.560337,-40.586637,118.2033,5.39,0.117,Cen
56241,56410,"","",11.565639,36.815614,139.2758,6.38,1.057,UMa
56276,56445,"89    Leo","",11.572764,3.060165,27.2257,5.76,0.48,Leo
56283,56452,"","",11.574878,-32.83134,9.5593,5.96,0.811,Hya
56304,56473,"90    Leo","",11.57847,16.796915,581.3953,5.95,-0.156,Leo
56311,56480,"","",11.579355,-54.264091,130.719,4.62,-0.077,Cen
56328,56497,"","",11.582473,-49.13649,58.8235,5.5,1.041,Cen
56331,56500,"","",11.583029,-4.361291,174.8252,6.43,1.167,Leo
56339,56508,"",Formosa,11.584377,20.441545,122.2494,6.45,1.01,Leo
56341,56510,"","",11.584695,54.785419,134.5895,5.63,1.032,UMa
56349,56518,"","",11.58703,-47.37258,221.2389,5.64,1.682,Cen
56381,56550,"","",11.595094,-61.28787,100000.0,6.23,0.131,Cen
56392,56561,Lam Cen,"",11.596363,-63.019841,128.7001,3.11,-0.044,Cen
56404,56573,"","",11.598771,-47.641643,61.8047,5.26,0.257,Cen
56414,56583,"2    Dra","",11.600744,69.322952,72.8332,5.19,0.974,Dra
56432,56601,"","",11.604987,27.781351,71.582,5.8,0.248,Leo
56437,56606,"","",11.606215,-61.052433,497.5124,5.84,-0.102,Cen
56451,56620,"","",11.609706,-33.570057,111.6071,5.71,1.02,Hya
56463,56632,"","",11.611313,-37.237187,126.5823,6.3,0.062,Cen
56464,56633,"21The Crt","",11.611365,-9.802247,85.9845,4.7,-0.073,Crt
56478,56647,"91Ups Leo","",11.615814,-0.823749,55.6483,4.3,0.983,Leo
56487,56656,"","",11.616852,-61.283442,71.6846,5.14,1.105,Cen
56488,56657,"","",11.617005,-32.988184,71.1238,6.32,0.439,Hya
56506,56675,Pi  Cha,"",11.621074,-75.896544,41.511,5.64,0.362,Cha
56532,56700,"","",11.626114,-47.747309,108.3424,5.46,1.23,Cen
56547,56716,"","",11.62842,77.595699,309.5975,6.49,1.61,Dra
56558,56727,"","",11.630127,-67.620379,108.4599,5.94,1.013,Mus
56562,56731,"","",11.631395,50.618211,129.0323,6.14,1.068,UMa
56585,56754,"","",11.635371,-61.826563,87.4126,5.15,-0.04,Cen
56587,56756,"","",11.636064,8.883792,115.3403,6.18,1.081,Vir
56600,56769,"","",11.638991,-63.372747,100000.0,6.46,0.043,Cen
56601,56770,"59    UMa","",11.639056,43.625429,46.49,5.56,0.348,UMa
56606,56775,"","",11.640019,-2.435901,116.6861,6.22,1.119,Vir
56610,56779,"1Ome Vir","",11.641002,8.134298,152.439,5.24,1.499,Vir
56615,56784,"","",11.642312,33.625829,248.139,6.29,1.325,UMa
56620,56789,"60    UMa","",11.642645,46.834209,99.2063,6.09,0.401,UMa
56633,56802,"24Iot Crt","",11.644449,-13.201943,26.7308,5.48,0.52,Crt
56639,56809,"","",11.645846,45.108416,23.2504,6.29,0.566,UMa
56646,56816,"","",11.64698,64.346965,210.9705,6.49,0.154,UMa
56660,56830,"","",11.650122,-24.721093,63.0915,6.4,0.821,Crt
56693,56862,"","",11.658227,-65.397766,153.8462,5.01,0.804,Mus
56730,56899,"","",11.663982,-16.620229,210.9705,6.17,1.579,Crt
56732,56901,"","",11.664201,-14.468529,170.6485,6.21,-0.007,Crt
56753,56922,Omi Hya,"",11.670221,-34.74466,137.5516,4.7,-0.07,Hya
56774,56944,"","",11.674287,57.970404,156.0062,6.35,-0.092,UMa
56791,56961,"","",11.676946,-62.568102,100000.0,6.32,0.029,Cen
56800,56970,"","",11.678468,-53.968607,349.6503,5.95,1.67,Cen
56805,56975,"92    Leo","",11.679742,21.35273,82.7815,5.26,0.984,Leo
56816,56986,"","",11.681568,-62.090101,272.4796,4.93,1.111,Cen
56826,56996,"","",11.683767,-83.099937,110.4972,6.32,1.08,Cha
56828,56997,"61    UMa","",11.684171,34.201635,9.6117,5.31,0.723,UMa
56831,57001,"","",11.685674,-29.196274,43.2526,6.44,0.651,Hya
56843,57013,"","",11.688836,-43.095667,65.4879,5.54,0.044,Cen
56859,57029,"62    UMa","",11.69286,31.746058,41.1523,5.73,0.44,UMa
56874,57045,"","",11.695418,55.172011,267.3797,6.28,1.491,UMa
56876,57047,"","",11.695541,-32.499404,123.7624,5.2,1.475,Hya
56908,57079,"","",11.70098,-20.294167,78.2473,6.21,0.949,Crt
56921,57092,"","",11.704124,-75.227317,34.4116,6.48,0.528,Mus
56940,57111,"3    Dra","",11.707889,66.744906,184.5018,5.32,1.267,Dra
56966,57137,"","",11.715169,-79.306389,54.6747,6.38,0.894,Cha
56993,57165,"","",11.724219,-37.190155,260.4167,5.98,1.449,Cen
57003,57175,"","",11.725332,-62.489396,100000.0,5.0,0.784,Cen
57039,57211,"","",11.731342,-62.87828,141.0437,6.1,0.063,Cen
57042,57214,"","",11.731978,-6.677162,123.6094,6.05,0.96,Vir
57068,57240,"","",11.73699,25.218327,787.4016,6.02,1.533,Leo
57111,57283,"27Zet Crt","",11.746049,-18.350674,108.2251,4.71,0.958,Crt
57150,57322,"","",11.753512,-49.069843,120.048,6.26,1.174,Cen
57156,57328,"2Xi  Vir","",11.754733,8.258119,37.4111,4.84,0.174,Vir
57190,57363,Lam Mus,"",11.760141,-66.728763,38.9864,3.63,0.16,Mus
57198,57371,"","",11.762216,-45.690134,211.8644,5.28,-0.118,Cen
57208,57380,"3Nu  Vir","",11.764322,6.529376,90.0901,4.04,1.501,Vir
57226,57399,"63Chi UMa",Taiyangshou,11.767515,47.779406,56.3063,3.69,1.181,UMa
57266,57439,"","",11.775232,-61.178398,119.4743,4.11,0.895,Cen
57270,57443,"","",11.775376,-40.500354,9.2208,4.89,0.664,Cen
57304,57477,"","",11.782116,55.62819,66.0939,5.27,1.276,UMa
57324,57497,"","",11.78529,-35.906862,133.6898,6.16,0.952,Cen
57334,57507,"","",11.787731,-30.28651,17.4734,6.48,0.681,Hya
57339,57512,"","",11.788654,-57.696498,215.5172,5.42,1.664,Cen
57389,57562,"4    Vir","",11.798584,8.245895,59.1716,5.31,0.038,Vir
57392,57565,"93    Leo","",11.799762,20.218931,71.3267,4.5,0.547,Leo
57408,57581,Mu  Mus,"",11.80403,-66.81491,131.7523,4.75,1.522,Mus
57414,57587,"","",11.806524,-10.313105,43.0478,6.24,0.585,Crt
57433,57606,"","",11.810753,14.28421,59.7372,5.9,0.303,Leo
57440,57613,"","",11.812524,-26.749777,167.2241,5.1,1.594,Hya
57456,57629,"","",11.817023,-0.31867,35.0877,6.15,0.518,Vir
57459,57632,"94Bet Leo",Denebola,11.817663,14.57206,10.9999,2.14,0.09,Leo
57473,57646,"","",11.820774,16.242882,62.9723,6.05,0.278,Leo
57496,57669,"","",11.828077,-63.788478,182.4818,4.3,-0.149,Cen
57497,57670,"","",11.828258,34.931758,69.4444,5.73,0.467,UMa
57523,57696,"","",11.832395,-70.22579,290.6977,4.98,1.36,Mus
57559,57732,"","",11.838779,-15.863667,176.6784,6.13,0.947,Crt
57568,57741,"","",11.840911,-62.649381,100000.0,5.68,0.233,Cen
57576,57749,"","",11.843663,-27.277936,154.5595,6.48,0.98,Hya
57584,57757,"5Bet Vir",Zavijava,11.844922,1.764718,10.929,3.59,0.518,Vir
57606,57779,"","",11.848706,12.279037,51.5996,6.37,0.294,Leo
57618,57791,"","",11.85062,-5.333332,91.4077,5.62,1.058,Vir
57630,57803,"","",11.852419,-45.17347,132.8021,4.47,1.283,Cen
57632,57805,"","",11.852642,33.375013,65.4879,6.25,0.345,UMa
57646,57819,"","",11.856084,-12.187811,45.0653,6.34,0.41,Crt
57668,57841,"","",11.861559,-30.834809,31.1721,5.85,0.554,Hya
57678,57851,"","",11.864237,-65.20591,111.1111,4.89,-0.123,Mus
57698,57870,"","",11.869537,-56.987741,102.8807,5.56,0.069,Cen
57763,57936,Bet Hya,"",11.881813,-33.908124,94.9668,4.29,-0.1,Hya
57767,57939,"",Groombridge 1830,11.88282,37.718679,9.0917,6.42,0.754,UMa
57798,57971,"","",11.890783,-35.066645,74.129,6.17,0.089,Hya
57828,58001,"64Gam UMa",Phecda,11.897168,53.69476,25.5037,2.41,0.044,UMa
57829,58002,"","",11.897299,0.552114,143.2665,6.31,0.207,Vir
57868,58041,"","",11.903196,-57.410198,473.9336,6.05,0.05,Cen
57884,58057,"","",11.907185,-37.748935,50.6073,6.46,0.528,Cen
57909,58082,"","",11.911816,-25.713887,87.7193,5.26,0.883,Hya
57912,58085,"","",11.912396,-66.376198,43.535,6.38,0.406,Mus
57930,58103,"","",11.916672,-63.27918,100000.0,5.89,0.21,Cen
57937,58110,"6    Vir","",11.917537,8.443943,52.5762,5.58,0.937,Vir
57946,58119,"","",11.920574,36.756378,227.7904,6.47,1.581,UMa
57984,58158,"","",11.927814,-28.477103,167.7852,5.93,1.499,Hya
57986,58159,"95    Leo","",11.927926,15.646818,151.7451,5.53,0.116,Leo
58003,58177,"","",11.931878,-39.689517,126.1034,6.13,1.01,Cen
58007,58181,"66    UMa","",11.932892,56.59856,94.8767,5.83,1.101,UMa
58014,58188,"30Eta Crt","",11.933599,-17.150829,77.101,5.17,-0.022,Crt
58067,58242,"","",11.945542,-47.072379,48.4966,6.26,0.407,Cen
58084,58259,"","",11.948126,61.549213,177.305,6.22,0.955,UMa
58097,58272,"","",11.951042,-33.315461,120.6273,6.2,-0.044,Hya
58151,58326,"","",11.961118,-62.448748,187.2659,5.59,-0.152,Cru
58194,58369,"","",11.968663,32.273907,47.0367,6.42,0.331,UMa
58204,58379,"","",11.970898,-56.31731,233.6449,5.44,-0.062,Cru
58252,58427,"","",11.979907,-64.33956,100000.0,5.59,0.174,Cru
58261,58436,"","",11.981771,-25.908857,322.5806,6.42,0.038,Hya
58270,58445,"","",11.98426,0.53068,213.2196,6.18,1.257,Vir
58275,58450,"","",11.985936,-10.475896,269.5418,6.49,1.45,Vir
58277,58452,"","",11.986302,-45.83222,121.8027,6.36,-0.081,Cen
58278,58453,"","",11.986352,-51.696761,314.4654,6.04,1.277,Cen
58285,58460,"","",11.988205,33.167004,227.2727,5.95,1.153,UMa
58294,58469,"","",11.990451,-62.830948,100000.0,6.34,0.317,Cru
58309,58484,Eps Cha,"",11.993796,-78.221839,110.8647,4.88,-0.054,Cha
58334,58510,"7    Vir","",11.999142,3.655197,93.633,5.36,-0.001,Vir
58337,58512,"","",11.999273,34.034748,119.6172,6.49,0.243,UMa
58370,58545,"","",12.005224,80.853186,280.112,6.21,1.61,Cam
58399,58574,"","",12.011729,-21.837501,176.0563,6.28,1.22,Crv
58401,58576,"","",12.012347,-10.446014,12.7632,5.54,0.76,Vir
58412,58587,"","",12.014211,-19.658982,970.8738,5.28,-0.192,Crv
58415,58590,"8Pi  Vir","",12.014553,6.614322,117.7856,4.65,0.122,Vir
58428,58603,"","",12.017149,-1.768166,157.9779,6.32,1.204,Vir
58467,58642,"","",12.024784,-57.503777,102.3541,6.16,-0.004,Cru
58479,58654,"","",12.027635,36.042086,102.7749,5.59,1.019,UMa
58509,58684,"67    UMa","",12.035239,43.0456,34.27,5.22,0.283,UMa
58522,58697,"","",12.039068,-85.631757,113.7656,6.05,1.29,Oct
58531,58706,"","",12.041264,-71.488981,132.8021,6.41,1.163,Mus
58545,58720,"","",12.043815,-69.192288,105.7082,5.89,-0.08,Mus
58566,58741,"","",12.047684,-7.683623,223.7136,6.24,1.492,Vir
58583,58758,The1Cru,"",12.050447,-63.31293,72.0461,4.32,0.28,Cru
58628,58803,"","",12.060973,-42.434056,25.3229,5.15,0.417,Cen
58634,58809,"","",12.062345,5.55775,70.1262,6.39,0.476,Vir
58635,58810,"","",12.062369,-74.214096,346.0208,6.44,1.198,Mus
58683,58858,"2    Com","",12.071277,21.459153,101.0101,5.89,0.248,Com
58684,58859,"","",12.07131,-51.472518,117.6471,6.48,-0.046,Cen
58693,58867,The2Cru,"",12.072008,-63.165711,261.7801,4.72,-0.081,Cru
58699,58874,"","",12.074583,85.587132,72.7273,6.27,0.56,Cam
58709,58884,"","",12.077479,-68.328912,106.4963,5.34,-0.012,Mus
58726,58901,"","",12.079242,-59.253287,106.2699,6.3,-0.034,Cru
58730,58905,Kap Cha,"",12.079616,-76.519061,146.1988,5.04,1.491,Cha
58746,58921,"","",12.082564,-60.968252,209.6436,5.95,1.691,Cru
58773,58948,"9Omi Vir","",12.086817,8.732985,50.0501,4.12,0.967,Vir
58777,58952,"",Tonatiuh,12.087451,76.905734,97.0874,5.78,1.029,Cam
58814,58989,"","",12.094371,62.93312,117.9245,6.14,1.178,UMa
58827,59003,"","",12.098229,-65.546879,100000.0,6.3,0.152,Mus
58832,59008,"","",12.099075,-35.693926,232.5581,6.23,-0.073,Hya
58835,59010,"","",12.099948,-3.131591,178.2531,6.37,0.997,Vir
58844,59021,"","",12.101446,-32.961231,51.6529,6.49,0.623,Hya
58869,59046,"","",12.105536,-68.651405,100000.0,6.23,1.237,Mus
58873,59050,"","",12.106404,-65.709453,125.9446,5.95,0.613,Mus
58895,59072,Eta Cru,"",12.114687,-64.61373,19.755,4.14,0.353,Cru
58973,59151,"","",12.130565,-75.367019,130.2083,5.17,1.278,Mus
58994,59173,"","",12.134788,-50.661278,134.4086,4.46,-0.163,Cen
59005,59184,"","",12.137422,-48.692487,183.8235,5.34,-0.01,Cen
59016,59196,Del Cen,"",12.13931,-50.722425,127.2265,2.58,-0.128,Cen
59019,59200,"","",12.140204,-60.847128,862.069,6.22,1.733,Cru
59020,59199,"1Alp Crv",Alchiba,12.140225,-24.728875,14.9365,4.02,0.334,Crv
59049,59229,"","",12.148281,-44.325989,104.1667,5.75,0.24,Cen
59052,59232,"","",12.148497,-41.231605,487.8049,5.51,-0.097,Cen
59104,59285,"10    Vir","",12.161475,1.897889,73.046,5.95,1.12,Vir
59110,59291,"","",12.163078,74.661368,74.0192,6.34,0.511,Dra
59125,59307,"","",12.167376,-34.704742,98.8142,6.16,0.03,Hya
59127,59309,"11    Vir","",12.167616,5.807008,44.0529,5.72,0.352,Vir
59134,59316,"2Eps Crv","",12.168746,-22.619766,97.4659,3.02,1.326,Crv
59170,59352,"3    Com","",12.175453,16.809271,224.2152,6.4,0.07,Com
59171,59353,"","",12.176058,-37.870349,72.3589,6.07,0.19,Cen
59182,59364,"","",12.179471,27.281505,89.0472,6.01,0.123,Com
59202,59384,"","",12.183354,81.709832,336.7003,6.0,1.618,Cam
59207,59389,"","",12.183672,-68.260966,268.8172,6.48,1.352,Mus
59212,59394,"3    Crv","",12.184401,-23.602423,58.8235,5.45,0.055,Crv
59213,59396,"","",12.184772,-61.277425,95.3289,6.08,0.398,Cru
59257,59439,"","",12.192098,-51.359333,52.5762,6.23,0.816,Cen
59267,59449,Rho Cen,"",12.194202,-52.36846,116.144,3.97,-0.156,Cen
59276,59458,"68    UMa","",12.195806,57.054408,271.7391,6.34,1.505,UMa
59286,59468,"4    Com","",12.19755,25.87028,271.7391,5.66,1.401,Com
59307,59489,"","",12.200281,28.536313,71.2251,6.47,0.428,Com
59319,59501,"5    Com","",12.202581,20.542064,130.3781,5.6,0.961,Com
59322,59504,"","",12.203311,77.616241,33.3778,5.14,0.358,Cam
59335,59517,"","",12.206106,-62.950773,100000.0,5.91,0.253,Cru
59369,59551,"","",12.213063,-70.151787,502.5126,6.05,1.78,Mus
59406,59588,"","",12.220263,-34.125272,358.4229,6.34,1.449,Hya
59425,59607,"","",12.223623,-38.929188,436.6812,5.77,-0.144,Cen
59426,59608,"12    Vir","",12.223872,10.262341,50.1756,5.85,0.262,Vir
59440,59622,"","",12.22689,-33.792919,128.3697,6.34,0.071,Hya
59465,59647,"","",12.232354,-78.573934,111.9821,6.34,1.234,Cha
59472,59654,"","",12.234085,-45.723919,175.1313,5.31,1.4,Cen
59496,59678,"","",12.238036,-64.408519,100000.0,6.2,0.075,Cru
59526,59708,"","",12.245394,53.434626,147.2754,6.18,1.061,UMa
59546,59728,"","",12.249884,-20.84422,82.85,5.82,1.052,Crv
59560,59742,"","",12.251778,-29.237256,156.9859,6.5,1.086,Hya
59564,59746,"","",12.252366,70.200008,142.8571,5.72,1.179,Dra
59565,59747,Del Cru,Imai,12.252427,-58.748928,105.8201,2.79,-0.193,Cru
59568,59750,"","",12.252933,-10.3124,22.3514,6.11,0.47,Vir
59584,59767,"","",12.255737,87.700115,46.9484,6.27,0.346,UMi
59592,59774,"69Del UMa",Megrez,12.257086,57.032617,24.6853,3.32,0.077,UMa
59603,59785,"","",12.258477,-41.913278,123.1527,6.24,1.002,Cen
59614,59796,"","",12.261529,72.551196,147.4926,6.29,1.145,Dra
59621,59803,"4Gam Crv",Gienah,12.263437,-17.541929,47.1032,2.58,-0.107,Crv
59637,59819,"6    Com","",12.266719,14.899071,60.9013,5.09,0.068,Com
59649,59831,"2    CVn","",12.268763,40.66018,236.4066,5.69,1.586,CVn
59665,59847,"7    Com","",12.272372,23.945409,76.4526,4.93,0.957,Com
59669,59851,"","",12.273293,-72.614499,116.5501,6.21,-0.006,Mus
59674,59856,"","",12.27504,33.061527,96.9932,4.99,1.14,Com
59698,59879,"","",12.280409,86.435819,39.5257,6.33,0.437,UMi
59712,59895,"","",12.284259,-16.693736,134.9528,6.05,0.113,Crv
59715,59898,"","",12.285095,-65.692958,95.9693,6.06,0.021,Mus
59737,59920,"","",12.291551,53.191331,105.7082,5.8,1.33,UMa
59740,59923,"","",12.291827,28.937189,54.9451,5.71,0.16,Com
59746,59929,Eps Mus,"",12.292917,-67.960736,92.4214,4.06,1.603,Mus
59758,59941,"","",12.295628,15.1447,175.4386,6.36,1.384,Com
59767,59950,"","",12.296464,-36.093979,150.1502,6.15,0.008,Cen
59816,60000,Bet Cha,"",12.305812,-79.31224,91.4913,4.24,-0.123,Cha
59826,60009,Zet Cru,"",12.307298,-64.003071,109.6491,4.06,-0.168,Cru
59834,60018,"","",12.308781,30.249047,59.3824,6.23,0.31,Com
59846,60030,"13    Vir","",12.311199,-0.787184,114.5475,5.9,0.168,Vir
59860,60044,"","",12.313901,75.160561,97.8474,5.47,0.054,Dra
59875,60059,"","",12.316608,-55.143002,151.5152,5.01,1.6,Cen
59882,60066,"","",12.317229,26.008349,85.6898,6.44,0.18,Com
59903,60087,"8    Com","",12.321998,23.034673,85.6898,6.26,0.177,Com
59914,60098,"9    Com","",12.324873,28.156916,54.4662,6.38,0.523,Com
59938,60122,"3    CVn","",12.330199,48.984148,180.8318,5.28,1.623,CVn
59945,60129,"15Eta Vir",Zaniah,12.331766,-0.666803,81.367,3.89,0.026,Vir
59973,60157,"","",12.336326,-22.1757,118.3432,5.94,0.824,Crv
59984,60168,"","",12.338267,26.001875,64.4745,6.16,0.306,Com
59986,60170,"","",12.3388,26.619482,49.3583,5.52,1.091,Com
59988,60172,"16    Vir","",12.339161,3.312574,94.4287,4.97,1.172,Vir
59998,60183,"","",12.341183,-65.842656,93.8967,6.2,-0.041,Mus
60003,60189,"5Zet Crv","",12.34268,-22.215901,127.3885,5.2,-0.09,Crv
60013,60197,"","",12.344827,27.054545,91.8274,6.32,0.394,Com
60017,60202,"11    Com","",12.345286,17.792868,88.8889,4.72,1.01,Com
60025,60210,"","",12.346866,15.540988,120.6273,6.47,1.025,Com
60027,60212,"70    UMa","",12.347461,57.864118,194.9318,5.54,1.452,UMa
60036,60221,"","",12.348809,-13.565724,61.6903,5.14,1.048,Crv
60075,60260,Eps Cru,Ginan,12.356031,-60.401147,70.4722,3.59,1.389,Cru
60120,60305,"","",12.365629,47.182202,97.561,6.33,1.115,CVn
60123,60308,"","",12.365953,-56.374385,694.4444,5.91,1.533,Cru
60135,60320,Zet2Mus,"",12.368713,-67.522105,101.1122,5.15,0.195,Mus
60142,60327,"","",12.369675,24.773866,103.4126,6.21,-0.012,Com
60144,60329,Zet1Mus,"",12.370009,-68.307316,100.2004,5.73,1.038,Mus
60166,60351,"12    Com","",12.375087,25.84616,90.3342,4.78,0.515,Com
60168,60353,"17    Vir","",12.375566,5.305444,29.9222,6.46,0.567,Vir
60194,60379,"","",12.380403,-57.676132,110.8647,5.38,-0.098,Cru
60232,60417,"","",12.387389,-67.631546,49.8008,6.36,0.887,Mus
60233,60418,"","",12.387602,-4.974503,121.6545,6.47,1.189,Vir
60236,60421,"","",12.388574,-11.812117,283.2861,6.48,1.64,Crv
60240,60425,"6    Crv","",12.38933,-24.840669,101.5228,5.66,1.153,Crv
60264,60449,"","",12.393174,-35.412677,136.2398,5.32,-0.066,Cen
60268,60454,"","",12.393541,-39.30236,114.0251,6.39,0.285,Cen
60277,60463,"","",12.395765,-38.911381,102.7749,5.79,-0.064,Cen
60281,60467,"4    CVn","",12.396397,42.542743,95.1475,6.03,0.366,CVn
60282,60468,"","",12.396619,-30.335415,229.3578,6.39,1.572,Hya
60299,60485,"5    CVn","",12.400414,51.562257,118.4834,4.76,0.877,CVn
60328,60514,"13    Com","",12.405146,26.098606,81.103,5.17,0.082,Com
60339,60525,"","",12.407446,25.582404,90.2527,6.41,0.276,Com
60363,60549,"","",12.412425,-41.384289,190.1141,6.24,1.169,Cen
60398,60584,"71    UMa","",12.41756,56.777828,263.1579,5.82,1.622,UMa
60403,60589,"","",12.418437,63.802781,176.6784,6.31,0.919,Dra
60405,60591,"","",12.419041,-42.514312,53.9665,6.1,0.652,Cen
60409,60595,"","",12.419935,-11.61059,70.5219,5.95,0.043,Vir
60413,60599,"","",12.420863,23.926202,145.9854,6.03,1.094,Com
60415,60601,"","",12.421551,-65.769853,48.4731,6.29,0.965,Mus
60417,60603,"","",12.421781,-27.749002,172.117,6.09,1.272,Hya
60423,60610,"","",12.422706,-35.186417,134.5895,5.71,-0.066,Cen
60451,60638,"","",12.427299,-86.150613,224.2152,6.32,1.065,Oct
60459,60646,"6    CVn","",12.43082,39.018616,80.1925,5.01,0.955,CVn
60509,60697,"14    Com","",12.440018,27.268237,84.6024,4.92,0.277,Com
60510,60699,"","",12.440107,71.929827,123.3046,6.33,1.028,Dra
60522,60710,"","",12.442158,-51.450635,137.3626,4.82,-0.141,Cen
60530,60718,Alp1Cru,Acrux,12.443311,-63.099092,98.7167,0.77,-0.243,Cru
60541,60729,"","",12.44676,-48.913191,26.6099,6.25,0.674,Cen
60547,60735,"","",12.447692,-32.830121,155.521,5.56,0.007,Hya
60554,60742,"15Gam Com","",12.448966,28.268423,51.2821,4.35,1.128,Com
60558,60746,"16    Com","",12.449805,26.825699,85.1789,4.98,0.088,Com
60583,60771,"","",12.456899,-63.788986,203.252,6.02,0.052,Cru
60592,60780,"","",12.45801,-58.316445,264.5503,6.35,1.612,Cru
60593,60781,"","",12.458019,-58.991756,135.8696,5.38,1.543,Cru
60607,60795,"73    UMa","",12.459754,55.712724,127.8772,5.68,1.582,UMa
60616,60804,"","",12.461689,8.610344,156.4945,6.36,0.935,Vir
60621,60809,"","",12.463735,-16.631844,254.4529,6.3,0.868,Crv
60625,60813,"","",12.464319,-4.615277,73.9098,6.23,0.43,Vir
60635,60823,Sig Cen,"",12.467331,-50.230635,126.2626,3.91,-0.192,Cen
60663,60851,"","",12.472025,-64.340989,97.9432,6.05,0.022,Cru
60667,60855,"","",12.472908,-39.041172,133.8688,5.45,-0.073,Cen
60673,60861,"","",12.473805,-61.794842,162.8664,6.21,1.253,Cru
60682,60870,"","",12.476029,-56.407816,42.3729,6.15,0.92,Cru
60715,60904,"17    Com","",12.481863,25.912852,72.8863,5.29,-0.056,Com
60752,60941,"18    Com","",12.490845,24.108925,61.6143,5.47,0.445,Com
60768,60957,"20    Com","",12.495344,20.896109,84.0336,5.68,0.093,Com
60776,60965,"7Del Crv",Algorab,12.497739,-16.515432,26.6312,2.94,-0.012,Crv
60780,60969,"","",12.498388,-56.52494,156.0062,5.78,1.572,Cru
60789,60978,"74    UMa","",12.499267,58.405742,83.7521,5.37,0.205,UMa
60790,60979,"","",12.499413,-41.735901,226.2443,6.0,1.515,Cen
60799,60988,"7    CVn","",12.500815,51.535631,44.7628,6.21,0.536,CVn
60804,60992,"75    UMa","",12.501178,58.767773,119.7605,6.07,0.988,UMa
60805,60994,"","",12.501327,-13.393184,24.6488,6.37,0.591,Crv
60809,60998,"4    Dra","",12.501868,69.201123,190.4762,5.01,1.621,Dra
60826,61015,"","",12.504846,-23.696419,301.2048,5.63,1.67,Crv
60864,61053,"","",12.513925,53.076608,21.777,6.2,0.568,UMa
60879,61071,"21    Com","",12.516823,24.567168,82.713,5.47,0.056,Com
60893,61084,Gam Cru,Gacrux,12.519429,-57.113212,27.1518,1.59,1.6,Cru
60912,61103,"","",12.522616,7.604309,246.3054,6.05,1.523,Vir
60943,61134,"","",12.527423,-5.052592,124.0695,6.19,1.041,Vir
60945,61136,"","",12.527871,-59.423922,429.1845,5.49,0.622,Cru
60967,61158,"","",12.53226,-63.505838,75.1315,5.96,0.263,Cru
60981,61172,"","",12.534553,-32.533761,186.2197,6.46,0.172,Hya
60983,61174,"8Eta Crv","",12.53451,-16.196007,18.2815,4.3,0.388,Crv
60989,61181,"","",12.536089,-73.001056,106.6098,5.88,1.078,Mus
61008,61199,Gam Mus,"",12.541134,-72.132988,99.6016,3.84,-0.157,Mus
61016,61208,"","",12.542448,-21.212116,115.2074,6.41,1.11,Crv
61020,61212,"","",12.543334,-13.859105,38.1679,5.74,0.376,Crv
61053,61246,"20    Vir","",12.5508,10.295671,144.9275,6.29,0.953,Vir
61076,61270,"","",12.556181,-19.792549,130.8901,6.26,0.304,Crv
61088,61281,"5Kap Dra","",12.558058,69.788238,150.3759,3.85,-0.116,Dra
61102,61295,"22    Com","",12.559506,24.282984,89.0472,6.28,0.114,Com
61103,61296,"","",12.559516,-12.830203,49.3583,5.58,0.861,Crv
61116,61309,"","",12.56081,33.247584,89.3655,5.42,1.011,CVn
61124,61317,"8Bet CVn",Chara,12.562411,41.35748,8.4395,4.24,0.588,CVn
61125,61318,"21    Vir","",12.562986,-9.452077,79.2393,5.48,-0.035,Vir
61127,61320,"","",12.56317,33.384668,127.2265,6.24,1.051,CVn
61135,61328,"","",12.566433,-49.90981,65.1466,6.38,0.428,Cen
61166,61359,"9Bet Crv",Kraz,12.573121,-23.396759,44.6628,2.65,0.893,Crv
61186,61379,"","",12.578448,-44.673018,28.3206,5.76,0.683,Cen
61191,61384,"6    Dra","",12.578902,70.02177,184.5018,4.95,1.312,Dra
61202,61394,"23    Com","",12.580857,22.629259,95.057,4.8,0.012,Com
61212,61404,"","",12.581794,-67.756894,336.7003,6.11,1.514,Mus
61225,61418,"24    Com","",12.585489,18.377058,138.1215,5.03,1.152,Com
61227,61420,"","",12.585602,21.881384,195.6947,5.86,1.242,Com
61250,61443,"","",12.591563,-61.841576,47.1698,6.22,0.731,Cru
61275,61468,"","",12.595987,-41.021945,35.524,5.12,0.224,Cen
61303,61496,"","",12.599665,-20.527476,66.8003,6.2,0.34,Crv
61305,61498,"","",12.600289,-39.869505,72.7802,5.78,0.003,Cen
61364,61557,"","",12.61295,-50.335394,102.0408,6.4,0.026,Cen
61365,61558,"25    Vir","",12.613154,-5.831898,69.0131,5.88,0.072,Vir
61378,61571,"25    Com","",12.616204,17.089536,194.5525,5.7,1.436,Com
61392,61585,Alp Mus,"",12.619739,-69.135564,96.7118,2.69,-0.176,Mus
61428,61621,"","",12.628409,-27.138888,34.3289,5.41,0.334,Hya
61429,61622,Tau Cen,"",12.628394,-48.541304,40.2414,3.85,0.049,Cen
61444,61637,"","",12.63456,3.282444,170.9402,6.33,0.0,Vir
61465,61658,"","",12.639557,1.854662,151.0574,5.68,1.592,Vir
61495,61688,"","",12.645726,-18.2501,67.2948,6.0,0.31,Crv
61499,61692,"9    CVn","",12.646189,40.874662,67.8426,6.35,0.204,CVn
61510,61703,"","",12.647879,-67.193048,100000.0,6.22,0.007,Mus
61526,61719,"","",12.650606,22.659497,133.1558,6.39,1.096,Com
61527,61720,"","",12.650962,-30.422387,191.5709,5.86,1.207,Hya
61531,61724,"26    Com","",12.652031,21.062559,83.8223,5.49,0.978,Com
61546,61738,"","",12.654061,-75.370594,174.5201,6.46,0.098,Mus
61547,61740,"26Chi Vir","",12.654102,-7.995564,90.009,4.66,1.24,Vir
61555,61748,"","",12.654683,35.951959,134.5895,6.39,0.095,CVn
61596,61789,"","",12.664594,-39.987302,111.8568,4.63,-0.082,Cen
61603,61796,"","",12.665523,-66.511138,114.2857,6.26,-0.05,Mus
61717,61910,"","",12.687765,-13.013901,78.9266,5.17,0.432,Crv
61723,61916,"","",12.689723,-46.145581,277.7778,5.84,1.475,Cen
61739,61932,Gam Cen,"",12.691971,-48.959888,39.9042,2.2,-0.023,Cen
61743,61936,"76    UMa","",12.692759,62.713039,160.0,6.02,0.051,UMa
61744,61937,"27    Vir","",12.692887,10.42627,62.8931,6.22,0.192,Vir
61748,61941,"29Gam Vir",Porrima,12.694345,-1.449375,11.685,2.74,0.368,Vir
61758,61951,"","",12.697056,-19.759092,62.0347,6.02,0.397,Crv
61767,61960,"30Rho Vir","",12.698071,10.235625,36.2713,4.88,0.076,Vir
61773,61966,"","",12.699051,-59.685819,293.2551,4.91,-0.044,Cru
61775,61968,"31    Vir","",12.699199,6.806617,71.5308,5.57,0.002,Vir
61788,61981,"","",12.701398,-69.407554,625.0,6.31,0.75,Mus
61819,62012,"","",12.709858,-48.813109,58.4454,4.66,1.075,Cen
61833,62026,"","",12.713827,-55.947001,108.4599,6.06,-0.023,Cru
61834,62027,"","",12.713965,-63.058624,373.1343,5.27,0.195,Cru
61853,62046,"","",12.717822,61.155421,164.2036,6.39,1.268,UMa
61865,62058,"","",12.719221,-56.176224,117.096,5.99,-0.074,Cru
61888,62081,"","",12.723961,-40.177849,68.6342,6.43,0.242,Cen
61891,62084,"","",12.724544,-58.902742,170.068,6.41,1.092,Cru
61910,62103,"","",12.727236,-1.576996,66.9792,5.91,0.85,Vir
61935,62128,"","",12.732963,-36.349153,242.7184,6.38,-0.06,Cen
61938,62131,"","",12.733481,-28.323957,126.4223,5.46,1.346,Hya
61977,62170,"","",12.740533,80.621024,143.6782,6.33,0.16,Cam
61979,62172,"","",12.740863,44.103004,98.4252,6.34,0.469,CVn
62014,62207,"10    CVn","",12.749852,39.278916,17.3762,5.95,0.557,CVn
62018,62212,"","",12.750573,-68.830751,628.9308,6.16,0.688,Mus
62030,62223,"",La Superba,12.752174,45.440256,320.5128,5.42,2.994,CVn
62074,62267,"32    Vir","",12.760294,7.673326,77.4593,5.22,0.322,Vir
62075,62268,Iot Cru,"",12.76055,-60.981318,36.8053,4.69,1.049,Cru
62127,62322,Bet Mus,"",12.771346,-68.108119,104.712,3.04,-0.178,Mus
62130,62325,"33    Vir","",12.772928,9.539684,45.1467,5.65,0.989,Vir
62132,62327,"","",12.772981,-56.488815,117.9245,4.62,-0.15,Cru
62161,62356,"27    Com","",12.777433,16.577691,104.1667,5.12,1.346,Com
62165,62360,"","",12.779508,-33.315483,108.9325,5.87,1.326,Cen
62181,62376,"","",12.783974,5.950373,265.9574,6.31,-0.013,Vir
62199,62394,"34    Vir","",12.787123,11.958088,83.2639,6.11,0.122,Vir
62207,62402,"","",12.788594,62.781155,60.2773,5.88,0.215,UMa
62226,62421,"","",12.792618,-6.301752,70.028,6.27,0.538,Vir
62228,62423,"7    Dra",Tianyi,12.792873,66.790304,227.2727,5.43,1.567,Dra
62239,62434,Bet Cru,Mimosa,12.795359,-59.688764,85.3971,1.25,-0.238,Cru
62248,62443,"35    Vir","",12.797614,3.572716,178.8909,6.42,1.596,Vir
62253,62448,"","",12.798236,-24.851659,226.7574,6.43,-0.058,Hya
62283,62478,"28    Com","",12.803982,13.553018,125.7862,6.47,0.015,Com
62305,62500,"","",12.807297,-27.597384,98.2318,5.65,0.947,Hya
62317,62512,"","",12.810944,60.319822,24.0442,5.83,0.467,UMa
62320,62516,"11    CVn","",12.811617,48.466838,137.5516,6.25,0.195,CVn
62328,62523,"","",12.813075,24.840226,16.9319,6.29,0.703,Com
62346,62541,"29    Com","",12.815059,14.122584,122.399,5.71,0.024,Com
62366,62561,"","",12.81855,83.417832,123.0012,5.92,0.015,Cam
62377,62572,"","",12.820496,83.412901,178.8909,5.38,0.033,Cam
62381,62576,"30    Com","",12.821516,27.552379,92.9368,5.76,0.051,Com
62405,62600,"","",12.827234,48.74003,166.6667,6.5,1.135,CVn
62413,62608,"","",12.829154,-71.98626,143.2665,5.55,1.154,Mus
62445,62641,"","",12.836321,37.516937,109.7695,5.87,0.17,CVn
62457,62653,"","",12.838136,22.863408,108.4599,6.43,1.002,Com
62459,62655,"","",12.83875,-48.459543,187.6173,6.26,0.046,Cen
62487,62683,"","",12.844769,-33.999302,122.6994,4.9,-0.031,Cen
62507,62703,"","",12.849413,-52.787424,101.833,5.7,0.127,Cen
62535,62732,"","",12.854994,-60.329789,100000.0,5.71,0.344,Cru
62546,62743,"","",12.856369,-10.338219,156.0062,6.48,1.03,Vir
62560,62757,"37    Vir","",12.860247,3.056788,183.4862,6.02,1.288,Vir
62566,62763,"31    Com","",12.861645,27.540712,89.1266,4.93,0.681,Com
62589,62786,"","",12.865815,-39.680431,142.8571,5.99,-0.098,Cen
62591,62788,"","",12.866084,-26.738275,66.9792,6.14,0.232,Hya
62602,62799,"","",12.868179,-48.094286,160.5136,6.31,0.04,Cen
62611,62807,"32    Com","",12.870071,17.073943,598.8024,6.32,1.622,Com
62624,62821,"","",12.873499,-53.829931,549.4505,6.26,1.106,Cen
62628,62825,"","",12.874305,16.122495,110.6195,6.29,0.173,Com
62664,62861,"","",12.884502,-54.952473,126.7427,5.91,1.309,Cen
62670,62867,"","",12.885258,-48.943315,90.2527,4.33,1.344,Cen
62678,62875,"38    Vir","",12.886433,-3.553098,32.7332,6.11,0.493,Vir
62689,62886,"35    Com","",12.888263,21.244943,86.8056,4.89,0.904,Com
62697,62894,"","",12.889416,-60.328489,100000.0,5.75,0.295,Cru
62699,62896,"","",12.890607,-40.178872,45.5581,4.25,0.224,Cen
62707,62904,"","",12.892254,19.481061,44.8029,6.42,0.805,Com
62717,62915,"","",12.893923,-4.224662,98.912,6.45,1.094,Vir
62734,62931,Kap Cru,"",12.896923,-60.376244,100000.0,5.89,0.2,Cru
62736,62933,"41    Vir","",12.897142,12.418416,60.9013,6.25,0.282,Vir
62757,62956,"77Eps UMa",Alioth,12.900472,55.959821,25.31,1.76,-0.022,UMa
62771,62972,"","",12.903638,33.53448,77.3994,6.25,0.207,CVn
62783,62983,"","",12.905184,-11.64857,68.4932,6.0,0.068,Vir
62785,62985,"40Psi Vir","",12.905879,-9.538994,166.9449,4.77,1.59,Vir
62803,63003,Mu 1Cru,"",12.9099,-57.177924,127.0648,4.03,-0.18,Cru
62805,63005,Mu 2Cru,"",12.910251,-57.16867,124.8439,5.08,-0.089,Cru
62807,63007,Lam Cru,"",12.910889,-59.146701,117.6471,4.62,-0.153,Cru
62824,63024,"","",12.915702,47.196722,213.2196,5.75,1.451,CVn
62831,63031,Iot Oct,"",12.916219,-85.123369,107.8749,5.45,0.991,Oct
62833,63033,"","",12.916269,-44.151968,40.0962,5.89,0.633,Cen
62866,63066,"","",12.922067,-42.915732,202.8398,5.46,1.668,Cen
62876,63076,"8    Dra",Taiyi,12.924598,65.438474,29.2912,5.23,0.303,Dra
62890,63090,"43Del Vir",Minelauva,12.926725,3.39747,60.8273,3.39,1.571,Vir
62909,63109,"","",12.931457,-15.327025,196.0784,6.18,-0.001,Crv
62918,63117,"","",12.932538,-56.835806,100000.0,5.34,0.01,Cru
62921,63121,"12Alp1CVn",Cor Caroli B,12.933468,38.314912,36.9004,5.61,0.337,CVn
62925,63125,"12Alp2CVn",Cor Caroli,12.933807,38.31838,35.1989,2.89,-0.115,CVn
62943,63143,"","",12.938221,54.099489,86.6551,5.84,0.204,UMa
62963,63165,"","",12.942142,-72.185212,176.3668,5.93,1.115,Mus
63002,63204,"","",12.94951,-54.587348,118.4834,6.48,-0.042,Cen
63008,63210,"","",12.951212,-51.198752,112.9944,5.17,-0.066,Cen
63009,63211,"","",12.952166,46.176789,104.3841,6.11,1.012,CVn
63018,63220,"","",12.95352,-12.066947,243.9024,6.33,1.491,Vir
63041,63243,"","",12.959203,-22.753499,118.9061,6.31,1.069,Hya
63095,63297,"","",12.971907,64.925533,333.3333,6.44,1.15,Dra
63138,63340,"","",12.979809,75.472508,166.113,6.0,1.03,Dra
63153,63355,"36    Com","",12.982068,17.409446,99.4036,4.76,1.568,Com
63212,63414,"44    Vir","",12.99431,-3.811926,77.9423,5.79,0.203,Vir
63230,63432,"9    Dra","",12.998665,66.597272,191.5709,5.37,1.282,Dra
63259,63462,"37    Com","",13.004576,30.785021,202.4291,4.88,1.165,Com
63287,63490,"","",13.009074,-33.505267,41.5282,6.01,0.386,Cen
63291,63494,"46    Vir","",13.009985,-3.368488,100.3009,5.99,1.119,Vir
63294,63497,"","",13.010755,18.373009,39.2927,6.2,0.466,Com
63300,63503,"78    UMa","",13.012125,56.366338,25.4453,4.93,0.368,UMa
63330,63533,"38    Com","",13.019337,17.123147,124.6883,5.97,0.971,Com
63381,63584,"","",13.029737,63.610225,36.8868,6.01,0.427,Dra
63405,63608,"47Eps Vir",Vindemiatrix,13.036278,10.95915,33.6022,2.85,0.934,Vir
63411,63613,Del Mus,"",13.037759,-71.548855,27.8707,3.61,1.19,Mus
63444,63647,"","",13.044566,59.716306,193.0502,6.5,0.055,UMa
63485,63688,"","",13.051487,-71.475729,306.7485,5.93,0.002,Mus
63521,63724,Xi 1Cen,"",13.059256,-49.527264,67.6133,4.83,0.029,Cen
63535,63738,"","",13.062808,-20.583497,28.2087,5.58,0.554,Vir
63617,63820,"","",13.080066,-41.196322,364.9635,6.24,1.649,Cen
63619,63822,"","",13.080492,73.024976,120.1923,6.43,0.218,UMi
63646,63849,"","",13.085186,-47.11691,101.0101,6.44,0.414,Cen
63680,63883,"","",13.091888,-52.11566,310.559,6.43,1.69,Cen
63698,63901,"14    CVn","",13.095678,35.798899,104.3841,5.2,-0.059,CVn
63713,63916,"","",13.097853,45.26855,132.626,5.64,1.135,CVn
63742,63945,"","",13.104642,-48.463289,119.6172,4.71,-0.148,Cen
63745,63948,"39    Com","",13.105901,21.153397,49.6771,6.0,0.393,Com
63747,63950,"40    Com","",13.106278,22.616187,225.7336,5.53,1.461,Com
63749,63952,"","",13.106353,62.041868,116.2791,6.15,0.997,UMa
63769,63972,"","",13.109743,-41.588443,105.5966,5.59,1.05,Cen
63800,64003,"","",13.115069,-35.862033,76.8049,5.63,0.05,Cen
63801,64004,Xi 2Cen,"",13.11518,-49.906246,143.2665,4.27,-0.182,Cen
63819,64022,"41    Com","",13.119646,27.624741,101.626,4.8,1.482,Com
63830,64033,"","",13.123418,-59.86051,170.068,5.98,0.435,Cen
63851,64053,"","",13.127305,-53.459764,100.1001,5.7,-0.061,Cen
63874,64077,"","",13.131566,27.555958,132.626,6.2,1.363,Com
63875,64078,"49    Vir","",13.131614,-10.740408,94.2507,5.15,1.138,Vir
63891,64094,The Mus,"",13.135321,-65.306023,100000.0,5.44,-0.033,Mus
63905,64108,"","",13.139027,-78.44603,123.4568,6.43,0.008,Cha
63914,64117,"","",13.141065,-67.796762,281.6901,6.34,1.71,Mus
63919,64122,"","",13.142352,-8.984385,97.0874,5.57,1.178,Vir
63963,64166,"45Psi Hya","",13.150909,-23.11807,70.9723,4.94,1.048,Hya
63976,64179,"","",13.153454,10.022468,94.518,5.79,1.025,Vir
63978,64181,"","",13.153955,-9.538098,127.8772,6.32,1.017,Vir
64009,64212,"","",13.160739,37.423146,106.4963,6.01,1.169,CVn
64014,64217,"15    CVn","",13.161676,38.533885,370.3704,6.25,-0.098,CVn
64021,64224,"50    Vir","",13.162578,-10.329327,212.766,5.95,1.49,Vir
64023,64226,"","",13.163291,16.848611,206.1856,5.91,1.45,Com
64034,64238,"51The Vir","",13.165831,-5.53901,96.8054,4.38,-0.008,Vir
64037,64241,"42Alp Com",Diadem,13.166469,17.529431,17.8253,4.32,0.455,Com
64042,64246,"17    CVn","",13.167563,38.498981,63.2911,5.91,0.294,CVn
64116,64320,"","",13.182901,-52.566897,115.7407,6.05,-0.079,Cen
64128,64332,"","",13.185805,-42.232891,84.8896,5.78,0.521,Cen
64144,64348,"","",13.189789,-43.368553,68.1663,5.24,1.049,Cen
64170,64375,"","",13.194223,-26.551722,110.6195,6.49,0.193,Hya
64185,64390,"","",13.197612,-69.942017,42.1053,5.92,0.415,Mus
64189,64394,"43Bet Com","",13.197904,27.878183,9.1291,4.23,0.572,Com
64190,64395,"","",13.198076,-63.302992,100000.0,6.32,0.426,Cen
64202,64408,"","",13.200901,-37.803022,20.6697,4.85,0.693,Cen
64203,64407,"53    Vir","",13.200984,-16.198601,33.9098,5.04,0.46,Vir
64212,64417,"","",13.202336,24.258027,131.7523,6.31,1.006,Com
64220,64425,"","",13.204892,-59.920579,116.144,4.58,-0.073,Cen
64232,64437,"","",13.20707,80.471309,207.9002,6.25,0.955,Cam
64240,64445,"","",13.209145,11.556096,257.0694,5.76,1.499,Vir
64261,64466,"","",13.21355,-66.226747,90.7441,5.91,0.048,Mus
64267,64472,"","",13.214123,-42.69972,176.3668,6.19,1.057,Cen
64273,64478,"","",13.215475,-59.816605,42.1585,6.18,0.592,Cen
64291,64496,"","",13.220114,18.727008,106.2699,6.1,1.201,Com
64310,64515,"","",13.223156,-50.699829,112.2334,5.9,-0.011,Cen
64315,64520,"54    Vir","",13.224121,-18.826406,194.1748,6.26,0.088,Vir
64325,64530,"","",13.226651,36.887582,512.8205,6.5,1.616,CVn
64335,64540,"","",13.228597,40.152885,140.8451,4.94,1.061,CVn
64352,64557,"","",13.232698,-43.139107,106.383,6.16,1.366,Cen
64372,64577,"55    Vir","",13.236361,-19.930947,38.9712,5.31,0.862,Vir
64375,64580,"","",13.236699,-58.683937,109.1703,5.91,1.084,Cen
64378,64583,"","",13.237578,-59.103235,18.1984,4.9,0.489,Cen
64383,64587,"","",13.238153,-78.447454,374.5318,5.84,1.04,Cha
64402,64607,"","",13.242023,11.331656,146.6276,5.64,1.514,Vir
64418,64623,"","",13.245361,-48.957022,72.1501,5.84,1.061,Cen
64446,64651,"","",13.252629,-36.37141,118.624,6.17,0.968,Cen
64456,64661,Eta Mus,"",13.25416,-67.894589,117.3709,4.79,-0.078,Mus
64477,64682,"","",13.257141,-69.679284,89.1266,6.37,1.21,Mus
64486,64692,"19    CVn","",13.258882,40.855199,74.0741,5.77,0.198,CVn
64520,64725,"57    Vir","",13.266322,-19.943103,38.4763,5.21,1.011,Vir
64546,64751,"","",13.270636,19.051734,101.4199,6.46,0.972,Com
64569,64774,"","",13.274624,68.408001,131.0616,6.2,-0.052,Dra
64574,64779,"","",13.275629,19.785289,85.3971,6.43,0.274,Com
64585,64790,"","",13.279163,-65.138259,38.7297,6.06,0.431,Mus
64587,64792,"59    Vir","",13.279588,9.424156,17.5593,5.19,0.585,Vir
64592,64797,"","",13.280843,17.017182,11.0717,6.49,0.926,Com
64598,64803,"","",13.281425,-31.506196,78.9889,5.1,0.959,Cen
64615,64820,"","",13.286952,-66.783438,366.3004,4.86,1.48,Mus
64617,64822,"","",13.2872,-43.979479,64.8929,5.82,0.187,Cen
64618,64823,"","",13.287674,13.675751,99.5025,5.33,1.304,Vir
64633,64838,"","",13.291626,-0.676065,81.4332,6.36,0.26,Vir
64639,64844,"20    CVn","",13.292379,40.572608,81.0373,4.72,0.306,CVn
64647,64852,"60Sig Vir","",13.293412,5.469869,207.0393,4.78,1.638,Vir
64701,64906,"21    CVn","",13.304034,49.682062,84.246,5.14,-0.049,CVn
64720,64924,"61    Vir","",13.306763,-18.311196,8.5551,4.74,0.709,Vir
64722,64927,"","",13.307701,34.098304,153.6098,5.81,1.366,CVn
64728,64933,"","",13.309688,-51.285776,186.9159,6.18,-0.001,Cen
64746,64951,"","",13.313424,-79.976017,147.0588,6.34,-0.027,Cha
64758,64962,"46Gam Hya","",13.315359,-23.171512,41.0341,2.99,0.92,Hya
64773,64979,"","",13.317849,35.127978,63.012,6.01,0.277,CVn
64789,64994,"","",13.321942,-72.035603,170.068,6.04,1.341,Mus
64867,65072,"23    CVn","",13.3386,40.150548,156.0062,5.6,1.204,CVn
64903,65108,"","",13.343068,-59.77278,133.8688,6.2,0.41,Cen
64904,65109,Iot Cen,"",13.343296,-36.712295,18.0213,2.75,0.068,Cen
64907,65112,"","",13.343843,-52.747825,125.3133,5.47,-0.125,Cen
64914,65119,"","",13.34488,2.94229,135.5014,6.26,0.102,Vir
64924,65129,"","",13.346761,-55.800688,100000.0,6.0,0.236,Cen
64939,65144,"","",13.349367,-46.880008,126.7427,5.76,1.106,Cen
64978,65183,"","",13.35827,-19.489294,88.8099,6.21,0.098,Vir
64993,65198,"","",13.361567,2.087243,67.7048,5.69,0.045,Vir
65025,65230,"","",13.36776,43.903379,118.9061,6.34,0.255,CVn
65036,65241,"64    Vir","",13.369358,5.154764,65.9196,5.89,0.109,Vir
65042,65247,"","",13.371191,-52.182956,100000.0,5.81,0.072,Cen
65066,65271,"","",13.377211,-60.988393,108.6957,4.52,-0.141,Cen
65083,65288,"","",13.381252,-47.943221,303.0303,6.18,0.181,Cen
65084,65289,"","",13.381281,-72.146712,280.8989,6.06,0.049,Mus
65096,65301,"63    Vir","",13.383643,-17.735274,93.8086,5.36,0.987,Vir
65098,65303,"","",13.384056,-48.562791,649.3506,6.37,-0.077,Cen
65106,65311,"","",13.385731,-33.189878,250.6266,6.17,1.653,Cen
65118,65323,"65    Vir","",13.388582,-4.924427,381.6794,5.88,1.431,Vir
65166,65372,"","",13.397817,-49.822811,120.7729,6.48,0.959,Cen
65171,65376,"","",13.398313,37.03392,355.8719,6.1,1.637,CVn
65173,65378,"79Zet UMa",Mizar,13.398747,54.925362,26.3089,2.23,0.057,UMa
65176,65381,"","",13.39919,-20.924587,156.0062,6.44,1.101,Vir
65182,65387,"","",13.400128,-64.535668,79.8085,4.52,0.822,Cen
65212,65417,"","",13.408481,12.431832,190.8397,6.44,1.062,Vir
65215,65420,"66    Vir","",13.40923,-5.16401,29.967,5.76,0.415,Vir
65261,65466,"","",13.418522,23.854419,87.4891,5.75,0.09,Com
65263,65468,Iot1Mus,"",13.418694,-74.887818,67.7966,5.04,1.11,Mus
65269,65474,"67Alp Vir",Spica,13.419883,-11.161322,76.5697,0.98,-0.235,Vir
65272,65477,"80    UMa",Alcor,13.420413,54.987958,25.0564,3.99,0.169,UMa
65274,65479,"","",13.420568,-64.485144,39.2003,5.32,0.411,Cen
65317,65522,"","",13.430657,-70.627248,136.0544,5.65,-0.018,Mus
65325,65530,"","",13.433372,63.261275,21.1685,6.5,0.739,UMa
65330,65535,"","",13.435483,-39.755107,62.3441,5.11,1.181,Cen
65332,65536,"","",13.435566,72.391476,359.7122,5.82,1.652,UMi
65340,65545,"","",13.436504,-1.192471,78.3085,5.97,0.183,Vir
65345,65550,"","",13.437943,46.028055,126.2626,5.88,0.985,CVn
65375,65581,"68    Vir","",13.445325,-12.707664,134.9528,5.27,1.477,Vir
65387,65593,"","",13.448922,-41.497562,598.8024,5.69,1.477,Cen
65389,65595,"","",13.449205,78.643869,87.6424,5.74,0.769,Cam
65400,65606,"","",13.451775,-49.143709,436.6812,6.31,0.003,Cen
65415,65621,"","",13.454073,-40.162665,123.7624,6.4,0.974,Cen
65424,65630,"","",13.455738,-49.381291,800.0,6.27,-0.123,Cen
65433,65639,"69    Vir","",13.457546,-15.973578,85.9107,4.76,1.096,Vir
65472,65678,"","",13.466575,52.745588,97.561,6.34,0.259,UMa
65476,65682,"","",13.467189,-26.402235,429.1845,6.49,1.608,Hya
65515,65721,"70    Vir","",13.473837,13.778787,17.9856,4.97,0.714,Vir
65517,65723,"","",13.473955,40.729646,117.3709,6.49,0.927,CVn
65522,65728,"","",13.474203,59.945787,71.3776,5.4,-0.01,UMa
65548,65754,"","",13.479394,50.718569,78.9889,6.42,0.404,CVn
65549,65755,"","",13.47967,-69.627152,187.6173,6.17,-0.014,Mus
65577,65783,"","",13.485541,-64.675794,86.6551,6.09,0.117,Mus
65584,65790,"71    Vir","",13.486945,10.81831,98.2318,5.65,1.052,Vir
65590,65796,"","",13.487477,-1.364428,154.0832,6.42,1.122,Vir
65604,65810,"","",13.490348,-51.165134,155.521,5.04,0.059,Cen
65629,65835,"","",13.495218,-23.281331,124.2236,6.4,1.317,Hya
65656,65862,"","",13.500022,7.178853,325.7329,6.18,1.471,Vir
65685,65892,"72    Vir","",13.507146,-6.470265,53.2198,6.1,0.341,Vir
65729,65936,"","",13.517405,-39.407307,277.7778,3.9,1.186,Cen
65743,65951,"","",13.521052,42.106153,80.3859,6.07,1.075,CVn
65761,65969,"","",13.525882,-28.11274,99.5025,6.48,0.09,Hya
65798,66006,"74    Vir","",13.532746,-6.255816,122.549,4.68,1.606,Vir
65807,66015,"73    Vir","",13.534114,-18.72888,76.5697,6.01,0.196,Vir
65811,66019,"","",13.534836,-38.398844,97.9432,6.14,1.031,Cen
65852,66060,"","",13.542909,-29.565263,50.5306,6.45,0.438,Hya
65857,66065,"","",13.543307,-28.692768,71.582,5.69,0.037,Hya
65878,66086,"","",13.546725,24.346743,134.5895,6.11,0.969,Com
65883,66091,"75    Vir","",13.547679,-15.363012,157.7287,5.52,1.228,Vir
65890,66098,"76    Vir","",13.549465,-10.165,72.0981,5.21,0.964,Vir
65944,66152,"","",13.559972,-65.63269,111.4827,6.36,-0.014,Mus
65989,66198,"81    UMa","",13.568698,55.348434,91.5751,5.6,-0.014,UMa
65991,66200,"78    Vir","",13.56887,3.658967,56.6572,4.92,0.029,Vir
66014,66223,"","",13.57274,38.789265,69.8324,6.37,0.241,CVn
66025,66234,"24    CVn","",13.57425,49.015973,55.2792,4.68,0.132,CVn
66027,66236,"","",13.574714,-48.272162,303.9514,6.32,-0.052,Cen
66038,66247,"","",13.577903,-13.214324,148.1481,5.92,0.02,Vir
66040,66249,"79Zet Vir",Heze,13.57822,-0.59582,22.7118,3.38,0.114,Vir
66042,66251,"","",13.578555,76.54671,229.3578,6.46,1.573,Cam
66045,66254,"","",13.578773,-33.310854,184.8429,6.46,1.25,Cen
66048,66257,"","",13.579943,37.182415,45.6621,4.91,0.404,CVn
66111,66320,"80    Vir","",13.592027,-5.396191,97.1817,5.7,0.95,Vir
66117,66326,"","",13.592618,10.204962,120.4819,6.48,1.043,Vir
66176,66385,"","",13.611082,49.486648,156.25,6.48,1.175,UMa
66191,66400,"","",13.61346,-26.495198,81.5661,5.73,0.22,Hya
66196,66405,"","",13.614048,-34.467839,131.9261,6.48,1.026,Cen
66208,66417,"","",13.616412,24.613297,140.647,5.72,1.593,Boo
66218,66427,"","",13.618339,-44.143203,127.2265,5.96,0.936,Cen
66226,66435,"","",13.619731,71.242252,126.1034,5.5,1.219,UMi
66229,66438,"","",13.62008,-61.691856,35.727,5.63,0.493,Cen
66245,66454,"","",13.623189,-46.427879,126.4223,5.91,-0.11,Cen
66249,66458,"25    CVn","",13.624345,36.294898,60.9013,4.82,0.239,CVn
66311,66521,"","",13.635452,-58.414646,158.4786,6.41,1.113,Cen
66312,66522,"","",13.635524,14.301926,73.2601,6.49,0.274,Boo
66353,66563,"","",13.645021,-29.560867,46.2749,5.81,0.431,Hya
66364,66574,"","",13.646054,-70.444829,130.039,6.11,1.415,Mus
66365,66575,"","",13.646933,-57.622717,100000.0,6.0,1.138,Cen
66384,66594,"","",13.650635,18.265323,165.8375,6.46,1.217,Boo
66397,66607,"","",13.653341,-75.683788,236.4066,6.32,-0.003,Cha
66403,66613,"","",13.654143,51.804213,263.1579,6.49,1.378,UMa
66424,66634,"82    UMa","",13.658472,52.921208,53.5906,5.46,0.113,UMa
66430,66640,"","",13.659616,10.746269,59.988,5.57,0.348,Boo
66435,66645,"","",13.661346,-39.747587,306.7485,6.29,1.597,Cen
66446,66656,"","",13.663488,-40.051708,152.207,5.61,1.301,Cen
66447,66657,Eps Cen,"",13.664796,-53.466394,131.0616,2.29,-0.171,Cen
66456,66666,"","",13.666622,-49.949956,157.4803,5.74,1.496,Cen
66470,66681,"","",13.669656,-64.576553,69.4444,5.79,0.401,Cen
66479,66690,"","",13.670996,31.012036,165.5629,6.21,0.963,CVn
66489,66700,"","",13.672614,57.207606,91.0747,6.28,0.111,UMa
66493,66704,"","",13.673132,50.519413,25.3293,6.31,0.537,UMa
66514,66725,"","",13.677523,28.065165,166.6667,6.22,1.311,CVn
66516,66727,"1    Boo","",13.677909,19.955719,100.6036,5.73,0.017,Boo
66527,66738,"83    UMa","",13.678967,54.681634,160.5136,4.63,1.63,UMa
66541,66753,Kap Oct,"",13.682257,-85.786043,83.7521,5.56,0.183,Oct
66551,66763,"2    Boo","",13.683986,22.495768,102.9866,5.63,1.009,Boo
66586,66798,"","",13.691625,64.822411,68.2128,5.85,0.073,Dra
66591,66803,"82    Vir","",13.693549,-8.702984,156.25,5.03,1.623,Vir
66609,66821,"","",13.695775,-54.559425,83.1947,4.99,-0.055,Cen
66637,66849,"","",13.700307,-58.787078,239.8082,5.38,-0.029,Cen
66648,66860,"","",13.703545,8.388394,36.4431,6.16,0.418,Boo
66666,66878,"","",13.706379,82.752408,122.549,5.92,0.993,Cam
66680,66892,"","",13.708006,41.674282,279.3296,6.3,0.879,CVn
66691,66903,"","",13.71093,78.064437,100.7049,5.91,1.0,UMi
66695,66907,"","",13.712063,34.989021,146.8429,5.98,0.857,CVn
66711,66923,"","",13.715177,-50.790236,259.7403,6.43,1.671,Cen
66712,66924,"","",13.715287,-41.401043,110.3753,5.96,1.019,Cen
66713,66925,"","",13.715587,-56.767971,884.9558,6.0,-0.096,Cen
66724,66936,"84    Vir","",13.717698,3.537903,73.0994,5.35,1.091,Vir
66772,66984,"","",13.727802,-42.067521,613.4969,5.96,-0.075,Cen
66780,66992,"","",13.729212,22.700423,170.3578,6.12,1.447,Boo
66793,67005,"","",13.731884,52.064413,96.0615,6.02,0.017,UMa
66824,67036,"","",13.737781,-51.012454,119.0476,6.44,-0.106,Cen
66845,67057,"83    Vir","",13.741618,-16.179072,252.5253,5.55,0.805,Vir
66859,67071,"","",13.746019,-25.500933,158.7302,6.21,1.374,Hya
66890,67103,"","",13.753657,55.879349,34.5901,6.47,0.486,UMa
66891,67104,"","",13.753732,10.325305,128.866,6.42,1.226,Boo
66927,67139,"85    Vir","",13.759741,-15.767467,106.0445,6.18,0.046,Vir
66931,67143,"","",13.760249,-26.116009,87.0322,5.81,0.023,Hya
66941,67153,"1    Cen","",13.761471,-33.043721,19.4024,4.23,0.39,Cen
66960,67172,"86    Vir","",13.765644,-12.426528,124.6883,5.5,0.898,Vir
66982,67194,"","",13.770435,41.088746,52.5486,5.88,0.211,CVn
66985,67199,"","",13.770701,-54.683368,104.9318,6.42,0.116,Cen
66998,67210,"","",13.771964,38.503626,130.719,5.92,0.948,CVn
67019,67231,"84    UMa","",13.776573,54.432679,89.0472,5.68,-0.039,UMa
67023,67234,"","",13.777604,-51.432766,80.5153,4.64,0.955,Cen
67027,67239,"3    Boo","",13.778701,25.702236,89.6861,5.97,0.523,Boo
67032,67244,"","",13.78232,-36.251933,133.8688,5.15,-0.007,Cen
67034,67246,"","",13.782534,6.350375,31.6656,6.33,0.63,Vir
67038,67250,"","",13.783277,38.542697,97.1817,5.51,1.036,CVn
67050,67261,"","",13.786352,-62.589714,740.7407,6.4,,Cen
67059,67271,"","",13.787057,-9.709455,186.5672,6.04,1.418,Vir
67063,67275,"4Tau Boo","",13.78771,17.456906,15.6177,4.5,0.508,Boo
67076,67288,"87    Vir","",13.790386,-17.859839,207.4689,5.41,1.623,Vir
67079,67292,"","",13.791005,-50.249291,64.8508,5.92,0.279,Cen
67088,67301,"85Eta UMa",Alkaid,13.792354,49.313265,31.8674,1.85,-0.099,UMa
67091,67304,"","",13.794052,-50.320682,152.6718,5.46,1.351,Cen
67171,67384,"","",13.81076,31.190206,87.184,5.61,1.032,CVn
67244,67457,"2    Cen","",13.824091,-34.450776,56.1167,4.19,1.52,Cen
67246,67459,"5Ups Boo","",13.824623,15.797905,80.7754,4.05,1.52,Boo
67251,67464,Nu  Cen,"",13.825078,-41.687709,133.8688,3.41,-0.225,Cen
67259,67472,Mu  Cen,"",13.826943,-42.473732,155.0388,3.47,-0.17,Cen
67267,67480,"6    Boo","",13.828564,21.264105,123.0012,4.92,1.432,Boo
67270,67483,"","",13.829149,36.632823,62.461,6.43,0.256,CVn
67272,67485,"","",13.829296,61.489313,125.7862,5.97,0.974,UMa
67281,67494,"89    Vir","",13.831191,-18.134168,74.9064,4.96,1.059,Vir
67310,67523,"","",13.835142,-29.081321,117.3709,6.19,-0.009,Hya
67324,67537,"","",13.838721,-39.900855,112.6126,6.43,0.992,Cen
67332,67545,"","",13.840189,5.497224,154.7988,6.0,0.899,Vir
67335,67548,"","",13.841043,58.539458,76.864,6.45,0.094,UMa
67376,67589,"","",13.849804,68.3153,102.3541,6.39,1.179,Dra
67392,67605,"","",13.85256,34.664399,207.9002,5.89,1.635,CVn
67406,67620,"","",13.855656,-24.390368,19.4742,6.43,0.703,Hya
67414,67627,"10    Dra","",13.857205,64.723272,113.8952,4.58,1.572,Dra
67434,67648,"","",13.860142,-36.433279,57.971,6.34,0.484,Cen
67449,67663,"","",13.863117,-46.898666,487.8049,5.77,-0.153,Cen
67450,67664,"","",13.863174,-69.401258,223.2143,5.73,1.704,Cir
67451,67665,"","",13.863188,34.44424,184.1621,4.76,1.611,CVn
67455,67669,"3    Cen","",13.863779,-32.994089,105.3741,4.32,-0.146,Cen
67482,67696,"","",13.866939,-31.619207,52.687,6.11,0.478,Cen
67489,67703,"","",13.868021,-52.81153,79.6813,5.26,-0.084,Cen
67500,67714,"","",13.871779,12.165135,103.9501,6.1,0.042,Boo
67564,67778,"","",13.885677,40.337977,355.8719,6.48,1.55,CVn
67568,67782,"","",13.886192,28.648131,65.7462,5.91,0.202,CVn
67572,67786,"4    Cen","",13.886817,-31.927612,195.3125,4.75,-0.111,Cen
67573,67787,"7    Boo","",13.886925,17.932868,211.4165,5.71,0.845,Boo
67605,67819,"","",13.892437,-35.664248,52.2739,5.53,0.444,Cen
67622,67836,"","",13.895306,-53.373323,276.2431,5.87,0.009,Cen
67634,67848,"86    UMa","",13.897507,53.728677,146.8429,5.7,-0.032,UMa
67637,67851,"","",13.897806,-35.314361,65.9631,6.17,1.009,Cen
67647,67861,"","",13.899234,-47.128164,100000.0,5.83,-0.053,Cen
67676,67890,"","",13.904626,-28.56959,64.8508,6.05,1.129,Hya
67711,67927,"8Eta Boo",Muphrid,13.911411,18.397717,11.396,2.68,0.58,Boo
67713,67929,"90    Vir","",13.911707,-1.503125,75.5858,5.16,1.093,Vir
67726,67942,"","",13.913646,-67.6521,289.0173,5.74,1.49,Cir
67737,67953,"","",13.916167,-8.058852,33.0797,6.19,0.53,Vir
67757,67973,"","",13.920042,-52.160822,108.2251,5.66,-0.072,Cen
67786,68002,Zet Cen,"",13.925667,-47.288375,117.096,2.55,-0.176,Cen
67794,68009,"","",13.927493,-82.66619,245.7002,5.95,1.411,Cha
67814,68030,"","",13.930555,14.056503,24.8633,6.16,0.518,Boo
67848,68065,"","",13.936242,32.032598,67.3401,6.31,0.401,CVn
67862,68079,"","",13.938837,-46.592948,97.561,5.82,1.14,Cen
67863,68080,"","",13.938882,-54.13242,139.8601,6.14,0.071,Cen
67875,68092,"92    Vir","",13.941077,1.050581,90.2527,5.9,0.217,Vir
67883,68101,"","",13.942489,-54.704665,38.6997,6.0,0.78,Cen
67885,68103,"9    Boo","",13.942827,27.492082,178.2531,5.02,1.441,Boo
67959,68177,"","",13.957702,-23.02263,175.7469,6.14,1.426,Hya
67966,68184,"","",13.958911,61.492861,10.0644,6.49,1.04,UMa
67973,68191,"","",13.960809,-63.686696,64.2674,4.71,1.075,Cen
68006,68224,"","",13.966354,-25.998079,196.4637,6.42,1.274,Hya
68027,68245,Phi Cen,"",13.971186,-42.100753,161.0306,3.83,-0.224,Cen
68051,68269,"47    Hya","",13.975319,-24.972249,102.0408,5.2,-0.086,Hya
68052,68270,"","",13.975352,-65.800665,156.9859,6.2,1.043,Cir
68058,68276,"10    Boo","",13.977479,21.696219,144.7178,5.76,-0.002,Boo
68061,68279,"","",13.977752,14.649275,170.9402,6.01,1.43,Boo
68064,68282,Ups1Cen,"",13.977987,-44.803584,131.0616,3.87,-0.208,Cen
68115,68333,"","",13.988187,-50.369647,106.1571,5.92,0.957,Cen
68162,68380,"","",13.997022,-3.549788,77.5194,6.36,0.486,Vir
68172,68390,"48    Hya","",14.000037,-25.010403,55.991,5.77,0.48,Hya
68195,68413,"","",14.004842,-61.481028,59.312,6.49,0.333,Cen
68213,68431,"","",14.009124,-78.589981,239.8082,6.09,0.007,Aps
68238,68455,"","",14.014596,-66.26891,76.1035,5.96,0.352,Cir
68260,68478,"11    Boo","",14.01958,27.386594,90.9918,6.23,0.193,Boo
68275,68493,"","",14.021962,-40.221943,203.666,6.12,1.265,Cen
68280,68498,"","",14.022341,8.894906,82.85,5.98,0.089,Boo
68298,68516,"","",14.026892,17.668391,387.5969,6.36,1.215,Boo
68302,68520,"93Tau Vir","",14.027443,1.544532,68.9655,4.23,0.121,Vir
68305,68523,Ups2Cen,"",14.028748,-45.603421,389.1051,4.34,0.598,Cen
68319,68537,"","",14.030746,68.678675,230.4147,6.34,1.412,Dra
68349,68567,"","",14.036717,45.753457,170.068,6.28,1.353,CVn
68363,68581,"","",14.039662,-27.429773,134.7709,5.47,1.331,Hya
68375,68594,"","",14.04218,9.686096,236.9668,6.18,0.853,Boo
68418,68637,"","",14.049935,50.971809,100.4016,6.16,0.026,UMa
68422,68641,"","",14.050478,-31.684035,38.1679,6.18,0.48,Cen
68424,68643,"","",14.051132,-17.367012,111.8568,6.32,1.38,Vir
68450,68670,"","",14.057371,-56.213434,167.2241,5.93,1.207,Cen
68454,68673,"","",14.057632,-41.423345,219.7802,6.08,-0.112,Cen
68463,68682,"","",14.058986,10.786779,16.9837,6.27,0.733,Boo
68468,68687,"","",14.060213,7.54617,142.0455,6.25,0.927,Boo
68483,68702,Bet Cen,Hadar,14.063729,-60.373039,120.1923,0.61,-0.231,Cen
68486,68705,"","",14.064747,-22.421602,85.4701,6.3,0.452,Vir
68488,68707,"","",14.065488,4.900973,59.7015,6.24,0.406,Vir
68520,68739,"","",14.070711,-5.381416,100.9082,6.39,1.321,Vir
68537,68756,"11Alp Dra",Thuban,14.073165,64.37585,92.9368,3.67,-0.049,Dra
68544,68763,"","",14.074161,-14.971708,125.9446,6.35,1.081,Vir
68557,68776,"","",14.077063,2.297531,120.1923,6.28,1.022,Vir
68596,68815,The Aps,"",14.088903,-76.796752,113.1222,5.69,1.239,Aps
68622,68842,"","",14.09625,-54.669362,156.25,6.2,0.225,Cen
68642,68862,Chi Cen,"",14.10077,-41.179633,156.4945,4.36,-0.198,Cen
68652,68872,"","",14.10303,-43.091702,131.2336,6.18,0.986,Cen
68675,68895,"49Pi  Hya","",14.106193,-26.682361,30.9598,3.25,1.091,Hya
68682,68902,"","",14.106989,-59.715905,100000.0,6.39,0.079,Cen
68714,68933,"5The Cen",Menkent,14.111395,-36.369954,18.0343,2.06,1.011,Cen
68720,68940,"95    Vir","",14.111896,-9.313515,58.0383,5.46,0.347,Vir
68736,68956,"3    UMi","",14.115681,74.593781,130.8901,6.43,0.16,UMi
68791,69011,"","",14.128005,-48.704026,93.633,6.43,0.001,Cen
68792,69012,"","",14.128205,-49.867607,46.5333,6.45,0.66,Cen
68818,69038,"","",14.132154,43.854452,157.2327,5.13,1.493,Boo
68845,69065,"","",14.137301,-63.20795,112.4859,6.39,1.013,Cen
68848,69068,"13    Boo","",14.138145,49.458167,168.3502,5.26,1.637,Boo
68870,69090,"","",14.14099,-74.850285,28.4981,6.02,0.581,Aps
68887,69107,"","",14.146143,59.337649,119.7605,6.47,1.023,UMa
68892,69112,"4    UMi","",14.147498,77.547514,140.056,4.8,1.368,UMi
68893,69113,"","",14.147748,-43.470779,161.0306,6.19,-0.056,Cen
68902,69122,"","",14.148961,-59.276712,381.6794,6.34,0.031,Cen
68907,69127,"96    Vir","",14.150165,-10.334546,127.2265,6.45,1.003,Vir
68954,69174,"","",14.159734,-51.504672,251.2563,5.96,-0.053,Cen
68971,69191,"","",14.165242,-53.438946,55.9284,4.74,0.938,Cen
69004,69226,"12    Boo","",14.173315,25.091677,37.4251,4.82,0.541,Boo
69019,69241,"","",14.175252,-70.305464,100000.0,6.07,1.718,Cir
69047,69269,"","",14.18069,-16.30203,141.2429,4.93,1.684,Vir
69076,69298,"","",14.183865,-69.719318,69.4927,6.07,0.19,Cir
69094,69316,"","",14.187534,32.295892,110.742,6.14,1.258,Boo
69118,69340,"","",14.192001,1.362399,44.4444,6.42,0.479,Vir
69151,69373,"","",14.201122,69.432548,131.2336,5.18,1.595,UMi
69167,69389,"","",14.20439,2.409433,79.1766,4.99,-0.118,Vir
69176,69398,"","",14.206824,-24.363352,171.2329,6.35,1.351,Hya
69193,69415,"50    Hya","",14.212785,-27.261186,66.7111,5.07,1.13,Hya
69205,69427,"98Kap Vir",Kang,14.214929,-10.273702,78.125,4.18,1.323,Vir
69236,69458,"","",14.220349,-26.612309,162.6016,6.23,1.071,Hya
69240,69462,"","",14.221226,-53.665674,653.5948,5.53,1.438,Cen
69261,69483,"17Kap2Boo","",14.224718,51.789965,50.1002,4.53,0.233,Boo
69269,69491,"","",14.227731,-54.625627,315.4574,6.09,0.051,Cen
69271,69493,"","",14.227997,-0.845463,59.3824,5.89,0.489,Vir
69313,69536,"14    Boo","",14.234773,12.959444,33.9213,5.53,0.537,Boo
69342,69564,"","",14.239253,-5.947717,42.8633,6.36,0.593,Vir
69347,69569,"","",14.239876,41.518757,45.7666,6.23,1.071,Boo
69363,69585,"","",14.243224,13.975451,144.0922,6.45,1.348,Boo
69370,69592,"","",14.244711,21.873392,59.8802,6.38,0.194,Boo
69376,69598,"","",14.245191,-41.837495,136.612,5.61,0.929,Cen
69390,69612,"15    Boo","",14.247458,10.10061,81.2348,5.29,1.007,Boo
69392,69614,"","",14.248061,3.335878,247.5248,6.41,1.6,Vir
69396,69618,"","",14.249208,-57.086126,147.7105,5.03,-0.074,Cen
69401,69623,"","",14.250349,-29.281904,169.2047,6.1,0.04,Hya
69433,69655,"","",14.255921,-53.509941,315.4574,6.4,1.576,Cen
69436,69658,"","",14.256691,-18.20069,75.643,5.53,0.001,Vir
69449,69671,"","",14.260737,-45.000756,21.2179,6.31,0.596,Cen
69451,69673,"16Alp Boo",Arcturus,14.26103,19.18241,11.2575,-0.05,1.239,Boo
69479,69701,"99Iot Vir",Syrma,14.266908,-6.000547,22.237,4.07,0.511,Vir
69481,69704,"","",14.267333,45.566268,140.2525,6.5,1.041,Boo
69491,69713,"21Iot Boo","",14.269439,51.367231,29.0698,4.75,0.236,Boo
69505,69727,"","",14.272606,-6.621544,64.2674,6.44,0.275,Vir
69510,69732,"19Lam Boo",Xuange,14.273074,46.088305,30.3582,4.18,0.087,Boo
69513,69735,"","",14.273416,39.744711,50.0,6.38,0.376,Boo
69525,69747,"","",14.275046,-3.196305,140.2525,6.15,-0.007,Vir
69529,69751,"","",14.275791,20.121848,32.6264,6.25,0.504,Boo
69541,69763,"","",14.277423,-66.587894,400.0,5.72,-0.095,Cir
69551,69773,"","",14.280204,-8.884473,177.9359,6.47,1.212,Vir
69556,69778,"","",14.281989,-77.664221,617.284,6.48,1.375,Aps
69569,69792,"","",14.284386,-18.5857,125.6281,6.22,0.985,Vir
69596,69818,"","",14.289208,51.307373,90.3342,6.19,0.07,Boo
69606,69829,"","",14.291237,15.26338,233.6449,5.84,1.678,Boo
69639,69862,"","",14.297001,48.002004,70.5219,6.32,0.466,Boo
69656,69879,"","",14.29995,35.509505,71.582,4.8,1.057,Boo
69658,69881,"","",14.300201,-7.542388,32.5415,6.47,0.723,Vir
69673,69896,Eta Aps,"",14.303877,-81.00776,42.337,4.89,0.243,Aps
69706,69929,"","",14.310627,-18.715968,102.0408,5.86,0.013,Vir
69735,69958,"","",14.315532,54.863753,101.4199,6.47,0.183,Boo
69742,69965,"","",14.316922,-25.815426,18.0343,5.87,0.518,Hya
69751,69974,"100Lam Vir",Khambalia,14.318498,-13.371095,57.1755,4.52,0.128,Vir
69754,69977,"","",14.318655,-27.141147,277.0083,6.35,1.591,Hya
69766,69989,"18    Boo","",14.321188,13.004299,26.096,5.41,0.385,Boo
69772,69995,"","",14.323302,-37.002907,73.4754,5.93,0.082,Cen
69773,69996,Iot Lup,"",14.323396,-46.058093,103.6269,3.55,-0.184,Lup
69789,70012,"102Ups Vir","",14.325689,-2.265518,80.1925,5.14,1.023,Vir
69799,70022,"","",14.328042,0.384333,63.2511,6.18,0.201,Vir
69804,70027,"20    Boo","",14.329233,16.306948,57.3394,4.84,1.228,Boo
69806,70029,"","",14.329926,38.794052,132.2751,6.33,0.053,Boo
69813,70035,"","",14.331002,-61.272972,48.3559,5.22,0.281,Cen
69815,70038,"","",14.331445,-6.746167,101.626,6.42,0.915,Vir
69828,70051,"","",14.335741,30.429128,92.9368,6.45,0.156,Boo
69831,70054,"","",14.336029,-43.058843,113.1222,5.55,0.907,Lup
69846,70069,"","",14.338763,-56.386497,375.9398,4.3,0.082,Cen
69867,70090,Psi Cen,"",14.342623,-37.885295,79.3651,4.05,-0.03,Cen
69881,70104,"","",14.345159,-45.18706,43.554,4.78,0.31,Lup
70013,70236,"","",14.370557,29.36992,236.4066,6.5,1.44,Boo
70020,70243,"","",14.372145,-34.786792,420.1681,5.57,-0.088,Cen
70025,70248,Eps Aps,"",14.373108,-80.108945,197.6285,5.06,-0.108,Aps
70041,70264,"","",14.376971,-58.459117,117.5088,4.76,0.795,Cen
70048,70270,"","",14.377421,-48.319857,671.1409,6.1,-0.13,Lup
70077,70300,"","",14.383956,-39.511819,140.2525,4.41,-0.185,Cen
70083,70306,"51    Hya","",14.384942,-27.754017,48.2625,4.78,1.3,Hya
70087,70310,"","",14.385231,25.338173,36.5364,6.22,0.411,Boo
70096,70319,"","",14.387579,1.241569,17.191,6.25,0.639,Vir
70097,70320,"","",14.387599,-47.41696,478.4689,6.41,1.257,Lup
70102,70325,"","",14.38896,-50.772252,311.5265,6.03,1.36,Lup
70104,70327,"","",14.389638,8.446617,65.9196,4.86,0.01,Boo
70113,70336,"2    Lib","",14.390452,-11.714043,102.6694,6.22,0.99,Lib
70140,70363,"","",14.396834,-53.176233,112.9944,5.99,1.099,Lup
70161,70384,"","",14.400243,8.243969,135.5014,5.94,0.066,Boo
70162,70385,"","",14.40055,27.413177,609.7561,6.39,1.609,Boo
70177,70400,"","",14.403151,5.820131,48.7567,5.1,0.124,Vir
70191,70414,"","",14.405075,8.084595,110.011,6.19,1.208,Boo
70195,70418,"","",14.406157,-82.84825,296.7359,6.42,-0.001,Aps
70228,70451,"","",14.411339,-44.311134,159.4896,6.43,1.047,Lup
70229,70452,"","",14.411348,-11.669703,90.4977,6.49,0.417,Lib
70246,70469,"","",14.413508,-24.80631,140.647,5.34,0.962,Lib
70269,70492,"","",14.418426,-68.195333,621.118,5.56,0.435,Cir
70274,70497,"23The Boo","",14.419967,51.850744,14.5307,4.04,0.497,Boo
70278,70501,"","",14.421554,-13.353163,154.0832,6.49,1.223,Lib
70294,70517,"","",14.424764,38.393053,172.4138,6.28,1.225,Boo
70305,70528,"","",14.427716,-66.172922,132.626,6.36,0.128,Cir
70315,70538,"","",14.429936,-26.852241,71.7875,6.48,0.941,Hya
70351,70574,Tau1Lup,"",14.435619,-45.221424,334.4482,4.56,-0.147,Lup
70353,70576,Tau2Lup,"",14.436336,-45.379276,97.8474,4.33,0.434,Lup
70357,70580,"","",14.437074,-42.318597,98.1354,6.33,1.215,Cen
70380,70602,"22    Boo","",14.440935,19.2269,89.1266,5.4,0.231,Boo
70403,70626,"","",14.447188,-39.873989,147.2754,6.36,-0.088,Cen
70415,70638,Del Oct,"",14.448801,-83.667884,91.659,4.31,1.3,Oct
70434,70657,"","",14.451973,-65.821646,277.0083,5.87,1.502,Cir
70440,70663,"","",14.453392,-46.134254,67.8426,5.83,0.311,Lup
70457,70680,"104    Vir","",14.456774,-6.120332,78.8644,6.18,0.093,Vir
70470,70692,"5    UMi","",14.458758,75.695993,110.011,4.25,1.431,UMi
70530,70753,"52    Hya","",14.469564,-29.491638,120.6273,4.97,-0.074,Hya
70532,70755,"105Phi Vir",Elgafar,14.470038,-2.227957,36.2582,4.81,0.693,Vir
70539,70762,"","",14.471234,36.197028,259.7403,6.22,1.174,Boo
70568,70791,"24    Boo","",14.477197,49.844851,100.0,5.58,0.864,Boo
70572,70794,"106    Vir","",14.478256,-6.900536,191.5709,5.42,1.49,Vir
70575,70798,"","",14.47875,-59.197548,100000.0,6.46,0.111,Cen
70586,70809,"","",14.481087,-47.992086,131.5789,6.4,-0.112,Lup
70650,70873,"","",14.493549,41.795911,23.7417,6.36,0.702,Boo
70651,70874,"","",14.493627,-76.729083,150.8296,6.06,1.18,Aps
70668,70892,"","",14.497131,31.791188,110.1322,6.06,-0.013,Boo
70670,70894,"","",14.497366,0.828929,79.3021,5.96,0.159,Vir
70691,70915,"","",14.502399,-45.321355,146.1988,5.51,-0.087,Lup
70707,70931,"","",14.505823,-49.519018,62.3441,5.38,0.056,Lup
70726,70949,"","",14.512608,4.772286,212.766,6.01,1.421,Vir
70728,70952,"","",14.512832,63.185788,31.7864,6.1,0.428,Dra
70741,70966,"","",14.515728,-40.845122,282.4859,6.39,1.441,Cen
70762,70987,"","",14.519678,-38.869708,96.6184,5.99,1.06,Cen
70777,71002,"","",14.521224,-67.717197,76.0456,5.84,1.006,Cir
70815,71040,"","",14.528567,60.225636,117.096,6.26,0.243,Dra
70828,71053,"25Rho Boo","",14.5305,30.371437,49.0918,3.57,1.298,Boo
70851,71075,"27Gam Boo",Seginus,14.534636,38.308253,26.6099,3.04,0.191,Boo
70869,71094,"","",14.538953,26.677284,73.6377,6.0,0.23,Boo
70885,71111,"","",14.541926,55.39801,190.1141,5.74,1.529,Dra
70889,71115,"26    Boo","",14.542374,22.260059,54.0249,5.91,0.391,Boo
70895,71121,Sig Lup,"",14.543629,-50.457157,176.3668,4.44,-0.177,Lup
70929,71154,"","",14.55268,-30.715068,101.2146,6.07,1.03,Cen
70943,71168,"","",14.55563,36.959023,75.0188,6.39,0.521,Boo
70958,71182,"","",14.558325,-52.679522,100.3009,5.86,1.085,Lup
70959,71184,"","",14.559004,-54.998628,76.4526,5.86,0.482,Lup
70971,71196,"","",14.560711,79.660427,137.931,6.27,1.315,UMi
71018,71243,"","",14.569915,32.534477,40.568,6.32,0.45,Boo
71025,71251,"","",14.571063,57.065258,29.2997,6.46,0.526,Dra
71051,71277,"","",14.577362,36.626064,155.521,6.02,1.379,Boo
71054,71280,"","",14.577676,49.368354,262.4672,5.74,1.56,Boo
71058,71284,"28Sig Boo","",14.578,29.74513,15.8328,4.47,0.364,Boo
71069,71295,"","",14.580758,-20.439381,149.7006,6.49,0.139,Lib
71107,71333,"","",14.588072,-60.015644,171.5266,6.39,1.256,Cen
71125,71352,Eta Cen,"",14.591786,-42.157824,93.7207,2.33,-0.157,Cen
71127,71353,"","",14.592079,-41.517436,112.4859,5.88,-0.085,Cen
71180,71406,"","",14.601909,23.250359,116.6861,6.39,1.063,Boo
71193,71419,"","",14.605288,-46.245451,214.5923,5.55,1.489,Lup
71202,71429,"","",14.606698,-39.597407,139.47,6.13,1.048,Cen
71227,71453,"","",14.61226,-40.21158,147.4926,5.74,-0.112,Cen
71243,71469,"","",14.616608,-12.305349,32.175,6.2,0.464,Lib
71268,71494,"","",14.620117,-53.060788,272.4796,6.49,1.447,Lup
71274,71500,"","",14.622266,-46.133439,418.41,5.39,0.927,Lup
71284,71510,"","",14.624574,2.277238,74.7943,6.45,0.56,Vir
71304,71530,"","",14.629609,-67.932012,27.894,6.03,0.506,Cir
71310,71536,Rho Lup,"",14.631454,-49.425828,96.8992,4.05,-0.152,Lup
71342,71568,"","",14.636837,43.64213,276.2431,5.74,1.481,Boo
71345,71571,"","",14.637219,18.298379,99.0099,5.9,1.099,Boo
71347,71573,"","",14.63756,54.023339,110.2536,5.83,0.007,Boo
71355,71581,"","",14.638711,-38.794184,221.2389,6.04,1.422,Cen
71392,71618,"33    Boo","",14.647289,44.4045,57.0125,5.39,0.03,Boo
71412,71639,"","",14.653027,-46.58448,35.0018,6.06,0.508,Lup
71431,71658,"","",14.656814,-49.055319,55.1876,6.37,0.44,Lup
71453,71681,Alp2Cen,Toliman,14.660346,-60.8383,1.3248,1.35,0.9,Cen
71456,71683,Alp1Cen,Rigil Kentaurus,14.660765,-60.833976,1.3248,-0.01,0.71,Cen
71503,71729,"","",14.672743,21.975868,116.2791,6.13,0.434,Boo
71520,71746,"","",14.675768,-56.440761,348.4321,6.3,1.173,Cen
71533,71759,"","",14.678442,13.534325,50.813,5.93,0.238,Boo
71536,71762,"29Pi 1Boo","",14.678768,16.418324,93.7207,4.49,-0.002,Boo
71557,71783,"","",14.683721,-36.134858,189.7533,5.67,-0.081,Cen
71569,71795,"30Zet Boo","",14.68582,13.7283,53.8793,3.78,0.044,Boo
71606,71832,"31    Boo","",14.694097,8.161764,164.7446,4.86,0.992,Boo
71611,71837,"32    Boo","",14.695423,11.660662,123.6094,5.55,0.941,Boo
71627,71853,"","",14.697566,-30.933156,353.3569,6.38,-0.083,Cen
71630,71857,"","",14.698398,21.123551,142.2475,6.4,0.928,Boo
71634,71860,Alp Lup,"",14.698823,-47.3882,142.4501,2.3,-0.154,Lup
71635,71861,"","",14.698877,-58.615829,42.6803,6.21,0.454,Cir
71639,71865,"","",14.699332,-37.793498,103.9501,4.01,-0.157,Cen
71644,71870,"","",14.69993,-77.011452,179.8561,6.34,-0.027,Aps
71650,71876,"","",14.700889,61.261916,40.6669,6.24,0.409,Dra
71682,71908,Alp Cir,"",14.708492,-64.975138,16.57,3.18,0.256,Cir
71731,71957,"107Mu  Vir","",14.717673,-5.658207,18.2715,3.87,0.385,Vir
71748,71974,"4    Lib","",14.720431,-24.997753,152.439,5.7,0.006,Lib
71769,71995,"34    Boo","",14.723712,26.52785,215.9827,4.8,1.672,Boo
71774,72000,"","",14.724484,-62.966671,100000.0,6.39,-0.086,Cir
71783,72010,"","",14.727624,-35.173655,64.2261,4.06,1.356,Cen
71786,72012,"","",14.72901,40.459254,209.6436,5.72,1.398,Boo
71870,72097,"","",14.748755,-58.477492,102.9866,6.1,1.013,Cir
71878,72104,"","",14.749778,-35.191826,65.703,4.92,0.013,Cen
71879,72105,"36Eps Boo",Izar,14.749784,27.074222,62.1118,2.35,0.966,Boo
71895,72121,"","",14.753045,-55.60164,352.1127,6.1,-0.066,Cir
71896,72122,"","",14.753252,-1.417529,289.0173,6.06,1.608,Vir
71898,72124,"","",14.753808,32.788346,248.139,6.27,1.61,Boo
71899,72125,"35Omi Boo","",14.754017,16.96428,74.5156,4.6,0.972,Boo
71905,72131,"","",14.754802,-62.875648,48.4496,5.36,0.308,Cir
71909,72135,"","",14.755232,-51.314927,392.1569,6.44,1.591,Lup
71913,72139,"","",14.755717,18.884956,178.2531,6.15,0.841,Boo
71928,72154,"108    Vir","",14.75839,0.717271,151.2859,5.68,-0.021,Vir
71968,72194,"5    Lib","",14.766044,-15.459541,444.4444,6.33,1.194,Lib
71971,72197,"54    Hya","",14.766691,-25.443181,30.2847,5.15,0.315,Hya
71982,72208,"","",14.768319,15.131788,247.5248,5.78,1.335,Boo
71984,72210,"","",14.768547,-23.153018,103.7344,5.8,0.98,Lib
71991,72217,"","",14.76969,-21.175966,41.2541,6.43,0.603,Lib
71994,72220,"109    Vir","",14.770812,1.892885,41.2371,3.73,-0.005,Vir
72024,72250,"","",14.774724,-47.441116,93.7207,5.74,0.066,Lup
72064,72290,"","",14.783694,-52.383518,79.6813,5.22,0.984,Lup
72070,72296,"","",14.784747,-38.290639,153.6098,5.9,1.336,Cen
72082,72308,"","",14.78683,-52.205256,862.069,6.07,0.084,Lup
72084,72310,"","",14.787125,-21.324871,505.0505,6.05,1.649,Lib
72097,72323,"55    Hya","",14.789599,-25.624267,227.7904,5.61,-0.043,Hya
72112,72338,"","",14.79225,-43.556806,231.4815,6.3,1.068,Lup
72131,72357,"56    Hya","",14.795779,-26.0875,109.7695,5.23,0.938,Hya
72144,72370,Alp Aps,"",14.797701,-79.044751,136.9863,3.83,1.433,Aps
72147,72373,"","",14.798597,-12.840007,112.7396,6.34,1.097,Lib
72152,72378,"57    Hya","",14.799322,-26.646155,137.1742,5.76,-0.007,Hya
72186,72412,"","",14.806486,24.366876,84.674,6.15,0.506,Boo
72206,72432,"","",14.810569,-36.634697,157.7287,5.89,1.369,Cen
72212,72438,"","",14.812377,-66.593563,431.0345,5.91,-0.106,Cir
72223,72449,"","",14.815026,-0.847655,134.5895,6.15,-0.025,Lib
72243,72469,"","",14.818551,37.811179,40.6835,6.15,0.389,Boo
72245,72471,"","",14.818641,-56.667829,82.6446,6.21,1.107,Cir
72261,72487,"38    Boo",Merga,14.821853,46.116205,48.9956,5.76,0.482,Boo
72262,72488,"","",14.821874,-24.25147,310.559,5.68,1.275,Lib
72263,72489,"7Mu  Lib","",14.821959,-14.149022,72.9395,5.32,0.066,Lib
72282,72508,"","",14.82566,51.374503,57.1102,6.49,0.401,Boo
72292,72518,"","",14.82696,-68.93619,289.8551,6.5,-0.101,Cir
72298,72524,"39    Boo","",14.828143,48.720804,68.5871,5.68,0.501,Boo
72326,72552,"","",14.832888,28.615832,98.4252,5.8,0.046,Boo
72341,72567,"","",14.837723,23.911844,18.1719,5.86,0.576,Boo
72345,72571,"58    Hya","",14.838147,-27.960371,101.5228,4.42,1.366,Hya
72347,72573,"","",14.838814,82.511944,43.29,5.63,0.671,UMi
72356,72582,"","",14.841577,37.272047,64.3501,5.47,1.03,Boo
72377,72603,"8Alp1Lib","",14.844773,-15.997237,22.9779,5.15,0.401,Lib
72380,72607,"7Bet UMi",Kochab,14.845105,74.155505,40.1445,2.07,1.465,UMi
72396,72622,"9Alp2Lib",Zubenelgenubi,14.847977,-16.041778,23.2396,2.75,0.147,Lib
72402,72629,"","",14.850026,-0.257491,140.2525,6.18,1.397,Vir
72404,72631,"11    Lib","",14.850298,-2.29915,67.0241,4.93,0.988,Lib
72432,72659,"37Xi  Boo","",14.856493,19.10046,6.7123,4.54,0.72,Boo
72437,72664,"","",14.857362,59.293985,138.8889,5.48,1.369,Dra
72443,72670,"","",14.858351,-77.17597,255.102,6.44,-0.024,Aps
72456,72683,Omi Lup,"",14.860641,-43.575359,123.9157,4.32,-0.154,Lup
72474,72702,"","",14.864252,-18.355325,223.7136,6.27,1.094,Lib
72545,72772,"","",14.87587,-30.577253,39.1389,6.3,0.605,Cen
72546,72773,"","",14.876462,-63.809827,505.0505,5.91,0.66,Cir
72573,72800,"","",14.880855,-37.80316,150.8296,5.02,-0.155,Cen
72606,72833,"","",14.887097,-73.190071,101.0101,5.59,0.82,Aps
72620,72846,"","",14.889819,15.705167,47.6417,6.41,0.569,Boo
72622,72848,"","",14.889939,19.152798,11.5101,6.0,0.841,Boo
72702,72929,"12    Lib","",14.905592,-24.642202,127.8772,5.27,1.336,Lib
72707,72934,"13Xi 1Lib","",14.906354,-11.898348,103.3058,5.78,0.982,Lib
72732,72959,"","",14.910532,-33.300575,320.5128,5.85,1.429,Cen
72738,72965,Zet Cir,"",14.91183,-65.991095,390.625,6.09,-0.061,Cir
72756,72983,"","",14.915013,-69.860956,256.4103,6.38,-0.059,Cir
72809,73036,"","",14.926287,-60.114164,49.4315,5.18,1.161,Cir
72822,73049,"","",14.929085,-33.855785,77.821,5.32,0.046,Cen
72841,73068,"","",14.932944,32.300063,95.7854,6.12,0.109,Boo
72860,73087,"","",14.937008,14.446266,183.1502,5.9,-0.031,Boo
72868,73095,"","",14.938123,-52.809548,61.5006,5.38,0.142,Lup
72873,73100,"","",14.939724,49.628449,25.1067,5.63,0.533,Boo
72881,73107,"","",14.941907,-32.636784,195.3125,6.06,1.413,Cen
72884,73111,"","",14.942239,-47.879198,169.2047,5.62,-0.035,Lup
72889,73116,"","",14.943265,-39.416023,114.4165,6.36,0.061,Cen
72891,73118,"","",14.943984,-62.364417,561.7978,6.39,-0.055,Cir
72901,73129,The Cir,"",14.945554,-62.781016,462.963,5.08,-0.023,Cir
72906,73133,"15Xi 2Lib","",14.946142,-11.409701,168.3502,5.48,1.491,Lib
72929,73156,"","",14.950999,21.555419,126.5823,6.5,0.015,Boo
72938,73165,"16    Lib","",14.953055,-4.346462,26.9034,4.47,0.318,Lib
72939,73166,"","",14.953244,16.388128,163.1321,5.72,0.951,Boo
72944,73171,"","",14.953808,-29.157678,151.5152,6.28,-0.011,Hya
72957,73184,"","",14.957765,-21.415475,5.8404,5.72,1.024,Lib
72966,73193,"","",14.959236,-0.167612,89.3655,5.51,1.131,Vir
72972,73199,"","",14.959743,65.93246,140.8451,4.63,1.59,UMi
72996,73223,"","",14.964755,-76.662655,114.8106,5.37,1.442,Aps
73014,73241,"","",14.969112,-48.863011,23.8493,6.34,0.708,Lup
73046,73273,Bet Lup,"",14.975537,-43.13396,117.3709,2.68,-0.184,Lup
73052,73279,"","",14.976817,-39.907172,102.7749,6.17,1.216,Cen
73056,73284,"59    Hya","",14.977572,-27.657314,113.1222,5.65,0.262,Hya
73082,73309,"","",14.981329,-4.989256,33.7724,6.08,0.509,Lib
73083,73310,"18    Lib","",14.98155,-11.144014,95.057,5.88,1.274,Lib
73107,73334,Kap Cen,"",14.986025,-42.104194,117.5088,3.13,-0.208,Cen
73114,73341,"","",14.987202,-37.881234,162.6016,6.45,-0.08,Cen
73123,73350,"","",14.989754,4.567761,215.0538,5.91,1.615,Vir
73127,73354,"","",14.990888,-43.159833,255.7545,6.1,0.597,Lup
73142,73369,"40    Boo","",14.993598,39.265333,51.4933,5.64,0.336,Boo
73167,73394,"","",14.998825,-75.032669,151.5152,6.2,-0.038,Aps
73188,73415,"","",15.003147,-77.16055,233.6449,5.92,1.052,Aps
73227,73454,"","",15.010756,47.277441,169.7793,6.35,-0.099,Boo
73237,73464,"","",15.014521,22.045589,240.9639,6.29,1.179,Boo
73246,73473,"19Del Lib","",15.016208,-8.518943,90.009,4.91,0.0,Lib
73265,73493,"","",15.020303,-38.058398,119.7605,5.88,1.246,Cen
73270,73497,"","",15.022174,-2.754927,227.7904,5.52,1.692,Lib
73280,73507,"","",15.024195,60.204453,105.7082,5.91,0.107,Dra
73308,73536,"","",15.030255,-0.140295,704.2254,5.71,1.509,Vir
73312,73540,Pi 1Oct,"",15.030754,-83.227646,120.7729,5.65,0.962,Oct
73327,73555,"42Bet Boo",Nekkar,15.032436,40.390566,69.0608,3.49,0.956,Boo
73331,73559,"","",15.032801,-34.358875,128.041,6.21,0.242,Cen
73338,73566,"60    Hya","",15.035119,-28.060611,101.7294,5.83,0.164,Hya
73340,73568,"41Ome Boo","",15.035141,25.008138,113.8952,4.8,1.506,Boo
73343,73571,"","",15.035715,-7.575299,203.666,6.38,0.18,Lib
73392,73620,"110    Vir","",15.048344,2.091303,59.9161,4.39,1.026,Vir
73396,73624,"","",15.049799,-32.643294,118.9061,5.45,-0.127,Lup
73406,73634,"","",15.051683,35.205795,85.8369,5.52,1.023,Boo
73467,73695,"44    Boo","",15.063174,47.65406,12.5078,4.83,0.647,Boo
73478,73706,"","",15.066041,65.919714,151.0574,6.22,0.055,UMi
73486,73714,"20Sig Lib",Brachium,15.067839,-25.281965,88.4173,3.25,1.674,Lib
73517,73745,"43Psi Boo","",15.074098,26.947649,75.4148,4.52,1.24,Boo
73536,73764,"","",15.078583,-40.86133,185.1852,6.29,1.389,Lup
73544,73771,Pi 2Oct,"",15.079711,-83.038311,598.8024,5.65,1.273,Oct
73548,73776,Eta Cir,"",15.08003,-64.03135,84.6024,5.16,0.935,Cir
73579,73807,Pi  Lup,"",15.085303,-47.051245,135.8696,3.91,-0.144,Lup
73598,73826,"","",15.088656,-41.067236,108.2251,5.13,1.011,Lup
73613,73841,"47    Boo","",15.090515,48.150972,84.1043,5.59,-0.005,Boo
73622,73850,"","",15.092751,-30.550864,35.1124,6.48,0.489,Lup
73653,73881,"","",15.100671,-48.883391,282.4859,6.48,-0.137,Lup
73674,73901,"","",15.103871,-36.264599,288.1844,6.27,1.658,Lup
73681,73909,"","",15.104638,54.556318,78.9266,5.24,0.958,Boo
73699,73927,"","",15.107539,-22.03183,58.072,6.13,1.04,Lib
73709,73937,"","",15.109222,-30.918483,121.3592,5.97,-0.076,Lup
73713,73941,"","",15.109765,36.456063,29.8329,6.35,0.537,Boo
73717,73945,"21Nu  Lib","",15.110444,-16.256818,213.2196,5.19,1.589,Lib
73725,73953,"","",15.113628,-16.484361,114.4165,6.41,0.162,Lib
73738,73966,"","",15.115548,-52.029779,452.4887,6.4,-0.109,Lup
73768,73996,"45    Boo","",15.121682,24.869195,19.5542,4.93,0.429,Boo
73772,74000,"","",15.122324,18.441825,72.2022,6.03,0.073,Boo
73778,74006,"","",15.123874,-49.088612,103.5197,5.77,0.92,Lup
73798,74026,"","",15.127868,5.498035,167.7852,6.16,0.921,Vir
73816,74044,"","",15.132264,-61.128673,120.7729,6.49,0.432,Cir
73818,74047,"","",15.132432,-65.275449,200.8032,6.18,1.47,TrA
73838,74066,"","",15.136703,-40.58393,110.742,5.75,-0.113,Lup
73855,74083,"","",15.138761,50.054955,139.0821,6.33,1.05,Boo
73859,74087,"46    Boo","",15.139939,26.301152,158.7302,5.67,1.24,Boo
73868,74096,"","",15.143212,25.108635,143.0615,5.82,1.233,Boo
73872,74100,"","",15.144223,-42.867921,118.7648,5.85,-0.123,Lup
73889,74117,Lam Lup,"",15.147394,-45.279857,238.0952,4.07,-0.162,Lup
73893,74121,"","",15.148198,13.235242,136.4256,6.16,0.967,Boo
73953,74181,"","",15.157091,-63.64293,181.4882,6.25,0.059,Cir
73956,74184,"","",15.15831,-67.084133,100000.0,5.76,0.675,TrA
73996,74224,"","",15.168702,-38.792511,131.406,5.98,0.867,Lup
74011,74239,"","",15.171843,-26.332621,130.3781,5.75,1.045,Lib
74044,74272,"","",15.179002,67.781035,152.439,6.18,0.143,UMi
74045,74273,"","",15.179128,-61.42232,24.2014,6.29,0.623,Cir
74068,74296,Ome Oct,"",15.185777,-84.787812,97.1817,5.88,-0.031,Oct
74078,74305,"","",15.187773,-55.346032,662.2517,5.45,1.118,Lup
74108,74336,"","",15.193002,-45.277459,156.4945,6.44,1.039,Lup
74148,74376,Kap1Lup,"",15.198918,-48.737819,55.1876,3.88,-0.029,Lup
74153,74380,Kap2Lup,"",15.199363,-48.743687,77.7605,5.7,0.144,Lup
74158,74386,"","",15.201184,18.976031,221.7295,5.9,1.414,Ser
74163,74391,"","",15.203337,-19.106482,160.5136,6.49,1.507,Lib
74164,74392,"24Iot1Lib","",15.203692,-19.79171,116.4144,4.54,-0.071,Lib
74167,74395,Zet Lup,"",15.20476,-52.099247,35.9712,3.41,0.918,Lup
74190,74418,"","",15.20867,-48.218992,129.7017,6.32,1.115,Lup
74193,74421,"","",15.209444,-72.770599,300.3003,6.02,-0.002,Aps
74213,74441,"","",15.213103,10.702305,189.7533,6.5,1.274,Ser
74221,74449,"","",15.213776,-44.500414,154.5595,4.83,-0.177,Lup
74241,74470,"","",15.216951,-61.74378,100000.0,6.27,1.901,Cir
74251,74479,"","",15.218796,-36.091425,120.7729,6.09,-0.081,Lup
74262,74490,"","",15.221503,-24.008322,151.5152,6.47,-0.026,Lib
74265,74493,"25Iot2Lib","",15.221997,-19.647572,69.8812,6.07,0.124,Lib
74272,74500,"23    Lib","",15.224637,-25.309347,26.2055,6.47,0.691,Lib
74277,74505,"","",15.225519,22.983399,87.4126,6.31,0.064,Ser
74286,74514,"","",15.226551,38.2647,126.1034,6.19,1.218,Boo
74311,74539,"","",15.231476,-26.193569,305.8104,5.84,1.139,Lib
74324,74552,"","",15.233108,-61.342977,260.4167,6.36,-0.041,Cir
74333,74561,"","",15.235011,31.787845,203.252,5.98,1.552,Boo
74343,74571,"","",15.236196,42.171409,369.0037,6.12,1.635,Boo
74354,74582,"","",15.238658,-70.079476,359.7122,5.75,3.271,TrA
74368,74596,"48Chi Boo","",15.241435,29.164295,77.3994,5.28,0.062,Boo
74372,74600,"26    Lib","",15.242711,-17.768572,245.098,6.18,-0.015,Lib
74376,74604,"1    Lup","",15.2437,-31.519121,598.8024,4.91,0.374,Lup
74377,74605,"","",15.243926,67.346722,25.3421,5.15,0.55,UMi
74395,74623,"","",15.247388,-5.502555,367.6471,6.28,1.473,Lib
74421,74649,"3    Ser","",15.253154,4.939362,114.4165,5.32,1.092,Ser
74438,74666,"49Del Boo","",15.258376,33.314833,37.3413,3.46,0.961,Boo
74461,74689,"4    Ser","",15.263633,0.372139,46.1467,5.62,0.181,Ser
74462,74690,"","",15.264083,50.938456,61.8429,6.47,0.854,Boo
74467,74695,"","",15.264879,6.46484,308.642,6.47,1.308,Ser
74468,74696,"","",15.264907,-48.073661,49.8753,5.96,0.21,Lup
74479,74707,"","",15.267785,-41.491155,540.5405,5.15,0.564,Lup
74488,74716,"","",15.269573,-43.484997,632.9114,6.05,-0.128,Lup
74503,74732,"","",15.273059,-22.399416,144.7178,5.52,1.357,Lib
74521,74750,"","",15.276859,-60.903996,515.4639,5.74,-0.057,Cir
74540,74769,"","",15.281058,-47.864544,177.6199,6.46,0.927,Lup
74546,74775,"","",15.281945,-46.202355,56.6251,6.44,0.514,Lup
74549,74778,Del Cir,"",15.282471,-60.957255,100000.0,5.04,-0.077,Cir
74556,74785,"27Bet Lib",Zubeneschamali,15.283449,-9.382917,56.7537,2.61,-0.071,Lib
74564,74793,"11    UMi","",15.284968,71.823901,122.1001,5.02,1.369,UMi
74595,74824,Bet Cir,"",15.291917,-58.801208,30.553,4.07,0.088,Cir
74608,74837,Eps Cir,"",15.294136,-63.610465,125.0,4.85,1.26,Cir
74628,74857,"2    Lup","",15.297178,-30.148673,99.9001,4.35,1.1,Lup
74646,74875,"","",15.302614,-41.061159,78.5546,6.3,0.176,Lup
74666,74895,"","",15.306288,0.939409,178.2531,6.5,1.6,Ser
74667,74896,"","",15.306807,20.572778,109.2896,5.68,0.972,Ser
74672,74901,"","",15.307257,-0.461234,222.7171,5.88,1.507,Ser
74682,74911,Mu  Lup,"",15.308897,-47.875272,102.8807,4.27,-0.086,Lup
74700,74929,"","",15.311473,-31.209347,276.2431,6.18,1.205,Lup
74712,74941,"","",15.313651,-60.496334,100000.0,5.43,-0.089,Cir
74717,74946,Gam TrA,"",15.315181,-68.679545,56.3698,2.87,0.014,TrA
74721,74950,"","",15.315661,-40.788222,167.7852,5.59,-0.099,Lup
74746,74975,"5    Ser","",15.321888,1.765408,25.3807,5.04,0.54,Ser
74771,75000,"","",15.325014,32.514903,86.9565,6.33,0.234,CrB
74774,75003,"","",15.325481,-37.097161,120.4819,6.19,0.959,Lup
74814,75043,"","",15.334763,51.958515,67.659,5.65,0.122,Boo
74820,75049,"1Omi CrB","",15.335714,29.616209,82.7815,5.51,1.015,CrB
74862,75091,"","",15.344599,-67.481526,306.7485,6.27,-0.09,TrA
74864,75093,"","",15.344909,44.434376,54.0541,6.14,0.369,Boo
74868,75097,"13Gam UMi",Pherkad,15.345483,71.834016,149.2537,3.0,0.058,UMi
74872,75101,"","",15.346394,-2.413331,35.0508,6.34,1.062,Ser
74881,75110,"28    Lib","",15.348244,-18.158658,183.4862,6.16,1.024,Lib
74889,75118,"29Omi Lib","",15.350382,-15.548342,56.6572,6.14,0.393,Lib
74890,75119,"6    Ser","",15.350554,0.715337,73.3676,5.35,1.191,Ser
74896,75125,"","",15.351911,24.95802,182.4818,6.36,1.257,Ser
74898,75127,"","",15.352114,-5.824853,92.6784,5.54,1.047,Lib
74912,75141,Del Lup,"",15.356201,-40.647518,271.0027,3.22,-0.227,Lup
74935,75164,"","",15.359807,-40.749482,109.1703,6.21,0.068,Lup
74948,75177,Phi1Lup,"",15.36344,-36.261376,84.317,3.57,1.534,Lup
74949,75178,"50    Boo","",15.363495,32.933695,80.3213,5.38,-0.051,Boo
74952,75181,Nu 2Lup,"",15.363507,-48.317628,14.8126,5.65,0.639,Lup
74977,75206,Nu 1Lup,"",15.368975,-47.927792,35.8551,4.99,0.515,Lup
75001,75230,"7    Ser","",15.373122,12.567521,137.5516,6.29,-0.008,Ser
75027,75256,"","",15.377014,62.047076,136.9863,5.99,-0.033,Dra
75028,75257,"","",15.377048,39.581463,595.2381,5.56,1.626,Boo
75031,75260,"","",15.377341,63.341439,112.8668,5.72,1.315,Dra
75035,75264,Eps Lup,"",15.378021,-44.689622,156.9859,3.37,-0.191,Lup
75043,75272,"","",15.379224,-29.341935,129.7017,6.5,1.011,Lib
75065,75294,"","",15.383829,-15.134036,296.7359,6.46,1.603,Lib
75075,75304,Phi2Lup,"",15.385931,-36.858489,159.2357,4.54,-0.155,Lup
75079,75308,"","",15.386265,-60.657176,40.3388,5.65,0.489,Cir
75083,75312,"2Eta CrB","",15.38675,30.287812,17.8635,4.99,0.577,CrB
75094,75323,Gam Cir,"",15.389625,-59.320787,137.5516,4.48,0.169,Cir
75095,75324,"","",15.390274,-46.140415,154.0832,6.49,0.945,Lup
75113,75342,"8    Ser","",15.395475,-1.022384,51.1247,6.11,0.264,Ser
75123,75352,"","",15.397844,-12.369501,172.4138,5.72,1.039,Lib
75140,75369,"","",15.401422,45.271031,150.3759,6.07,1.212,Boo
75150,75379,"31Eps Lib","",15.403303,-10.322266,31.2305,4.92,0.453,Lib
75182,75411,"51Mu 1Boo",Alkalurops,15.408181,37.377167,34.6861,4.31,0.309,Boo
75209,75439,Ups Lup,"",15.412504,-39.710268,124.6883,5.36,-0.093,Lup
75229,75458,"12Iot Dra",Edasich,15.415494,58.966065,31.027,3.29,1.166,Dra
75272,75501,"","",15.422285,-38.73362,120.3369,4.6,0.0,Lup
75301,75530,"9Tau1Ser","",15.429832,15.428036,211.4165,5.16,1.65,Ser
75306,75535,"","",15.431464,19.480707,41.2541,6.26,0.618,Ser
75336,75565,"","",15.437389,-68.309167,105.042,5.89,1.0,TrA
75343,75572,"","",15.438166,34.335996,157.9779,5.46,1.41,Boo
75358,75587,"","",15.442273,54.020294,123.0012,6.44,0.079,Dra
75418,75647,"","",15.455037,-36.76756,131.2336,5.46,-0.15,Lup
75436,75665,"","",15.459193,-64.531504,209.205,5.71,1.646,TrA
75445,75674,"","",15.460798,25.101626,244.4988,6.01,1.654,Ser
75466,75695,"3Bet CrB",Nusakan,15.463818,29.105703,34.2818,3.66,0.319,CrB
75467,75696,"","",15.464287,60.670217,195.6947,5.9,1.441,Dra
75501,75730,"32Zet1Lib","",15.470947,-16.716484,240.3846,5.64,1.545,Lib
75507,75736,"","",15.472398,-88.13301,65.0618,6.49,0.303,Oct
75514,75742,"","",15.474225,-51.597934,478.4689,6.1,1.067,Lup
75532,75761,"10    Ser","",15.477288,1.842081,39.7456,5.15,0.245,Ser
75541,75770,"","",15.478999,47.201514,156.9859,6.15,0.1,Boo
75559,75788,"","",15.482451,55.194937,93.8967,6.45,0.079,Dra
75561,75790,"","",15.482962,-28.866891,58.6166,6.43,0.608,Lib
75581,75810,"","",15.486699,16.395618,129.8701,6.38,0.955,Ser
75590,75818,"","",15.488688,-38.634999,60.5327,6.44,0.351,Lup
75593,75822,"","",15.489198,62.099529,215.5172,6.32,1.369,Dra
75599,75828,"","",15.490075,-46.732704,335.5705,5.26,1.731,Lup
75684,75915,"","",15.505915,-41.919027,126.1034,6.23,-0.005,Lup
75688,75919,"","",15.506325,31.285932,168.6341,6.45,0.205,CrB
75708,75939,"","",15.51007,-20.728553,80.3213,6.2,0.192,Lib
75713,75944,"34Zet3Lib","",15.511223,-16.609464,155.7632,5.82,1.056,Lib
75728,75959,"","",15.513664,-71.654136,395.2569,6.39,-0.112,Aps
75742,75973,"52Nu 1Boo","",15.515488,40.833047,257.0694,5.04,1.589,Boo
75743,75974,"","",15.515514,64.208693,94.6074,5.74,0.976,Dra
75775,76006,"","",15.522863,36.616599,74.7943,6.39,0.529,CrB
75777,76008,"15The UMi","",15.523619,77.349352,262.4672,5.0,1.545,UMi
75782,76013,Kap1Aps,"",15.525228,-73.389591,380.2281,5.4,-0.146,Aps
75802,76033,"","",15.528725,-20.164922,87.108,6.28,0.22,Lib
75811,76041,"53Nu 2Boo","",15.529718,40.899332,119.0476,4.98,0.086,Boo
75817,76048,"","",15.53062,-32.881112,128.866,6.49,0.065,Lup
75831,76063,"","",15.534498,-38.622543,53.6481,6.23,0.212,Lup
75837,76069,"12Tau2Ser","",15.536021,16.056169,143.8849,6.22,-0.038,Ser
75874,76106,"","",15.543528,-19.67046,70.0771,5.5,0.197,Lib
75894,76126,"35Zet4Lib","",15.548673,-16.852844,201.2072,5.53,-0.148,Lib
75895,76127,"4The CrB","",15.548829,31.359133,115.0748,4.14,-0.127,CrB
75901,76133,"11    Ser","",15.549427,-1.186399,85.9107,5.5,1.092,Ser
75912,76143,"","",15.552644,-24.490433,96.7118,6.26,0.33,Lib
75933,76165,"","",15.556755,-40.490852,155.521,6.4,1.016,Lup
75966,76198,"","",15.564641,17.137359,64.3087,6.49,0.341,Ser
75975,76207,"","",15.567143,-40.066432,352.1127,5.82,1.695,Lup
75987,76219,"37    Lib","",15.569638,-10.064529,28.9268,4.61,1.0,Lib
76002,76234,"","",15.57246,-39.34921,107.6426,6.36,-0.017,Lup
76011,76243,"","",15.574032,-9.183416,122.399,5.16,-0.09,Lib
76027,76259,"36    Lib","",15.577033,-28.046983,97.561,5.13,1.306,Lib
76035,76267,"5Alp CrB",Alphecca,15.578128,26.714693,23.0097,2.22,0.032,CrB
76044,76276,"13Del Ser","",15.580041,10.538867,69.9301,3.8,0.268,Ser
76065,76297,Gam Lup,"",15.585681,-41.166757,129.0323,2.8,-0.216,Lup
76075,76307,"6Mu  CrB","",15.587476,39.010067,189.7533,5.14,1.65,CrB
76079,76311,"","",15.587835,53.922144,118.0638,5.97,1.184,Dra
76100,76333,"38Gam Lib",Zubenelhakrabi,15.592105,-14.789537,50.025,3.91,1.007,Lib
76104,76337,"15Tau3Ser","",15.592565,17.655555,116.2791,6.1,0.975,Ser
76133,76366,"","",15.596998,38.373926,265.9574,6.3,1.306,CrB
76137,76371,"","",15.598126,-44.958389,131.2336,4.55,-0.175,Lup
76138,76372,"","",15.598158,11.265656,221.2389,6.04,1.125,Ser
76142,76376,"","",15.599182,54.630567,78.3085,5.77,0.051,Dra
76161,76395,"","",15.603157,-33.092806,106.4963,6.26,-0.07,Lup
76163,76397,"","",15.603364,-44.396823,166.9449,5.44,1.497,Lup
76190,76424,"18Tau5Ser","",15.608121,16.119085,52.0562,5.93,0.354,Ser
76191,76425,"16    Ser","",15.608216,10.010176,70.8717,5.26,0.925,Ser
76206,76440,Eps TrA,"",15.612,-66.317037,61.8429,4.11,1.161,TrA
76222,76456,"","",15.614839,29.991182,36.7782,6.46,0.433,CrB
76235,76470,"39Ups Lib","",15.61707,-28.135079,68.5871,3.6,1.361,Lib
76268,76503,"","",15.624583,-26.279864,190.4762,6.19,-0.013,Lib
76274,76509,"","",15.625562,54.508733,109.1703,5.85,1.098,Dra
76284,76519,"","",15.62755,69.283344,235.2941,5.65,1.371,UMi
76297,76532,"","",15.630011,-23.141698,84.246,5.79,1.074,Lib
76299,76534,"54Phi Boo","",15.630441,40.353433,52.0291,5.25,0.886,Boo
76317,76552,Ome Lup,"",15.634232,-42.567348,67.0241,4.34,1.412,Lup
76332,76567,"","",15.637725,-28.206666,205.3388,6.32,1.176,Lib
76333,76568,"","",15.637833,46.797751,35.7015,5.76,0.353,Boo
76334,76569,"","",15.637855,-21.016327,87.3362,5.82,1.077,Lib
76359,76594,"","",15.642833,50.423283,115.4734,5.84,0.847,Boo
76365,76600,"40Tau Lib","",15.64427,-29.777754,112.4859,3.66,-0.177,Lib
76368,76603,"","",15.644467,-8.79149,26.6241,6.45,0.505,Lib
76373,76608,"","",15.645049,-39.127734,146.8429,6.05,0.204,Lup
76382,76617,"","",15.646904,34.675039,145.7726,6.12,1.039,CrB
76383,76618,"","",15.647079,-52.372695,125.3133,5.43,0.005,Nor
76392,76628,"41    Lib","",15.648488,-19.301892,95.4198,5.36,0.883,Lib
76415,76651,"","",15.652645,57.924426,140.8451,6.45,1.102,Dra
76428,76664,"","",15.655159,-77.918004,99.108,6.19,1.207,Aps
76430,76666,"","",15.655937,-23.150224,99.8004,6.33,0.023,Lib
76433,76669,"7Zet1CrB","",15.656299,36.635812,145.1379,4.64,-0.103,CrB
76469,76705,"3Psi1Lup","",15.662772,-34.411926,67.3401,4.66,0.964,Lup
76480,76716,"","",15.665726,-59.908338,30.931,5.95,0.505,Nor
76497,76733,"","",15.669541,12.052934,286.533,6.22,0.968,Ser
76500,76736,"","",15.669889,-70.227883,78.4929,6.45,0.077,TrA
76503,76739,"","",15.670981,-31.213771,253.8071,6.35,1.418,Lup
76506,76742,"42    Lib","",15.67136,-23.818078,117.2333,4.97,1.302,Lib
76514,76750,Kap2Aps,"",15.672598,-73.446685,239.2344,5.64,-0.04,Aps
76573,76809,"","",15.682844,-47.736091,267.3797,6.21,1.621,Lup
76574,76810,"19Tau6Ser","",15.683083,16.024588,185.8736,6.0,0.908,Ser
76593,76829,"","",15.686505,-44.661205,17.4368,4.64,0.413,Lup
76616,76852,"21Iot Ser","",15.692516,19.670401,58.2751,4.51,0.062,Ser
76630,76866,"20Chi Ser","",15.696504,12.847528,67.3854,5.34,0.033,Ser
76641,76877,"","",15.698527,-76.081959,129.199,5.95,-0.034,Aps
76642,76878,"22Tau7Ser","",15.698532,18.464037,53.0786,5.8,0.207,Ser
76644,76880,"43Kap Lib","",15.699111,-19.678828,94.6074,4.75,1.574,Lib
76699,76935,"","",15.710341,-49.489553,188.6792,6.02,1.315,Nor
76702,76939,"","",15.710645,-37.424935,79.9361,5.23,0.987,Lup
76709,76945,"4Psi2Lup","",15.711395,-34.710407,111.4827,4.75,-0.151,Lup
76716,76952,"8Gam CrB","",15.712381,26.295637,44.7828,3.81,0.02,CrB
76721,76957,"","",15.714107,52.360903,91.5751,5.48,-0.042,Boo
76749,76985,"","",15.719592,13.667666,173.3102,6.48,0.873,Ser
76760,76996,Rho Oct,"",15.721161,-84.465273,66.1376,5.57,0.118,Oct
76771,77007,"","",15.723572,-15.04323,122.549,6.3,1.124,Lib
76806,77042,"","",15.732022,-60.287217,480.7692,6.46,1.02,Nor
76812,77048,"9Pi  CrB","",15.73314,32.515807,74.6269,5.57,1.076,CrB
76816,77052,"23Psi Ser","",15.733839,2.515173,14.6585,5.86,0.684,Ser
76819,77055,"16Zet UMi","",15.734299,77.794493,113.1222,4.29,0.038,UMi
76824,77060,"44Eta Lib","",15.734556,-15.672834,45.7457,5.41,0.238,Lib
76835,77070,"24Alp Ser",Unukalhai,15.737798,6.425627,22.6757,2.63,1.167,Ser
76850,77086,"","",15.739633,-41.819089,143.8849,5.93,-0.007,Lup
76875,77111,"26Tau8Ser","",15.745037,17.264226,113.6364,6.15,0.002,Ser
76902,77138,"","",15.749884,-50.785463,121.8027,6.41,0.163,Nor
76927,77163,"","",15.756523,5.447315,113.3787,5.57,0.035,Ser
76950,77186,"","",15.760974,0.891039,194.1748,6.32,1.195,Ser
76991,77227,"25    Ser","",15.768233,-1.804193,137.931,5.39,-0.035,Ser
76997,77233,"28Bet Ser","",15.769793,15.421826,47.5511,3.65,0.073,Ser
76999,77235,"","",15.770238,-28.061481,71.1238,6.49,0.332,Lib
77022,77257,"27Lam Ser","",15.77406,7.353073,12.1242,4.42,0.604,Ser
77036,77272,"","",15.776337,55.474791,269.5418,5.94,1.404,Dra
77041,77277,"","",15.777772,62.599557,87.7193,5.19,0.062,Dra
77050,77286,"","",15.77895,-34.682454,117.9245,5.61,-0.117,Lup
77051,77287,"","",15.779285,-6.120355,228.833,6.24,1.169,Lib
77100,77336,"31Ups Ser","",15.788144,14.115348,76.6871,5.71,0.094,Ser
77114,77350,"","",15.79043,-40.19421,102.2495,6.41,0.88,Lup
77121,77358,"","",15.791435,-37.916312,15.3539,6.01,0.715,Lup
77135,77370,"","",15.793867,55.376627,73.8007,5.85,0.249,Dra
77154,77390,"","",15.798078,-65.442291,111.9821,5.54,0.231,TrA
77161,77397,"","",15.800498,31.735615,314.4654,6.41,1.517,CrB
77176,77412,"","",15.803696,13.789078,144.7178,5.98,1.272,Ser
77206,77442,"","",15.80956,28.156749,100000.0,5.89,0.608,CrB
77214,77450,"35Kap Ser",Gudja,15.812327,18.141564,117.096,4.09,1.616,Ser
77218,77454,"","",15.814005,-52.438256,200.4008,6.05,1.385,Nor
77228,77464,"","",15.815777,-3.818513,54.0249,5.53,0.12,Lib
77276,77512,"10Del CrB","",15.82657,26.068394,52.1376,4.59,0.794,CrB
77280,77516,"32Mu  Ser","",15.827002,-3.430208,52.0021,3.54,-0.036,Ser
77305,77541,"","",15.83264,-48.912408,59.5948,5.86,0.068,Nor
77326,77562,"","",15.835304,-53.20977,94.518,5.78,-0.076,Nor
77338,77574,"","",15.837862,-45.401714,45.2694,6.11,0.299,Nor
77342,77578,"34Ome Ser","",15.838207,2.196509,83.8223,5.21,1.019,Ser
77386,77622,"37Eps Ser","",15.846935,4.47773,21.5983,3.71,0.147,Ser
77398,77634,"5Chi Lup","",15.849316,-33.627165,59.8444,3.97,-0.045,Lup
77399,77635,"1    Sco","",15.849652,-25.751295,151.7451,4.63,-0.072,Sco
77409,77645,"","",15.851891,-55.055533,662.2517,5.74,0.017,Nor
77420,77655,"11Kap CrB","",15.85387,35.657382,30.4971,4.79,0.996,CrB
77424,77660,"36    Ser","",15.854331,-3.090497,49.7512,5.09,0.135,Ser
77426,77661,"38Rho Ser","",15.85442,20.977919,114.9425,4.74,1.534,Ser
77442,77678,"","",15.858736,-47.0608,137.741,6.0,1.152,Nor
77453,77689,"","",15.860666,-14.133584,171.2329,6.2,1.01,Lib
77493,77729,"","",15.870225,-29.886552,77.4593,6.39,0.991,Lup
77502,77738,"","",15.871269,55.826713,102.8807,5.81,0.972,Dra
77524,77760,"1Chi Her","",15.877903,42.451518,15.8932,4.6,0.563,Her
77546,77782,"","",15.882255,17.40315,191.2046,6.29,1.238,Ser
77565,77801,"39    Ser","",15.886694,13.196623,17.3491,6.07,0.598,Ser
77575,77811,"45Lam Lib","",15.888905,-20.16704,94.8767,5.04,-0.014,Lib
77581,77817,"","",15.889704,-62.606583,193.7984,6.22,1.467,TrA
77599,77835,"","",15.893019,16.074933,94.7867,6.21,0.413,Ser
77604,77840,"2    Sco","",15.893533,-25.327142,154.0832,4.59,-0.073,Sco
77617,77853,"46The Lib","",15.897093,-16.729293,51.6529,4.13,1.003,Lib
77622,77858,"","",15.89831,-24.533157,128.866,5.38,-0.011,Sco
77623,77859,"","",15.898851,-23.978094,130.8901,5.41,-0.033,Sco
77664,77900,"","",15.908364,-27.338639,158.2278,6.15,-0.069,Sco
77666,77902,"","",15.909615,20.310968,156.4945,5.45,1.588,Ser
77671,77907,"2    Her","",15.910516,43.138567,200.4008,5.35,1.645,Her
77673,77909,"3    Sco","",15.910981,-25.243741,157.9779,5.87,-0.065,Sco
77674,77910,"40    Ser","",15.911188,8.580337,78.8644,6.28,0.171,Ser
77691,77927,"","",15.914621,-60.743651,421.9409,6.14,0.121,TrA
77703,77939,"47    Lib","",15.916768,-19.382926,236.4066,5.95,-0.013,Lib
77716,77952,Bet TrA,"",15.919083,-63.430727,12.3778,2.83,0.315,TrA
77746,77982,Kap TrA,"",15.924891,-68.603001,370.3704,5.11,1.108,TrA
77748,77984,"4    Sco","",15.925023,-26.265993,125.1564,5.63,0.141,Sco
77749,77985,"","",15.925148,-31.083644,139.8601,6.21,1.371,Lup
77750,77986,"4    Her","",15.925166,42.566193,164.4737,5.73,-0.102,Her
77754,77990,"","",15.925665,-60.177647,51.2558,5.78,0.355,Nor
77759,77995,"","",15.927737,18.620745,490.1961,6.26,-0.089,Ser
77776,78012,"12Lam CrB","",15.929884,37.946958,41.5628,5.43,0.352,CrB
77781,78017,"","",15.930455,58.911774,145.1379,6.31,-0.028,Dra
77808,78045,"","",15.934982,-60.482477,66.0066,5.76,0.087,TrA
77810,78046,"","",15.935233,-39.864364,173.3102,6.04,0.13,Lup
77822,78058,"","",15.937229,-31.785882,51.8403,6.29,0.462,Lup
77823,78059,"","",15.937342,-14.399402,61.8047,6.32,0.485,Lib
77836,78072,"41Gam Ser","",15.940882,15.661617,11.2537,3.85,0.478,Ser
77842,78078,"","",15.942604,-14.829438,51.0986,6.11,0.243,Lib
77868,78104,"5Rho Sco",Iklil,15.948077,-29.214073,144.7178,3.87,-0.199,Sco
77869,78105,Xi 1Lup,"",15.948193,-33.966134,42.3729,5.14,0.129,Lup
77870,78106,Xi 2Lup,"",15.948366,-33.964281,46.0617,5.59,0.072,Lup
77881,78117,"","",15.95108,-48.162186,48.4496,6.31,0.381,Nor
77896,78132,Phi Ser,"",15.954048,14.41448,73.9645,5.54,1.141,Ser
77906,78142,"","",15.955924,-36.185344,242.7184,5.78,1.095,Lup
77917,78153,"","",15.958288,39.695086,122.399,6.3,1.11,Her
77923,78159,"13Eps CrB","",15.959794,26.87788,67.8887,4.14,1.231,CrB
77932,78168,"","",15.96124,-20.98308,141.2429,5.84,0.012,Sco
77944,78180,"","",15.963196,54.749762,33.5796,4.96,0.269,Dra
77971,78207,"48    Lib","",15.969825,-14.279358,143.472,4.95,-0.08,Lib
78000,78236,"","",15.975222,-37.503878,114.6789,6.31,1.006,Lup
78010,78246,"","",15.976352,-24.831488,170.3578,5.43,-0.092,Sco
78029,78265,"6Pi  Sco",Fang,15.980865,-26.114105,179.5332,2.89,-0.18,Sco
78040,78276,"","",15.982697,36.643773,234.192,5.61,1.529,CrB
78043,78279,"","",15.982821,-65.037585,272.4796,5.74,-0.066,TrA
78050,78286,"","",15.984552,49.881043,48.9956,6.04,0.289,Her
78087,78323,"","",15.991743,-41.744436,133.6898,4.99,0.988,Lup
78119,78355,"","",15.998374,-54.020911,308.642,6.1,-0.016,Nor
78124,78360,"","",15.998649,-78.027277,87.9507,6.4,0.387,Aps
78148,78384,Eta Lup,"",16.002036,-38.396706,135.5014,3.42,-0.206,Lup
78164,78400,"49    Lib","",16.005447,-16.53335,35.2113,5.47,0.517,Lib
78165,78401,"7Del Sco",Dschubba,16.005557,-22.62171,150.6024,2.29,-0.117,Sco
78199,78436,"50    Lib","",16.013231,-8.411353,150.1502,5.53,0.043,Lib
78205,78442,"","",16.014204,4.427363,75.0751,5.82,1.003,Ser
78208,78445,"","",16.014919,-40.43548,102.7749,6.21,0.01,Lup
78223,78459,"15Rho CrB","",16.017412,33.303509,17.2354,5.39,0.612,CrB
78232,78469,"","",16.018468,-54.577899,131.7523,6.12,0.264,Nor
78239,78476,"","",16.019644,-63.776538,425.5319,6.42,0.567,TrA
78244,78481,"5    Her","",16.020644,17.818397,76.9231,5.1,0.992,Her
78249,78486,"","",16.022098,-31.889137,215.9827,6.33,1.454,Lup
78256,78493,"14Iot CrB","",16.024047,29.851061,95.6023,4.98,-0.05,CrB
78290,78527,"13The Dra","",16.031532,58.565251,21.0349,4.01,0.528,Dra
78302,78540,"","",16.034578,-51.120771,197.6285,6.38,-0.003,Nor
78304,78542,"","",16.034877,52.915917,248.7562,5.93,1.498,Dra
78316,78554,"44Pi  Ser","",16.038248,22.804454,54.8847,4.82,0.066,Ser
78337,78575,"","",16.044283,-29.1358,134.4086,6.07,1.304,Sco
78354,78592,"6Ups Her","",16.046634,46.036705,113.8952,4.72,-0.094,Her
78365,78603,"","",16.04792,-62.54159,98.6193,6.25,-0.015,TrA
78393,78632,"","",16.052599,59.410738,294.9853,6.19,1.576,Dra
78400,78639,Eta Nor,"",16.053579,-49.229695,67.2948,4.65,0.902,Nor
78410,78649,"","",16.055379,36.631787,200.8032,5.79,0.586,CrB
78411,78650,"","",16.05573,-25.86524,63.6537,4.96,1.234,Sco
78416,78655,"","",16.05672,-38.602541,122.549,4.9,-0.146,Lup
78422,78661,"","",16.058718,76.793939,157.4803,5.73,0.051,UMi
78423,78662,Iot1Nor,"",16.058931,-57.775064,39.3856,4.63,0.252,Nor
78426,78665,"","",16.059545,-32.000538,55.2181,6.0,0.47,Lup
78446,78685,"43    Ser","",16.062692,4.986834,110.6195,6.07,0.96,Ser
78460,78699,"","",16.065195,-24.726312,162.8664,6.22,1.386,Sco
78471,78710,"","",16.068389,-59.176182,813.0081,6.4,1.366,Nor
78487,78726,"","",16.071617,-33.213718,109.6491,6.1,0.338,Lup
78491,78731,"","",16.07259,-53.710375,229.3578,6.46,0.006,Nor
78507,78747,"","",16.076899,-37.862951,37.8788,5.91,0.409,Lup
78580,78820,"8Bet1Sco",Acrab,16.09062,-19.805453,123.9157,2.56,-0.065,Sco
78581,78821,"8Bet2Sco",Acrab B,16.09071,-19.80186,122.1001,4.9,-0.024,Sco
78599,78840,"","",16.093872,8.096248,132.9787,6.27,0.084,Ser
78609,78849,"","",16.09571,-6.291129,87.3362,6.35,0.413,Oph
78628,78868,"","",16.098851,-72.400898,89.2061,5.7,1.169,Aps
78630,78870,"","",16.099948,-6.139754,146.8429,6.39,1.034,Oph
78637,78877,"","",16.101772,-23.606315,161.2903,5.9,-0.071,Sco
78653,78893,"","",16.105475,67.810134,77.821,5.44,-0.019,Dra
78673,78914,Del Nor,"",16.108176,-45.173185,37.5094,4.73,0.23,Nor
78678,78918,The Lup,"",16.109874,-36.802288,127.0648,4.22,-0.184,Lup
78693,78933,"9Ome1Sco","",16.113452,-20.669192,144.5087,3.93,-0.046,Sco
78715,78955,"","",16.117604,-14.071292,27.1076,6.32,0.66,Sco
78730,78970,"","",16.121168,-36.755676,54.7945,5.72,0.298,Lup
78745,78985,"","",16.122827,21.822615,228.833,6.15,1.365,Ser
78748,78989,"","",16.123357,-56.190956,469.4836,6.16,0.565,Nor
78750,78990,"10Ome2Sco","",16.123424,-20.868764,89.1266,4.31,0.831,Sco
78766,79005,"11    Sco","",16.126782,-12.74541,112.3596,5.75,0.018,Sco
78767,79007,"45    Ser","",16.127094,9.891743,99.0099,5.63,0.2,Ser
78791,79031,"","",16.13108,-24.462349,119.4743,6.32,-0.038,Sco
78804,79043,"7Kap Her",Marsic,16.134591,17.04698,112.7396,5.0,0.931,Her
78805,79045,"7Kap Her",Marsic B,16.13471,17.054382,645.1613,6.25,1.14,Her
78810,79050,"","",16.135439,-26.326679,146.8429,5.35,1.643,Sco
78832,79072,"47    Ser","",16.141132,8.53431,247.5248,5.69,1.575,Ser
78846,79086,"","",16.143476,8.613176,203.252,6.47,1.418,Ser
78858,79098,"","",16.145478,-23.685416,136.0544,5.86,0.02,Sco
78861,79101,"11Phi Her","",16.146162,44.934906,62.5391,4.23,-0.045,Her
78862,79102,"8    Her","",16.146286,17.205638,97.7517,6.13,-0.003,Her
78879,79119,"16Tau CrB","",16.149529,36.490944,35.7782,4.73,1.015,CrB
78880,79120,"","",16.149689,3.454475,121.5067,5.93,1.471,Ser
78885,79125,"","",16.150806,57.937883,123.6094,6.33,0.032,Dra
78897,79137,"","",16.153115,6.378695,28.3126,5.93,0.988,Ser
78913,79153,Iot2Nor,"",16.155154,-57.934318,85.8369,5.57,-0.024,Nor
78924,79164,"","",16.157219,55.828975,131.0616,6.43,1.076,Dra
78933,79173,"","",16.158818,-32.649012,120.6273,6.18,0.79,Sco
78955,79195,"","",16.164033,-3.466729,146.8429,5.39,1.446,Ser
78959,79199,"","",16.164609,-33.545805,125.0,5.5,-0.075,Sco
78963,79203,"","",16.165354,-18.34062,46.5116,6.43,0.447,Sco
78968,79208,"","",16.166441,-62.967154,95.057,6.5,0.231,TrA
79040,79280,"19    UMi","",16.180424,75.877563,189.3939,5.48,-0.093,UMi
79062,79302,"","",16.18391,-29.41622,97.4659,5.09,1.131,Sco
79080,79320,"","",16.188256,-41.119803,64.7249,5.86,0.273,Sco
79092,79332,"","",16.191316,16.665692,124.2236,6.09,0.02,Her
79109,79349,"10    Her","",16.193899,23.494801,209.205,5.74,1.519,Her
79110,79350,"","",16.194333,33.342764,154.5595,6.3,1.228,CrB
79117,79357,"","",16.196556,42.374569,193.7984,5.89,1.464,Her
79118,79358,"","",16.196682,36.425094,207.0393,5.62,1.352,CrB
79134,79374,"14Nu  Sco",Jabbah,16.199926,-19.460708,145.3488,4.0,0.076,Sco
79135,79375,"15Psi Sco","",16.199997,-10.064253,47.7099,4.93,0.087,Sco
79145,79385,"","",16.201818,39.055524,214.1328,6.39,1.262,CrB
79147,79387,"16    Sco","",16.202032,-8.547576,77.3994,5.43,0.118,Sco
79159,79399,"12    Sco","",16.204456,-28.417305,93.0233,5.67,0.012,Sco
79164,79404,"13    Sco","",16.205057,-27.926372,146.8429,4.58,-0.172,Sco
79174,79414,"","",16.207047,67.144176,131.7523,6.21,0.993,Dra
79180,79420,"20    UMi","",16.208936,75.210681,200.4008,6.36,1.283,UMi
79201,79441,"","",16.212629,26.670583,73.2601,6.48,0.391,CrB
79223,79463,"","",16.215718,-4.220809,164.4737,6.26,0.133,Oph
79248,79488,"9    Her","",16.220953,5.021086,121.8027,5.46,1.472,Her
79250,79490,"","",16.221381,-53.671171,490.1961,6.03,1.965,Nor
79257,79497,Zet Nor,"",16.222984,-55.540947,66.7557,5.78,0.365,Nor
79270,79509,Kap Nor,"",16.224648,-54.630467,131.2336,4.95,1.017,Nor
79282,79522,"","",16.227388,-1.475133,101.5228,6.45,0.997,Ser
79290,79530,"","",16.229305,-24.422092,143.6782,6.4,0.043,Sco
79300,79540,"17Chi Sco","",16.230807,-11.837747,116.0093,5.24,1.394,Sco
79341,79581,"","",16.237113,5.901846,109.2896,6.3,1.148,Her
79352,79593,"1Del Oph",Yed Prior,16.239094,-3.694323,52.4659,2.73,1.584,Oph
79355,79596,"","",16.239546,-33.011088,174.5201,5.91,1.021,Sco
79358,79599,"","",16.241357,-21.107636,108.6957,6.41,0.002,Sco
79360,79601,"","",16.242628,73.394891,203.252,6.02,0.063,UMi
79364,79605,"","",16.244235,-18.535649,77.101,6.32,1.085,Sco
79366,79607,"17Sig CrB","",16.24469,33.858613,21.0793,5.23,0.599,CrB
79381,79622,"","",16.248175,-25.476976,148.8095,6.06,0.027,Sco
79412,79653,The Nor,"",16.254257,-47.372021,118.2033,5.13,-0.114,Nor
79420,79661,"","",16.256656,-42.899422,71.4286,6.14,1.114,Nor
79423,79664,Del TrA,"",16.257297,-63.685682,186.2197,3.86,1.105,TrA
79425,79666,"16    Her","",16.257955,18.808087,106.6098,5.72,1.126,Her
79431,79672,"18    Sco","",16.260352,-8.369442,13.9005,5.49,0.652,Sco
79445,79686,"","",16.263146,27.422081,120.4819,6.14,1.334,CrB
79448,79689,"","",16.263834,-57.91235,129.7017,5.61,0.137,Nor
79451,79692,"","",16.264304,-14.849115,178.5714,6.09,0.098,Sco
79512,79754,"","",16.278687,-53.811109,237.5297,5.45,1.696,Nor
79516,79757,"18Ups CrB","",16.279107,29.150261,204.499,5.8,0.063,CrB
79538,79781,"","",16.282028,-3.953349,44.405,6.18,0.326,Oph
79545,79787,"","",16.283042,-53.696234,70.922,6.4,0.793,Nor
79546,79788,"","",16.283111,-20.104088,188.3239,6.4,1.27,Sco
79548,79790,Gam1Nor,"",16.283593,-50.068122,450.4505,4.97,0.788,Nor
79555,79797,"","",16.284849,-67.941285,52.2193,5.95,0.159,TrA
79562,79804,"","",16.287595,59.755023,226.7574,5.37,1.551,Dra
79572,79812,"","",16.28915,-53.086385,73.8007,6.3,0.273,Nor
79580,79822,"21Eta UMi","",16.291791,75.75533,29.7354,4.95,0.393,UMi
79591,79834,"","",16.295377,1.496714,236.4066,6.5,1.128,Ser
79625,79867,"","",16.302721,68.554545,181.4882,6.39,1.343,Dra
79639,79881,"","",16.304973,-28.61402,41.2882,4.8,0.008,Sco
79640,79882,"2Eps Oph",Yed Posterior,16.305358,-4.692511,32.6371,3.23,0.966,Oph
79696,79938,"","",16.316783,-14.872825,325.7329,5.97,1.475,Sco
79703,79945,"","",16.318811,-20.218072,144.0922,6.29,1.066,Sco
79711,79953,"","",16.319783,49.038159,196.0784,5.93,1.369,Her
79721,79963,Lam Nor,"",16.321568,-42.673965,106.9519,5.44,0.099,Nor
79738,79980,"","",16.325758,-30.906716,48.2625,5.53,0.466,Sco
79750,79992,"22Tau Her","",16.329011,46.313366,94.2507,3.91,-0.151,Her
79759,80000,Gam2Nor,"",16.330687,-50.155508,39.4789,4.01,1.08,Nor
79766,80008,"","",16.33199,39.708584,26.3783,5.48,0.41,Her
79779,80021,"","",16.334521,21.13261,98.1354,6.04,0.938,Her
79805,80047,Del1Aps,"",16.339119,-78.695745,233.6449,4.68,1.68,Aps
79812,80054,"","",16.340345,-55.139706,102.3541,5.76,0.97,Nor
79815,80057,Del2Aps,"",16.340795,-78.667496,187.9699,5.27,1.413,Aps
79824,80066,"","",16.342394,-39.430344,140.8451,6.11,-0.079,Sco
79837,80079,"19Omi Sco","",16.343939,-24.16932,269.5418,4.55,0.758,Sco
79870,80112,"20Sig Sco",Alniyat,16.353143,-25.592796,213.6752,2.9,0.299,Sco
79919,80161,"","",16.363536,69.109391,89.9281,5.26,1.115,Dra
79928,80170,"20Gam Her","",16.365338,19.15313,59.0667,3.74,0.299,Her
79938,80179,"50Sig Ser","",16.367875,1.029039,27.2702,4.82,0.338,Ser
79939,80181,"19Xi  CrB","",16.368287,30.891996,56.243,4.86,0.97,CrB
79955,80197,"20Nu 1CrB","",16.372618,33.799052,196.4637,5.2,1.631,CrB
79966,80208,"","",16.374444,-49.572354,141.844,5.32,-0.047,Nor
79970,80212,"","",16.374741,-43.912051,289.0173,5.89,1.121,Nor
79973,80214,"21Nu 2CrB","",16.374783,33.703478,182.1494,5.4,1.523,CrB
79985,80227,"","",16.377474,-2.07987,130.8901,6.24,0.058,Oph
80005,80247,"","",16.38236,32.333013,179.5332,6.41,0.083,CrB
80069,80309,"","",16.396437,61.696461,155.2795,5.67,0.956,Dra
80082,80324,"","",16.399089,-33.199396,110.1322,6.45,0.013,Sco
80089,80331,"14Eta Dra",Athebyne,16.39986,61.514213,28.2326,2.73,0.91,Dra
80095,80337,"","",16.400355,-39.19298,12.7779,5.37,0.625,Sco
80101,80343,"4Psi Oph","",16.401718,-20.037327,61.1621,4.48,0.996,Oph
80109,80351,"21    Her","",16.403008,6.948207,112.3596,5.83,0.018,Her
80133,80375,"","",16.407037,55.205096,119.9041,5.75,0.001,Dra
80148,80390,"","",16.408821,-37.566044,129.0323,5.42,-0.104,Sco
80157,80399,"","",16.411046,-29.704663,33.0907,5.4,0.625,Sco
80179,80421,"","",16.415042,-45.349499,90.0901,6.32,0.187,Nor
80213,80455,"","",16.422817,-63.125217,124.8439,6.14,0.029,TrA
80217,80460,"25    Her","",16.42338,37.394079,74.4602,5.53,0.174,Her
80221,80463,"24Ome Her",Cujam,16.423598,14.03327,76.6871,4.57,0.002,Her
80232,80473,"5Rho Oph","",16.426422,-23.447178,110.742,4.57,0.227,Oph
80238,80480,"","",16.42874,78.963854,42.8816,5.55,0.249,UMi
80272,80514,"","",16.436496,11.407493,109.4092,6.11,1.065,Her
80316,80558,"","",16.447243,2.347944,142.8571,6.06,0.919,Oph
80327,80569,"7Chi Oph","",16.450399,-18.456251,161.0306,4.22,0.217,Oph
80339,80582,Eps Nor,"",16.453067,-47.554786,162.6016,4.46,-0.07,Nor
80367,80610,"","",16.458964,2.870633,238.0952,6.35,1.638,Oph
80377,80620,"","",16.462071,-7.597929,176.9912,5.24,1.721,Oph
80385,80628,"3Ups Oph","",16.463385,-8.371731,40.95,4.62,0.185,Oph
80402,80645,Iot TrA,"",16.465918,-64.057942,38.8048,5.28,0.383,TrA
80406,80650,"15    Dra","",16.4664,68.768137,149.2537,4.94,-0.051,Dra
80428,80672,"","",16.470685,-37.179881,110.3753,5.79,1.104,Sco
80431,80675,"","",16.470881,-58.599795,411.5226,5.67,0.008,Nor
80438,80682,"","",16.472543,67.044,206.1856,6.45,1.517,Dra
80442,80686,Zet TrA,"",16.474422,-70.084401,12.1168,4.9,0.555,TrA
80449,80693,"","",16.476106,0.665002,124.8439,5.41,1.461,Oph
80460,80704,"30    Her","",16.477373,41.881677,108.5776,4.83,1.289,Her
80464,80708,"","",16.478421,0.054855,94.697,6.46,1.378,Oph
80466,80710,"","",16.478731,51.407738,129.8701,6.31,1.052,Dra
80475,80719,"","",16.480265,-8.128843,50.9424,6.49,0.41,Oph
80519,80763,"21Alp Sco",Antares,16.490128,-26.432002,169.7793,1.06,1.865,Sco
80538,80782,"","",16.495091,-46.243229,558.6592,5.35,0.488,Nor
80544,80788,"","",16.495895,-57.756323,100000.0,6.09,1.459,Nor
80549,80793,"","",16.496367,-14.550879,91.3242,5.66,0.823,Oph
80564,80809,"34    Her","",16.501681,48.96109,101.4199,6.44,0.026,Her
80570,80815,"22    Sco","",16.503466,-25.115224,126.7427,4.79,-0.116,Sco
80571,80816,"27Bet Her",Kornephoros,16.503668,21.489613,42.6621,2.78,0.947,Her
80595,80840,"","",16.508338,-7.514451,100000.0,6.46,0.371,Oph
80598,80843,"","",16.50932,20.479188,192.6782,5.24,1.274,Her
80605,80850,"","",16.510839,77.446514,115.6069,6.35,0.995,UMi
80629,80874,"","",16.513713,-61.633503,240.9639,5.19,1.236,TrA
80637,80883,"10Lam Oph",Marfik,16.515229,1.983923,53.0786,3.82,0.022,Oph
80642,80888,"","",16.51744,35.225066,312.5,6.25,1.64,Her
80648,80894,"8Phi Oph","",16.518991,-16.612733,74.6826,4.29,0.924,Oph
80652,80898,"","",16.520398,22.195458,257.732,5.76,1.605,Her
80664,80910,"","",16.523015,-26.537643,68.5871,6.07,1.085,Sco
80665,80911,"","",16.523037,-34.704366,170.068,4.24,-0.168,Sco
80674,80920,"","",16.524522,72.612338,143.8849,6.27,1.291,Dra
80699,80945,"","",16.528269,-41.817145,833.3333,5.31,0.299,Sco
80707,80953,"","",16.529786,45.598281,69.3001,5.61,0.125,Her
80729,80975,"9Ome Oph","",16.535611,-21.46639,51.7063,4.45,0.13,Oph
80744,80991,"","",16.540463,60.823323,113.7656,5.92,0.039,Dra
80761,81007,"28    Her","",16.543246,5.52122,118.3432,5.63,-0.044,Her
80762,81008,"29    Her","",16.543415,11.488041,107.6426,4.84,1.495,Her
80819,81065,Gam Aps,"",16.557609,-78.897148,47.9157,3.86,0.923,Aps
80876,81122,Mu  Nor,"",16.568061,-44.045315,100000.0,4.86,0.045,Nor
80880,81126,"35Sig Her","",16.568384,42.437041,96.5251,4.2,-0.013,Her
80895,81141,"","",16.572044,-70.988097,248.139,5.5,1.235,Aps
80952,81198,"","",16.585487,-45.244366,177.305,6.43,1.346,Sco
80985,81231,"","",16.590636,17.057342,159.7444,6.42,0.062,Her
81006,81252,The TrA,"",16.595775,-65.495399,104.9318,5.5,0.949,TrA
81020,81266,"23Tau Sco",Paikauhale,16.598043,-28.216016,145.3488,2.82,-0.206,Sco
81043,81289,"","",16.603113,46.613333,306.7485,5.83,1.044,Her
81044,81290,"16    Dra","",16.603174,52.900048,130.8901,5.53,-0.06,Dra
81046,81292,"17    Dra","",16.603812,52.924422,126.4223,5.07,-0.027,Dra
81054,81300,"12    Oph","",16.605958,-2.324584,9.7513,5.77,0.827,Oph
81058,81304,"","",16.606242,-35.255326,105.042,4.18,1.535,Sco
81059,81305,"","",16.606268,-42.858861,416.6667,5.46,0.338,Sco
81091,81337,"","",16.611928,15.497455,126.2626,6.36,-0.055,Her
81112,81358,"","",16.615275,63.072824,156.7398,6.17,1.527,Dra
81130,81377,"13Zet Oph","",16.619316,-10.56709,112.2334,2.54,0.038,Oph
81156,81404,"","",16.626044,5.277526,163.6661,6.48,1.15,Her
81177,81425,"","",16.630003,13.687035,69.7837,6.3,0.433,Her
81180,81428,"","",16.631332,78.918667,134.2282,6.33,1.141,UMi
81189,81437,"","",16.633462,56.01554,83.0565,5.28,1.055,Dra
81192,81440,"","",16.633765,-6.538014,113.2503,6.05,0.165,Oph
81224,81472,"","",16.640637,-43.398426,192.3077,5.83,-0.053,Sco
81249,81497,"42    Her","",16.645794,48.928342,127.0648,4.86,1.562,Her
81251,81499,"","",16.646591,-8.61861,223.7136,6.44,1.806,Oph
81259,81507,"","",16.647974,-60.990402,178.2531,6.16,-0.073,Ara
81275,81523,"","",16.651452,-37.21737,112.1076,5.93,-0.035,Sco
81331,81580,"","",16.660869,-9.554589,40.0641,6.33,0.492,Oph
81383,81632,"","",16.676255,-20.408649,137.741,6.25,1.077,Oph
81392,81641,"37    Her","",16.677413,4.219789,90.009,5.77,-0.004,Her
81400,81650,"","",16.678999,-51.47826,49.4071,6.3,0.321,Ara
81408,81657,"","",16.68068,-60.446442,31.3283,6.17,0.488,Ara
81410,81659,"","",16.680928,12.395043,95.8773,6.08,0.046,Her
81411,81660,"18    Dra","",16.681978,64.589046,225.7336,4.84,1.212,Dra
81413,81663,"","",16.682336,-8.309628,143.0615,6.47,1.147,Oph
81421,81670,"","",16.683496,24.858705,132.1004,6.07,1.316,Her
81438,81687,"","",16.68654,-1.000312,48.8998,6.25,0.313,Oph
81442,81691,"","",16.687982,1.245444,299.4012,6.4,1.019,Oph
81444,81693,"40Zet Her","",16.688113,31.602726,10.7158,2.81,0.65,Her
81452,81702,"","",16.689004,-48.762957,100000.0,5.57,0.169,Ara
81460,81710,Eta1TrA,"",16.689756,-68.296123,202.8398,5.89,-0.078,TrA
81474,81724,"","",16.692884,-17.742167,126.4223,4.91,1.095,Oph
81478,81728,"","",16.693384,-24.467962,87.5657,6.07,0.214,Oph
81479,81729,"39    Her","",16.693527,26.91688,43.7445,5.92,0.402,Her
81483,81733,"","",16.694507,-49.651552,671.1409,5.62,-0.043,Ara
81484,81734,"14    Oph","",16.695134,1.181231,55.5864,5.74,0.336,Oph
81491,81741,"","",16.695961,-33.145759,86.881,5.84,0.653,Sco
81504,81754,"","",16.698247,-19.924377,42.0521,5.55,0.436,Oph
81550,81800,"","",16.707714,49.936441,29.3341,6.48,0.541,Her
81553,81803,"","",16.708082,-37.079353,94.7867,6.47,0.776,Sco
81573,81823,"","",16.71345,-62.553931,495.0495,6.23,1.524,TrA
81583,81833,"44Eta Her","",16.714933,38.922254,33.3111,3.48,0.916,Her
81590,81840,"","",16.716232,55.690119,88.574,6.18,0.088,Dra
81597,81847,"","",16.717657,-46.070293,869.5652,6.22,0.821,Ara
81602,81852,Bet Aps,"",16.718126,-77.517435,48.1232,4.23,1.06,Aps
81604,81854,"","",16.71838,77.513973,36.1011,5.99,0.43,UMi
81623,81873,"","",16.722812,-67.432386,100.6036,6.02,0.037,TrA
81640,81891,"","",16.727423,-32.105945,185.1852,6.46,-0.076,Sco
81653,81903,"","",16.729357,-41.119204,145.7726,6.21,0.143,Sco
81655,81904,"","",16.729888,-38.156346,162.0746,6.05,-0.054,Sco
81661,81911,"","",16.731027,34.038803,53.3333,6.02,0.321,Her
81664,81914,"","",16.731689,-41.113344,167.2241,6.14,-0.078,Sco
81716,81966,"","",16.744374,-53.152313,223.2143,5.96,1.23,Ara
81722,81972,"","",16.745165,-40.839675,163.6661,5.64,-0.093,Sco
81742,81992,"","",16.750053,-28.509657,216.9197,5.99,0.103,Sco
81762,82012,"","",16.753277,43.217169,221.7295,6.07,1.415,Her
81770,82020,"","",16.754946,56.781857,26.1097,4.84,0.375,Dra
81777,82028,"","",16.756255,15.745289,139.0821,5.6,1.637,Her
81786,82037,"16    Oph","",16.758243,1.020161,153.1394,6.02,-0.012,Oph
81823,82073,"43    Her","",16.763859,8.582616,108.5776,5.15,1.535,Her
81830,82080,"22Eps UMi","",16.766159,82.037262,93.1966,4.21,0.897,UMi
81840,82091,"","",16.768437,-46.531996,128.041,6.47,0.087,Ara
81859,82110,"","",16.772563,-58.503595,302.1148,5.74,-0.101,Ara
81878,82129,"","",16.777779,-67.109691,213.6752,5.1,-0.08,TrA
81884,82135,"","",16.779989,-39.376962,88.2613,5.48,0.975,Sco
81911,82162,"19    Oph","",16.786043,2.064526,166.113,6.07,0.14,Oph
81920,82171,"","",16.788795,-58.341441,826.4463,5.55,-0.096,Ara
81921,82172,"","",16.788818,42.238918,231.4815,5.86,1.504,Her
81965,82216,"45    Her","",16.796227,5.246746,120.6273,5.22,-0.001,Her
81990,82241,"","",16.802467,13.590296,220.7506,6.38,0.877,Her
82008,82259,"","",16.807493,-14.909421,151.2859,6.03,0.192,Oph
82022,82273,Alp TrA,Atria,16.811077,-69.027715,119.7605,1.91,1.447,TrA
82070,82321,"52    Her","",16.820615,45.983323,55.2486,4.82,0.087,Her
82088,82339,"","",16.824353,-15.66797,74.0741,6.18,0.234,Oph
82099,82350,"","",16.826294,13.261141,100.1001,5.91,0.015,Her
82104,82355,"","",16.827936,43.430437,170.6485,6.18,1.257,Her
82112,82363,Eta Ara,"",16.82976,-59.041378,91.7431,3.77,1.562,Ara
82118,82369,"20    Oph","",16.830563,-10.783,31.9795,4.64,0.478,Oph
82144,82396,"26Eps Sco",Larawag,16.83608,-34.293232,19.5351,2.29,1.144,Sco
82151,82402,"47    Her","",16.838717,7.247683,54.407,5.48,0.108,Her
82154,82405,"","",16.839514,-2.654356,60.9385,6.32,0.401,Oph
82167,82418,"","",16.843356,-50.044946,161.5509,6.45,0.325,Ara
82168,82419,"","",16.843363,41.8965,114.4165,6.29,1.086,Her
82171,82422,"50    Her","",16.844155,29.806538,327.8689,5.73,1.626,Her
82175,82426,"","",16.845319,32.553668,94.0734,6.16,1.014,Her
82202,82453,"","",16.85001,-37.514512,341.2969,6.1,0.124,Sco
82229,82480,"21    Oph","",16.856925,1.215947,116.144,5.51,0.055,Oph
82242,82493,"","",16.859367,-41.230534,100000.0,5.23,0.047,Sco
82253,82504,"51    Her","",16.862573,24.656433,214.1328,5.03,1.246,Her
82263,82514,Mu 1Sco,Xamidimura,16.864509,-38.04738,153.6098,3.0,-0.2,Sco
82265,82517,"","",16.864968,-65.375457,310.559,6.12,-0.028,TrA
82288,82539,"","",16.871598,-67.681633,134.9528,6.33,1.289,TrA
82292,82543,"","",16.872013,-41.854514,100000.0,6.36,0.264,Sco
82294,82545,Mu 2Sco,Pipirima,16.872263,-38.017536,145.3488,3.56,-0.21,Sco
82303,82554,"","",16.874283,-40.723153,180.5054,6.35,-0.141,Sco
82336,82587,"53    Her","",16.882796,31.701674,29.1886,5.34,0.319,Her
82360,82611,"","",16.888213,47.416725,201.2072,5.99,1.325,Her
82369,82621,"","",16.89034,-20.415555,26.9397,5.86,0.685,Oph
82398,82650,"","",16.895119,-43.050968,232.0186,5.95,1.643,Sco
82417,82669,"","",16.899682,-41.994327,952.381,6.28,0.462,Sco
82419,82671,Zet1Sco,"",16.899924,-42.362025,787.4016,4.7,0.444,Sco
82420,82672,"","",16.900106,-57.909507,217.3913,5.91,1.592,Ara
82421,82673,"25Iot Oph","",16.900131,10.165359,75.188,4.39,-0.088,Oph
82424,82676,"","",16.90051,-41.806389,793.6508,5.46,0.176,Sco
82439,82691,"","",16.902795,-41.82504,416.6667,6.07,0.126,Sco
82441,82693,"","",16.902946,-1.612304,76.6284,6.25,0.283,Oph
82464,82716,"","",16.907484,-42.478891,440.5286,5.84,0.626,Sco
82471,82723,"","",16.908765,-49.7108,471.6981,6.49,1.466,Ara
82477,82729,Zet2Sco,"",16.909731,-42.361313,40.568,3.62,1.393,Sco
82478,82730,"23    Oph","",16.909915,-6.153982,73.8007,5.23,1.1,Oph
82479,82731,"","",16.909988,-30.58734,208.7683,6.34,0.214,Sco
82512,82764,"","",16.915324,20.958488,82.7815,5.39,0.966,Her
82523,82775,"","",16.916251,-41.150858,694.4444,5.78,0.132,Sco
82529,82780,"56    Her","",16.917267,25.730681,136.7989,6.06,0.921,Her
82531,82783,"","",16.917592,-42.090831,714.2857,6.3,0.396,Sco
82546,82798,"","",16.921108,13.61991,77.5795,6.35,0.339,Her
82550,82802,"54    Her","",16.922825,18.433213,120.048,5.35,1.407,Her
82554,82806,"","",16.923523,-63.269659,144.0922,5.99,0.059,Ara
82602,82855,"","",16.932708,-33.506873,246.9136,6.29,1.747,Sco
82607,82860,"19    Dra","",16.93375,65.134796,15.2579,4.88,0.481,Dra
82608,82861,"","",16.933845,-16.806263,42.0168,6.33,0.952,Oph
82615,82868,"","",16.93579,-50.67479,197.6285,6.3,-0.016,Ara
82627,82880,"","",16.937982,73.127867,90.1713,6.29,0.259,Dra
82645,82898,"20    Dra","",16.94036,65.039124,69.9301,6.4,0.383,Dra
82648,82902,"","",16.941328,-52.283746,116.144,5.94,-0.069,Ara
82656,82911,"","",16.943327,-40.823453,724.6377,6.18,0.228,Sco
82669,82925,"24    Oph","",16.946677,-23.150346,93.1099,5.57,-0.018,Oph
82688,82944,"","",16.950294,-71.111644,308.642,6.46,0.26,Aps
82695,82951,"","",16.951106,-19.539856,177.6199,6.27,0.084,Oph
82704,82960,"27    Sco","",16.953104,-33.259492,290.6977,5.48,1.606,Sco
82723,82979,"","",16.957222,-10.963373,81.1688,6.15,1.0,Oph
82731,82987,"57    Her","",16.958624,25.352841,169.4915,6.27,0.909,Her
82733,82989,"","",16.9589,13.884113,61.1247,6.38,0.93,Her
82745,83000,"27Kap Oph","",16.961139,9.375033,28.0426,3.19,1.16,Oph
82751,83007,"","",16.961752,24.38126,151.2859,6.35,1.089,Her
82758,83013,"","",16.963939,42.512451,200.8032,6.36,1.28,Her
82802,83057,"","",16.971651,-50.641185,159.2357,5.53,0.016,Ara
82826,83081,Zet Ara,"",16.977006,-55.990141,149.0313,3.12,1.552,Ara
82835,83090,"","",16.978211,-14.869671,51.8941,6.48,0.391,Oph
82845,83100,"","",16.981183,-37.620508,96.7118,6.05,0.179,Sco
82859,83114,"","",16.984048,69.186248,88.2613,6.41,0.725,Dra
82883,83138,"","",16.989316,56.688594,93.1099,6.04,1.165,Dra
82895,83150,"","",16.992771,-69.268164,241.5459,5.79,-0.103,TrA
82898,83153,Eps1Ara,"",16.993069,-53.160438,110.6195,4.06,1.452,Ara
82921,83176,"","",16.999363,-25.092198,165.8375,5.88,1.607,Oph
82932,83187,"","",17.001745,-54.597179,51.8135,5.64,0.194,Ara
82941,83196,"26    Oph","",17.002641,-24.98907,33.7041,5.74,0.407,Oph
82947,83202,"","",17.003958,-44.988548,56.4972,6.5,0.403,Sco
82952,83207,"58Eps Her","",17.004827,30.926405,47.5285,3.92,-0.018,Her
82961,83216,"","",17.00749,-48.647759,106.8376,5.98,0.883,Ara
82980,83235,"","",17.010275,-35.934133,98.5222,5.95,1.161,Sco
82999,83254,"","",17.016149,22.632095,952.381,5.69,1.332,Her
83000,83255,"","",17.016235,-86.364297,192.3077,6.05,0.043,Oct
83007,83262,"30    Oph","",17.017667,-4.222644,124.2236,4.82,1.483,Oph
83014,83269,"","",17.018618,-56.555077,200.4008,6.4,0.1,Ara
83034,83289,"","",17.021375,60.648754,102.3541,6.16,1.006,Dra
83053,83308,"","",17.025848,14.949717,162.8664,6.27,0.031,Her
83058,83313,"59    Her","",17.026767,33.56827,98.8142,5.27,0.028,Her
83062,83317,"","",17.027802,75.297497,46.5983,6.17,0.306,UMi
83066,83321,"","",17.029543,-51.131026,104.4932,6.43,0.279,Ara
83068,83323,"","",17.02983,-58.958245,431.0345,6.26,-0.124,Ara
83077,83331,"29    Oph","",17.030904,-18.885538,177.6199,6.28,1.351,Oph
83081,83336,"","",17.03129,-32.143519,137.1742,5.03,-0.1,Sco
83087,83342,"","",17.033049,8.450669,121.2121,6.33,0.091,Oph
83104,83359,"","",17.037712,64.600739,115.7407,6.11,0.96,Dra
83109,83365,"","",17.038085,31.88412,105.1525,6.41,1.134,Her
83112,83367,"","",17.038526,25.50562,95.9693,5.76,1.018,Her
83175,83430,"","",17.052186,14.091947,121.0654,4.97,1.6,Her
83176,83431,Eps2Ara,"",17.052419,-53.237028,27.2257,5.27,0.498,Ara
83206,83462,"61    Her","",17.058392,35.414049,229.8851,6.19,1.467,Her
83221,83478,"","",17.060917,13.605346,76.746,5.91,0.01,Her
83224,83481,"","",17.061579,-47.160571,151.2859,6.07,0.072,Ara
83234,83491,"","",17.064146,-38.152572,64.6831,5.91,0.409,Sco
83236,83493,"","",17.064628,19.690513,229.8851,6.35,1.518,Her
83237,83494,"","",17.064885,34.790222,54.9753,6.08,0.2,Her
83243,83499,"","",17.06577,-37.844143,100000.0,6.48,0.263,Sco
83247,83504,"","",17.066123,13.56742,97.9432,6.06,1.05,Her
83278,83535,"","",17.073534,-57.712166,174.5201,5.73,-0.097,Ara
83299,83556,"","",17.076028,-68.278694,373.1343,6.47,1.57,TrA
83308,83565,"","",17.078152,19.599105,176.6784,6.19,0.01,Her
83310,83567,"","",17.079257,-20.494703,144.7178,6.29,-0.035,Oph
83317,83574,"","",17.080376,-34.12293,100000.0,4.83,0.257,Sco
83318,83575,"","",17.080489,48.803958,112.2334,6.11,1.091,Her
83336,83593,"","",17.084706,43.812238,156.7398,6.45,0.099,Her
83337,83594,"","",17.084826,-45.502127,98.6193,6.28,0.074,Sco
83344,83601,"","",17.088005,0.702559,20.6654,6.0,0.578,Oph
83351,83608,"21Mu  Dra","",17.088929,54.470042,27.4348,4.91,0.471,Dra
83358,83613,"60    Her","",17.089636,12.740828,40.8664,4.89,0.125,Her
83378,83635,"","",17.092294,-0.89207,342.4658,5.63,0.104,Oph
83393,83650,"","",17.096798,-44.105042,69.6864,6.18,0.281,Sco
83420,83677,"","",17.102679,9.733868,275.4821,6.38,1.458,Oph
83427,83684,"","",17.103278,-21.564583,106.8376,6.29,0.128,Oph
83431,83688,"","",17.103625,10.453878,119.0476,6.38,0.896,Oph
83435,83692,"","",17.105014,22.084153,104.8218,5.56,1.299,Her
83436,83693,"","",17.105608,-37.22759,142.2475,5.98,0.076,Sco
83449,83706,"","",17.10788,-35.451046,625.0,6.15,0.438,Sco
83481,83738,"","",17.114711,-1.656186,90.4977,6.34,0.209,Oph
83483,83740,"","",17.114785,-26.513022,328.9474,6.26,-0.038,Oph
83559,83816,"","",17.129635,40.516054,135.318,6.34,0.032,Her
83577,83834,"","",17.133526,31.206189,458.7156,6.44,1.285,Her
83581,83838,"","",17.133907,35.935174,54.2594,5.41,0.309,Her
83596,83853,"","",17.137125,-1.079476,89.5255,6.06,0.074,Oph
83597,83854,"","",17.13746,-17.609052,114.9425,5.98,1.011,Oph
83600,83857,"","",17.138077,50.842272,191.5709,6.46,-0.017,Dra
83638,83895,"22Zet Dra",Aldhibah,17.146448,65.714683,100.7049,3.17,-0.12,Dra
83639,83896,"","",17.146539,-30.40373,78.2473,5.93,0.276,Sco
83649,83906,"","",17.148478,-3.882991,34.9284,6.35,0.697,Oph
83690,83947,"","",17.159238,40.777033,86.5052,5.07,1.275,Her
83705,83962,"","",17.163319,-10.523301,41.3223,5.43,0.465,Oph
83727,83984,"","",17.16841,-61.675456,380.2281,6.37,-0.049,Ara
83755,84012,"35Eta Oph",Sabik,17.172968,-15.72491,27.0929,2.43,0.059,Oph
83764,84021,"","",17.175177,52.408769,121.3592,6.3,-0.025,Dra
83776,84033,"","",17.178425,-44.557719,96.8054,5.06,0.867,Sco
83796,84054,"63    Her","",17.184212,24.237694,82.3045,6.2,0.227,Her
83847,84105,"","",17.194077,-48.873399,341.2969,5.94,1.786,Ara
83849,84108,"","",17.194519,49.746357,94.8767,6.12,0.185,Her
83855,84113,"","",17.1959,7.894762,136.0544,6.34,1.04,Oph
83885,84143,Eta Sco,"",17.202552,-43.239189,22.5276,3.32,0.441,Sco
83892,84150,"","",17.204502,-39.506949,62.9327,5.66,0.042,Sco
83893,84151,"","",17.204601,-38.822535,114.2857,6.3,1.05,Sco
83899,84158,"","",17.205521,-70.721082,66.5779,6.21,1.062,Aps
83916,84175,"","",17.206962,-27.762124,153.8462,6.12,-0.048,Oph
83919,84177,"37    Oph","",17.207725,10.585168,334.4482,5.32,1.593,Oph
83925,84183,"","",17.209047,62.874337,43.0478,5.54,0.216,Dra
83968,84226,"","",17.216266,-32.438332,543.4783,5.95,0.071,Sco
83991,84248,"","",17.221673,-67.196591,100.0,5.87,1.07,Ara
84053,84311,"","",17.237058,-56.888526,471.6981,6.08,1.728,Ara
84074,84332,"","",17.241015,-39.76665,100000.0,6.42,2.282,Sco
84086,84345,"64Alp1Her",Rasalgethi,17.244127,14.390333,110.2536,2.78,1.164,Her
84121,84379,"65Del Her",Sarin,17.250531,24.839204,23.0362,3.12,0.08,Her
84122,84380,"67Pi  Her","",17.250788,36.809162,115.4734,3.16,1.437,Her
84143,84401,"","",17.255346,-33.54842,100000.0,5.6,-0.056,Sco
84144,84402,"","",17.255635,-14.58414,89.3655,5.98,1.096,Oph
84147,84405,"36    Oph",Guniibuu,17.255836,-26.602829,5.9333,4.33,0.855,Oph
84167,84425,"","",17.259994,-38.593896,30.5904,5.95,0.58,Sco
84173,84431,"","",17.26152,23.742761,173.3102,5.99,1.335,Her
84187,84445,"","",17.264264,-30.210731,106.4963,6.2,-0.027,Sco
84220,84478,"","",17.270388,-26.546147,5.9705,6.33,1.144,Oph
84221,84479,"","",17.270628,2.186202,219.7802,6.17,0.235,Oph
84231,84489,"","",17.272671,-35.750297,31.4367,6.09,0.479,Sco
84238,84496,"","",17.27484,60.670614,150.8296,6.32,1.09,Dra
84242,84500,"","",17.275477,1.210545,200.4008,5.89,0.023,Oph
84252,84510,"","",17.276579,-74.533008,106.383,6.24,-0.004,Aps
84256,84514,"41    Oph","",17.276857,-0.445297,63.0915,4.72,1.119,Oph
84266,84524,"","",17.278541,-6.244975,111.6071,6.08,1.1,Oph
84279,84535,Lam UMi,"",17.282569,89.037708,271.7391,6.31,1.575,UMi
84293,84551,"","",17.284349,-32.66284,48.3793,5.53,0.514,Sco
84298,84556,"","",17.284872,-44.778595,100000.0,6.46,0.187,Sco
84315,84573,"68    Her","",17.288769,33.1001,204.0816,4.8,-0.166,Her
84341,84599,"","",17.293293,23.090627,438.5965,6.25,1.544,Her
84348,84606,"69    Her","",17.294517,37.291498,53.7924,4.64,0.043,Her
84368,84626,"39Omi Oph","",17.300189,-24.286901,90.4159,5.14,1.046,Oph
84373,84631,"","",17.301372,17.317886,139.6648,6.0,0.015,Her
84391,84649,"","",17.305353,-16.311877,252.5253,6.28,1.691,Oph
84392,84650,"","",17.305697,-32.553107,319.4888,6.36,0.109,Sco
84398,84656,"","",17.306465,38.811395,97.0874,5.97,1.011,Her
84413,84671,"","",17.310275,10.864475,151.0574,5.03,1.539,Oph
84432,84690,"","",17.313287,-44.129746,111.4827,5.76,-0.049,Sco
84433,84691,"","",17.313479,28.822968,97.0874,5.68,0.981,Her
84442,84700,"","",17.314375,-62.874577,148.368,6.5,1.087,Ara
84451,84709,"","",17.315842,-34.989792,6.8357,5.91,1.082,Sco
84462,84720,"","",17.317655,-46.636235,8.802,5.47,0.764,Ara
84473,84731,"","",17.320142,-59.694612,763.3588,5.93,1.389,Ara
84501,84759,"","",17.325143,-50.063762,59.0319,6.27,0.413,Ara
84512,84769,"","",17.326961,80.136399,294.1176,5.74,1.499,UMi
84522,84780,"","",17.329584,2.139539,155.521,6.43,1.487,Oph
84534,84792,"","",17.331486,-17.756543,115.2074,6.03,0.04,Oph
84542,84801,"","",17.333209,-5.917509,49.6771,6.31,0.85,Oph
84563,84821,"","",17.336065,25.537603,136.9863,5.36,0.063,Her
84575,84833,"","",17.338575,18.057081,147.0588,5.01,1.654,Her
84577,84835,"74    Her","",17.339203,46.24078,170.9402,5.51,1.586,Her
84597,84855,"","",17.342699,48.188791,39.6511,6.36,0.427,Her
84598,84856,"","",17.342865,-19.333746,47.619,6.5,0.578,Oph
84604,84862,"72    Her","",17.34432,32.467743,14.3266,5.38,0.619,Her
84622,84880,"53Nu  Ser","",17.347128,-12.846875,62.3053,4.32,0.037,Ser
84625,84883,"","",17.347953,-10.69641,47.7783,6.46,0.326,Ser
84629,84887,"70    Her","",17.348391,24.499435,131.0616,5.13,0.0,Her
84636,84893,"40Xi  Oph","",17.350101,-21.112933,17.3551,4.39,0.394,Oph
84675,84934,"","",17.358677,28.758101,158.9825,6.37,0.724,Her
84679,84938,"","",17.35929,16.731229,306.7485,6.35,1.608,Her
84688,84947,"","",17.361545,-24.906103,172.7116,6.36,1.399,Oph
84690,84949,"","",17.362116,39.974649,73.9645,5.55,0.667,Her
84691,84950,"","",17.3626,53.420428,191.2046,5.69,1.463,Dra
84710,84969,Zet Aps,"",17.366531,-67.770668,91.1577,4.76,1.194,Aps
84711,84970,"42The Oph","",17.366827,-24.999545,133.6898,3.27,-0.186,Oph
84720,84979,Iot Aps,"",17.368299,-70.123208,404.8583,5.39,-0.042,Aps
84760,85019,"","",17.37721,-35.910699,36.6435,6.42,0.541,Sco
84761,85020,"","",17.37756,-37.804637,100000.0,6.33,0.682,Sco
84783,85042,"","",17.380913,-2.388176,19.5236,6.28,0.68,Oph
84789,85048,"","",17.381874,-37.220786,113.1222,5.91,1.075,Sco
84790,85049,"","",17.382007,-58.010327,335.5705,5.86,1.075,Ara
84809,85068,"","",17.38531,-56.525547,121.2121,5.76,0.994,Ara
84820,85079,Iot Ara,"",17.387799,-47.468197,286.533,5.21,-0.097,Ara
84825,85084,"43    Oph","",17.389331,-28.142831,251.2563,5.3,1.549,Oph
84853,85112,"75Rho Her","",17.394708,37.145946,120.6273,4.15,-0.011,Her
84879,85139,"","",17.399338,8.852571,221.7295,5.77,1.251,Oph
84888,85147,"","",17.400299,-62.864153,444.4444,5.69,-0.147,Ara
84889,85149,"","",17.400627,38.582782,175.4386,6.48,0.716,Her
84898,85157,"73    Her","",17.40183,22.960285,42.6985,5.7,0.229,Her
84903,85162,"","",17.403636,-44.162576,226.2443,5.1,-0.052,Sco
84910,85169,"","",17.405221,-60.673799,272.4796,5.76,-0.067,Ara
84922,85181,"","",17.407533,36.951929,230.4147,6.25,0.884,Her
84926,85185,"","",17.40876,16.301006,125.0,5.75,0.074,Her
84928,85187,"","",17.409389,15.606048,153.3742,6.34,-0.017,Her
84936,85195,"","",17.410289,-18.445762,250.0,6.34,0.046,Oph
84948,85207,"","",17.411675,-21.441479,92.5069,5.82,0.939,Oph
84976,85235,"","",17.416831,67.306705,12.8025,6.44,0.759,Dra
84978,85237,"","",17.417408,-34.696055,172.117,6.14,0.046,Sco
84983,85242,"","",17.4184,-24.243683,126.2626,6.17,1.103,Oph
84999,85258,Bet Ara,"",17.421665,-55.529884,198.0198,2.84,1.479,Ara
85008,85267,Gam Ara,"",17.423239,-56.377727,341.2969,3.31,-0.15,Ara
85009,85268,"","",17.423358,52.790684,27.4574,6.46,0.619,Dra
85031,85290,"","",17.428155,60.048398,96.8992,5.65,0.024,Dra
85043,85302,"","",17.431768,16.917578,190.1141,6.09,1.528,Her
85048,85307,"","",17.432743,-1.651777,61.8429,6.44,0.457,Oph
85053,85312,Kap Ara,"",17.433344,-50.63351,139.6648,5.19,1.055,Ara
85054,85313,"","",17.433574,26.878734,194.5525,6.38,0.124,Her
85058,85317,"","",17.434678,58.651895,120.6273,6.49,0.139,Dra
85074,85333,"","",17.438614,7.59565,204.499,6.01,0.592,Oph
85081,85340,"44    Oph","",17.439504,-24.175309,25.4972,4.16,0.283,Oph
85096,85355,"49Sig Oph","",17.441911,4.14036,276.2431,4.34,1.48,Oph
85106,85365,"","",17.443856,-5.086596,30.0752,4.53,0.385,Oph
85120,85379,"77    Her","",17.445623,48.260065,115.2074,5.83,0.121,Her
85123,85382,"","",17.446153,34.695802,88.4173,5.94,-0.017,Her
85126,85385,"","",17.44698,20.080977,178.8909,5.52,-0.119,Her
85130,85389,"","",17.447772,-45.84303,194.9318,5.28,-0.058,Ara
85132,85391,"","",17.448694,-25.943462,121.2121,6.42,-0.055,Oph
85134,85393,"","",17.448987,-51.948819,167.7852,6.17,-0.039,Ara
85138,85397,"","",17.450597,-12.512488,43.4972,6.2,0.517,Ser
85146,85405,"","",17.452745,-15.85336,136.2398,6.48,1.146,Ser
85150,85409,"","",17.453462,-50.63037,909.0909,5.9,0.063,Ara
85164,85423,"45    Oph","",17.455909,-29.867033,34.2114,4.28,0.402,Oph
85183,85442,"","",17.460431,-29.724567,226.2443,5.98,0.01,Oph
85191,85450,"","",17.462244,8.442039,204.0816,6.42,1.66,Oph
85211,85470,"","",17.466002,-52.297168,109.6491,5.72,1.169,Ara
85215,85474,"","",17.467316,-8.208374,97.371,6.37,0.57,Oph
85221,85480,"","",17.468853,-63.03624,255.7545,6.22,-0.073,Ara
85262,85520,"","",17.477476,-55.169686,302.1148,5.93,1.113,Ara
85278,85537,"","",17.48046,0.330625,59.6303,5.41,0.237,Oph
85284,85543,"","",17.482247,-36.77828,245.098,5.98,1.112,Sco
85290,85549,"","",17.483573,-43.973919,571.4286,6.3,-0.01,Sco
85329,85589,"","",17.490447,-38.51692,117.5088,6.38,0.091,Sco
85362,85622,"","",17.496485,-5.919479,78.9889,6.36,0.93,Oph
85405,85666,"","",17.506293,11.924015,83.682,6.47,0.056,Oph
85407,85667,"","",17.50661,-1.062922,16.3425,5.31,0.715,Oph
85410,85670,"23Bet Dra",Rastaban,17.507213,52.301387,116.5501,2.79,0.954,Dra
85428,85688,"","",17.511169,38.882202,290.6977,6.43,0.51,Her
85432,85692,"","",17.512102,57.876824,389.1051,6.22,1.397,Dra
85433,85693,"76Lam Her",Maasym,17.512308,26.110645,113.2503,4.41,1.434,Her
85436,85696,"34Ups Sco",Lesath,17.512732,-37.295811,176.6784,2.7,-0.179,Sco
85439,85699,"24    UMi","",17.513056,86.968047,46.8823,5.78,0.239,UMi
85455,85715,"","",17.515381,31.158139,120.919,5.63,0.96,Her
85467,85727,Del Ara,"",17.518318,-60.683848,60.6796,3.6,-0.104,Ara
85489,85749,"","",17.522593,2.724507,111.6071,5.57,0.844,Oph
85491,85751,"","",17.523134,-56.920964,561.7978,5.99,-0.045,Ara
85494,85755,"51    Oph","",17.523598,-23.962643,124.3781,4.78,0.016,Oph
85499,85760,"","",17.524298,-80.859134,271.0027,5.83,1.617,Aps
85521,85783,"","",17.528993,-26.269709,119.6172,6.05,-0.065,Oph
85524,85786,"","",17.529822,-33.703158,112.1076,6.43,1.191,Sco
85526,85788,"","",17.530305,-46.036783,446.4286,6.04,0.805,Ara
85528,85790,"78    Her","",17.530439,28.407499,82.0345,5.66,-0.001,Her
85530,85792,Alp Ara,"",17.530695,-49.876145,81.9672,2.84,-0.136,Ara
85544,85805,"27    Dra","",17.532745,68.135024,64.6831,5.07,1.077,Dra
85557,85819,"24Nu 1Dra","",17.536251,55.184243,30.248,4.89,0.251,Dra
85560,85822,"23Del UMi",Yildun,17.536918,86.58646,52.7704,4.35,0.021,UMi
85564,85826,"","",17.537467,11.930047,135.318,6.42,-0.013,Oph
85567,85829,"25Nu 2Dra","",17.537767,55.172958,30.4878,4.86,0.279,Dra
85577,85839,"","",17.540175,-34.279405,120.4819,6.16,0.36,Sco
85626,85888,"","",17.55202,41.243449,99.5025,5.72,1.089,Her
85627,85889,"","",17.552052,-41.173066,465.1163,5.84,0.041,Sco
85650,85912,"","",17.55634,19.256677,37.6506,5.65,0.505,Her
85660,85922,"","",17.55829,-5.744803,48.1,5.61,0.187,Oph
85661,85923,"","",17.558779,57.558721,250.0,6.15,0.602,Dra
85665,85927,"35Lam Sco",Shaula,17.560145,-37.103821,175.1313,1.62,-0.231,Sco
85668,85930,"","",17.560941,16.317553,92.9368,5.68,1.002,Her
85672,85934,"","",17.561883,14.841598,184.5018,6.36,1.595,Her
85713,85975,"","",17.571353,-48.526787,124.3781,6.32,0.953,Ara
85736,85998,"53    Oph","",17.57686,9.5867,103.5197,5.8,0.04,Oph
85749,86011,"","",17.57847,-32.581662,100000.0,5.69,0.045,Sco
85757,86019,"","",17.579542,-11.241999,123.3046,5.54,0.013,Ser
85769,86032,"55Alp Oph",Rasalhague,17.582241,12.560035,14.8965,2.08,0.155,Oph
85773,86036,"26    Dra","",17.58317,61.874554,14.1904,5.23,0.602,Dra
85797,86060,"52    Oph","",17.588472,-22.043822,258.3979,6.47,0.011,Oph
85801,86064,"","",17.588863,-53.352928,293.2551,6.09,0.025,Ara
85825,86088,"","",17.593055,-59.846115,440.5286,6.26,-0.081,Ara
85829,86092,"1Sig Ara","",17.594332,-46.505684,116.0093,4.56,-0.02,Ara
85833,86096,"","",17.595102,37.301594,141.6431,6.13,0.978,Her
85835,86098,"","",17.595297,-37.439878,103.4126,6.48,0.006,Sco
85855,86118,"","",17.59988,20.996242,112.8668,6.11,0.184,Her
85867,86130,"","",17.60225,28.185091,133.5113,6.4,1.367,Her
85890,86153,"","",17.60595,27.566639,236.4066,6.37,1.586,Her
85907,86170,"","",17.609121,-38.635308,50.8388,4.26,1.075,Sco
85915,86178,"","",17.610206,30.785179,69.6379,6.04,0.158,Her
85919,86182,"82    Her","",17.610457,48.585634,108.3424,5.35,1.142,Her
85921,86184,"","",17.611111,69.57073,45.683,6.33,0.596,Dra
85939,86201,"28Ome Dra","",17.615859,68.75797,23.1642,4.77,0.43,Dra
85956,86219,"","",17.619125,72.455794,111.2347,5.87,1.016,Dra
85965,86228,The Sco,Sargas,17.62198,-42.997824,92.081,1.86,0.406,Sco
85983,86246,"","",17.624144,-38.066364,884.9558,6.26,1.244,Sco
85984,86248,"","",17.624253,-50.059702,101.833,5.89,1.109,Ara
85991,86254,"79    Her","",17.625304,24.309991,76.6871,5.76,0.114,Her
85998,86263,"55Xi  Ser","",17.626445,-15.398557,32.2789,3.54,0.262,Ser
86001,86266,"","",17.626724,-15.571038,473.9336,5.94,0.357,Ser
86019,86284,"57Mu  Oph","",17.630754,-8.118771,231.4815,4.58,0.132,Oph
86040,86305,Pi  Ara,"",17.634871,-54.500434,44.5633,5.25,0.195,Ara
86046,86311,"","",17.635678,-42.880274,303.0303,6.09,-0.057,Sco
86048,86313,"","",17.635973,-10.926268,117.7856,5.74,1.228,Ser
86086,86352,"","",17.645792,-21.912658,123.7624,6.19,0.827,Oph
86107,86373,"","",17.649404,13.329262,99.9001,6.12,0.567,Oph
86125,86391,"","",17.652362,2.02805,112.9944,6.25,1.021,Oph
86148,86414,"85Iot Her","",17.657747,46.006332,139.47,3.82,-0.179,Her
86195,86462,"","",17.665978,31.20247,193.4236,6.05,1.599,Her
86209,86476,"","",17.669984,-2.152301,157.2327,6.08,1.608,Oph
86219,86486,Lam Ara,"",17.673276,-49.415587,21.45,4.76,0.415,Ara
86234,86501,"","",17.677097,43.470666,130.8901,6.36,1.199,Her
86239,86506,"","",17.678109,31.287478,130.3781,6.3,1.075,Her
86243,86510,"","",17.67904,-67.854172,140.056,6.48,0.999,Aps
86260,86527,"","",17.68293,-32.214464,241.5459,6.01,1.673,Sco
86270,86537,"","",17.684857,24.513254,161.8123,6.37,1.204,Her
86279,86546,"","",17.686387,15.178376,170.3578,6.34,0.04,Her
86285,86552,"","",17.687844,-46.92183,245.7002,5.78,-0.004,Ara
86294,86561,"","",17.689386,51.818182,92.9368,6.0,1.068,Dra
86298,86565,"56Omi Ser","",17.690243,-12.875307,53.1067,4.24,0.086,Ser
86309,86575,"","",17.692312,6.313156,346.0208,5.97,1.271,Oph
86347,86614,"31Psi1Dra",Dziban,17.698978,72.148843,22.8363,4.57,0.434,Dra
86353,86620,"31Psi1Dra",Dziban B,17.699461,72.156911,23.0627,5.81,0.53,Dra
86356,86623,"","",17.699621,15.95243,34.8554,5.54,0.387,Her
86361,86628,"","",17.701005,-50.510703,369.0037,6.28,1.661,Ara
86400,86667,"83    Her","",17.707879,24.564058,124.3781,5.56,1.436,Her
86403,86670,Kap Sco,"",17.708132,-39.029983,148.1481,2.39,-0.171,Sco
86431,86698,"","",17.714194,-36.945564,211.4165,5.53,1.553,Sco
86446,86713,"","",17.71821,44.08432,319.4888,6.38,1.521,Her
86449,86716,"","",17.718573,-33.051289,460.8295,6.44,1.813,Sco
86458,86725,"","",17.721586,-27.883981,462.963,6.4,0.438,Oph
86464,86731,"84    Her","",17.722659,24.327821,39.0625,5.73,0.683,Her
86465,86732,"","",17.722784,14.295168,120.3369,6.22,0.426,Her
86469,86736,"58    Oph","",17.723833,-21.683194,17.6523,4.86,0.469,Oph
86475,86742,"60Bet Oph",Cebalrai,17.724543,4.567303,25.0941,2.76,1.168,Oph
86501,86768,"","",17.729728,-7.079608,333.3333,6.3,0.324,Oph
86502,86769,"","",17.730114,-13.508699,43.9947,6.36,0.384,Ser
86515,86782,"",Alruba,17.733103,53.801715,163.3987,5.75,0.017,Dra
86529,86796,Mu  Ara,Cervantes,17.735752,-51.834053,15.5111,5.12,0.694,Ara
86542,86809,"","",17.738124,14.410067,146.4129,6.18,0.211,Her
86564,86831,"61    Oph","",17.742804,2.579441,84.8176,6.16,0.131,Oph
86580,86847,"","",17.745002,-42.729302,72.0981,5.87,0.163,Sco
86604,86871,"","",17.748848,-57.54554,125.9446,5.97,0.912,Pav
86656,86925,"","",17.761176,31.504678,100000.0,6.22,0.008,Her
86661,86929,Eta Pav,"",17.762221,-64.723871,107.9914,3.61,1.161,Pav
86705,86974,"86Mu  Her","",17.774319,27.720676,8.3105,3.42,0.75,Her
86772,87042,"","",17.785359,-38.112164,149.0313,6.41,-0.02,Sco
86775,87044,"","",17.785568,17.697014,143.0615,5.61,0.036,Her
86776,87045,"","",17.785566,47.612239,116.8224,6.47,0.095,Her
86803,87072,"3    Sgr","",17.792674,-27.830788,302.1148,4.53,0.6,Sgr
86804,87073,Iot1Sco,"",17.793078,-40.126997,591.716,2.99,0.509,Sco
86805,87074,"","",17.79355,-14.725824,183.8235,5.93,0.009,Ser
86830,87099,"","",17.796,-22.477791,781.25,6.18,1.446,Sgr
86839,87108,"62Gam Oph","",17.798211,2.707276,31.5159,3.75,0.043,Oph
86880,87150,"","",17.805623,3.804215,264.5503,6.22,0.135,Oph
86889,87158,"","",17.80688,20.565441,79.4913,5.69,0.938,Her
86893,87163,"","",17.807732,-26.974945,371.7472,6.31,0.094,Sgr
86904,87174,"","",17.810575,-55.401742,52.9381,6.09,0.283,Ara
86922,87192,"","",17.813298,19.255017,165.5629,6.13,0.024,Her
86924,87194,"87    Her","",17.813652,25.622869,64.9773,5.09,1.141,Her
86942,87212,"30    Dra","",17.817862,50.781075,66.5336,5.02,0.043,Dra
86950,87220,"","",17.819577,-31.703203,170.6485,4.79,-0.028,Sco
86954,87224,"","",17.821956,1.961413,115.6069,6.44,1.236,Oph
86964,87234,"35    Dra","",17.824155,76.962881,31.7561,5.02,0.518,Dra
86991,87261,"",Fuyue,17.830965,-37.043304,38.5802,3.19,1.192,Sco
86994,87264,"","",17.831392,-61.714704,245.7002,6.41,-0.049,Pav
87023,87293,"","",17.83614,78.306539,261.7801,6.25,1.452,Dra
87024,87294,Iot2Sco,"",17.83642,-40.090435,781.25,4.78,0.259,Sco
87038,87308,"","",17.839692,29.322143,77.7605,5.51,1.071,Her
87044,87314,"","",17.84122,-53.612406,303.0303,5.68,-0.099,Ara
87065,87335,"","",17.845446,11.946548,156.25,6.19,1.247,Oph
87071,87341,"","",17.846773,22.31633,93.7207,6.14,0.242,Her
87108,87379,"","",17.853067,-53.130269,156.0062,6.09,0.01,Ara
87119,87390,"","",17.85904,-40.772461,173.3102,5.94,1.572,Sco
87122,87393,"","",17.859853,-60.164056,123.1527,5.78,1.008,Pav
87133,87404,"","",17.862377,-45.600706,258.3979,6.09,0.949,Ara
87156,87427,"","",17.866239,15.326372,234.192,6.43,0.997,Her
87157,87428,"","",17.866513,-1.236806,110.8647,6.33,1.126,Oph
87164,87434,"","",17.866917,46.643574,108.2251,6.37,1.06,Her
87175,87445,"","",17.867978,39.982089,203.666,6.01,1.341,Her
87189,87460,"","",17.870461,-34.799196,258.3979,5.88,-0.111,Sco
87201,87472,"","",17.872156,-34.416842,242.7184,5.84,1.129,Sco
87220,87491,"","",17.876512,1.305014,112.7396,5.91,1.573,Oph
87224,87495,"","",17.877418,-6.143577,100000.0,6.18,1.25,Oph
87245,87516,"","",17.88034,-34.114833,190.1141,6.05,1.241,Sco
87252,87523,"","",17.881265,-41.996522,31.6156,6.19,0.523,Sco
87261,87532,"","",17.882668,-35.624314,63.3312,6.03,0.342,Sco
87269,87540,"","",17.884316,-10.899562,91.9963,6.17,1.11,Ser
87287,87558,"","",17.887274,6.101424,31.1236,5.77,0.425,Oph
87292,87563,"90    Her","",17.888341,40.007959,108.4599,5.17,1.166,Her
87293,87564,"","",17.88839,-65.488601,151.0574,6.48,1.086,Pav
87296,87567,"","",17.888772,-34.730812,271.7391,6.14,-0.041,Sco
87298,87569,"","",17.889853,-34.895125,252.5253,5.58,1.098,Sco
87314,87585,"32Xi  Dra",Grumium,17.892134,56.872643,34.5066,3.73,1.177,Dra
87345,87616,"","",17.898548,-34.752721,315.4574,6.0,-0.06,Sco
87353,87624,"","",17.899482,-34.831053,261.7801,6.41,0.0,Sco
87384,87655,"","",17.903936,11.130558,83.3333,6.24,0.474,Oph
87399,87670,"","",17.907427,75.171307,160.5136,6.39,0.972,Dra
87400,87671,"","",17.907534,-34.466722,216.9197,6.1,0.055,Sco
87435,87706,"","",17.915012,-24.887095,100000.0,6.18,0.001,Sgr
87451,87722,"","",17.918897,-36.475645,300.3003,6.05,0.074,Sco
87457,87728,"34Psi2Dra","",17.919762,72.005127,323.6246,5.43,0.34,Dra
87473,87744,"","",17.923233,55.971394,56.3698,6.09,0.316,Dra
87477,87747,"89    Her","",17.923663,26.049991,100000.0,5.47,0.341,Her
87506,87777,"","",17.930781,22.464221,133.3333,5.62,1.249,Her
87511,87782,"","",17.931936,-18.802154,98.5222,6.48,0.056,Sgr
87537,87808,"91The Her","",17.93755,37.250539,230.9469,3.86,1.35,Her
87541,87812,"","",17.938445,0.670355,416.6667,5.82,0.058,Oph
87542,87813,"","",17.938621,-15.812521,73.9645,5.93,0.024,Ser
87550,87822,"","",17.940063,-65.721739,35.6888,6.36,0.451,Pav
87561,87833,"33Gam Dra",Eltanin,17.943437,51.488895,47.3037,2.24,1.521,Dra
87564,87836,"","",17.944955,-28.065394,51.3084,5.76,0.207,Sgr
87574,87846,"","",17.946507,-44.342246,88.8889,4.85,1.176,Sco
87575,87847,"","",17.946596,-4.081823,122.6994,5.44,1.162,Oph
87578,87850,"","",17.946812,45.350851,296.7359,6.22,1.453,Her
87593,87865,"","",17.948861,-40.305643,149.925,6.46,1.411,Sco
87594,87866,"","",17.948882,6.48773,194.1748,6.28,-0.015,Oph
87603,87875,"","",17.951199,0.066665,118.4834,5.95,0.11,Oph
87623,87895,"","",17.95398,23.995889,28.2486,6.32,0.642,Her
87638,87910,"","",17.957496,11.044543,114.9425,6.33,0.13,Oph
87654,87926,"","",17.961579,-76.177949,185.8736,6.08,1.205,Aps
87656,87928,"","",17.961871,-56.896252,900.9009,6.26,-0.066,Ara
87661,87933,"92Xi  Her","",17.962744,29.24788,41.9463,3.7,0.935,Her
87664,87936,"","",17.963279,-41.716295,138.5042,4.88,1.617,Sco
87676,87948,"","",17.966053,-39.136523,126.7427,6.28,0.007,Sco
87726,87998,"94Nu  Her","",17.975041,30.189277,263.8522,4.41,0.38,Her
87740,88012,"","",17.977514,-28.759089,555.5556,5.99,-0.077,Sgr
87748,88020,"","",17.978422,36.287797,113.2503,6.03,0.949,Her
87758,88030,"","",17.981196,45.47622,130.5483,6.48,-0.064,Her
87766,88038,"","",17.982135,-36.858376,121.8027,5.74,0.915,Sgr
87775,88048,"64Nu  Oph","",17.983775,-9.773632,46.2107,3.32,0.987,Oph
87788,88060,"","",17.9848,-30.253025,310.559,5.0,1.654,Sgr
87829,88101,"","",17.993545,-4.821126,171.8213,5.86,1.561,Oph
87844,88116,"4    Sgr","",17.996543,-23.816133,127.3885,4.74,-0.03,Sgr
87850,88122,"","",17.998946,45.501378,175.4386,5.69,1.562,Her
87853,88125,"","",18.000023,-20.339548,281.6901,6.22,1.405,Sgr
87855,88127,"40    Dra","",18.000944,80.000841,72.6216,6.11,0.521,Dra
87856,88128,"93    Her","",18.000949,16.750919,205.7613,4.67,1.254,Her
87864,88136,"41    Dra","",18.002526,80.004095,63.5324,5.74,0.516,Dra
87876,88148,"","",18.004354,0.629483,135.318,6.36,0.16,Oph
87877,88149,"66    Oph","",18.004388,4.368615,199.6008,4.79,-0.1,Oph
87899,88172,"","",18.007683,19.505786,346.0208,6.42,-0.054,Her
87902,88175,"57Zet Ser","",18.008058,-3.690269,23.5516,4.62,0.39,Ser
87917,88190,"","",18.010104,33.213682,256.4103,6.01,1.516,Her
87920,88192,"67    Oph","",18.010754,2.931568,377.3585,3.93,0.029,Oph
87940,88213,"","",18.014683,6.268294,480.7692,6.36,-0.104,Oph
87944,88217,"","",18.015909,15.09355,44.5633,6.28,0.747,Her
87984,88258,"6    Sgr","",18.023089,-17.156868,806.4516,6.27,1.763,Sgr
87994,88267,"95    Her","",18.025113,21.595782,127.8772,4.26,0.406,Her
88001,88274,"","",18.026168,-85.214828,67.5676,6.45,0.437,Oct
88004,88277,"","",18.026639,33.311266,431.0345,6.18,1.549,Her
88018,88290,"68    Oph","",18.029222,1.305076,89.6861,4.42,0.046,Oph
88021,88294,"","",18.030083,-36.377864,202.0202,6.3,-0.016,Sgr
88025,88298,"","",18.031772,-22.780298,100000.0,5.72,-0.03,Sgr
88057,88331,"96    Her","",18.039736,20.833632,288.1844,5.25,-0.1,Her
88073,88346,"97    Her","",18.041709,22.92323,233.6449,6.22,-0.092,Her
88107,88380,"7    Sgr","",18.047527,-24.282468,331.1258,5.37,0.495,Sgr
88131,88404,"69Tau Oph","",18.051367,-8.180349,51.3347,4.77,0.41,Oph
88142,88415,"","",18.052468,48.464269,164.7446,6.26,0.037,Her
88156,88429,"","",18.054045,19.613157,116.8224,6.41,0.017,Her
88195,88469,"9    Sgr","",18.064568,-24.36073,100000.0,5.89,0.031,Sgr
88248,88522,"","",18.077044,1.918992,100000.0,6.14,-0.056,Oph
88254,88528,"","",18.077836,23.941999,61.5764,6.34,0.306,Her
88276,88550,"","",18.080662,-35.901442,105.5966,5.98,1.16,Sgr
88291,88565,"","",18.083556,41.94629,54.7046,6.38,0.287,Her
88293,88567,Gam1Sgr,"",18.083674,-29.580087,266.6667,4.66,0.774,Sgr
88326,88599,"","",18.090767,-81.486568,251.8892,6.37,1.528,Aps
88327,88601,"70    Oph","",18.090913,2.500099,5.0834,4.03,0.86,Oph
88330,88604,"","",18.091705,21.646624,145.3488,6.18,1.241,Her
88361,88635,"10Gam2Sgr",Alnasl,18.096803,-30.424091,29.7,2.98,0.981,Sgr
88362,88636,"","",18.097114,32.230674,212.3142,5.72,1.179,Her
88382,88657,"98    Her","",18.100528,22.218879,226.2443,4.96,1.656,Her
88395,88670,"","",18.102055,-8.323956,158.7302,5.84,0.184,Ser
88396,88671,"","",18.102063,-0.446128,215.0538,6.32,1.014,Ser
88399,88675,"","",18.10256,-51.743905,826.4463,6.46,0.172,Ara
88409,88684,"","",18.104221,-4.751252,36.7647,5.74,0.968,Ser
88419,88694,"","",18.106585,-36.019788,17.5531,5.94,0.615,Sgr
88439,88714,The Ara,"",18.11052,-50.091477,249.3766,3.65,-0.101,Ara
88451,88726,"","",18.113858,-43.425216,41.841,4.92,0.255,CrA
88457,88732,"","",18.114854,50.822823,127.7139,6.31,1.051,Dra
88469,88745,"99    Her","",18.117097,30.56214,15.6421,5.05,0.528,Her
88478,88754,"","",18.118415,49.710441,221.2389,6.32,-0.02,Her
88483,88760,"","",18.11982,-21.443938,719.4245,6.22,0.102,Sgr
88488,88765,"71    Oph","",18.121767,8.733867,83.612,4.64,0.951,Oph
88494,88771,"72    Oph","",18.122496,9.563847,26.6312,3.71,0.159,Oph
88512,88788,"","",18.12465,43.461891,125.6281,5.0,0.913,Her
88517,88794,"103Omi Her","",18.125708,28.762488,103.6269,3.84,-0.018,Her
88538,88815,"","",18.130103,-64.550177,152.6718,6.4,1.266,Pav
88539,88816,"","",18.130095,-17.154159,77.101,5.52,1.132,Sgr
88540,88817,"100    Her","",18.130417,26.09734,38.5802,5.79,0.127,Her
88541,88818,"100    Her","",18.130434,26.10128,49.6032,5.83,0.158,Her
88559,88836,"","",18.133959,36.401264,63.6132,5.49,1.161,Her
88562,88839,"","",18.134716,-28.457093,103.9501,4.55,0.938,Sgr
88582,88859,"","",18.141697,-45.767015,271.7391,6.13,-0.082,Ara
88585,88862,"","",18.142704,14.284716,156.4945,6.34,0.181,Oph
88589,88866,Pi  Pav,"",18.143,-63.668553,39.8565,4.33,0.228,Pav
88599,88876,"","",18.144052,-21.449562,444.4444,6.42,0.755,Sgr
88610,88886,"102    Her","",18.14597,20.814557,280.8989,4.37,-0.164,Her
88621,88899,"101    Her","",18.148018,20.045233,100.8065,5.1,0.176,Her
88652,88929,"","",18.15284,30.469531,123.4568,6.36,1.194,Her
88687,88964,"73    Oph","",18.159415,3.993276,54.7945,5.71,0.363,Oph
88694,88972,"","",18.160408,38.457777,11.0241,6.38,0.876,Her
88704,88981,"","",18.16205,-13.934435,253.1646,6.38,1.428,Ser
88723,89000,"","",18.165004,3.119827,46.9263,5.67,0.49,Oph
88729,89006,"","",18.165993,-59.040182,200.0,6.38,1.553,Pav
88731,89008,"","",18.166387,36.466284,120.7729,5.57,0.915,Her
88733,89010,"","",18.166656,-32.719635,107.7586,6.39,1.025,Sgr
88745,89020,"","",18.168281,-30.728666,137.741,5.53,0.979,Sgr
88746,89023,"","",18.169091,16.47659,263.8522,6.09,0.574,Her
88765,89042,Iot Pav,"",18.173948,-62.002197,17.6118,5.47,0.592,Pav
88770,89047,"","",18.175443,54.286552,50.226,5.97,0.943,Dra
88788,89065,"","",18.177861,3.324256,123.6094,5.5,1.204,Oph
88809,89086,"","",18.182041,-33.80007,100000.0,6.13,-0.137,Sgr
88819,89096,"","",18.184557,-47.513121,173.913,6.07,1.193,Tel
88822,89099,"","",18.184876,-41.359113,82.713,5.86,0.295,CrA
88827,89104,"","",18.185322,60.409532,150.8296,6.5,-0.002,Dra
88835,89112,Eps Tel,"",18.187157,-45.954418,128.2051,4.52,1.009,Tel
88836,89114,"","",18.18744,-19.841958,101.5228,6.33,0.158,Sgr
88838,89115,"","",18.187714,-75.89151,75.3012,5.86,1.253,Aps
88876,89153,"11    Sgr","",18.19537,-23.701235,78.4929,4.96,1.055,Sgr
88879,89156,"","",18.195866,33.447057,237.5297,5.98,0.045,Her
88895,89172,"104    Her","",18.198377,31.40535,166.9449,4.96,1.643,Her
88957,89234,"","",18.209482,-73.672417,42.1408,5.86,0.464,Aps
88969,89246,"","",18.211838,41.14684,164.7446,6.36,1.038,Her
89002,89279,"","",18.218005,38.773493,203.252,6.04,-0.057,Her
89013,89290,"","",18.220194,-41.336111,357.1429,5.47,-0.155,CrA
89021,89298,"","",18.221268,21.880332,377.3585,6.14,1.472,Her
89064,89341,"13Mu  Sgr",Polis,18.229392,-21.058834,100000.0,3.84,0.195,Sgr
89070,89347,"","",18.231172,2.393465,286.533,6.43,1.545,Oph
89071,89348,"36    Dra","",18.231545,64.397287,22.92,4.99,0.44,Dra
89092,89369,"14    Sgr","",18.23775,-21.713164,138.8889,5.49,1.528,Sgr
89093,89370,"","",18.237872,-63.689682,167.7852,6.47,1.414,Pav
89161,89439,"15    Sgr","",18.253585,-20.72827,100000.0,5.29,0.007,Sgr
89162,89440,"16    Sgr","",18.253603,-20.387974,100000.0,5.96,-0.023,Sgr
89170,89448,"37    Dra","",18.254739,68.75581,84.674,5.96,1.055,Dra
89193,89470,"","",18.258546,-18.661577,436.6812,6.05,0.165,Sgr
89196,89474,"","",18.259023,45.209318,22.8206,6.3,0.641,Lyr
89204,89482,"","",18.260772,42.159345,181.4882,5.56,-0.111,Lyr
89209,89487,"","",18.261289,-63.055366,90.3342,5.58,0.944,Pav
89228,89507,"","",18.264843,-44.206461,92.081,5.45,0.962,CrA
89234,89512,"","",18.266092,-3.617992,134.7709,6.35,0.201,Ser
89248,89527,"","",18.268214,2.377517,236.9668,6.1,1.55,Oph
89309,89587,"","",18.281417,-3.007401,103.4126,5.99,0.89,Ser
89319,89597,"","",18.283589,-51.068271,121.8027,6.06,-0.046,Tel
89325,89604,"","",18.285235,40.936727,122.6994,6.12,0.977,Lyr
89327,89605,"","",18.285426,-56.023351,233.1002,5.36,-0.05,Tel
89331,89609,"","",18.286563,-17.373886,299.4012,5.81,1.569,Sgr
89343,89620,"","",18.289928,-28.288975,30.4878,6.36,0.536,Sgr
89344,89622,"","",18.290024,-28.652065,172.117,6.18,0.184,Sgr
89345,89623,"","",18.290045,-9.758578,132.626,6.29,0.382,Ser
89359,89637,"","",18.293402,-34.107258,341.2969,6.03,-0.096,Sgr
89364,89642,Eta Sgr,"",18.293793,-36.761686,44.7427,3.1,1.582,Sgr
89396,89674,"","",18.300266,-68.229257,186.9159,6.32,-0.026,Pav
89399,89677,"","",18.300817,13.777038,469.4836,6.29,-0.04,Oph
89400,89678,"","",18.300886,-27.042641,233.6449,4.66,1.629,Sgr
89405,89684,"","",18.302143,18.131691,202.4291,6.24,-0.004,Her
89406,89683,"","",18.302147,23.296907,497.5124,6.45,1.698,Her
89448,89726,"","",18.311155,-42.288399,100000.0,6.3,-0.144,CrA
89494,89772,"","",18.319316,7.259767,46.7946,5.41,1.084,Oph
89495,89773,"105    Her","",18.319633,24.446059,298.5075,5.3,1.508,Her
89527,89805,"","",18.327806,-63.886562,23.0468,6.17,0.584,Pav
89548,89826,"1Kap Lyr","",18.331031,36.064547,77.1605,4.33,1.162,Lyr
89549,89827,"","",18.331131,29.666392,183.1502,6.01,1.319,Her
89557,89835,"","",18.332243,51.347823,121.5067,6.3,1.112,Dra
89573,89851,"","",18.335775,-15.831697,159.7444,5.39,1.473,Ser
89583,89861,"106    Her","",18.338309,21.961297,120.1923,4.92,1.594,Her
89630,89908,"43Phi Dra","",18.345955,71.337814,92.8505,4.22,-0.093,Dra
89640,89918,"74    Oph","",18.347795,3.377165,79.8722,4.85,0.911,Oph
89642,89920,"","",18.348663,-37.487648,490.1961,6.46,1.315,CrA
89648,89925,"108    Her","",18.349158,29.858925,56.1798,5.61,0.231,Her
89653,89931,"19Del Sgr",Kaus Media,18.3499,-29.828103,106.6098,2.72,1.38,Sgr
89657,89935,"107    Her","",18.350283,28.869954,80.6452,5.12,0.212,Her
89660,89937,"44Chi Dra","",18.350736,72.732843,8.0574,3.55,0.489,Dra
89665,89943,"","",18.351985,49.725466,170.9402,6.39,1.086,Dra
89684,89962,"58Eta Ser","",18.355167,-2.898825,18.5426,3.23,0.941,Ser
89690,89968,"","",18.356385,-18.859999,378.7879,5.76,0.67,Sgr
89699,89977,"","",18.357889,5.435726,324.6753,6.14,-0.048,Ser
89702,89980,"","",18.358713,-24.915276,326.7974,6.19,1.823,Sgr
89703,89981,"","",18.359075,49.121593,198.8072,5.02,1.619,Dra
89734,90012,"","",18.366705,-28.429962,165.0165,6.15,0.264,Sgr
89745,90023,"","",18.369083,23.285176,199.6008,5.41,1.633,Her
89759,90037,"","",18.371828,-38.656894,148.5884,5.09,1.498,CrA
89774,90052,"","",18.376477,12.02968,134.7709,5.99,0.056,Oph
89788,90067,"","",18.380288,17.826616,111.2347,5.25,1.25,Her
89795,90074,"","",18.38141,-36.669556,170.6485,5.33,-0.121,Sgr
89804,90083,"","",18.383919,-10.218983,102.5641,6.32,0.13,Sct
89807,90086,"","",18.384147,16.688,116.4144,6.22,1.216,Her
89817,90096,"","",18.386712,-12.014755,188.6792,5.71,0.006,Sct
89819,90098,Xi  Pav,"",18.387117,-61.493901,143.6782,4.35,1.462,Pav
89845,90124,"","",18.39134,-36.237987,87.8735,5.52,1.015,Sgr
89854,90133,Phi Oct,"",18.393456,-75.044277,59.4884,5.47,0.043,Oct
89856,90135,Zet Sct,"",18.394329,-8.934383,63.3714,4.66,0.932,Sct
89860,90139,"109    Her","",18.394967,21.769752,36.4697,3.85,1.168,Her
89867,90146,"","",18.396658,53.300837,101.1122,6.35,0.168,Dra
89877,90156,"39    Dra","",18.398507,58.800736,56.4653,4.98,0.082,Dra
89884,90163,"","",18.399244,38.73921,287.3563,6.41,1.429,Lyr
89895,90174,"","",18.400997,-3.583157,61.9195,6.36,0.351,Ser
89903,90182,"","",18.402553,83.1754,150.3759,6.16,0.051,Dra
89906,90185,"20Eps Sgr",Kaus Australis,18.402868,-34.384616,43.9367,1.79,-0.031,Sgr
89912,90191,"2Mu  Lyr","",18.40383,39.507239,134.5895,5.11,0.047,Lyr
89921,90200,"","",18.405067,-44.110256,149.4768,5.24,-0.163,CrA
89944,90223,"","",18.409202,-49.652879,28.2805,6.45,0.593,Tel
89959,90238,"","",18.411702,-7.075936,95.057,6.28,1.161,Sct
89974,90253,"","",18.415891,-1.579413,133.5113,6.15,0.381,Ser
89977,90256,"","",18.416239,27.394783,117.5088,6.27,0.053,Her
89981,90260,"18    Sgr","",18.417066,-30.75657,196.0784,5.58,1.138,Sgr
90010,90289,"21    Sgr","",18.422511,-20.541679,125.7862,4.81,1.31,Sgr
90011,90290,"","",18.422688,-35.992025,118.2033,6.14,1.006,Sgr
90025,90304,"","",18.425453,-63.021534,71.1744,6.13,0.202,Pav
90034,90313,"","",18.427444,8.032006,241.5459,5.64,0.884,Oph
90057,90336,"","",18.431835,-33.945718,272.4796,6.3,-0.075,Sgr
90058,90337,"","",18.432008,14.966232,117.9245,6.37,-0.037,Her
90063,90342,"","",18.432996,29.82893,124.2236,5.81,0.068,Her
90065,90344,"42    Dra",Fafnir,18.433069,65.56348,96.5251,4.82,1.179,Dra
90119,90398,"","",18.444702,26.449216,321.5434,6.5,-0.107,Her
90135,90414,"","",18.448336,-48.117243,152.6718,5.44,0.855,Tel
90143,90422,Alp Tel,"",18.449561,-45.968459,85.1789,3.49,-0.179,Tel
90158,90437,"","",18.452463,-8.040406,96.8992,6.5,1.054,Sct
90162,90441,"59    Ser","",18.453475,0.196108,143.8849,5.2,0.487,Ser
90197,90476,"","",18.4617,59.549112,122.1001,6.43,0.979,Dra
90199,90478,"","",18.462154,-26.634845,78.125,6.31,0.263,Sgr
90206,90485,"","",18.463745,-29.816865,36.6032,5.9,0.517,Sgr
90208,90487,"","",18.463978,3.74857,362.3188,6.07,1.61,Oph
90215,90494,"","",18.465689,-17.800357,185.8736,6.19,0.003,Sgr
90217,90496,"22Lam Sgr",Kaus Borealis,18.466179,-25.4217,23.9693,2.82,1.025,Sgr
90218,90497,"","",18.466326,6.194104,216.9197,5.71,-0.034,Ser
90229,90510,"","",18.46838,-26.757245,80.3859,6.28,0.157,Sgr
90232,90509,"","",18.468432,-84.387256,213.2196,6.49,-0.035,Oct
90261,90541,"","",18.474198,-38.995671,126.1034,5.63,0.14,CrA
90288,90568,Zet Tel,"",18.480505,-49.070588,38.6997,4.1,0.995,Tel
90315,90595,Gam Sct,"",18.486626,-14.565813,97.9432,4.67,0.076,Sct
90317,90597,"","",18.486909,-43.845939,132.2751,6.36,0.904,CrA
90326,90606,"","",18.488891,-80.232708,119.0476,5.95,1.173,Oct
90357,90637,"","",18.493253,23.866202,375.9398,5.87,-0.096,Her
90362,90642,"60    Ser","",18.494717,-1.985308,70.4225,5.38,0.961,Ser
90367,90647,"","",18.495823,77.547068,125.3133,5.65,1.192,Dra
90371,90651,"","",18.496322,-14.581987,104.8218,6.02,0.006,Sct
90382,90662,"","",18.498871,-47.220546,198.0198,5.69,1.258,Tel
90384,90664,"","",18.499086,-57.523143,97.561,5.74,0.987,Pav
90406,90687,"","",18.503295,-18.728794,90.1713,5.63,1.057,Sgr
90410,90692,"","",18.503971,-5.724169,140.4494,6.27,0.953,Sct
90447,90729,"","",18.51157,20.815046,34.5781,6.49,0.795,Her
90477,90759,"","",18.517486,-41.913834,67.8426,6.02,0.138,CrA
90480,90762,"","",18.517903,16.928556,133.5113,5.76,0.053,Her
90481,90763,"","",18.518012,-32.989114,88.8889,5.37,0.182,Sgr
90515,90797,Nu  Pav,"",18.522896,-62.278302,134.5895,4.63,-0.116,Pav
90522,90804,"","",18.523804,-10.795836,330.033,5.77,0.379,Sct
90524,90806,"","",18.523971,-18.402697,68.3995,5.12,0.016,Sgr
90548,90830,Del1Tel,"",18.529287,-45.914814,216.9197,4.92,-0.101,Tel
90559,90842,"","",18.532284,-43.507383,337.8378,5.71,1.322,CrA
90562,90844,"61    Ser","",18.532498,-1.002977,188.3239,5.93,0.17,Ser
90571,90853,Del2Tel,"",18.533874,-45.757382,366.3004,5.07,-0.127,Tel
90576,90858,"","",18.535247,3.659603,303.9514,6.41,-0.025,Ser
90602,90884,"","",18.539071,-14.644268,82.1693,6.36,0.217,Sct
90605,90887,"","",18.539257,-39.704001,70.2741,5.16,0.079,CrA
90623,90905,"45    Dra","",18.542923,57.045599,649.3506,4.77,0.611,Dra
90631,90913,"","",18.545367,-14.865662,884.9558,5.47,1.998,Sct
90633,90915,"","",18.546154,23.616801,230.9469,5.88,1.49,Her
90640,90923,"","",18.54721,30.554209,109.6491,5.47,-0.077,Lyr
90648,90930,"","",18.548704,-73.965596,108.8139,5.88,0.992,Pav
90654,90936,"","",18.55025,-39.892022,36.9822,6.22,0.429,CrA
90685,90967,"","",18.556308,-5.911718,123.7624,6.36,0.034,Sct
90687,90969,Kap2CrA,"",18.556413,-38.720033,47.2144,6.31,0.02,CrA
90688,90968,Kap1CrA,"",18.556426,-38.725985,298.5075,5.67,-0.06,CrA
90689,90971,"","",18.556473,8.268251,558.6592,6.42,-0.044,Oph
90699,90981,"","",18.558183,-58.708784,48.2859,6.4,0.688,Pav
90700,90982,The CrA,"",18.558383,-42.31251,170.9402,4.62,0.994,CrA
90709,90991,"","",18.560839,-14.853614,69.5894,5.74,0.043,Sct
90722,91004,"24    Sgr","",18.564857,-24.032283,632.9114,5.49,1.795,Sgr
90731,91013,"","",18.565749,52.353517,195.6947,5.38,1.091,Dra
90733,91014,"","",18.566046,-33.01656,404.8583,5.28,-0.115,Sgr
90780,91062,"","",18.575312,-52.891521,203.666,6.21,1.254,Tel
90808,91090,"","",18.579859,10.89201,186.2197,6.48,0.032,Oph
90823,91105,"","",18.583998,-10.977206,100.9082,5.12,0.926,Sct
90835,91117,Alp Sct,"",18.586785,-8.244073,61.0501,3.85,1.317,Sct
90836,91118,"","",18.586834,18.20341,198.4127,5.79,0.006,Her
90837,91119,"","",18.587085,34.458021,255.102,6.1,-0.115,Lyr
90850,91132,"","",18.589258,-20.840442,91.4913,6.49,0.28,Sgr
90857,91139,"","",18.591777,23.60553,144.3001,5.62,1.015,Her
90860,91142,"","",18.59347,4.935988,110.2536,6.47,0.075,Ser
90878,91159,"","",18.598117,16.975697,32.8839,6.21,0.542,Her
90890,91172,"","",18.599901,-29.699104,219.2982,6.36,1.272,Sgr
90914,91196,"","",18.603683,65.488717,66.4452,6.07,0.279,Dra
90935,91217,"","",18.607731,9.122491,38.5208,5.38,0.387,Oph
90953,91235,"","",18.610373,33.469036,154.5595,5.41,-0.101,Lyr
90955,91237,"","",18.610854,6.671805,33.0797,5.43,0.386,Oph
90968,91250,"","",18.612651,43.221815,131.406,6.21,0.251,Lyr
90979,91262,"3Alp Lyr",Vega,18.61564,38.783692,7.6787,0.03,-0.001,Lyr
90996,91279,"","",18.619183,16.198295,93.4579,6.31,0.896,Her
91033,91315,"","",18.625974,62.526591,119.0476,5.74,-0.045,Dra
91039,91322,"","",18.626656,-0.309472,160.5136,5.76,0.067,Ser
91064,91347,"","",18.631785,-21.397725,104.3841,5.93,0.189,Sgr
91086,91369,"","",18.634578,-14.004781,246.9136,6.49,0.189,Sct
91089,91373,"","",18.635132,39.668326,526.3158,6.02,1.444,Lyr
91111,91394,"","",18.639944,-3.19364,47.9616,6.49,0.553,Ser
91122,91405,"","",18.641865,-23.504893,151.0574,5.78,-0.018,Sgr
91156,91438,"","",18.648168,-21.051871,13.0839,5.85,0.673,Sgr
91178,91461,"","",18.653968,-47.909767,109.4092,5.84,0.233,Tel
91208,91491,"","",18.659176,40.935059,271.7391,6.25,-0.052,Lyr
91211,91494,"","",18.659768,-43.185878,196.0784,5.42,1.654,CrA
91216,91499,"","",18.660244,5.264287,343.6426,6.36,0.8,Ser
91240,91523,"","",18.664333,7.358598,147.4926,6.26,0.962,Oph
91242,91525,"","",18.66467,52.196075,165.5629,6.0,-0.067,Dra
91249,91532,"","",18.666774,-7.790799,178.5714,5.82,1.536,Sct
91250,91533,"","",18.667202,30.849471,164.2036,6.43,0.9,Lyr
91269,91552,"","",18.670055,38.367195,146.1988,6.45,0.22,Lyr
91323,91606,"","",18.682334,62.749466,111.1111,6.1,0.978,Dra
91379,91662,"","",18.691857,-48.094686,123.9157,6.47,1.22,Tel
91392,91675,"","",18.694808,31.617612,309.5975,6.41,-0.047,Lyr
91394,91677,"","",18.695128,-14.564244,100000.0,6.4,0.757,Sct
91406,91689,"26    Sgr","",18.697674,-23.833423,62.8931,6.22,0.231,Sgr
91424,91707,"","",18.702246,34.746307,456.621,6.49,-0.116,Lyr
91439,91723,"","",18.703992,-81.808114,165.0165,6.27,-0.104,Oct
91441,91726,Del Sct,"",18.704563,-9.052549,62.0732,4.7,0.358,Sct
91449,91733,"","",18.706285,-64.643044,205.7613,6.35,0.153,Pav
91467,91751,"","",18.710033,-7.073654,78.1861,6.13,1.006,Sct
91471,91755,"46    Dra","",18.710543,55.539457,104.3841,5.03,-0.07,Dra
91497,91781,"","",18.715305,-19.284209,310.559,6.32,1.591,Sgr
91507,91792,Zet Pav,"",18.71726,-71.428113,66.9792,4.01,1.134,Pav
91526,91811,"","",18.719541,70.792849,191.9386,6.28,1.234,Dra
91535,91820,"","",18.72127,39.300066,383.1418,6.45,1.59,Lyr
91557,91843,"","",18.724725,53.871767,273.9726,6.18,0.094,Dra
91559,91845,Eps Sct,"",18.725348,-8.275215,165.0165,4.88,1.112,Sct
91566,91852,"",Xihe,18.726696,36.556605,139.47,6.04,1.04,Lyr
91568,91854,"","",18.727035,-64.551425,108.9325,5.76,0.967,Pav
91589,91875,Lam CrA,"",18.729706,-38.323441,62.9327,5.11,0.075,CrA
91594,91880,"","",18.730898,-6.818119,73.8007,6.3,0.479,Sct
91597,91883,"","",18.730999,31.926613,50.3018,5.68,0.36,Lyr
91615,91901,"","",18.73554,-36.718335,107.0664,6.31,0.98,Sgr
91629,91915,"","",18.738407,61.048143,109.529,6.02,0.967,Dra
91632,91918,"","",18.738711,-35.641987,143.0615,4.86,-0.168,Sgr
91633,91919,"4Eps1Lyr","",18.738984,39.670123,49.776,4.67,0.17,Lyr
91639,91926,"5Eps2Lyr","",18.739661,39.612721,47.6872,4.59,0.18,Lyr
91671,91958,"","",18.744526,23.589883,43.956,6.3,0.437,Her
91684,91971,"6Zet1Lyr","",18.746209,37.605115,47.8698,4.34,0.192,Lyr
91686,91973,"7Zet2Lyr","",18.746722,37.594615,47.6872,5.73,0.285,Lyr
91687,91974,"","",18.747112,-25.010914,177.305,5.82,0.033,Sgr
91688,91975,"4    Aql","",18.747205,2.060038,142.6534,5.02,-0.055,Aql
91698,91985,"","",18.748721,54.897184,298.5075,6.26,0.839,Dra
91702,91989,"","",18.74921,-39.686188,400.0,5.4,0.85,CrA
91721,92008,"","",18.753198,-61.095196,354.6099,6.04,1.484,Pav
91729,92016,"","",18.755182,-21.001615,61.1247,6.35,0.458,Sgr
91734,92021,"","",18.756639,-56.88197,212.766,6.22,1.385,Pav
91737,92024,"","",18.757465,-64.871259,28.547,4.78,0.199,Pav
91740,92027,"","",18.757879,5.500128,188.6792,5.82,0.041,Ser
91753,92040,"","",18.760574,79.942673,89.2857,6.4,0.296,Dra
91754,92041,"27Phi Sgr","",18.76094,-26.990778,73.3676,3.17,-0.107,Sgr
91756,92043,"110    Her","",18.761035,20.546308,19.2086,4.19,0.483,Her
91769,92056,"","",18.762989,74.085553,96.8054,5.25,0.953,Dra
91784,92072,"","",18.765554,-50.872715,373.1343,6.24,-0.08,Tel
91792,92079,"","",18.766985,-19.606357,222.7171,6.34,1.578,Sgr
91801,92088,"","",18.767911,26.66213,78.125,4.83,1.199,Lyr
91811,92098,"","",18.77028,41.44181,279.3296,6.06,-0.12,Lyr
91824,92111,"28    Sgr","",18.772391,-22.392176,209.6436,5.37,1.591,Sgr
91825,92112,"50    Dra","",18.772849,75.433964,85.8369,5.37,0.049,Dra
91830,92117,"5    Aql","",18.77461,-0.961692,111.8568,5.89,0.131,Aql
91844,92131,"","",18.778156,18.705907,209.6436,6.18,1.594,Her
91846,92133,"","",18.778634,52.98796,396.8254,5.91,-0.096,Dra
91849,92136,"","",18.778701,-10.125048,100000.0,5.69,0.584,Sct
91874,92161,"111    Her","",18.783686,18.181519,28.8934,4.34,0.148,Her
91888,92175,Bet Sct,"",18.786242,-4.747867,280.8989,4.22,1.087,Sct
91915,92202,"","",18.791375,-5.705147,100000.0,5.38,1.28,Sct
91939,92226,Mu  CrA,"",18.795726,-40.406167,121.3592,5.2,0.781,CrA
91946,92233,"","",18.796997,-77.868249,41.4079,6.39,0.593,Oct
91956,92243,"","",18.79927,31.756835,338.9831,6.06,-0.139,Lyr
91967,92254,"","",18.80074,4.241422,244.4988,6.2,1.509,Ser
91982,92269,"","",18.804467,48.767556,60.1323,6.12,0.225,Dra
91983,92270,"","",18.804556,23.514749,28.7522,6.19,0.492,Her
92007,92294,The Pav,"",18.810538,-65.077679,67.7048,5.71,0.268,Pav
92009,92296,"","",18.81097,-6.004311,230.9469,6.49,0.242,Sct
92014,92301,"","",18.812614,-18.60115,312.5,6.46,0.902,Sgr
92021,92308,Eta1CrA,"",18.814024,-43.680047,103.0928,5.46,0.133,CrA
92025,92312,"","",18.814829,19.32872,87.6424,5.89,0.022,Her
92079,92367,"","",18.824257,-45.8101,109.8901,5.8,0.891,Tel
92094,92382,Eta2CrA,"",18.826388,-43.434102,147.7105,5.6,-0.077,CrA
92098,92386,"","",18.826998,0.836197,179.5332,6.24,0.041,Aql
92102,92390,"29    Sgr","",18.827807,-20.324656,286.533,5.22,1.404,Sgr
92103,92391,"","",18.828043,-5.912863,534.7594,5.99,1.568,Sct
92107,92394,"","",18.828799,-72.995722,215.9827,6.04,0.033,Pav
92110,92398,"8Nu 1Lyr","",18.82942,32.81282,401.6064,5.93,-0.154,Lyr
92117,92405,"9Nu 2Lyr","",18.831366,32.551058,70.9723,5.22,0.1,Lyr
92133,92420,"10Bet Lyr",Sheliak,18.834665,33.362667,294.9853,3.52,0.003,Lyr
92168,92456,"","",18.841992,-13.572262,413.2231,6.48,1.662,Sct
92187,92475,"","",18.845986,10.976392,386.1004,6.37,1.443,Aql
92191,92480,"30    Sgr","",18.847359,-22.16219,70.5716,6.29,0.39,Sgr
92199,92488,"","",18.849586,-9.774096,854.7009,5.82,0.594,Sct
92200,92487,"","",18.849625,-41.062687,100000.0,6.5,-0.075,CrA
92225,92512,"47Omi Dra","",18.853348,59.388351,104.8218,4.63,1.185,Dra
92236,92524,"8    Aql","",18.856155,-3.317857,78.6164,6.08,0.299,Aql
92260,92549,"","",18.859712,52.975117,25.6674,5.51,0.843,Dra
92261,92550,"","",18.85997,28.783671,364.9635,6.22,1.183,Lyr
92262,92551,"","",18.860144,36.539092,313.4796,6.1,-0.1,Lyr
92303,92593,"","",18.867201,13.965647,209.205,6.19,-0.008,Her
92309,92599,"","",18.868681,41.383244,492.6108,6.28,-0.083,Lyr
92318,92608,"","",18.869983,-41.709195,208.7683,6.47,1.426,CrA
92319,92609,Lam Pav,"",18.870288,-62.187593,438.5965,4.22,-0.15,Pav
92324,92614,"112    Her","",18.87123,21.425142,124.3781,5.43,-0.068,Her
92340,92630,"","",18.874229,-46.595119,317.4603,5.51,1.641,Tel
92345,92635,"","",18.874532,-26.65077,113.6364,6.28,0.941,Sgr
92353,92643,"","",18.876957,-29.379676,159.7444,6.12,1.344,Sgr
92356,92646,Kap Tel,"",18.877675,-52.10737,83.3333,5.18,0.962,Tel
92379,92669,"","",18.883305,-46.586329,251.8892,6.17,0.051,Tel
92384,92674,"","",18.883836,-9.575521,99.6016,6.27,0.2,Sct
92386,92676,"","",18.883987,-48.360913,81.9672,6.17,0.124,Tel
92397,92687,"","",18.886667,-51.931437,427.3504,6.3,-0.092,Tel
92399,92689,"","",18.887096,50.708221,139.8601,4.92,0.903,Dra
92427,92717,"","",18.892556,75.787372,246.3054,6.33,0.021,Dra
92438,92728,"11Del1Lyr","",18.895433,36.971721,303.9514,5.58,-0.138,Lyr
92441,92731,"","",18.896194,57.486557,177.6199,6.24,1.243,Dra
92457,92747,"33    Sgr","",18.900025,-21.359845,502.5126,5.68,1.206,Sgr
92471,92761,"32Nu 1Sgr",Ainalrami,18.902827,-22.744834,344.8276,4.86,1.412,Sgr
92478,92768,"","",18.90368,27.909528,111.3586,5.64,1.361,Lyr
92492,92782,"52Ups Dra","",18.90661,71.297192,105.4852,4.82,1.151,Dra
92502,92791,"12Del2Lyr","",18.908412,36.898613,225.7336,4.22,1.575,Lyr
92524,92814,"","",18.911976,-15.603036,429.1845,5.08,0.141,Sct
92527,92818,"113    Her","",18.912468,22.645076,144.7178,4.57,0.782,Her
92532,92822,"","",18.913095,48.859401,55.2792,5.84,0.452,Dra
92534,92824,Chi Oct,"",18.91323,-87.605843,78.7402,5.29,1.304,Oct
92541,92831,"","",18.914494,41.602723,81.9672,5.46,1.034,Lyr
92543,92833,"","",18.914588,33.968576,358.4229,5.99,0.922,Lyr
92554,92845,"35Nu 2Sgr","",18.918649,-22.671328,83.9631,5.0,1.348,Sgr
92564,92855,"34Sig Sgr",Nunki,18.92109,-26.296722,69.8324,2.05,-0.134,Sgr
92571,92862,"13    Lyr","",18.922249,43.946088,91.4077,4.08,1.397,Lyr
92575,92866,"","",18.92321,-37.386603,133.3333,6.48,1.122,CrA
92581,92872,"","",18.92429,6.61529,88.2613,5.58,1.041,Aql
92591,92882,"","",18.92528,-16.376635,31.7158,5.56,0.445,Sgr
92639,92931,"","",18.93352,-23.173751,194.9318,5.91,-0.021,Sgr
92645,92937,"","",18.935034,18.10541,92.2509,5.69,1.092,Her
92654,92946,"63The1Ser",Alya,18.936995,4.203595,47.4158,4.62,0.161,Ser
92659,92951,"63The2Ser",Alya B,18.937401,4.202132,51.9481,4.98,0.204,Ser
92661,92953,"","",18.938044,-42.710676,90.5797,5.35,0.998,CrA
92671,92963,"","",18.939628,-1.799863,157.4803,6.2,-0.046,Aql
92676,92968,"","",18.940446,2.47119,156.4945,6.14,0.961,Ser
92677,92969,"","",18.940481,65.258084,96.1538,5.62,0.938,Dra
92680,92972,"","",18.940899,-31.689025,205.7613,6.45,1.223,Sgr
92697,92989,"","",18.944582,-37.343241,131.9261,5.36,-0.147,CrA
92705,92997,"48    Dra","",18.945851,57.814851,84.674,5.67,1.155,Dra
92720,93012,"","",18.948528,-62.801904,313.4796,6.47,1.535,Pav
92723,93015,Kap Pav,"",18.949177,-67.233495,153.3742,4.4,0.53,Pav
92725,93017,"","",18.950441,32.901273,14.8721,5.2,0.594,Lyr
92733,93026,Eta Sct,"",18.951019,-5.846314,62.0347,4.83,1.057,Sct
92756,93049,"","",18.953975,-43.917012,215.9827,6.27,-0.073,CrA
92758,93051,"64    Ser","",18.954608,2.535346,348.4321,5.56,0.004,Ser
92760,93053,"","",18.954816,62.396773,95.4198,6.5,0.927,Dra
92764,93057,"36Xi 1Sgr","",18.955688,-20.656346,632.9114,5.02,0.137,Sgr
92775,93068,"","",18.957909,58.225026,125.1564,6.47,0.072,Dra
92781,93074,"","",18.959554,-39.823195,59.9161,6.29,0.21,CrA
92793,93085,"37Xi 2Sgr","",18.962167,-21.106654,111.9821,3.52,1.151,Sgr
92811,93104,"","",18.967194,38.266188,177.305,5.89,-0.09,Lyr
92824,93117,"","",18.969455,-83.422198,169.4915,6.35,-0.033,Oct
92831,93124,"","",18.970763,17.360912,473.9336,5.33,0.731,Aql
92841,93134,"","",18.972579,-31.035975,137.931,6.09,1.347,Sgr
92845,93138,"","",18.973251,6.239929,56.2114,6.22,0.478,Aql
92847,93140,"","",18.973564,-22.529493,79.3651,6.14,0.087,Sgr
92855,93148,Lam Tel,"",18.974378,-52.938629,187.6173,4.85,-0.051,Tel
92870,93163,Ome Pav,"",18.976812,-60.20055,172.7116,5.14,1.355,Pav
92881,93174,Eps CrA,"",18.978721,-37.107357,30.1841,4.83,0.396,CrA
92884,93177,"","",18.979608,40.679194,300.3003,6.2,-0.146,Lyr
92886,93179,"10    Aql","",18.979701,13.906648,78.3699,5.91,0.251,Aql
92902,93194,"14Gam Lyr",Sulafat,18.982395,32.689557,190.1141,3.25,-0.049,Lyr
92904,93197,"","",18.983166,50.809143,131.7523,6.32,0.979,Dra
92910,93203,"11    Aql","",18.984928,13.622245,48.4262,5.27,0.573,Aql
92916,93209,"","",18.986379,-39.534712,152.9052,6.49,-0.04,CrA
92917,93210,"","",18.986748,39.217321,292.3977,6.43,-0.168,Lyr
92931,93225,"","",18.989945,-12.840517,146.1988,5.51,-0.038,Sgr
92940,93234,"","",18.990772,-18.566433,334.4482,6.37,0.962,Sgr
92945,93238,"","",18.991465,-70.468653,103.6269,6.49,0.305,Pav
92951,93244,"13Eps Aql","",18.993711,15.068298,47.5059,4.02,1.082,Aql
92963,93256,"","",18.995966,26.230404,99.2063,5.26,1.228,Lyr
92977,93270,"","",18.999475,22.814515,215.9827,6.28,1.672,Vul
92987,93279,"15Lam Lyr","",19.000229,32.145514,338.9831,4.94,1.465,Lyr
92994,93287,"","",19.000987,-66.653618,136.0544,5.98,0.977,Pav
93006,93299,"","",19.003799,50.533466,205.7613,5.39,-0.182,Dra
93022,93315,"","",19.006892,-24.942171,181.8182,6.35,1.253,Sgr
93047,93340,"49    Dra","",19.012072,55.658301,150.8296,5.51,0.862,Dra
93061,93354,"","",19.015334,33.802158,118.2033,6.04,0.983,Lyr
93078,93371,"","",19.017861,-37.061555,234.7418,6.44,0.02,CrA
93081,93374,"","",19.018176,19.309605,129.8701,6.47,1.114,Sge
93100,93393,"","",19.021488,26.291411,199.2032,5.69,-0.086,Lyr
93115,93408,"16    Lyr","",19.023991,46.934812,37.4392,5.0,0.186,Lyr
93125,93418,"","",19.025977,-15.282617,164.7446,6.31,0.963,Sgr
93130,93423,"","",19.02715,-22.695364,621.118,6.25,1.647,Sgr
93136,93429,"12    Aql","",19.028008,-5.739115,44.1306,4.02,1.079,Aql
93144,93437,"","",19.030103,33.621257,260.4167,6.39,-0.117,Lyr
93149,93443,"","",19.030397,22.264412,123.7624,6.44,0.13,Vul
93173,93466,"","",19.035288,52.261058,214.1328,6.35,0.983,Dra
93177,93470,"","",19.035698,-41.910505,123.9157,6.21,0.001,CrA
93195,93488,"","",19.039324,8.373539,373.1343,6.25,1.648,Aql
93205,93498,"","",19.041022,-24.846826,78.9889,5.63,1.232,Sgr
93213,93506,"38Zet Sgr",Ascella,19.043532,-29.880105,27.0416,2.6,0.062,Sgr
93230,93523,"","",19.04795,19.661011,246.9136,6.11,1.317,Sge
93233,93526,"14    Aql","",19.048472,-3.698987,153.1394,5.4,-0.005,Aql
93244,93537,"","",19.051057,-19.245686,606.0606,5.96,1.158,Sgr
93248,93542,Zet CrA,"",19.051907,-42.095105,59.2066,4.74,-0.027,CrA
93249,93543,"","",19.051944,-19.103024,80.2568,6.37,0.48,Sgr
93258,93552,"","",19.054915,-38.253147,68.4932,5.73,0.328,CrA
93279,93574,"","",19.058242,-68.755544,56.3063,5.89,0.553,Pav
93285,93580,"","",19.058959,1.818768,54.8847,5.82,0.182,Aql
93329,93624,"","",19.065985,-51.018604,99.8004,5.93,1.236,Tel
93334,93629,"","",19.066947,-57.959962,211.8644,6.3,0.857,Pav
93371,93666,"","",19.073376,-5.684843,362.3188,6.48,2.3,Aql
93372,93667,"","",19.073627,-31.047079,147.0588,5.49,0.026,Sgr
93388,93683,"39Omi Sgr","",19.07805,-21.741496,43.554,3.76,1.012,Sgr
93418,93713,"51    Dra","",19.081991,53.396654,111.1111,5.4,-0.014,Dra
93422,93717,"15    Aql","",19.082687,-4.03142,88.7311,5.4,1.12,Aql
93423,93718,"","",19.082741,31.744072,189.7533,5.63,1.548,Lyr
93425,93720,"","",19.082857,30.733396,198.0198,6.07,1.575,Lyr
93438,93733,"","",19.086067,49.923166,185.1852,6.45,1.348,Dra
93452,93747,"17Zet Aql",Okab,19.090169,13.863478,25.4582,2.99,0.014,Aql
93468,93763,"","",19.094772,-15.660419,219.2982,5.93,-0.015,Sgr
93475,93770,"","",19.096425,29.921674,446.4286,6.32,1.668,Lyr
93510,93805,"16Lam Aql","",19.10415,-4.882554,37.9219,3.43,-0.096,Aql
93520,93815,Rho Tel,"",19.10554,-52.34091,56.7215,5.17,0.532,Tel
93530,93825,Gam CrA,"",19.106971,-37.063437,17.304,4.23,0.523,CrA
93548,93843,"","",19.11048,28.628595,39.968,5.53,0.296,Lyr
93550,93845,"","",19.110665,24.250793,107.1811,5.78,0.104,Vul
93560,93855,"","",19.114477,-16.229276,259.0674,6.0,-0.025,Sgr
93563,93858,"","",19.114582,-37.810658,16.9549,6.15,0.705,CrA
93565,93860,"","",19.115226,-50.323144,173.3102,6.29,-0.057,Tel
93567,93862,"","",19.115445,-48.299144,117.9245,5.95,-0.017,Tel
93569,93864,"40Tau Sgr","",19.11567,-27.670423,37.2856,3.32,1.169,Sgr
93572,93867,"18    Aql","",19.116279,11.071228,214.1328,5.07,-0.055,Aql
93592,93887,"","",19.118979,-18.738171,185.8736,6.28,-0.044,Sgr
93608,93903,"18Iot Lyr","",19.121703,36.100157,274.7253,5.25,-0.109,Lyr
93622,93917,"17    Lyr","",19.123769,32.501738,41.58,5.2,0.367,Lyr
93630,93925,"","",19.125234,-28.6368,389.1051,6.05,1.579,Sgr
93671,93966,"","",19.132589,16.853385,21.4316,6.08,0.705,Sge
93680,93975,"","",19.134311,21.698927,43.122,6.22,0.434,Vul
93698,93993,"","",19.137378,-24.657369,220.2643,6.3,0.011,Sgr
93701,93996,"","",19.137973,-19.290289,396.8254,5.56,-0.087,Sgr
93710,94005,Del CrA,"",19.139156,-40.496703,54.7345,4.57,1.07,CrA
93718,94013,"","",19.140507,52.425731,71.0227,5.88,1.086,Cyg
93759,94054,"","",19.147861,-55.720425,121.5067,6.44,1.101,Tel
93773,94068,"19    Aql","",19.149976,6.073207,45.7875,5.23,0.346,Aql
93788,94083,"59    Dra","",19.152716,76.560502,27.3,5.11,0.308,Dra
93819,94114,Alp CrA,Meridiana,19.157869,-37.904474,38.432,4.11,0.042,CrA
93835,94130,"","",19.161043,-39.827238,121.6545,6.44,1.064,CrA
93845,94140,"55    Dra","",19.162723,65.978513,93.4579,6.26,0.008,Dra
93846,94141,"41Pi  Sgr",Albaldah,19.162731,-21.023615,156.25,2.88,0.377,Sgr
93849,94144,"","",19.163374,-19.803657,118.4834,6.11,1.156,Sgr
93854,94149,"","",19.164332,-0.428114,287.3563,6.34,-0.042,Aql
93855,94150,"","",19.164642,-68.424448,37.3832,5.31,0.901,Pav
93862,94157,"","",19.166015,-41.892256,444.4444,5.86,-0.08,CrA
93865,94160,Bet CrA,"",19.167154,-39.340796,145.3488,4.1,1.163,CrA
93948,94243,"","",19.183863,-39.004705,283.2861,6.34,0.006,CrA
93977,94272,"","",19.188559,-29.502293,146.6276,6.28,-0.031,Sgr
93985,94280,"","",19.189767,40.429095,150.6024,6.2,0.093,Lyr
93995,94290,"","",19.191939,26.735871,43.4972,6.35,0.444,Lyr
94007,94302,"53    Dra","",19.194597,56.859213,105.4852,5.13,1.008,Dra
94016,94311,"19    Lyr","",19.196114,31.283456,273.224,5.93,-0.062,Lyr
94042,94336,"","",19.201416,49.855755,24.4499,5.85,0.666,Cyg
94077,94372,"","",19.207788,-21.658382,138.3126,6.39,1.129,Sgr
94081,94376,"57Del Dra",Altais,19.209225,67.661541,29.8686,3.07,0.99,Dra
94087,94382,"","",19.210204,21.554572,235.8491,6.02,0.069,Vul
94090,94385,"20    Aql","",19.211309,-7.939518,300.3003,5.35,0.094,Aql
94103,94398,"","",19.212812,-50.48642,123.1527,6.12,0.954,Tel
94139,94434,"","",19.220463,-25.906786,520.8333,5.79,1.387,Sgr
94143,94437,"","",19.220979,-12.282584,166.113,5.51,1.442,Sgr
94182,94477,"21    Aql","",19.228529,2.293707,217.8649,5.14,-0.071,Aql
94183,94478,"","",19.228896,5.515605,147.929,6.47,0.1,Aql
94186,94481,"20Eta Lyr",Aladfar,19.229302,39.145968,425.5319,4.43,-0.15,Lyr
94195,94490,"54    Dra","",19.231987,57.705102,50.6586,5.0,1.156,Dra
94261,94556,"","",19.244319,-45.193527,91.3242,5.91,0.902,CrA
94303,94598,"","",19.250747,20.203123,208.7683,6.03,0.895,Sge
94310,94604,"","",19.252199,83.462746,166.6667,6.5,0.108,Dra
94325,94620,"1    Sge","",19.254822,21.232118,91.8274,5.65,0.121,Sge
94328,94623,"","",19.255327,50.071127,134.5895,6.27,0.93,Cyg
94329,94624,"","",19.255581,15.083651,212.3142,5.58,1.067,Aql
94335,94630,"","",19.256905,30.526381,389.1051,5.88,1.665,Lyr
94348,94643,"42Psi Sgr","",19.259007,-25.256682,91.4913,4.86,0.569,Sgr
94350,94645,"",Gumala,19.259228,-24.179352,27.5482,6.25,0.548,Sgr
94352,94648,"60Tau Dra","",19.259229,73.355468,44.8833,4.45,1.257,Dra
94353,94646,"","",19.259268,18.516353,257.732,6.46,1.743,Sge
94390,94685,"","",19.266525,27.926302,429.1845,6.18,0.634,Lyr
94408,94703,"1    Vul","",19.270289,21.390428,248.7562,4.76,-0.058,Vul
94417,94712,"","",19.272706,-45.466033,167.2241,5.38,1.349,Tel
94418,94713,"21The Lyr","",19.272804,38.133731,255.102,4.35,1.258,Lyr
94425,94720,"","",19.274108,14.544616,125.6281,5.65,-0.02,Aql
94429,94724,Tau Pav,"",19.274612,-69.190825,194.5525,6.25,0.193,Pav
94432,94727,"22    Aql","",19.275287,4.834795,164.4737,5.59,0.101,Aql
94460,94755,"","",19.280941,46.999102,42.0345,6.02,0.479,Cyg
94475,94770,"","",19.283479,-65.227702,235.8491,6.42,-0.046,Pav
94484,94779,"1Kap Cyg","",19.28504,53.368459,38.0662,3.8,0.95,Cyg
94494,94789,"","",19.286729,-66.661048,91.5751,5.52,0.17,Pav
94525,94820,"43    Sgr","",19.293911,-18.952908,147.7105,4.88,1.013,Sgr
94532,94827,"2    Vul","",19.295454,23.02554,373.1343,5.46,0.02,Vul
94538,94833,"","",19.296718,2.031727,86.2069,6.19,0.019,Aql
94539,94834,"25Ome1Aql","",19.296944,11.595422,127.2265,5.28,0.196,Aql
94563,94858,"","",19.302714,-53.387086,45.0653,6.36,0.505,Tel
94590,94885,"23    Aql","",19.309026,1.085129,113.7656,5.1,1.143,Aql
94595,94890,"","",19.310518,49.569456,136.0544,6.32,1.123,Cyg
94615,94910,"","",19.313447,19.610477,239.8082,6.5,-0.006,Sge
94618,94913,"24    Aql","",19.314151,0.339024,127.0648,6.4,1.05,Aql
94621,94916,"","",19.314654,9.61807,143.0615,6.31,1.065,Aql
94634,94929,"","",19.316694,-15.53657,147.7105,6.09,1.42,Sgr
94636,94932,"","",19.316987,37.445346,190.8397,6.25,0.012,Lyr
94679,94974,"","",19.326786,54.375987,157.9779,6.23,0.03,Cyg
94686,94981,"","",19.327502,37.330539,25.3872,6.29,0.676,Lyr
94689,94982,"28    Aql","",19.327597,12.37468,103.4126,5.53,0.265,Aql
94691,94986,"","",19.327776,-35.421452,276.2431,5.59,-0.122,Sgr
94707,95002,"29Ome2Aql","",19.331407,11.534965,81.4996,6.03,0.087,Aql
94743,95038,"","",19.337783,57.645129,242.1308,5.91,1.626,Dra
94771,95066,"26    Aql","",19.342473,-5.415766,47.2813,4.98,0.937,Aql
94772,95067,"","",19.342515,35.185957,288.1844,6.3,-0.092,Lyr
94778,95073,"27    Aql","",19.343246,-0.892161,134.2282,5.46,-0.041,Aql
94782,95077,"","",19.34393,-22.402535,55.371,5.59,0.276,Sgr
94786,95081,"58Pi  Dra","",19.344467,65.714531,70.1754,4.6,0.033,Dra
94854,95149,"","",19.358263,-34.983487,18.8324,6.48,0.628,Sgr
94859,95154,"","",19.35987,76.559596,386.1004,6.22,2.673,Dra
94864,95159,"","",19.360309,-19.234446,239.8082,6.25,-0.091,Sgr
94872,95167,"","",19.361182,79.60283,107.7586,6.06,0.072,Dra
94873,95168,"44Rho1Sgr","",19.361211,-17.847197,38.9257,3.92,0.228,Sgr
94881,95176,"46Ups Sgr","",19.362117,-15.955018,546.4481,4.52,0.079,Sgr
94892,95188,"45Rho2Sgr","",19.364137,-18.308388,101.833,5.84,1.062,Sgr
94916,95211,"","",19.369316,-42.016026,101.2146,6.33,1.129,Sgr
94927,95222,"","",19.372651,-0.252345,103.7344,5.81,1.093,Aql
94940,95235,"","",19.375931,33.518163,109.8901,6.09,1.052,Lyr
94944,95239,"","",19.377147,-51.231276,71.9942,6.42,0.328,Tel
94946,95241,Bet1Sgr,Arkab Prior,19.377303,-44.458965,96.1538,3.96,-0.085,Sgr
94958,95253,"","",19.380097,9.91315,37.5657,6.34,0.458,Aql
94965,95260,"3    Vul","",19.380801,26.262403,120.4819,5.22,-0.119,Vul
94966,95261,Eta Tel,"",19.380888,-54.423931,48.216,5.03,0.02,Tel
94986,95281,"","",19.384569,-7.400615,133.3333,6.31,1.455,Aql
94999,95294,Bet2Sgr,Arkab Posterior,19.386976,-44.799778,41.1353,4.27,0.35,Sgr
95024,95319,"","",19.392779,33.221966,15.7604,6.37,0.804,Lyr
95045,95340,"","",19.396369,20.264356,421.9409,6.4,0.013,Vul
95052,95347,Alp Sgr,Rukbat,19.398103,-40.61594,55.7414,3.96,-0.105,Sgr
95057,95352,"","",19.399027,43.388171,135.1351,5.85,0.924,Lyr
95073,95369,"","",19.401528,-68.371082,210.5263,6.33,1.238,Pav
95075,95370,"","",19.401682,36.452094,121.6545,6.44,1.074,Lyr
95077,95372,"2    Cyg","",19.402105,29.621338,258.3979,4.99,-0.12,Cyg
95101,95396,"","",19.405964,-43.722063,206.1856,6.13,1.603,Sgr
95103,95398,"2    Sge","",19.406131,16.937722,112.1076,6.27,0.075,Sge
95113,95408,"","",19.408383,-27.865945,273.224,6.03,-0.117,Sgr
95152,95447,"31    Aql","",19.416164,11.944415,15.1768,5.17,0.761,Aql
95158,95453,"","",19.417092,-4.884536,108.1081,6.5,0.34,Aql
95161,95456,"","",19.41779,-29.309359,91.3242,5.91,1.278,Sgr
95182,95477,"47Chi1Sgr","",19.421247,-24.508575,77.2201,5.02,0.235,Sgr
95190,95485,"","",19.422665,-13.89713,154.7988,5.72,1.372,Sgr
95192,95487,"","",19.422887,20.271727,147.0588,6.31,-0.014,Vul
95197,95492,"","",19.423824,24.912774,27.3898,6.19,0.528,Vul
95202,95498,"4    Vul","",19.424611,19.798365,83.2639,5.14,0.999,Vul
95206,95503,"49Chi3Sgr","",19.424906,-23.962457,153.1394,5.45,1.442,Sgr
95207,95501,"30Del Aql","",19.424972,3.114775,15.5255,3.36,0.319,Aql
95260,95556,"4    Cyg","",19.435868,36.317896,216.9197,5.17,-0.12,Cyg
95261,95557,"","",19.4364,-15.053251,214.1328,5.71,0.007,Sgr
95264,95560,"5    Vul","",19.437013,20.097733,72.8863,5.6,-0.006,Vul
95268,95564,"50    Sgr","",19.438654,-21.776693,132.2751,5.57,1.228,Sgr
95276,95572,"","",19.440037,13.023801,55.991,5.76,0.456,Aql
95280,95576,"","",19.440688,62.557145,210.084,6.38,1.413,Dra
95286,95582,"","",19.441302,19.891493,187.9699,5.84,1.558,Vul
95289,95585,"32Nu  Aql","",19.441969,0.33857,869.5652,4.64,0.576,Aql
95323,95619,"","",19.449022,-29.743225,69.9301,5.66,-0.014,Sgr
95360,95656,"7Iot1Cyg","",19.457212,52.320436,107.5269,5.73,-0.002,Cyg
95368,95664,"","",19.459419,14.282481,252.5253,6.31,-0.068,Aql
95376,95673,"","",19.46011,37.941197,724.6377,6.3,-0.12,Lyr
95393,95690,"","",19.463366,-54.325272,164.7446,5.7,1.406,Tel
95434,95732,"","",19.472444,2.93003,294.9853,5.84,-0.003,Aql
95473,95771,"6Alp Vul",Anser,19.478427,24.664905,91.1577,4.44,1.502,Vul
95487,95785,"8    Vul","",19.482523,24.768723,157.7287,5.82,1.023,Vul
95495,95793,"35    Aql","",19.483608,1.950448,61.1995,5.79,0.088,Aql
95513,95812,"","",19.488341,0.24608,196.8504,6.25,1.317,Aql
95519,95818,"7    Vul","",19.489138,20.279737,355.8719,6.34,-0.097,Vul
95521,95820,"","",19.489267,-7.044086,275.4821,6.37,0.87,Aql
95523,95822,"","",19.489487,14.596019,91.7431,5.57,1.05,Aql
95524,95823,"","",19.489951,-43.445195,62.383,5.7,0.214,Sgr
95554,95853,"10Iot2Cyg","",19.495098,51.729779,37.2024,3.76,0.148,Cyg
95566,95865,"","",19.497829,-26.985615,71.736,5.46,1.12,Sgr
95567,95866,"","",19.497944,-55.441754,95.9693,6.14,0.974,Tel
95599,95898,"","",19.502926,2.904073,621.118,6.08,1.82,Aql
95630,95929,"","",19.509201,3.444403,248.139,6.09,-0.019,Aql
95633,95932,Mu  Tel,"",19.50961,-55.110053,34.3761,6.29,0.45,Tel
95638,95937,"36    Aql","",19.511066,-2.788887,162.0746,5.03,1.77,Aql
95648,95947,"6Bet1Cyg",Albireo,19.512023,27.959681,133.1558,3.05,1.088,Cyg
95652,95951,"6Bet2Cyg",Albireo B,19.51261,27.965276,122.549,5.12,-0.095,Cyg
95654,95953,"","",19.513009,36.228503,193.0502,6.26,-0.015,Cyg
95667,95965,"","",19.515013,-21.312237,237.5297,6.11,0.121,Sgr
95679,95978,"","",19.516746,70.989339,186.9159,6.06,1.416,Dra
95700,95999,"","",19.519709,-68.43392,387.5969,5.98,1.638,Pav
95704,96003,"","",19.520432,55.731836,363.6364,6.37,1.123,Cyg
95714,96014,"","",19.522039,50.306706,141.6431,5.55,1.274,Cyg
95716,96016,"","",19.522672,26.617171,60.5327,5.89,0.915,Vul
95752,96052,"8    Cyg","",19.529534,34.452968,263.8522,4.74,-0.15,Cyg
95794,96095,"","",19.537231,-44.546387,41.6146,6.48,0.526,Sgr
95799,96100,"61Sig Dra",Alsafi,19.539149,69.661175,5.7547,4.67,0.786,Dra
95839,96141,"","",19.54828,-53.185618,115.7407,5.76,0.3,Tel
95862,96164,"","",19.552796,60.158691,309.5975,6.3,1.58,Dra
95876,96178,"","",19.556007,-45.271748,121.6545,5.59,-0.02,Tel
95896,96198,"","",19.561557,49.262319,406.5041,6.0,1.545,Cyg
95902,96204,"","",19.562786,5.465708,202.4291,6.35,1.471,Aql
95927,96229,"38Mu  Aql","",19.568153,7.378941,32.9924,4.45,1.176,Aql
95932,96234,"","",19.569024,-40.034638,129.7017,5.89,0.105,Sgr
95956,96258,"","",19.572161,51.23662,25.113,5.71,0.475,Cyg
95973,96275,"9    Vul","",19.57636,19.773403,169.4915,5.0,-0.093,Vul
95986,96288,"","",19.578127,42.412509,176.6784,5.34,0.06,Cyg
95995,96297,"","",19.57954,63.434171,168.9189,6.47,1.326,Dra
96000,96302,"9    Cyg","",19.580813,29.462954,171.2329,5.39,0.581,Cyg
96014,96316,"","",19.583676,52.502018,105.8201,6.39,1.122,Cyg
96026,96327,"37    Aql","",19.585349,-10.560444,140.2525,5.12,1.122,Aql
96039,96341,Iot Tel,"",19.586942,-48.099202,113.6364,4.88,1.096,Tel
96049,96351,"","",19.590314,2.913605,39.984,6.37,0.414,Aql
96054,96356,"","",19.591613,-7.460283,117.3709,6.32,1.124,Aql
96063,96365,"","",19.592628,-12.253114,102.7749,6.27,1.089,Sgr
96085,96387,"11    Cyg","",19.596751,36.944539,184.8429,6.03,-0.08,Cyg
96094,96396,"","",19.598874,50.238618,166.3894,6.47,1.034,Cyg
96104,96406,"51    Sgr","",19.600459,-24.719081,90.2527,5.64,0.185,Sgr
96114,96417,"","",19.60232,22.585763,204.918,6.33,-0.059,Vul
96125,96428,"","",19.604357,14.39107,119.0476,6.37,1.045,Aql
96137,96440,"","",19.607243,-18.852921,77.6398,6.13,0.273,Sgr
96138,96441,"13The Cyg","",19.607372,50.221103,18.3352,4.49,0.395,Cyg
96156,96459,"","",19.610555,44.694936,40.833,5.17,0.928,Cyg
96162,96465,"52    Sgr","",19.611786,-24.883623,58.1395,4.59,-0.075,Sgr
96165,96468,"41Iot Aql","",19.612022,-1.286601,119.9041,4.36,-0.079,Aql
96179,96481,"","",19.61457,11.273206,371.7472,5.98,0.881,Aql
96180,96483,"39Kap Aql","",19.614847,-7.027477,515.4639,4.93,-0.046,Aql
96193,96496,"","",19.617595,-18.231052,121.8027,5.66,1.237,Sgr
96201,96503,"","",19.619338,29.3337,375.9398,6.43,-0.087,Cyg
96212,96516,"4Eps Sge","",19.621498,16.462802,147.2754,5.67,1.007,Sge
96232,96536,"","",19.626227,-14.301801,30.5623,5.46,0.501,Sgr
96242,96546,"","",19.628005,35.022536,657.8947,6.44,1.559,Cyg
96252,96556,"42    Aql","",19.62981,-4.64764,32.1543,5.45,0.429,Aql
96268,96572,"","",19.632417,49.284416,140.2525,6.47,0.99,Cyg
96295,96601,"","",19.638275,20.783391,168.9189,6.5,1.037,Vul
96301,96607,"","",19.640538,-57.983341,162.6016,6.19,0.973,Pav
96314,96620,"","",19.644769,54.973793,40.8831,5.89,0.482,Cyg
96324,96630,"","",19.646942,3.381522,100000.0,6.36,0.001,Aql
96359,96665,"44Sig Aql","",19.653234,5.397773,239.2344,5.18,-0.001,Aql
96377,96683,"12Phi Cyg","",19.656279,30.153321,81.6327,4.68,0.971,Cyg
96382,96688,"","",19.657038,16.571121,100000.0,6.37,1.918,Sge
96386,96693,"14    Cyg","",19.657356,42.818278,200.0,5.41,-0.063,Cyg
96399,96706,"","",19.659593,45.957439,126.4223,6.25,0.931,Cyg
96414,96721,"","",19.661606,-45.27855,111.7318,6.24,0.293,Tel
96417,96724,"","",19.662478,33.978938,149.925,6.1,0.094,Cyg
96422,96729,"53    Sgr","",19.663739,-23.4277,98.7167,6.33,0.034,Sgr
96428,96734,"","",19.664486,-66.685505,103.3058,6.37,0.037,Pav
96450,96757,"5Alp Sge",Sham,19.668275,18.01389,130.3781,4.39,0.777,Sge
96453,96760,"","",19.668657,-23.429086,109.8901,5.97,1.038,Sgr
96464,96771,"","",19.670332,60.507114,155.521,6.49,0.212,Dra
96474,96781,"","",19.671858,-54.41779,116.2791,6.24,1.001,Tel
96498,96805,"","",19.678097,43.077824,515.4639,6.17,1.561,Cyg
96500,96807,"45    Aql","",19.6787,-0.621233,107.9914,5.64,0.123,Aql
96501,96808,"54    Sgr","",19.678717,-16.293268,73.7463,5.3,1.109,Sgr
96519,96825,"","",19.680601,45.524942,49.6278,5.06,0.426,Cyg
96530,96837,"6Bet Sge","",19.68415,17.476041,134.7709,4.39,1.041,Sge
96533,96840,"","",19.684869,13.815682,100000.0,5.98,-0.078,Aql
96549,96856,"","",19.687403,22.452773,523.5602,6.43,1.481,Vul
96575,96882,"","",19.693681,-65.854414,185.5288,6.08,1.556,Pav
96588,96895,"16    Cyg","",19.696945,50.52506,21.0793,5.99,0.643,Cyg
96594,96901,"","",19.697783,50.517523,21.2134,6.25,0.661,Cyg
96600,96907,"","",19.699338,40.254144,81.5661,6.22,0.182,Cyg
96610,96917,"","",19.700812,-9.193654,112.8668,6.31,1.341,Aql
96612,96919,"","",19.701151,55.463222,316.4557,6.42,1.453,Cyg
96624,96931,"46    Aql","",19.703559,12.193261,215.5172,6.33,-0.077,Aql
96643,96950,"55    Sgr","",19.708648,-16.123996,54.3183,5.06,0.319,Sgr
96650,96957,"47Chi Aql","",19.709447,11.826583,261.7801,5.28,0.575,Aql
96670,96977,"","",19.71239,32.426741,602.4096,5.93,0.118,Cyg
96721,97028,"","",19.719332,30.677891,111.2347,6.08,0.003,Cyg
96722,97029,"","",19.719657,38.671713,387.5969,6.37,1.22,Cyg
96726,97033,"","",19.720653,58.016617,44.2087,6.29,0.59,Cyg
96756,97063,"","",19.72598,-15.470105,48.9237,5.49,0.46,Sgr
96760,97067,"","",19.727116,-37.538765,194.9318,6.14,0.019,Sgr
96763,97070,"","",19.727637,57.042713,77.7605,6.28,0.887,Cyg
96770,97077,"10    Vul","",19.72859,25.771929,101.7294,5.5,0.939,Vul
96774,97081,"","",19.729192,41.773108,174.8252,5.86,1.598,Cyg
96780,97087,"","",19.730959,34.162724,331.1258,6.04,-0.071,Cyg
96784,97091,"","",19.732215,27.135398,757.5758,6.27,1.015,Vul
96811,97118,"15    Cyg","",19.737943,37.354355,88.6525,4.89,0.948,Cyg
96814,97122,"","",19.738446,69.337065,132.1004,5.9,0.072,Dra
96832,97139,"48Psi Aql","",19.742831,13.302783,310.559,6.25,-0.041,Aql
96835,97142,"","",19.743937,34.414164,297.619,6.39,1.521,Cyg
96837,97144,"","",19.744805,8.726538,148.1481,6.43,0.94,Aql
96844,97151,"","",19.746959,40.716803,251.2563,6.36,1.561,Cyg
96858,97165,"18Del Cyg",Fawaris,19.749574,45.13081,50.5817,2.86,-0.002,Cyg
96920,97228,"","",19.761015,36.091022,300.3003,6.38,-0.049,Cyg
96921,97229,"49Ups Aql","",19.761096,7.613158,53.6193,5.89,0.18,Aql
96933,97242,"","",19.764265,35.012751,128.041,6.14,1.07,Cyg
96935,97244,"","",19.764509,-2.883453,362.3188,6.47,0.016,Aql
96951,97260,"","",19.767005,-31.908571,217.8649,5.51,0.024,Sgr
96970,97278,"50Gam Aql",Tarazed,19.770994,10.613261,121.0654,2.72,1.507,Aql
96981,97290,"56    Sgr","",19.772707,-19.761113,63.6537,4.87,1.061,Sgr
96986,97295,"17    Cyg","",19.773777,33.727598,21.2314,5.0,0.476,Cyg
96998,97307,"","",19.776393,32.888591,121.5067,6.18,1.172,Cyg
97017,97326,"","",19.779073,68.437998,175.1313,6.34,0.309,Dra
97056,97365,"7Del Sge","",19.789795,18.534286,182.1494,3.68,1.313,Sge
97063,97372,"","",19.790787,47.907564,299.4012,6.14,1.64,Cyg
97067,97376,"","",19.79105,38.407614,144.9275,5.83,-0.087,Cyg
97093,97402,"","",19.796816,25.384058,126.9036,6.0,0.993,Vul
97112,97421,Nu  Tel,"",19.800321,-56.362611,49.554,5.33,0.196,Tel
97115,97423,"","",19.80084,-13.703616,65.4879,6.11,0.193,Sgr
97124,97433,"63Eps Dra","",19.80285,70.26793,45.3721,3.84,0.888,Dra
97144,97454,"","",19.808476,10.6941,375.9398,6.44,0.932,Aql
97163,97473,"52Pi  Aql","",19.811683,11.815896,157.7287,5.75,0.546,Aql
97174,97484,"","",19.813937,-12.319421,537.6344,6.47,1.676,Sgr
97175,97485,"","",19.814055,33.437283,100000.0,6.42,0.129,Cyg
97181,97491,"","",19.815301,-52.888109,284.9003,6.27,1.131,Tel
97186,97496,"8Zet Sge","",19.816294,19.142042,78.1861,5.01,0.095,Sge
97189,97499,"","",19.817279,-10.870763,96.432,6.0,1.233,Aql
97204,97515,"","",19.819889,-28.788972,46.4253,6.04,0.403,Sgr
97224,97534,"","",19.823694,-72.503378,43.63,5.39,0.234,Pav
97228,97538,"","",19.824306,38.710149,214.5923,6.12,0.906,Cyg
97259,97569,"","",19.831505,-66.813069,308.642,6.44,1.482,Pav
97261,97572,"","",19.831867,28.439674,606.0606,6.45,-0.104,Vul
97262,97573,"","",19.83217,27.085182,143.8849,6.46,0.937,Vul
97287,97598,"","",19.837238,-47.557392,408.1633,5.91,1.678,Tel
97296,97607,"","",19.838189,7.902419,529.1005,6.49,-0.086,Aql
97300,97611,"","",19.839376,-61.06112,284.9003,6.21,-0.135,Pav
97319,97630,"19    Cyg","",19.842776,38.722419,212.3142,5.18,1.665,Cyg
97323,97634,"","",19.843702,40.599759,649.3506,5.68,-0.058,Cyg
97324,97635,"20    Cyg","",19.843813,52.988001,62.0732,5.03,1.286,Cyg
97335,97646,"","",19.845775,-59.193667,84.9618,5.41,0.082,Pav
97338,97649,"53Alp Aql",Altair,19.846388,8.868322,5.1295,0.76,0.221,Aql
97339,97650,"51    Aql","",19.846329,-10.763512,27.8707,5.38,0.402,Aql
97340,97651,"","",19.846353,37.826324,813.0081,6.13,1.626,Cyg
97363,97674,"","",19.85032,-65.605087,57.9039,6.04,0.317,Pav
97365,97675,"54Omi Aql","",19.850456,10.415727,19.1902,5.12,0.563,Aql
97368,97679,"12    Vul","",19.851141,22.610046,193.0502,4.9,-0.153,Vul
97376,97687,"","",19.853083,-2.46099,183.8235,6.12,1.573,Aql
97386,97697,"","",19.854925,9.629887,89.6057,6.25,0.102,Aql
97389,97700,"","",19.855382,47.377236,62.5,6.22,0.398,Cyg
97398,97709,"","",19.857455,4.088632,763.3588,6.47,1.345,Aql
97438,97749,"","",19.864056,-39.874367,92.4214,5.32,-0.045,Sgr
97446,97757,"","",19.866408,47.027339,100000.0,5.6,-0.078,Cyg
97454,97765,"","",19.867109,24.992162,518.1347,5.54,0.68,Vul
97456,97767,"","",19.867623,11.628329,26.617,6.16,0.642,Aql
97464,97774,"","",19.868658,47.931795,510.2041,5.91,-0.174,Cyg
97472,97783,"57    Sgr","",19.870001,-19.044991,115.8749,5.88,0.979,Sgr
97478,97789,"","",19.871226,36.432295,216.9197,6.13,1.434,Cyg
97485,97796,"9    Sge","",19.872712,18.671875,100000.0,6.24,-0.031,Sge
97493,97804,"55Eta Aql","",19.874547,1.005661,423.7288,3.87,0.63,Aql
97505,97816,"","",19.877143,-54.971026,172.4138,5.76,0.915,Tel
97508,97819,"","",19.877532,-54.976444,60.5327,6.5,0.1,Tel
97534,97845,"","",19.88368,47.80772,502.5126,6.3,-0.126,Cyg
97538,97849,"","",19.885107,-14.603203,119.0476,6.47,0.149,Sgr
97559,97870,"23    Cyg","",19.88816,57.523482,194.1748,5.14,-0.125,Cyg
97560,97871,"","",19.888538,-3.114464,80.1282,5.63,0.231,Aql
97575,97886,"13    Vul","",19.891026,24.079614,102.5641,4.57,-0.047,Vul
97581,97892,"","",19.893168,59.70866,104.1667,6.06,0.033,Cyg
97617,97928,"56    Aql","",19.902299,-8.574211,193.7984,5.76,1.664,Aql
97627,97938,"59Xi  Aql",Libertas,19.904134,8.461453,56.2746,4.71,1.023,Aql
97633,97944,"","",19.904931,-23.941071,14.0489,6.22,1.017,Sgr
97650,97961,"","",19.908632,24.319388,144.3001,5.56,-0.018,Vul
97655,97966,"57    Aql","",19.910459,-8.227289,147.929,5.7,-0.079,Aql
97656,97967,"57    Aql","",19.910573,-8.237048,155.7632,6.49,-0.04,Aql
97659,97970,"","",19.911167,7.140353,81.7661,6.14,0.043,Aql
97660,97971,"","",19.911235,-61.170792,115.0748,6.21,0.163,Pav
97669,97980,"58    Aql","",19.912444,0.273627,113.8952,5.6,0.098,Aql
97674,97985,"","",19.913403,36.995676,369.0037,5.79,0.773,Cyg
97700,98012,"","",19.918085,-33.046252,366.3004,6.47,1.487,Sgr
97721,98032,Iot Sgr,"",19.921026,-41.868288,55.7414,4.12,1.063,Sgr
97725,98036,"60Bet Aql",Alshain,19.921887,6.406763,13.6986,3.71,0.855,Aql
97727,98038,"","",19.922083,-6.73478,81.8331,6.49,0.391,Aql
97733,98044,"","",19.922793,58.250193,134.4086,6.1,1.021,Cyg
97744,98055,"24Psi Cyg","",19.927167,52.438948,86.2813,4.91,0.124,Cyg
97755,98066,"58Ome Sgr",Terebellum,19.930651,-26.299506,25.9875,4.7,0.748,Sgr
97757,98068,"22    Cyg","",19.931045,38.486705,442.4779,4.95,-0.086,Cyg
97762,98073,"","",19.932051,58.845969,280.8989,4.98,1.584,Cyg
97774,98085,"10    Sge","",19.933684,16.634799,100000.0,5.71,0.903,Sge
97775,98086,"","",19.933787,-81.34984,227.2727,6.39,1.402,Oct
97792,98103,"61Phi Aql","",19.937292,11.423721,67.2948,5.28,0.014,Aql
97799,98110,"21Eta Cyg","",19.938438,35.083424,41.3736,3.89,1.019,Cyg
97800,98111,"","",19.938622,56.687017,76.5111,6.16,0.09,Cyg
97832,98143,"","",19.945595,36.250599,318.4713,6.03,-0.14,Cyg
97835,98146,"","",19.94588,50.902523,104.6025,6.46,0.003,Cyg
97851,98162,"59    Sgr","",19.94912,-27.169899,255.102,4.54,1.462,Sgr
97863,98174,"","",19.951749,-58.901351,85.3971,5.24,0.014,Pav
97883,98194,"","",19.953852,40.367824,340.1361,5.46,-0.09,Cyg
97923,98234,"11    Sge","",19.962624,16.789163,139.6648,5.54,-0.048,Sge
97941,98253,"","",19.965588,42.260771,325.7329,6.44,0.095,Cyg
97947,98258,"61    Sgr","",19.965842,-15.49149,81.4332,5.01,0.055,Sgr
97997,98308,"","",19.974649,63.534135,136.9863,6.15,0.035,Dra
98009,98320,"","",19.97621,38.105693,440.5286,6.33,-0.09,Cyg
98014,98325,"","",19.977216,30.983665,142.6534,5.51,-0.06,Cyg
98021,98332,"","",19.978116,-69.163957,70.1262,5.74,0.224,Pav
98022,98333,"","",19.97828,70.366949,138.1215,6.32,0.868,Dra
98026,98337,"12Gam Sge","",19.979285,19.492148,79.2393,3.51,1.571,Sge
98035,98346,"","",19.981374,-68.762583,105.7082,6.38,0.164,Pav
98040,98351,"","",19.982338,-30.538384,58.8582,6.27,1.051,Sgr
98042,98353,"60    Sgr","",19.982555,-26.195767,96.0615,4.84,0.882,Sgr
98064,98375,"14    Vul","",19.986261,23.101281,49.1159,5.68,0.345,Vul
98068,98379,"","",19.987595,52.055691,238.6635,6.14,-0.183,Cyg
98072,98383,"","",19.989006,45.772541,138.8889,5.92,0.185,Cyg
98074,98385,"","",19.989623,1.377696,235.2941,6.17,1.129,Aql
98090,98401,"69    Dra","",19.993522,76.481392,161.2903,6.2,1.61,Dra
98101,98412,The1Sgr,"",19.995605,-35.276305,158.9825,4.37,-0.15,Sgr
98105,98416,"","",19.996485,-9.958238,22.2025,5.87,0.598,Aql
98110,98421,The2Sgr,"",19.997595,-34.697799,48.4966,5.3,0.17,Sgr
98114,98425,"25    Cyg","",19.998665,37.042885,404.8583,5.15,-0.133,Cyg
98127,98438,"13    Sge","",20.000919,17.516511,312.5,5.33,1.576,Sge
98147,98458,"","",20.004266,26.187887,800.0,6.49,1.132,Vul
98150,98461,"","",20.004425,-37.701719,107.7586,5.95,0.989,Sgr
98159,98470,"","",20.005621,-33.703452,21.2495,5.65,0.498,Sgr
98167,98478,Mu 1Pav,"",20.006418,-66.94936,73.2601,5.75,1.033,Pav
98171,98482,"","",20.007042,-49.350946,103.7344,6.18,1.056,Tel
98174,98485,"","",20.007356,-43.043302,338.9831,6.11,1.634,Sgr
98184,98495,Eps Pav,"",20.009845,-72.910504,32.2165,3.97,-0.032,Pav
98201,98512,"","",20.013424,-45.112918,81.367,5.8,0.295,Sgr
98215,98526,"","",20.016383,8.557735,212.3142,5.9,1.529,Aql
98232,98543,"15    Vul","",20.018346,27.753573,72.4638,4.66,0.184,Vul
98252,98563,"","",20.020917,37.098996,255.7545,6.23,1.314,Cyg
98260,98571,"26    Cyg","",20.022655,50.104695,133.1558,5.06,1.122,Cyg
98263,98575,"","",20.023291,-22.737307,107.6426,6.01,0.981,Sgr
98268,98579,"","",20.024104,-40.814336,99.9001,6.31,0.113,Sgr
98272,98583,"64    Dra","",20.024594,64.820974,180.1802,5.22,1.598,Dra
98297,98609,"","",20.029086,24.800423,331.1258,5.88,-0.134,Vul
98298,98608,"","",20.029093,-59.375893,145.7726,4.95,1.356,Pav
98313,98624,Mu 2Pav,"",20.03123,-66.943966,72.4638,5.32,1.218,Pav
98321,98633,"63    Sgr","",20.032944,-13.637217,90.9918,5.69,0.079,Sgr
98324,98636,"16    Vul","",20.03373,24.938043,67.981,5.23,0.374,Vul
98346,98658,"65    Dra","",20.03894,64.634419,110.4972,6.27,0.927,Dra
98349,98661,"","",20.039473,22.151458,540.5405,6.5,0.127,Vul
98375,98688,"62    Sgr","",20.044299,-27.709845,137.5516,4.43,1.64,Sgr
98388,98701,"","",20.046892,31.958832,286.533,6.39,1.205,Cyg
98389,98702,"67Rho Dra","",20.04696,67.873565,131.406,4.51,1.313,Dra
98425,98738,"","",20.054555,18.500993,248.139,5.99,1.42,Sge
98441,98754,"","",20.058338,16.031255,195.6947,5.73,-0.095,Aql
98448,98761,"","",20.059291,-37.940699,112.3596,4.77,1.417,Sgr
98454,98767,"","",20.060373,29.896805,15.8579,5.73,0.749,Cyg
98459,98772,"","",20.060777,22.941058,147.4926,6.45,1.028,Vul
98472,98785,"","",20.062309,-22.595595,61.1247,6.44,0.503,Sgr
98504,98819,"15    Sge","",20.068399,17.070173,17.7683,5.8,0.6,Sge
98508,98823,"63Tau Aql","",20.068976,7.277966,141.6431,5.51,1.063,Aql
98527,98842,"","",20.072108,-32.056296,89.1266,4.99,1.208,Sgr
98529,98844,"62    Aql","",20.073098,-0.709309,127.8772,5.67,1.301,Aql
98543,98858,"","",20.074665,48.229664,183.4862,6.16,0.037,Cyg
98548,98863,"","",20.076715,32.218598,100000.0,5.62,0.76,Cyg
98557,98872,"","",20.079032,63.890207,79.1766,6.24,0.1,Dra
98575,98890,"","",20.081502,68.027159,331.1258,6.32,1.649,Dra
98594,98910,"","",20.084837,-11.599413,724.6377,6.38,0.543,Aql
98599,98915,"","",20.085207,51.839398,219.2982,6.14,1.601,Cyg
98604,98920,"16Eta Sge","",20.08597,19.991071,49.1642,5.09,1.058,Sge
98605,98921,"","",20.086039,38.478457,18.7899,6.18,0.654,Cyg
98630,98946,"","",20.089306,56.341422,50.7099,6.19,0.437,Cyg
98638,98954,"","",20.090707,15.500412,126.2626,6.37,1.615,Aql
98643,98959,"","",20.092216,-67.320897,17.7274,6.07,0.648,Pav
98646,98962,"66    Dra","",20.092444,61.99542,52.687,5.4,1.191,Dra
98708,99024,"","",20.103396,-4.07821,111.7318,6.47,1.156,Aql
98710,99026,"","",20.103823,53.165688,36.5631,5.81,0.445,Cyg
98715,99031,"27    Cyg","",20.106055,35.972468,23.9464,5.38,0.85,Cyg
98764,99080,"17    Vul","",20.114835,23.614425,154.5595,5.08,-0.162,Vul
98804,99120,Xi  Tel,"",20.1231,-52.880793,331.1258,4.93,1.591,Tel
98821,99137,"","",20.126412,-55.016012,23.4302,6.26,0.53,Tel
98829,99145,"","",20.128178,34.422905,531.9149,6.12,0.117,Cyg
98842,99158,"","",20.130658,9.399833,39.3701,6.43,0.463,Aql
98855,99171,"64    Aql","",20.13384,-0.678185,46.9484,5.97,1.023,Aql
98860,99176,"","",20.13514,16.66439,485.4369,6.39,1.72,Sge
98872,99188,"","",20.135988,-52.577795,56.0224,6.47,0.682,Tel
98884,99200,"","",20.139021,-66.354691,333.3333,6.45,1.587,Pav
98905,99221,"","",20.14202,-10.062595,169.4915,6.18,0.031,Cap
98918,99234,"","",20.143966,10.725867,543.4783,6.34,-0.136,Aql
98924,99240,Del Pav,"",20.145157,-66.182068,6.1084,3.55,0.751,Pav
98939,99255,"1Kap Cep","",20.148145,77.711419,96.5251,4.38,-0.046,Cep
98953,99270,"","",20.151066,-47.06793,175.4386,6.46,1.463,Tel
98977,99294,"","",20.156212,56.026828,324.6753,6.49,0.938,Cyg
98986,99303,"28    Cyg","",20.157116,36.839621,317.4603,4.93,-0.139,Cyg
99087,99404,"18    Vul","",20.175982,26.904169,129.8701,5.51,0.087,Vul
99127,99445,"","",20.184317,21.134579,149.4768,6.24,0.894,Sge
99135,99453,"","",20.185395,-57.524239,160.0,6.36,0.057,Pav
99139,99457,"","",20.186133,-8.842344,714.2857,6.39,-0.135,Cap
99143,99461,"","",20.186632,-36.101212,6.015,5.32,0.868,Sgr
99156,99473,"65The Aql","",20.188413,-0.821461,87.7963,3.24,-0.066,Aql
99161,99479,"","",20.189171,21.874937,100000.0,6.24,-0.048,Vul
99182,99500,"68    Dra","",20.193007,62.078542,48.3559,5.7,0.53,Dra
99200,99518,"19    Vul","",20.19666,26.80899,432.9004,5.51,1.397,Vul
99211,99529,"1Xi 1Cap","",20.199416,-12.392403,143.8849,6.34,1.209,Cap
99213,99531,"20    Vul","",20.200195,26.478806,246.9136,5.91,-0.107,Vul
99252,99570,"","",20.206624,-42.780063,100.1001,6.2,1.228,Sgr
99254,99572,"2Xi 2Cap","",20.207186,-12.617497,27.7008,5.84,0.476,Cap
99261,99579,"","",20.208812,51.463565,106.1571,6.01,1.139,Cyg
99268,99585,"","",20.209757,0.867054,180.5054,6.25,0.042,Aql
99306,99624,"","",20.217894,-0.330796,202.4291,6.47,1.532,Aql
99312,99631,"66    Aql","",20.220523,-1.009339,216.9197,5.44,1.43,Aql
99320,99639,"30    Cyg","",20.22168,46.815675,187.2659,4.8,0.1,Cyg
99336,99655,"33    Cyg","",20.223288,56.567722,48.8281,4.28,0.114,Cyg
99344,99663,"","",20.224331,60.640569,177.9359,5.81,1.476,Cep
99347,99666,"","",20.22566,-47.713234,196.8504,6.47,1.249,Tel
99356,99675,"31    Cyg","",20.227196,46.741329,271.0027,3.8,1.27,Cyg
99366,99685,"","",20.228559,43.379013,208.7683,6.13,1.489,Cyg
99400,99719,"","",20.234688,36.604881,438.5965,6.47,-0.014,Cyg
99419,99738,"21    Vul","",20.237369,28.694817,91.1577,5.19,0.191,Vul
99423,99742,"67Rho Aql","",20.237949,15.197609,45.977,4.94,0.072,Aql
99428,99747,"","",20.238617,-52.44577,210.084,5.65,1.497,Tel
99443,99762,"","",20.240815,-63.415789,70.922,6.09,0.308,Pav
99451,99770,"29    Cyg","",20.242229,36.806302,42.6985,4.93,0.151,Cyg
99505,99824,"","",20.254415,25.591957,303.9514,4.79,-0.181,Vul
99507,99825,"","",20.254806,-27.032977,8.9111,5.73,0.878,Cap
99523,99841,"","",20.256604,33.729084,97.4659,5.7,0.926,Cyg
99529,99848,"32    Cyg","",20.257867,47.714208,324.6753,3.96,1.451,Cyg
99534,99853,"22    Vul","",20.2584,23.508906,588.2353,5.18,1.016,Vul
99550,99870,"","",20.262013,50.232903,111.2347,6.36,0.096,Cyg
99554,99874,"23    Vul","",20.262816,27.814242,103.8422,4.5,1.258,Vul
99558,99878,"","",20.264057,-30.005278,305.8104,6.3,1.513,Sgr
99569,99889,"","",20.266837,45.579525,34.2583,5.87,0.447,Cyg
99573,99893,"","",20.267619,38.898012,130.8901,6.28,0.006,Cyg
99574,99894,"",Chechia,20.268335,4.580795,65.6168,6.44,0.867,Aql
99593,99913,"18    Sge","",20.272163,21.5987,101.626,6.11,1.039,Sge
99598,99918,"3    Cap","",20.273001,-12.337119,135.8696,6.3,0.005,Cap
99600,99920,"","",20.273225,-36.453575,318.4713,6.3,1.467,Sgr
99609,99929,"","",20.274487,37.056395,675.6757,6.47,-0.097,Cyg
99631,99951,"24    Vul","",20.279746,24.671102,134.2282,5.3,0.951,Vul
99648,99968,"","",20.282024,40.365075,483.0918,5.27,1.65,Cyg
99695,100016,"","",20.291405,42.72206,588.2353,6.32,1.632,Cyg
99696,100017,"","",20.291918,66.853687,17.5685,5.91,0.602,Dra
99697,100018,"","",20.292092,29.147563,127.0648,6.24,1.01,Vul
99706,100027,"5Alp1Cap","",20.29413,-12.508212,174.5201,4.3,0.928,Cap
99723,100044,"34    Cyg","",20.296445,38.03293,100000.0,4.77,0.377,Cyg
99741,100062,"4    Cap","",20.300388,-21.80996,96.9932,5.86,1.002,Cap
99743,100064,"6Alp2Cap",Algedi,20.300904,-12.544852,32.4465,3.58,0.883,Cap
99748,100069,"","",20.301941,40.732082,595.2381,5.83,0.073,Cyg
99775,100097,"","",20.306876,55.397095,90.4977,5.76,0.118,Cyg
99786,100108,"36    Cyg","",20.307958,36.999803,62.5,5.58,0.056,Cyg
99799,100122,"35    Cyg","",20.310853,34.982775,970.8738,5.14,0.66,Cyg
99819,100142,"","",20.313797,46.322194,793.6508,6.46,-0.123,Cyg
99828,100151,"","",20.315548,-47.710774,300.3003,6.28,1.657,Tel
99832,100155,"","",20.315983,39.004184,100000.0,6.35,1.871,Cyg
99842,100165,"","",20.317501,-63.230744,130.719,6.27,1.045,Pav
99861,100184,"","",20.32161,-47.580289,30.7692,6.13,0.469,Tel
99873,100195,"7Sig Cap","",20.323223,-19.118533,343.6426,5.28,1.394,Cap
99885,100208,"","",20.324805,13.216766,218.3406,6.2,1.648,Del
99898,100221,"71    Dra","",20.326863,62.257472,115.8749,5.71,-0.043,Dra
99909,100232,"","",20.328685,-1.078514,120.4819,6.05,1.093,Aql
99926,100250,"","",20.332234,46.837319,354.6099,6.49,-0.084,Cyg
99932,100256,"","",20.333386,13.548091,80.3213,5.96,0.299,Del
99937,100261,"","",20.334998,68.880317,205.3388,5.59,1.472,Dra
99944,100268,"","",20.337561,39.403226,180.5054,6.22,0.06,Cyg
99950,100274,"","",20.339034,14.569257,170.068,6.17,0.926,Del
99952,100276,"","",20.339279,17.792928,167.2241,5.82,1.5,Sge
99971,100295,"","",20.341844,53.595685,606.0606,6.23,1.547,Cyg
99976,100300,"","",20.342309,-55.050882,282.4859,6.27,1.617,Tel
99985,100310,"8Nu  Cap",Alshat,20.344393,-12.75908,77.6398,4.77,-0.047,Cap
100000,100325,"","",20.346263,-14.784892,104.0583,6.09,-0.016,Cap
100007,100332,"","",20.347748,-35.673676,112.9944,6.46,1.311,Sgr
100020,100345,"9Bet Cap",Dabih,20.350187,-14.781367,100.2004,3.05,0.79,Cap
100032,100357,"","",20.3532,63.980122,215.0538,5.69,1.561,Dra
100053,100379,"","",20.357883,-66.74969,44.6229,6.49,0.505,Pav
100086,100412,"","",20.361431,-49.999416,31.0174,6.26,0.549,Tel
100108,100434,"","",20.367516,41.132137,403.2258,6.38,1.016,Cyg
100109,100435,"25    Vul","",20.36762,24.446099,305.8104,5.5,-0.09,Vul
100111,100437,"","",20.368156,45.794994,124.2236,5.58,1.077,Cyg
100128,100453,"37Gam Cyg",Sadr,20.370473,40.256679,561.7978,2.23,0.673,Cyg
100143,100469,Kap1Sgr,"",20.374305,-42.049548,66.1376,5.6,0.002,Sgr
100160,100486,"","",20.37703,31.264966,176.9912,6.09,1.363,Cyg
100175,100501,"","",20.379249,41.026012,259.0674,5.95,1.632,Cyg
100185,100511,"","",20.381213,14.551098,26.2536,6.16,0.498,Del
100189,100515,"","",20.382089,42.983543,102.9866,6.2,0.957,Cyg
100198,100524,"","",20.383553,-9.65471,160.0,6.29,0.913,Cap
100215,100541,"","",20.386304,5.342987,75.5858,5.3,0.983,Aql
100248,100574,"","",20.395658,37.476449,414.9378,5.87,-0.173,Cyg
100260,100587,"39    Cyg","",20.397671,32.190172,76.6284,4.43,1.331,Cyg
100264,100591,Kap2Sgr,"",20.398106,-42.422868,95.511,5.64,0.201,Sgr
100325,100651,"","",20.408989,53.551934,649.3506,6.49,-0.025,Cyg
100338,100664,"","",20.410416,1.068406,247.5248,6.14,-0.036,Aql
100346,100672,"","",20.411599,1.368563,234.7418,6.41,1.605,Aql
100372,100697,"","",20.415226,-83.310616,75.7002,6.15,0.203,Oct
100388,100714,"","",20.418057,59.600097,251.2563,6.44,0.094,Cyg
100412,100738,"","",20.424119,-28.663269,153.8462,5.86,1.101,Sgr
100425,100751,Alp Pav,Peacock,20.427459,-56.73509,54.8246,1.94,-0.118,Pav
100428,100754,"","",20.427925,21.409642,145.7726,5.68,0.921,Vul
100432,100758,"","",20.428479,-2.800378,161.0306,6.1,1.193,Aql
100436,100762,"","",20.428921,10.055999,230.4147,6.32,1.571,Del
100438,100764,"","",20.429985,-40.796184,104.8218,6.08,1.364,Sgr
100453,100779,"","",20.433657,19.865494,180.1802,6.45,1.037,Del
100455,100781,"","",20.433777,13.911612,364.9635,6.35,1.453,Del
100481,100807,"","",20.439765,17.315559,310.559,6.23,1.005,Del
100482,100808,"","",20.439853,56.638698,189.0359,6.38,0.018,Cyg
100526,100852,"","",20.448052,-37.402905,37.3274,6.24,0.961,Sgr
100533,100859,"43    Cyg","",20.450624,49.383367,37.5657,5.73,0.339,Cyg
100540,100866,"","",20.452159,34.329069,100000.0,6.39,0.48,Cyg
100550,100876,"","",20.453942,20.476485,434.7826,6.44,1.03,Del
100555,100881,"10Pi  Cap","",20.455336,-18.211721,167.2241,5.08,-0.049,Cap
100581,100907,"40    Cyg","",20.459517,38.440332,81.4332,5.63,0.072,Cyg
100627,100953,"","",20.468761,8.437448,94.518,6.23,1.074,Del
100639,100965,"75    Dra","",20.470687,81.422708,139.6648,5.38,1.01,Dra
100643,100969,"","",20.471331,2.937161,124.2236,6.2,0.899,Del
100651,100977,"68    Aql","",20.473585,-3.357794,184.8429,6.12,-0.049,Aql
100685,101011,"","",20.478775,-15.741499,197.6285,6.41,0.999,Cap
100691,101017,"","",20.479649,-35.595863,218.3406,6.09,-0.094,Mic
100701,101027,"11Rho Cap","",20.481004,-17.813687,30.2663,4.77,0.386,Cap
100719,101044,"","",20.48412,83.625417,91.2409,6.19,0.163,Dra
100741,101067,"42    Cyg","",20.488997,36.454729,793.6508,5.9,0.407,Cyg
100750,101076,"41    Cyg","",20.489926,30.368555,235.8491,4.01,0.404,Cyg
100757,101084,"","",20.490863,56.06819,265.9574,5.89,-0.052,Cyg
100758,101082,"74    Dra","",20.490931,81.091277,63.7349,5.96,0.942,Dra
100764,101090,"","",20.492039,-22.391567,165.2893,6.13,1.543,Cap
100767,101093,"2The Cep","",20.493015,62.994105,41.841,4.21,0.199,Cep
100775,101101,"69    Aql","",20.494167,-2.885531,61.2745,4.91,1.16,Aql
100797,101123,"12Omi Cap","",20.498307,-18.583178,66.357,5.94,0.062,Cap
100807,101133,"","",20.499978,45.928556,129.3661,6.43,1.137,Cyg
100808,101134,"","",20.5002,72.531703,216.9197,6.23,1.353,Dra
100812,101138,"45Ome1Cyg","",20.500983,48.951569,278.5515,4.94,-0.087,Cyg
100834,101160,"1    Del","",20.50499,10.895924,227.7904,6.03,-0.019,Del
100885,101211,"","",20.515778,-29.112666,209.205,6.35,0.227,Mic
100887,101213,"","",20.516153,20.606148,86.2813,6.21,0.138,Del
100888,101214,"44    Cyg","",20.516453,36.935839,100000.0,6.21,0.969,Cyg
100895,101221,"","",20.517863,-15.056168,116.8224,6.1,0.797,Cap
100917,101243,"46Ome2Cyg","",20.521893,49.220297,122.399,5.44,1.566,Cyg
100919,101245,"","",20.522538,52.309526,115.2074,6.2,1.018,Cyg
100934,101260,"73    Dra","",20.525112,74.954619,121.3592,5.18,0.1,Dra
100942,101268,"","",20.52674,34.330373,45.9137,6.47,0.422,Cyg
100959,101285,"","",20.529586,56.779858,234.7418,6.14,1.431,Cyg
100974,101300,"","",20.532836,25.804977,87.0322,6.37,0.281,Vul
101013,101339,"","",20.539004,2.132808,354.6099,6.47,1.514,Aql
101019,101345,"","",20.539915,-9.853384,24.4021,5.66,0.689,Cap
101058,101384,"","",20.547877,-24.943829,114.1553,6.35,0.001,Cap
101095,101421,"2Eps Del",Aldulfin,20.553547,11.303263,101.3171,4.03,-0.123,Del
101101,101427,"","",20.554894,-80.964862,160.0,5.76,1.122,Oct
101141,101467,"","",20.563487,41.772658,92.081,6.5,0.994,Cyg
101148,101474,"47    Cyg","",20.565052,35.250852,847.4576,4.61,1.593,Cyg
101149,101475,"","",20.565234,46.693866,132.2751,5.78,-0.14,Cyg
101151,101477,Nu  Mic,"",20.565297,-44.516048,71.736,5.12,0.999,Mic
101156,101483,"3Eta Del","",20.565845,13.027255,72.4113,5.39,0.093,Del
101163,101489,"","",20.566646,4.898664,290.6977,6.42,1.016,Del
101179,101505,"","",20.56944,20.985185,279.3296,6.49,-0.138,Vul
101181,101507,"","",20.569916,-13.721091,32.8084,6.11,0.543,Cap
101226,101552,"","",20.57983,-30.473472,179.8561,6.42,-0.075,Mic
101230,101556,"","",20.580668,51.854221,100000.0,6.19,0.318,Cyg
101232,101558,"","",20.582076,-38.08989,66.7557,6.45,0.264,Mic
101244,101570,"","",20.585088,-71.188779,239.2344,6.41,1.305,Pav
101263,101589,"4Zet Del","",20.588482,14.674213,67.4764,4.64,0.12,Del
101282,101608,"","",20.592293,-16.525879,71.1238,6.19,0.218,Cap
101285,101612,Phi1Pav,"",20.593003,-60.581749,27.7932,4.75,0.291,Pav
101296,101623,"","",20.596614,-44.337606,142.0455,6.36,0.958,Mic
101299,101626,"","",20.597691,-69.610586,191.9386,6.09,1.293,Pav
101314,101641,"26    Vul","",20.602316,25.882648,195.6947,6.4,0.158,Vul
101357,101684,"","",20.610648,-63.120963,50.813,6.34,0.413,Pav
101365,101692,"70    Aql","",20.61212,-2.549957,398.4064,4.91,1.606,Aql
101389,101716,"27    Vul","",20.617964,26.461947,97.371,5.59,-0.05,Vul
101419,101746,"","",20.621773,0.096978,166.9449,6.21,-0.076,Aql
101429,101756,"","",20.623217,38.328665,111.9821,6.21,1.011,Cyg
101438,101765,"48    Cyg","",20.625494,31.57254,261.7801,6.32,-0.089,Cyg
101442,101769,"6Bet Del",Rotanev,20.625816,14.595087,30.931,3.64,0.425,Del
101445,101772,Alp Ind,"",20.626116,-47.291502,30.1477,3.11,0.998,Ind
101446,101773,Rho Pav,"",20.626465,-61.529918,58.1395,4.86,0.447,Pav
101472,101800,"5Iot Del","",20.630311,11.377676,57.9374,5.42,0.05,Del
101479,101808,"","",20.631173,-25.10922,47.5285,6.38,0.328,Cap
101482,101810,"","",20.631869,18.26858,116.8224,6.22,1.162,Del
101515,101843,"","",20.638501,-81.289063,195.6947,5.89,1.692,Oct
101519,101847,"71    Aql","",20.638967,-1.105121,103.4126,4.31,0.949,Aql
101539,101867,"29    Vul","",20.642038,21.201174,71.3776,4.81,-0.03,Vul
101540,101868,"28    Vul","",20.642198,24.115958,160.2564,5.06,-0.133,Vul
101542,101870,"","",20.643053,23.680494,625.0,5.91,0.953,Vul
101553,101882,"8The Del","",20.645552,13.315125,617.284,5.69,1.509,Del
101570,101899,"","",20.649867,30.334265,108.5776,5.68,1.088,Cyg
101571,101900,"","",20.650051,56.00485,129.5337,6.45,0.403,Cyg
101580,101909,"","",20.65138,15.838199,413.2231,5.99,-0.145,Del
101582,101911,"","",20.651628,-4.929494,74.4048,6.46,1.016,Aqr
101587,101916,"7Kap Del","",20.652161,10.086203,30.1205,5.07,0.702,Del
101590,101919,"","",20.652958,21.817444,220.2643,6.08,-0.043,Vul
101592,101921,"","",20.653681,-2.412975,549.4505,6.23,-0.09,Aqr
101594,101923,"14Tau Cap","",20.654533,-14.95476,348.4321,5.24,-0.129,Cap
101607,101936,"1    Aqr","",20.656914,0.486445,71.4796,5.15,1.06,Aqr
101620,101949,"","",20.659254,40.579658,283.2861,6.07,-0.134,Cyg
101629,101958,"9Alp Del",Sualocin,20.660635,15.912072,77.821,3.77,-0.057,Del
101636,101965,"","",20.664371,-62.907802,138.6963,6.22,1.099,Pav
101637,101966,"","",20.66441,11.249649,33.5233,6.39,0.559,Del
101654,101983,Phi2Pav,"",20.667347,-60.548892,24.6609,5.11,0.544,Pav
101655,101984,"15Ups Cap","",20.667485,-18.138659,177.9359,5.15,1.647,Cap
101657,101986,"","",20.667549,43.458878,137.5516,5.97,1.186,Cyg
101668,101997,"","",20.669925,-23.773867,14.3823,6.36,0.719,Cap
101681,102011,"","",20.671635,60.505264,32.9056,6.02,0.443,Cep
101684,102014,"","",20.672174,-33.431843,72.6216,5.47,1.118,Mic
101696,102026,"","",20.6757,-16.12418,100.4016,5.79,0.997,Cap
101703,102033,"","",20.676743,29.805552,74.239,6.02,0.163,Cyg
101710,102040,"","",20.679205,19.935536,20.9468,6.43,0.611,Del
101727,102057,"","",20.682117,-42.396689,164.2036,6.25,0.934,Mic
101736,102066,"49    Cyg","",20.684039,32.307287,244.4988,5.53,0.871,Cyg
101749,102080,"10    Del","",20.687836,14.58288,155.521,6.01,1.235,Del
101761,102092,"","",20.689902,-31.598289,138.8889,5.75,1.551,Mic
101763,102094,"","",20.690073,-25.999911,173.3102,6.29,1.224,Cap
101765,102096,"","",20.690182,-42.13378,350.8772,6.28,1.584,Mic
101767,102098,"50Alp Cyg",Deneb,20.690532,45.280338,432.9004,1.25,0.092,Cyg
101824,102155,"","",20.699028,41.716875,335.5705,5.68,-0.107,Cyg
101826,102157,Ups Pav,"",20.699186,-66.760682,240.9639,5.14,-0.061,Pav
101827,102158,"","",20.69949,17.521489,148.8095,6.24,0.942,Del
101831,102162,Mu 1Oct,"",20.700731,-76.180592,101.1122,5.99,0.45,Oct
101846,102177,"51    Cyg","",20.703508,50.34003,390.625,5.41,-0.107,Cyg
101877,102208,"76    Dra","",20.709755,82.531158,108.1081,5.75,0.0,Dra
101885,102216,"","",20.711025,60.601316,189.3939,6.17,0.034,Cep
101899,102230,"","",20.71471,-39.55883,280.8989,6.3,1.073,Mic
101922,102253,"4    Cep","",20.719722,66.657447,42.7899,5.59,0.218,Cep
101927,102258,"","",20.720468,57.113996,100000.0,6.34,0.282,Cep
101945,102276,"","",20.723387,35.587801,100000.0,6.48,1.251,Cyg
101950,102281,"11Del Del","",20.724315,15.074581,68.4463,4.43,0.302,Del
102002,102333,Eta Ind,"",20.733966,-51.920971,24.1721,4.51,0.278,Ind
102027,102358,"","",20.739457,56.488405,336.7003,5.91,1.643,Cep
102039,102370,"","",20.742518,69.751813,132.8021,6.5,0.973,Cep
102057,102388,"30    Vul","",20.747919,25.270617,99.6016,4.92,1.183,Vul
102064,102395,Bet Pav,"",20.749314,-66.203212,41.425,3.42,0.163,Pav
102083,102414,"","",20.753645,-27.24728,145.3488,6.5,0.946,Cap
102091,102422,"3Eta Cep","",20.754811,61.838782,14.2653,3.41,0.912,Cep
102100,102431,"","",20.755878,57.579725,27.2926,4.52,0.535,Cep
102122,102453,"52    Cyg","",20.761043,30.719715,61.6523,4.22,1.051,Cyg
102154,102485,"16Psi Cap","",20.76826,-25.270898,14.6778,4.13,0.426,Cap
102156,102487,"17    Cap","",20.769441,-21.514032,80.8407,5.91,0.066,Cap
102157,102488,"53Eps Cyg",Aljanah,20.770178,33.970256,22.2916,2.48,1.021,Cyg
102165,102496,"","",20.771834,-36.120152,67.8426,6.49,0.433,Mic
102166,102497,"","",20.772238,-39.199262,99.5025,5.48,-0.078,Mic
102168,102499,"","",20.772566,52.995297,136.612,6.34,1.131,Cyg
102199,102530,"","",20.777388,46.531692,132.4503,6.3,0.064,Cyg
102200,102531,"12Gam1Del","",20.777462,16.124134,37.9507,5.15,0.495,Del
102201,102532,"12Gam2Del","",20.77764,16.124296,38.7297,4.27,1.042,Del
102230,102561,"","",20.784323,-2.486912,239.2344,6.28,1.558,Aqr
102240,102571,"","",20.786319,34.374123,136.4256,4.93,1.294,Cyg
102254,102585,"","",20.789102,45.579934,353.3569,6.41,1.606,Cyg
102258,102589,"54Lam Cyg","",20.790149,36.490717,235.8491,4.53,-0.083,Cyg
102268,102599,"","",20.79265,80.552262,122.2494,5.36,1.144,Dra
102287,102618,"2Eps Aqr",Albali,20.794598,-9.495776,63.6943,3.78,0.0,Aqr
102293,102624,"3    Aqr","",20.795621,-5.027701,179.5332,4.43,1.639,Aqr
102300,102631,"","",20.796633,3.306467,144.9275,6.38,-0.013,Del
102302,102633,"13    Del","",20.796759,6.008209,131.406,5.57,-0.01,Del
102304,102635,"","",20.797025,47.831869,179.8561,5.6,1.466,Cyg
102311,102642,"","",20.798038,52.407167,42.517,6.29,0.883,Cyg
102339,102670,"","",20.805115,-44.196832,160.7717,6.47,1.161,Mic
102362,102693,Iot Mic,"",20.808084,-43.988544,35.4233,5.11,0.361,Mic
102381,102712,"","",20.811872,51.910331,222.7171,6.26,-0.071,Cyg
102393,102724,"55    Cyg","",20.815637,46.114134,714.2857,4.81,0.571,Cyg
102439,102770,"","",20.821455,-0.563337,303.9514,6.24,1.401,Aqr
102440,102771,"","",20.821498,64.042257,662.2517,6.45,0.025,Cep
102441,102772,"","",20.821559,-25.78124,295.858,5.86,-0.069,Cap
102442,102773,Sig Pav,"",20.821733,-68.776521,92.5926,5.41,1.122,Pav
102449,102780,"","",20.822373,-18.035855,307.6923,6.2,1.402,Cap
102459,102790,Zet Ind,"",20.824709,-46.226826,126.5823,4.9,1.494,Ind
102473,102804,"","",20.827134,50.127082,411.5226,6.5,1.624,Cyg
102474,102805,"15    Del","",20.827158,12.545128,30.6185,6.01,0.42,Del
102488,102819,"14    Del","",20.830072,7.864185,153.3742,6.32,0.019,Del
102496,102827,"","",20.831846,46.661337,492.6108,6.33,-0.066,Cyg
102500,102831,Alp Mic,"",20.8328,-33.779722,116.0093,4.89,1.004,Mic
102502,102833,"","",20.833082,5.54456,126.7427,6.2,0.986,Del
102513,102843,"56    Cyg","",20.834695,44.059304,40.9668,5.06,0.198,Cyg
102560,102891,"","",20.844938,-12.544906,80.9717,5.87,1.075,Aqr
102570,102901,"","",20.84643,-32.054604,198.4127,6.42,1.513,Mic
102585,102916,"","",20.850211,-37.913332,180.1802,5.52,1.38,Mic
102614,102945,"4    Aqr","",20.857152,-5.626633,60.7165,5.99,0.464,Aqr
102618,102949,"","",20.857844,28.250505,369.0037,5.66,0.616,Vul
102619,102950,Iot Ind,"",20.858347,-51.608179,143.0615,5.06,1.125,Ind
102631,102962,"","",20.860681,-62.429335,76.3359,5.67,0.203,Pav
102647,102978,"18Ome Cap","",20.863692,-26.919133,258.3979,4.12,1.633,Cap
102659,102989,Bet Mic,"",20.866322,-33.177974,147.929,6.06,0.029,Mic
102662,102993,"","",20.866775,32.848894,531.9149,6.42,-0.138,Cyg
102673,103004,"31    Vul","",20.868801,27.096979,57.8035,4.56,0.835,Vul
102674,103005,"5    Aqr","",20.869082,-5.507059,199.2032,5.55,-0.076,Aqr
102714,103045,"6Mu  Aqr","",20.877565,-8.983318,48.216,4.73,0.325,Aqr
102740,103071,"","",20.883653,-23.783203,107.7586,6.32,0.876,Cap
102746,103077,"","",20.884888,-11.573659,44.1501,6.38,0.661,Aqr
102748,103079,"","",20.88538,29.649097,122.6994,6.36,1.085,Cyg
102758,103089,"57    Cyg","",20.887431,44.38726,161.0306,4.8,-0.134,Cyg
102763,103094,"","",20.88849,45.181673,308.642,5.48,1.088,Cyg
102772,103103,"","",20.890266,-30.718954,174.5201,6.35,1.1,Mic
102796,103127,"","",20.894494,-39.809865,122.6994,5.34,1.318,Mic
102814,103145,"","",20.898304,33.437891,184.1621,5.47,1.522,Cyg
102823,103154,"","",20.899552,-6.889461,66.7557,6.44,0.361,Aqr
102837,103168,"","",20.901825,-27.925239,314.4654,6.41,1.634,Mic
102868,103200,"32    Vul","",20.909344,28.057621,178.5714,5.03,1.481,Vul
102873,103206,"","",20.909751,-50.727341,278.5515,6.23,-0.098,Ind
102887,103219,"","",20.912304,75.92557,124.3781,5.99,0.946,Cep
102894,103226,"19    Cap","",20.913283,-17.922894,111.8568,5.78,1.122,Cap
102895,103227,Bet Ind,"",20.913498,-58.454155,187.6173,3.67,1.25,Ind
102962,103294,"17    Del","",20.926858,13.721536,147.0588,5.19,1.119,Del
102966,103298,"16    Del","",20.927381,12.568558,60.4961,5.54,0.131,Del
102969,103301,"","",20.927966,4.532723,141.6431,6.04,0.824,Del
102980,103312,"","",20.930501,47.417656,100000.0,5.68,0.408,Cyg
103014,103346,"","",20.938058,56.887519,292.3977,6.23,-0.172,Cep
103027,103359,"","",20.940407,50.728598,51.2821,5.83,0.337,Cyg
103028,103360,"","",20.940526,49.195847,234.7418,5.92,1.054,Cyg
103039,103371,"","",20.942994,44.924722,100000.0,5.96,0.02,Cyg
103057,103389,"","",20.946479,-26.296378,21.9684,5.7,0.507,Cap
103069,103401,"7    Aqr","",20.948341,-9.697545,167.5042,5.49,1.474,Aqr
103081,103413,"58Nu  Cyg","",20.952893,41.167136,114.8106,3.94,0.027,Cyg
103083,103414,"","",20.952938,0.463779,93.985,6.06,1.217,Aqr
103128,103460,"","",20.96129,-16.031539,54.8546,5.89,0.18,Cap
103179,103511,"33    Vul","",20.971209,22.325908,138.6963,5.3,1.419,Vul
103187,103519,"","",20.972067,44.471711,79.3021,5.55,0.973,Cyg
103195,103527,"18    Del",Musica,20.973871,10.839286,75.3012,5.51,0.934,Del
103198,103530,"","",20.975009,50.461791,331.1258,5.59,-0.144,Cyg
103200,103532,"","",20.975264,41.939925,152.9052,6.17,-0.079,Cyg
103213,103545,"","",20.978289,-14.483128,87.184,5.95,0.244,Aqr
103237,103569,"1Eps Equ","",20.984577,4.293481,54.0833,5.3,0.464,Equ
103240,103571,"","",20.984753,4.29461,56.5611,5.24,0.457,Equ
103264,103596,"","",20.990171,42.324466,246.3054,6.47,-0.077,Cyg
103266,103598,"","",20.990377,59.438594,188.6792,5.54,1.411,Cep
103284,103616,"20    Cap","",20.993372,-19.035283,164.2036,6.26,-0.11,Cap
103300,103632,"59    Cyg","",20.997098,47.520951,434.7826,4.74,-0.084,Cyg
103314,103646,"","",20.999911,-36.129641,40.2576,6.1,0.4,Mic
103320,103652,"","",21.001106,7.516197,75.815,5.98,0.283,Equ
103341,103673,"","",21.005976,-51.265312,28.0112,5.76,0.48,Ind
103344,103675,"","",21.007691,19.329581,160.5136,5.69,1.588,Del
103350,103682,"11    Aqr","",21.0094,-4.730261,27.2257,6.21,0.635,Aqr
103361,103693,"","",21.012061,-53.73907,232.0186,6.26,1.563,Ind
103371,103703,"","",21.014379,-17.530898,160.5136,6.07,1.267,Cap
103400,103732,"60    Cyg","",21.019702,46.155773,467.2897,5.38,-0.206,Cyg
103402,103734,"","",21.02024,36.02601,191.9386,6.01,0.994,Cyg
103406,103738,Gam Mic,"",21.021517,-32.257767,70.2247,4.67,0.89,Mic
103421,103752,"","",21.02445,-68.209593,79.7448,6.36,0.101,Pav
103445,103777,"","",21.029244,-26.880993,92.9368,6.04,0.073,Cap
103478,103810,"","",21.035834,56.669614,282.4859,5.83,-0.058,Cep
103490,103822,"","",21.039155,39.509035,223.7136,6.5,1.51,Cyg
103496,103828,"","",21.040056,44.79098,299.4012,6.18,1.687,Cyg
103504,103836,"","",21.040873,-38.53097,67.3401,5.93,1.106,Mic
103539,103871,"","",21.046838,45.84889,400.0,6.5,-0.124,Cyg
103550,103882,Zet Mic,"",21.049433,-38.631447,35.3732,5.32,0.424,Mic
103557,103889,"","",21.049896,-0.924744,500.0,6.5,-0.094,Aqr
103559,103891,"","",21.050498,14.730026,245.7002,6.33,1.68,Del
103560,103892,"","",21.05084,1.532061,70.8215,6.24,0.479,Aqr
103562,103894,"","",21.051343,38.657415,220.2643,6.1,1.011,Cyg
103570,103902,"","",21.05283,-27.731594,292.3977,6.25,0.945,Mic
103597,103929,"","",21.057241,50.351914,111.8568,6.37,0.986,Cyg
103617,103949,"","",21.062077,46.86315,80.0,6.32,0.259,Cyg
103624,103956,"","",21.063225,53.2859,114.2857,5.93,1.001,Cyg
103631,103963,"","",21.064482,41.628175,96.3391,6.34,0.39,Cyg
103649,103981,"12    Aqr","",21.067979,-5.823066,153.8462,5.53,0.683,Aqr
103684,104019,"22Eta Cap","",21.073417,-19.854991,49.505,4.82,0.169,Cap
103696,104031,"3    Equ","",21.076292,5.502862,235.8491,5.63,1.65,Equ
103706,104041,"","",21.078233,2.942274,151.0574,6.41,1.051,Equ
103708,104043,Alp Oct,"",21.078621,-77.023767,43.535,5.13,0.49,Oct
103713,104048,"","",21.079271,2.269771,121.0654,6.34,0.965,Aqr
103725,104060,"62Xi  Cyg","",21.082184,43.927852,258.3979,3.72,1.609,Cyg
103750,104085,Mu  Ind,"",21.08729,-54.727042,112.1076,5.17,1.201,Ind
103766,104101,"4    Equ","",21.090756,5.958199,48.9237,5.94,0.538,Equ
103770,104105,"","",21.09145,78.126392,123.4568,5.91,-0.065,Cep
103804,104139,"23The Cap","",21.099118,-17.232861,49.7265,4.08,-0.01,Cap
103813,104148,Del Mic,"",21.100317,-30.12512,92.4214,5.69,1.047,Mic
103836,104171,"","",21.10649,71.431797,48.7329,5.88,0.386,Cep
103837,104172,"","",21.106521,26.924362,126.1034,6.13,1.026,Vul
103839,104174,"","",21.106855,-32.341618,100.6036,5.2,1.104,Mic
103842,104177,Eta Mic,"",21.107087,-41.385965,218.3406,5.55,1.35,Mic
103850,104185,"","",21.108401,31.184657,518.1347,5.77,0.554,Cyg
103859,104194,"63    Cyg","",21.110026,47.648403,316.4557,4.56,1.569,Cyg
103867,104202,"","",21.111067,3.803119,72.2022,6.48,0.88,Equ
103879,104214,"61    Cyg","",21.114794,38.749415,3.4865,5.2,1.069,Cyg
103883,104217,"61    Cyg","",21.115163,38.742055,3.498,6.05,1.309,Cyg
103899,104234,"24    Cap","",21.118797,-25.005853,139.8601,4.49,1.604,Cap
103944,104281,"","",21.126012,15.658657,147.7105,6.27,1.008,Del
103959,104296,"","",21.129033,-45.379469,95.511,6.45,0.245,Ind
103960,104297,"","",21.129082,-17.455902,119.9041,6.18,-0.035,Cap
104020,104357,"","",21.14115,6.989358,357.1429,6.14,1.669,Equ
104027,104364,"","",21.142417,-63.92826,156.9859,5.75,1.18,Pav
104028,104365,"25Chi Cap","",21.142673,-21.193669,55.1268,5.3,0.0,Cap
104034,104371,"","",21.144135,30.205637,115.7407,5.6,-0.048,Cyg
104046,104382,Sig Oct,Polaris Australis,21.146119,-88.956499,86.1326,5.45,0.283,Oct
104102,104440,"","",21.156052,-73.172968,19.7668,5.67,0.59,Pav
104104,104441,"","",21.156203,-36.705937,77.2201,6.47,0.52,Mic
104115,104452,"27    Cap","",21.159165,-20.556661,51.5996,6.25,0.385,Cap
104122,104459,"13Nu  Aqr","",21.159902,-11.371693,48.852,4.5,0.926,Aqr
104144,104481,"","",21.166185,2.943681,75.2445,6.44,0.375,Equ
104180,104516,"","",21.17099,53.5631,135.8696,5.75,-0.111,Cyg
104184,104521,"5Gam Equ","",21.172361,10.131579,36.2976,4.7,0.262,Equ
104200,104537,"","",21.175266,47.692224,423.7288,6.46,0.007,Cyg
104201,104538,"6    Equ","",21.175365,10.048922,135.8696,6.07,0.022,Equ
104220,104557,"","",21.179705,-9.354074,103.6269,6.27,1.161,Aqr
104260,104597,"","",21.189135,-72.544353,120.3369,6.18,1.087,Pav
104297,104634,"","",21.194816,-14.472378,125.4705,6.47,0.316,Aqr
104305,104642,"","",21.196733,59.98661,100000.0,5.64,0.11,Cep
104342,104680,"","",21.203806,-40.269362,31.6656,5.83,0.45,Mic
104394,104732,"64Zet Cyg","",21.215607,30.226916,43.8789,3.21,0.99,Cyg
104400,104738,"","",21.21751,-39.424922,32.9598,5.25,0.46,Mic
104412,104750,"","",21.221479,-27.619333,112.4859,5.41,1.425,Mic
104414,104752,"","",21.221933,-36.423527,112.1076,5.97,0.967,Mic
104417,104755,Omi Pav,"",21.222351,-70.126267,273.9726,5.06,1.578,Pav
104418,104756,"","",21.222665,81.230972,161.2903,6.12,0.092,Cep
104427,104765,"","",21.224007,36.633263,471.6981,6.07,0.223,Cyg
104433,104771,"","",21.224663,15.982395,87.6424,6.27,0.238,Peg
104450,104788,"","",21.228464,64.403952,42.7533,6.38,0.625,Cep
104484,104822,"","",21.23619,29.900959,546.4481,6.18,1.105,Cyg
104520,104858,"7Del Equ","",21.241337,10.006981,18.4877,4.47,0.529,Equ
104534,104872,"","",21.243625,0.092256,289.8551,6.38,1.574,Aqr
104549,104887,"65Tau Cyg","",21.246517,38.045317,20.3417,3.74,0.393,Cyg
104576,104914,"","",21.251839,-17.345138,111.1111,6.05,0.978,Cap
104587,104925,"","",21.253991,-40.506065,171.2329,6.2,1.138,Mic
104624,104962,"","",21.260327,47.973995,452.4887,6.45,-0.129,Cyg
104625,104963,"28Phi Cap","",21.260528,-20.651696,197.2387,5.17,1.161,Cap
104630,104968,"","",21.261779,77.012296,291.5452,5.92,1.531,Cep
104637,104974,"29    Cap","",21.262456,-15.1715,187.6173,5.31,1.639,Cap
104641,104978,"","",21.262738,-53.263084,131.2336,5.73,0.191,Ind
104642,104980,"","",21.262995,-36.210709,215.9827,6.13,1.38,Mic
104649,104987,"8Alp Equ",Kitalpha,21.263731,5.247845,58.3431,3.92,0.549,Equ
104679,105017,"","",21.271424,44.238222,414.9378,6.36,0.979,Cyg
104681,105019,"","",21.271604,-9.214656,507.6142,6.45,1.612,Aqr
104696,105034,"","",21.274894,42.251787,221.7295,6.23,1.251,Cyg
104708,105046,"","",21.277631,-1.607759,209.205,6.48,0.981,Aqr
104727,105064,"","",21.283899,53.997693,136.0544,6.12,0.049,Cyg
104741,105079,"","",21.287094,-13.278989,194.1748,6.41,0.035,Aqr
104742,105080,"","",21.287289,55.798001,369.0037,6.0,1.447,Cep
104753,105091,"","",21.288553,58.611485,840.3361,6.42,0.194,Cep
104763,105101,"","",21.289773,42.683572,260.4167,6.17,-0.094,Cyg
104764,105102,"67Sig Cyg","",21.290265,39.394681,884.9558,4.22,0.098,Cyg
104800,105138,"66Ups Cyg","",21.298632,34.896898,196.8504,4.41,-0.103,Cyg
104802,105140,Eps Mic,"",21.298966,-32.172539,55.8659,4.71,0.07,Mic
104805,105143,"30    Cap","",21.299246,-17.985138,163.6661,5.4,-0.118,Cap
104810,105148,"","",21.300132,-64.68158,157.9779,6.32,-0.064,Pav
104826,105164,"15    Aqr","",21.303076,-4.519478,311.5265,5.83,-0.13,Aqr
104848,105186,"68    Cyg","",21.307551,43.945945,100000.0,5.04,-0.061,Cyg
104855,105193,"","",21.309008,61.184393,311.5265,6.43,1.543,Cep
104861,105199,"5Alp Cep",Alderamin,21.30963,62.585573,15.0376,2.45,0.257,Cep
104886,105224,"","",21.314452,11.203373,289.0173,5.97,1.612,Equ
104890,105228,"","",21.315055,-28.76582,110.1322,6.4,0.966,Mic
104891,105229,"","",21.315369,41.040518,617.284,6.15,0.257,Cyg
104920,105259,"","",21.321025,58.623502,591.716,5.51,1.114,Cep
104929,105269,"","",21.322828,38.237473,662.2517,5.89,0.505,Cyg
104930,105268,"6    Cep","",21.322838,64.871855,609.7561,5.19,-0.045,Cep
104943,105282,"","",21.324652,49.510294,167.2241,5.75,-0.119,Cyg
104979,105319,The Ind,"",21.331096,-53.449427,30.2847,4.39,0.191,Ind
104994,105334,"","",21.335968,-45.021893,581.3953,6.15,2.387,Ind
105003,105344,"","",21.337242,22.026186,233.1002,6.29,-0.106,Vul
105030,105370,"","",21.342632,60.756405,124.3781,6.11,1.005,Cep
105041,105382,The1Mic,"",21.346008,-40.809465,60.4595,4.8,0.029,Mic
105049,105390,"","",21.347235,32.452221,65.6168,6.45,0.802,Cyg
105067,105406,"","",21.350396,40.345066,27.0124,6.39,0.533,Cyg
105071,105411,"","",21.351217,23.855966,82.9187,5.58,1.057,Peg
105072,105412,"16    Aqr","",21.351199,-4.560125,90.9091,5.87,0.912,Aqr
105073,105413,"9    Equ","",21.35134,7.354503,200.8032,5.81,1.663,Equ
105085,105425,"","",21.354611,-49.938248,110.1322,6.4,1.327,Ind
105092,105432,"","",21.356094,32.612733,186.5672,6.05,0.062,Cyg
105156,105497,"","",21.36678,49.388848,100.9082,5.68,1.1,Cyg
105162,105502,"1    Peg","",21.36811,19.804508,47.7783,4.08,1.108,Peg
105175,105515,"32Iot Cap","",21.370776,-16.834542,60.3136,4.28,0.888,Cap
105217,105558,"","",21.378348,30.309882,112.2334,6.07,1.079,Cyg
105229,105570,"10Bet Equ","",21.381559,6.81114,101.4199,5.16,0.064,Equ
105233,105574,"17    Aqr","",21.382293,-9.31933,224.2152,5.99,1.516,Aqr
105235,105576,"","",21.38347,-22.669048,237.5297,5.63,1.641,Cap
105296,105637,"","",21.396775,37.351481,281.6901,6.46,1.472,Cyg
105305,105646,"","",21.398859,-25.202484,266.6667,6.47,1.123,Cap
105311,105652,"","",21.399672,24.274135,51.8135,5.7,0.314,Vul
105319,105660,"","",21.402069,25.312423,174.8252,6.2,0.026,Vul
105321,105662,"","",21.402202,-22.747101,137.741,6.38,1.026,Cap
105324,105665,"33    Cap","",21.402665,-20.851869,73.3676,5.38,1.176,Cap
105327,105668,"18    Aqr","",21.403192,-12.878108,47.1032,5.48,0.297,Aqr
105337,105678,"","",21.40465,-69.733882,403.2258,6.28,2.607,Pav
105344,105685,"","",21.405786,-46.614706,101.0101,6.3,0.235,Ind
105348,105689,"","",21.406426,24.528393,146.6276,6.35,1.057,Vul
105354,105695,"","",21.406823,10.174252,113.6364,6.33,0.474,Equ
105355,105696,The2Mic,"",21.406893,-41.006695,119.7605,5.76,-0.036,Mic
105362,105703,"","",21.409445,26.17456,68.6342,5.67,0.323,Vul
105386,105727,"","",21.413729,80.524826,111.1111,5.97,0.95,Cep
105388,105729,"20    Aqr","",21.414354,-3.398357,63.5728,6.38,0.334,Aqr
105420,105761,"19    Aqr","",21.420285,-9.748552,91.8274,5.71,0.208,Aqr
105426,105767,"21    Aqr","",21.421377,-3.556747,119.0476,5.48,1.451,Aqr
105427,105768,"","",21.421673,-71.799061,171.8213,6.09,1.265,Pav
105428,105769,"","",21.422083,46.714341,33.4672,5.59,0.335,Cyg
105471,105811,"69    Cyg","",21.429729,36.667386,100000.0,5.93,0.033,Cyg
105478,105819,"","",21.430996,0.53434,74.239,6.45,0.162,Aqr
105499,105841,Gam Ind,"",21.437622,-54.660459,66.8449,6.1,0.366,Ind
105513,105854,"","",21.43968,-37.829429,80.8407,5.64,1.185,Mic
105519,105858,Gam Pav,"",21.440705,-65.366198,9.2618,4.21,0.494,Pav
105520,105860,"","",21.440739,19.37564,46.3607,6.08,0.235,Peg
105523,105864,"","",21.441126,1.103359,49.505,6.12,0.481,Aqr
105540,105881,"34Zet Cap","",21.444452,-22.411332,118.2033,3.77,1.002,Cap
105550,105891,"","",21.445823,52.898537,137.3626,6.01,-0.109,Cyg
105557,105898,"","",21.447668,48.835168,126.1034,5.29,0.108,Cyg
105572,105913,"","",21.450454,-42.54793,56.4334,5.5,0.392,Mic
105587,105928,"35    Cap","",21.454117,-21.19621,171.8213,5.78,1.44,Cap
105601,105942,"70    Cyg","",21.455935,37.116798,400.0,5.3,-0.14,Cyg
105608,105949,"","",21.457025,59.750075,311.5265,6.11,1.72,Cep
105625,105966,"35    Vul","",21.461126,27.608593,58.3431,5.39,0.049,Vul
105631,105972,"7    Cep","",21.46282,66.809096,246.9136,5.42,-0.099,Cep
105662,106003,"","",21.468955,32.22533,44.7227,5.75,0.333,Cyg
105680,106021,"","",21.473566,8.195645,235.2941,6.39,1.64,Peg
105691,106032,"8Bet Cep",Alfirk,21.477662,70.560716,210.084,3.23,-0.201,Cep
105698,106039,"36    Cap","",21.478721,-21.80718,52.4659,4.5,0.889,Cap
105703,106044,"","",21.479121,-69.505386,126.2626,5.47,1.553,Pav
105711,106052,"","",21.481314,55.418702,390.625,6.14,0.1,Cep
105721,106062,"","",21.483271,22.179436,204.0816,5.84,1.37,Peg
105723,106064,"","",21.48331,17.905909,145.1379,6.42,1.393,Peg
105724,106065,"","",21.483366,-53.705912,117.9245,6.39,1.14,Ind
105752,106093,"71    Cyg","",21.490816,46.540585,66.4452,5.22,0.965,Cyg
105762,106103,"","",21.492916,6.581379,193.4236,6.41,1.179,Peg
105798,106140,"2    Peg","",21.499137,23.638838,120.7729,4.52,1.618,Peg
105829,106171,"","",21.505645,52.957998,158.4786,6.02,0.08,Cyg
105885,106227,"","",21.51647,60.459432,462.963,5.53,0.102,Cep
105902,106243,"","",21.519341,12.137475,151.2859,6.1,-0.047,Peg
105925,106267,"","",21.524295,52.619856,529.1005,6.17,0.9,Cyg
105936,106278,"22Bet Aqr",Sadalsuud,21.525982,-5.571172,164.7446,2.9,0.828,Aqr
105964,106306,"","",21.530598,23.845179,137.931,6.43,1.064,Peg
105978,106320,"","",21.534134,-84.810069,208.3333,6.42,1.405,Oct
105985,106327,Xi  Gru,"",21.534965,-41.17931,142.8571,5.29,1.109,Gru
105998,106340,"6    PsA","",21.537381,-33.944623,154.321,5.97,0.051,PsA
106021,106363,"","",21.542572,-24.590418,67.9348,6.43,0.2,Cap
106051,106393,"","",21.549052,49.977629,151.0574,5.77,-0.042,Cyg
106077,106419,"","",21.554893,-52.737773,300.3003,6.43,1.481,Ind
106078,106420,"","",21.554968,45.854014,408.1633,6.27,1.805,Cyg
106081,106424,"","",21.555856,-80.039361,116.8224,6.47,0.044,Oct
106087,106429,"","",21.556534,-44.8487,200.4008,5.57,1.044,Gru
106132,106474,"","",21.565135,-82.683084,217.3913,6.35,0.089,Oct
106139,106481,"73Rho Cyg","",21.56635,45.591837,37.8931,3.98,0.885,Cyg
106158,106500,"","",21.571434,-42.924679,114.5475,6.32,1.093,Gru
106176,106518,"","",21.574295,51.698465,408.1633,6.17,-0.015,Cyg
106185,106527,"","",21.576104,22.754521,63.2511,6.45,0.513,Peg
106202,106544,"","",21.578547,1.829161,276.2431,6.41,1.398,Aqr
106208,106550,"","",21.57942,18.328929,304.878,6.47,1.254,Peg
106210,106551,"72    Cyg","",21.579596,38.534054,70.9723,4.87,1.085,Cyg
106217,106559,"37    Cap","",21.580848,-20.084274,27.1003,5.7,0.423,Cap
106222,106564,"","",21.581389,-29.696117,364.9635,6.42,-0.097,PsA
106248,106590,"","",21.587765,-23.454313,111.9821,6.39,1.098,Cap
106250,106592,"","",21.588228,-3.983305,128.2051,5.79,1.11,Aqr
106253,106595,"","",21.58864,28.197607,71.1238,6.25,0.357,Peg
106262,106604,"","",21.590533,68.21929,189.7533,6.47,-0.083,Cep
106263,106605,"","",21.590843,24.452161,197.6285,6.22,0.141,Peg
106300,106642,"","",21.600689,45.374591,174.8252,5.96,1.341,Cyg
106301,106643,"","",21.6014,15.081993,136.9863,6.5,0.94,Peg
106313,106654,"8    PsA","",21.603046,-26.171516,58.4454,5.73,0.234,PsA
106318,106661,"","",21.603885,30.055422,110.8647,6.36,1.24,Cyg
106361,106703,"7    PsA","",21.613553,-33.047896,73.9098,6.1,0.226,PsA
106369,106711,"74    Cyg","",21.615827,40.413521,65.8328,5.04,0.198,Cyg
106381,106723,"39Eps Cap","",21.618008,-19.466011,323.6246,4.51,-0.18,Cap
106410,106752,"","",21.62441,44.69655,168.9189,6.19,0.218,Cyg
106416,106758,"","",21.626044,-0.390562,112.8668,6.22,0.056,Aqr
106429,106771,"","",21.627447,54.042192,165.0165,6.16,0.991,Cyg
106441,106783,"3    Peg","",21.62879,6.618391,87.6424,6.19,0.046,Peg
106444,106786,"23Xi  Aqr",Bunda,21.629197,-7.854201,54.7645,4.68,0.175,Aqr
106445,106787,"5    Peg","",21.629285,19.318607,98.4252,5.46,0.321,Peg
106459,106801,"9    Cep","",21.632007,62.08194,100000.0,4.76,0.246,Cep
106475,106818,"","",21.634118,-64.824167,180.5054,6.22,0.021,Ind
106513,106856,"4    Peg","",21.642205,5.771742,54.7046,5.66,0.265,Peg
106529,106872,"","",21.645878,25.498829,129.3661,6.18,1.026,Peg
106538,106881,"","",21.648943,-79.442583,64.433,6.17,0.46,Oct
106543,106886,"","",21.649339,57.489037,606.0606,5.74,0.2,Cep
106554,106897,"","",21.650329,20.265451,39.7456,5.77,0.314,Peg
106564,106907,"","",21.651697,-33.678856,44.964,6.28,0.949,PsA
106595,106938,"","",21.657808,-10.576896,94.162,6.07,1.034,Cap
106601,106944,"25    Aqr","",21.65924,2.243558,69.4444,5.1,1.034,Aqr
106635,106978,"","",21.66659,-52.35901,173.913,6.2,0.584,Ind
106642,106985,"40Gam Cap",Nashira,21.668181,-16.662308,48.1464,3.69,0.32,Cap
106656,106999,"75    Cyg","",21.669749,43.273839,123.7624,5.09,1.601,Cyg
106687,107030,"","",21.676029,-55.737977,221.2389,6.33,1.06,Ind
106698,107041,"","",21.678696,54.872149,219.7802,6.16,1.116,Cyg
106746,107089,Nu  Oct,"",21.691253,-77.390046,21.1999,3.73,1.008,Oct
106752,107095,"42    Cap","",21.692462,-14.047611,33.2336,5.16,0.672,Cap
106754,107097,"76    Cyg","",21.69285,40.805222,152.207,6.07,0.068,Cyg
106776,107119,"11    Cep","",21.698652,71.311417,55.9284,4.55,1.108,Cep
106785,107128,"41    Cap","",21.700192,-23.262858,70.7214,5.24,0.991,Cap
106786,107129,"","",21.700301,35.5102,625.0,5.98,2.5,Cyg
106795,107136,"80Pi 1Cyg",Azelfafage,21.701573,51.189622,529.1005,4.69,-0.119,Cyg
106797,107140,"","",21.702321,45.765697,209.6436,6.11,1.415,Cyg
106801,107144,"26    Aqr","",21.702809,1.285253,342.4658,5.66,1.446,Aqr
106808,107151,"7    Peg","",21.704292,5.680137,223.7136,5.3,1.653,Peg
106819,107162,"77    Cyg","",21.706376,41.077019,126.4223,5.73,0.055,Cyg
106830,107173,"","",21.709155,10.824314,214.5923,6.06,-0.115,Peg
106843,107186,"","",21.71078,49.600257,311.5265,6.1,0.993,Cyg
106845,107188,"43Kap Cap","",21.710973,-18.866323,90.1713,4.72,0.868,Cap
106854,107197,"","",21.712603,59.270844,335.5705,6.1,1.349,Cep
106887,107230,"","",21.717806,72.320084,74.9625,5.18,1.063,Cep
106889,107232,"44    Cap","",21.717888,-14.399709,133.5113,5.88,0.255,Cap
106892,107235,"","",21.718465,41.15497,196.8504,5.51,1.615,Cyg
106895,107238,"","",21.720425,-19.620961,108.5776,6.23,0.269,Cap
106910,107253,"79    Cyg","",21.723791,38.283589,84.1751,5.69,-0.01,Cyg
106916,107259,Mu  Cep,"",21.725127,58.780046,100000.0,4.23,2.242,Cep
106928,107271,"","",21.727714,7.528657,136.9863,6.47,1.114,Peg
106954,107297,"","",21.732808,22.815289,177.9359,6.43,1.295,Peg
106956,107299,"","",21.73308,-57.325247,45.4959,6.49,0.484,Ind
106959,107302,"45    Cap","",21.733602,-14.74937,52.9942,5.96,0.219,Cap
106967,107310,"78Mu 1Cyg","",21.73571,28.742632,22.237,4.49,0.512,Cyg
106972,107315,"8Eps Peg",Enif,21.736433,9.875011,211.4165,2.38,1.52,Peg
107001,107344,"","",21.741516,-38.55253,265.9574,6.28,1.129,Gru
107005,107348,"9    Peg","",21.74186,17.350017,284.0909,4.34,1.161,Peg
107007,107350,"","",21.742035,14.771939,17.8859,5.96,0.587,Peg
107011,107354,"10Kap Peg","",21.744092,25.645036,34.2231,4.14,0.425,Peg
107031,107374,"","",21.748134,62.460567,917.4312,5.94,0.312,Cep
107037,107380,"9Iot PsA","",21.749113,-33.025781,62.6174,4.35,-0.053,PsA
107039,107382,"46    Cap","",21.750071,-9.082428,242.7184,5.1,1.108,Cap
107055,107398,"","",21.753444,52.267577,100000.0,6.4,1.901,Cyg
107066,107409,"","",21.755198,-49.498761,128.3697,6.46,1.148,Ind
107075,107418,"10Nu  Cep","",21.75748,61.120806,100000.0,4.25,0.474,Cep
107080,107423,"","",21.758004,-71.008849,227.7904,6.02,-0.099,Ind
107102,107445,"","",21.762361,35.857311,151.5152,6.44,0.997,Cyg
107129,107472,"12    Peg","",21.767879,22.94888,427.3504,5.29,1.381,Peg
107144,107487,"47    Cap","",21.771186,-9.275935,363.6364,6.0,1.629,Cap
107159,107502,"","",21.773316,25.563504,111.2347,6.28,1.212,Peg
107174,107517,"48Lam Cap","",21.775583,-11.365954,86.3558,5.57,-0.002,Cap
107190,107533,"81Pi 2Cyg","",21.779891,49.30957,338.9831,4.23,-0.12,Cyg
107212,107555,"","",21.783573,70.150882,152.9052,6.45,-0.007,Cep
107213,107556,"49Del Cap",Deneb Algedi,21.784011,-16.127286,11.8666,2.85,0.18,Cap
107215,107558,"","",21.784655,17.194041,48.4496,6.18,0.35,Peg
107232,107575,"11    Peg","",21.787212,2.686124,174.5201,5.63,0.012,Peg
107243,107586,"12    Cep","",21.790362,60.692689,140.4494,5.53,1.575,Cep
107254,107596,"","",21.793955,-5.916802,69.5894,6.17,0.23,Aqr
107265,107608,"10The PsA","",21.795598,-30.898304,98.4252,5.02,0.042,PsA
107294,107637,"","",21.802333,36.580388,177.9359,6.25,1.545,Cyg
107306,107649,"","",21.804363,-47.303615,15.9949,5.57,0.601,Gru
107321,107664,"","",21.808154,38.648575,145.5604,6.1,-0.072,Cyg
107367,107710,"","",21.81892,66.792032,98.0392,6.49,0.391,Cep
107380,107723,"","",21.821948,61.27276,271.7391,6.18,1.685,Cep
107391,107734,"","",21.82413,20.462446,358.4229,6.27,-0.097,Peg
107406,107749,"","",21.827804,41.148787,100000.0,6.48,0.381,Cyg
107407,107750,"","",21.828061,-12.722865,138.3126,6.31,0.223,Cap
107420,107763,"14    Peg","",21.830748,30.174215,84.246,5.07,0.01,Peg
107430,107773,"","",21.833369,-64.712537,103.6269,5.62,1.018,Ind
107445,107788,"13    Peg","",21.835749,17.285851,33.4225,5.34,0.394,Peg
107454,107797,"","",21.836939,-16.844914,217.8649,6.38,1.42,Cap
107492,107835,Omi Ind,"",21.846448,-69.629416,166.6667,5.52,1.378,Ind
107500,107843,Lam Oct,"",21.848413,-82.718904,125.4705,5.27,0.756,Oct
107513,107856,"","",21.851383,39.536658,311.5265,6.2,-0.068,Cyg
107544,107887,"","",21.859513,19.826682,161.5509,5.78,-0.1,Peg
107550,107893,"","",21.860347,65.75271,87.5657,6.37,0.281,Cep
107558,107901,"","",21.861595,-18.62294,64.6831,6.19,0.374,Cap
107587,107930,"","",21.866954,55.796743,460.8295,5.7,-0.081,Cep
107613,107956,"","",21.871717,21.273162,274.7253,6.27,1.601,Peg
107632,107975,"15    Peg","",21.874978,28.793538,27.4499,5.52,0.426,Peg
107679,108022,"16    Peg","",21.88438,25.92514,193.7984,5.09,-0.155,Peg
107693,108036,"51Mu  Cap","",21.888268,-13.551768,26.617,5.08,0.378,Cap
107717,108060,"","",21.893717,19.668437,72.3066,5.69,0.011,Peg
107742,108085,Gam Gru,Aldhanab,21.898808,-37.364852,64.7249,3.0,-0.084,Gru
107747,108090,"","",21.89938,6.864804,140.4494,6.14,0.786,Peg
107759,108102,"","",21.902881,-4.27618,89.6861,5.71,1.185,Aqr
107776,108119,"","",21.904839,19.718121,102.9866,6.36,0.938,Peg
107790,108133,"","",21.907374,80.308559,226.7574,6.43,1.453,Cep
107802,108144,"","",21.909976,-3.301272,59.2066,6.24,0.466,Aqr
107822,108165,"13    Cep","",21.914766,56.611227,100000.0,5.74,0.655,Cep
107852,108195,"","",21.919823,-61.886608,46.4684,5.92,0.393,Ind
107866,108209,"","",21.922388,61.54181,100000.0,6.17,1.599,Cep
107883,108226,"","",21.925276,65.320809,314.4654,5.84,-0.037,Cep
107916,108259,"","",21.932121,-30.60592,129.8701,6.41,0.927,PsA
107925,108268,"","",21.934288,-52.46376,190.8397,6.5,0.925,Ind
107938,108281,Pi  Ind,"",21.937235,-57.899591,142.8571,6.17,0.215,Ind
107949,108294,"","",21.939659,-37.253655,102.9866,5.45,0.084,Gru
107951,108296,"","",21.939996,21.239858,403.2258,6.39,1.698,Peg
107972,108317,"","",21.944207,63.625557,751.8797,5.11,1.547,Cep
107994,108339,"17    Peg","",21.948992,12.076492,122.8501,5.54,0.054,Peg
108000,108347,"","",21.950597,-37.746844,143.6782,6.18,0.321,Gru
108019,108364,"","",21.953082,66.156153,529.1005,6.41,-0.056,Cep
108075,108420,"","",21.964184,74.996714,347.2222,6.32,1.56,Cep
108086,108431,Del Ind,"",21.965293,-54.992575,57.6701,4.4,0.297,Ind
108108,108453,"","",21.970363,-5.424922,53.9374,6.33,0.378,Aqr
108133,108478,Kap1Ind,"",21.975021,-59.01214,67.1141,6.13,0.469,Ind
108149,108494,"","",21.978831,-21.182945,322.5806,6.06,1.621,Cap
108160,108505,"","",21.981532,62.697986,284.0909,5.96,1.64,Cep
108161,108506,"","",21.98194,-4.373109,36.8868,6.24,0.971,Aqr
108168,108513,"","",21.983247,19.020302,64.6831,6.5,1.013,Peg
108190,108535,"16    Cep","",21.987518,73.179896,36.7242,5.04,0.439,Cep
108198,108543,"","",21.988307,-38.395096,132.626,5.5,0.996,Gru
108267,108612,"18    Peg","",22.002202,6.717437,328.9474,6.0,-0.112,Peg
108282,108626,"","",22.006732,-55.883486,166.6667,6.02,-0.061,Ind
108287,108632,"","",22.007417,33.005928,68.7758,6.46,0.463,Peg
108316,108661,"12Eta PsA","",22.013951,-28.453736,250.6266,5.43,-0.095,PsA
108346,108691,"28    Aqr","",22.01806,0.604715,219.2982,5.6,1.279,Aqr
108348,108693,"20    Peg","",22.018152,13.119823,77.2201,5.61,0.336,Peg
108354,108699,"19    Peg","",22.019232,8.257164,165.8375,5.65,1.44,Peg
108413,108758,"","",22.030718,52.882253,306.7485,5.79,-0.106,Cyg
108414,108759,"","",22.031289,-77.662544,99.7009,6.39,0.231,Oct
108422,108766,"","",22.033715,10.973806,598.8024,6.36,-0.104,Peg
108427,108772,"14    Cep","",22.034604,58.000366,934.5794,5.55,0.017,Cep
108439,108784,"","",22.036625,-17.903474,89.9281,6.28,1.002,Aqr
108452,108797,"29    Aqr","",22.040625,-16.964836,270.2703,6.39,0.447,Aqr
108499,108845,"","",22.049074,44.649863,151.0574,5.57,-0.029,Cyg
108503,108849,"","",22.051044,-76.118427,62.5782,5.94,0.399,Oct
108522,108868,"30    Aqr","",22.054572,-6.522406,93.1099,5.55,0.959,Aqr
108526,108870,Eps Ind,"",22.055486,-56.785977,3.6224,4.69,1.056,Ind
108528,108874,"31Omi Aqr","",22.055234,-2.155363,133.5113,4.74,-0.1,Aqr
108529,108875,"21    Peg","",22.055287,11.386552,193.0502,5.83,-0.05,Peg
108573,108917,"17Xi  Cep",Kurhah,22.063135,64.627971,29.5946,4.26,0.379,Cep
108578,108924,"18    Cep","",22.064709,63.11992,130.039,5.26,1.557,Cep
108606,108952,"13    PsA","",22.073288,-29.91653,636.9427,6.45,1.603,PsA
108623,108969,"","",22.076255,32.941744,284.9003,6.36,1.121,Peg
108629,108975,"","",22.076879,-26.822359,377.3585,5.97,-0.167,PsA
108645,108991,"32    Aqr","",22.079839,-0.906343,68.1199,5.29,0.231,Aqr
108659,109005,"20    Cep","",22.083469,62.785671,92.9368,5.27,1.413,Cep
108663,109009,"","",22.084295,14.815918,165.5629,6.38,1.523,Peg
108671,109017,"19    Cep","",22.085775,62.279814,632.9114,5.07,0.24,Cep
108677,109023,"","",22.086481,26.673689,119.3317,5.75,1.249,Peg
108687,109033,"","",22.087919,46.744836,304.878,6.16,1.611,Lac
108710,109056,"23    Peg","",22.092964,28.963981,106.383,5.69,-0.048,Peg
108722,109068,"22Nu  Peg","",22.094653,5.05853,83.2639,4.86,1.443,Peg
108728,109074,"34Alp Aqr",Sadalmelik,22.096399,-0.319851,160.5136,2.95,0.969,Aqr
108733,109079,"","",22.097346,45.112504,196.4637,6.5,-0.025,Lac
108735,109081,Kap2Ind,"",22.097496,-59.636072,150.6024,5.62,1.468,Ind
108736,109082,"","",22.097561,48.231494,100000.0,6.26,-0.088,Lac
108756,109102,"","",22.100543,45.014348,186.5672,5.09,1.568,Lac
108765,109111,Lam Gru,"",22.101914,-39.543353,74.239,4.47,1.349,Gru
108775,109121,"","",22.103405,45.24869,97.7517,6.19,0.078,Lac
108779,109124,"","",22.103766,56.343396,197.6285,6.38,-0.091,Cep
108793,109139,"33Iot Aqr","",22.107286,-13.869679,53.7057,4.29,-0.075,Aqr
108830,109176,"24Iot Peg","",22.116847,25.345112,11.7261,3.77,0.435,Peg
108844,109190,"","",22.119345,58.840718,208.3333,6.34,0.877,Cep
108859,109205,"","",22.123774,53.307438,100000.0,6.17,0.389,Lac
108863,109209,"","",22.124608,19.475526,61.9579,5.74,0.331,Peg
108866,109212,"","",22.12499,18.000709,306.7485,6.31,1.605,Peg
108894,109240,"25    Peg","",22.130641,21.702926,186.5672,5.79,-0.077,Peg
108922,109268,Alp Gru,Alnair,22.137209,-46.960975,30.9693,1.73,-0.07,Gru
108926,109272,"","",22.137857,49.79699,357.1429,6.41,1.579,Lac
108930,109276,"","",22.138122,25.543522,88.1834,6.08,0.311,Peg
108939,109285,"14Mu  PsA","",22.139722,-32.988468,41.6493,4.5,0.054,PsA
108943,109289,Ups PsA,"",22.140537,-34.043841,130.039,4.99,1.499,PsA
108957,109303,"","",22.144675,45.742254,42.7716,6.11,0.763,Lac
108960,109306,"","",22.145178,-33.125691,78.0031,6.37,0.205,PsA
108986,109332,"35    Aqr","",22.14972,-18.519592,714.2857,5.8,-0.154,Aqr
109006,109352,"27Pi 1Peg","",22.153789,33.172337,88.4956,5.58,0.985,Peg
109029,109375,"","",22.158044,-23.659109,176.6784,6.36,0.921,Aqr
109054,109400,"24    Cep","",22.163441,72.341207,120.919,4.79,0.919,Cep
109058,109404,"","",22.165473,-34.014967,63.3714,5.37,0.241,PsA
109062,109408,"","",22.166072,-48.107661,198.0198,6.43,1.38,Gru
109064,109410,"29Pi 2Peg","",22.166457,33.178224,80.6452,4.28,0.471,Peg
109066,109412,"","",22.166708,-28.292435,128.041,6.44,0.147,PsA
109076,109422,"15Tau PsA","",22.169093,-32.548407,18.2782,4.94,0.489,PsA
109081,109427,"26The Peg",Biham,22.169996,6.197865,28.2965,3.52,0.086,Peg
109088,109434,"","",22.17092,72.111265,157.9779,6.36,-0.053,Cep
109093,109439,"","",22.171949,19.616339,59.2417,6.18,0.688,Peg
109096,109442,"","",22.17253,-3.894086,148.1481,6.28,-0.006,Aqr
109100,109445,"","",22.172788,14.629858,135.6852,6.36,1.08,Peg
109112,109458,"28    Peg","",22.175051,20.977984,208.3333,6.45,0.099,Peg
109120,109466,"","",22.176041,-4.266855,101.9368,5.98,0.981,Aqr
109125,109471,"","",22.177065,11.624539,208.7683,5.78,1.617,Peg
109126,109472,"38    Aqr","",22.177078,-11.564939,137.931,5.43,-0.117,Aqr
109128,109474,"","",22.177462,70.132573,33.5909,5.52,0.391,Cep
109146,109492,"21Zet Cep","",22.180908,58.201261,256.4103,3.39,1.558,Cep
109147,109493,"","",22.181029,30.553001,129.7017,6.3,0.227,Peg
109163,109509,"","",22.183993,-21.23279,56.338,6.1,0.503,Aqr
109176,109521,"","",22.186069,50.823393,56.1482,5.38,0.152,Lac
109210,109556,"22Lam Cep","",22.191828,59.414488,606.0606,5.05,0.192,Cep
109226,109572,"","",22.196848,56.839357,37.3552,5.24,0.534,Cep
109231,109577,"","",22.197592,16.040551,54.9451,5.93,0.951,Peg
109238,109584,"","",22.198637,-76.116023,88.1834,6.13,1.001,Oct
109239,109585,"","",22.199116,59.084579,117.9245,6.29,1.123,Cep
109246,109592,"","",22.20056,60.759095,112.1076,5.37,1.184,Cep
109256,109602,"","",22.202248,24.950641,100000.0,5.97,1.5,Peg
109274,109620,"","",22.206235,63.291035,290.6977,5.76,1.645,Cep
109278,109624,"39    Aqr","",22.207155,-14.193957,42.0521,6.04,0.386,Aqr
109301,109647,"","",22.212186,-4.720679,89.0472,6.39,0.498,Aqr
109308,109654,"","",22.213284,34.604592,79.1139,5.34,1.134,Peg
109313,109659,"","",22.214649,73.307193,210.9705,6.11,1.006,Cep
109321,109667,"","",22.215968,-26.327793,63.4518,6.19,0.169,PsA
109346,109691,"","",22.219449,18.279812,231.4815,6.5,1.374,Peg
109347,109693,"","",22.219501,86.107955,78.6782,5.27,-0.03,Cep
109384,109730,"","",22.227415,28.608017,74.8503,5.87,1.169,Peg
109391,109737,"","",22.229008,-25.180905,77.3994,5.58,0.497,PsA
109399,109745,"","",22.230339,45.440613,77.1605,5.53,0.021,Lac
109400,109746,"","",22.230475,63.162337,400.0,6.13,-0.089,Cep
109408,109754,"","",22.231312,39.714927,147.929,4.5,1.385,Lac
109440,109786,"41    Aqr","",22.238342,-21.074566,71.582,5.33,0.812,Aqr
109442,109788,"","",22.238445,17.189344,165.8375,6.5,1.288,Peg
109443,109789,"16Lam PsA","",22.238542,-27.766908,153.6098,5.45,-0.121,PsA
109475,109821,"","",22.244039,-41.381666,22.0507,6.23,0.648,Gru
109485,109831,"","",22.245656,42.95391,82.3723,5.72,0.014,Lac
109511,109857,"23Eps Cep","",22.250544,57.043587,26.1986,4.18,0.278,Cep
109555,109902,"","",22.259732,-44.451499,191.2046,6.1,0.988,Gru
109562,109908,Mu 1Gru,"",22.260253,-41.3467,84.246,4.79,0.79,Gru
109591,109937,"1    Lac","",22.26616,37.748737,190.4762,4.14,1.447,Lac
109593,109939,"","",22.266619,8.549574,118.7648,6.21,0.019,Peg
109626,109972,"","",22.274039,57.220238,189.0359,5.88,0.95,Cep
109627,109973,Mu 2Gru,"",22.274045,-41.627225,81.367,5.11,0.93,Gru
109631,109977,"","",22.274902,27.80403,119.9041,6.38,0.982,Peg
109638,109984,"","",22.276015,-1.596389,80.7103,6.16,0.194,Aqr
109644,109990,"","",22.277073,-25.898162,176.0563,6.14,1.11,PsA
109654,110000,"42    Aqr","",22.280012,-12.831436,179.8561,5.34,1.132,Aqr
109657,110003,"43The Aqr",Ancha,22.280565,-7.78329,57.4713,4.17,0.979,Aqr
109663,110009,"","",22.281268,-9.040067,113.2503,5.8,1.158,Aqr
109672,110018,"","",22.283287,-23.140247,142.2475,6.17,1.051,Aqr
109677,110023,"44    Aqr","",22.285139,-5.387164,94.7867,5.75,0.878,Aqr
109710,110055,"","",22.2912,49.126957,228.833,6.46,1.046,Lac
109733,110078,Psi Oct,"",22.297409,-77.511553,38.4911,5.49,0.312,Oct
109745,110091,"","",22.301187,-0.237656,41.9815,6.39,0.441,Aqr
109757,110103,"25    Cep","",22.303505,62.804388,282.4859,5.75,1.256,Cep
109763,110109,"","",22.304289,-53.627073,13.7855,5.36,0.614,Gru
109784,110130,Alp Tuc,"",22.308371,-60.259587,61.237,2.87,1.39,Tuc
109825,110171,"","",22.315611,37.769286,73.5294,6.19,0.27,Lac
109833,110179,"45    Aqr","",22.316872,-13.304995,113.3787,5.96,1.075,Aqr
109912,110256,Eps Oct,"",22.333754,-80.439747,89.1266,5.09,1.276,Oct
109927,110273,"46Rho Aqr","",22.336643,-7.821102,270.2703,5.35,-0.048,Aqr
109952,110298,"30    Peg","",22.340994,5.789498,390.625,5.37,-0.037,Peg
109965,110311,"","",22.343406,-57.509783,357.1429,6.41,1.404,Tuc
109968,110314,"","",22.344103,58.409904,185.5288,6.46,0.99,Cep
109970,110316,"","",22.344311,50.980814,423.7288,6.4,1.195,Lac
109995,110341,"","",22.348833,8.186742,30.931,6.18,0.451,Peg
110000,110346,"","",22.350016,26.935162,225.7336,6.46,1.526,Peg
110005,110351,"2    Lac","",22.350428,46.536569,170.068,4.55,-0.1,Lac
110025,110371,"32    Peg","",22.355372,28.330529,213.2196,4.78,-0.01,Peg
110040,110386,"31    Peg","",22.358632,12.205186,497.5124,4.82,-0.132,Peg
110045,110391,"47    Aqr","",22.35988,-21.59823,52.4384,5.12,1.057,Aqr
110049,110395,"48Gam Aqr",Sadachbia,22.360938,-1.387331,50.2008,3.86,-0.057,Aqr
110062,110408,"","",22.36413,42.078156,170.3578,6.38,-0.086,Lac
110132,110478,Pi 1Gru,"",22.378944,-45.947944,163.1321,6.42,2.231,Gru
110141,110487,"","",22.380634,36.659047,136.9863,6.45,1.052,Lac
110151,110497,"","",22.383383,57.284612,310.559,6.18,-0.112,Cep
110153,110498,"","",22.383475,62.419357,227.7904,6.04,0.035,Cep
110158,110504,"","",22.385283,55.96323,100000.0,6.44,2.215,Cep
110160,110506,Pi 2Gru,"",22.385535,-45.928488,40.0,5.62,0.372,Gru
110183,110529,"49    Aqr","",22.391901,-24.762661,80.3213,5.53,0.979,Aqr
110186,110532,"","",22.392264,-7.194421,143.0615,5.92,0.998,Aqr
110192,110538,"3Bet Lac","",22.392675,52.229046,52.1105,4.42,1.015,Lac
110202,110548,"33    Peg","",22.39432,20.84823,33.7041,6.2,0.518,Peg
110220,110566,"","",22.398392,38.573612,52.8821,6.18,0.485,Lac
110232,110578,"51    Aqr","",22.401912,-4.83702,124.3781,5.79,-0.033,Aqr
110256,110602,"50    Aqr","",22.407517,-13.529369,140.4494,5.76,0.97,Aqr
110263,110609,"4    Lac","",22.408609,49.476392,689.6552,4.55,0.092,Lac
110271,110618,Nu  Ind,"",22.409764,-72.255412,28.7026,5.28,0.66,Ind
110303,110649,"","",22.415638,-57.797415,20.5634,5.31,0.665,Tuc
110322,110668,"","",22.419573,-70.431622,49.456,5.78,0.396,Ind
110326,110672,"52Pi  Aqr","",22.421284,1.377401,239.8082,4.8,-0.171,Aqr
110350,110696,"","",22.427972,18.444316,194.1748,6.26,1.201,Peg
110366,110712,"","",22.43085,-75.015689,23.0468,6.12,0.599,Oct
110379,110725,"","",22.433554,70.770898,153.6098,5.47,1.216,Cep
110400,110746,"","",22.436306,-23.682447,120.6273,6.29,-0.021,Aqr
110432,110778,"53    Aqr","",22.442853,-16.742138,20.202,5.55,0.618,Aqr
110439,110785,"34    Peg","",22.443718,4.393766,38.1534,5.76,0.519,Peg
110441,110787,"28Rho1Cep","",22.445122,78.785853,63.1712,5.83,0.171,Cep
110444,110790,"","",22.445988,37.443706,458.7156,6.46,-0.132,Lac
110471,110817,"26    Cep","",22.451475,65.13227,100000.0,5.52,0.302,Cep
110492,110838,Del Tuc,"",22.455531,-64.966354,76.9231,4.51,-0.029,Tuc
110503,110849,"","",22.457361,39.810026,657.8947,6.16,-0.136,Lac
110527,110873,"","",22.462847,31.840045,265.9574,6.0,1.442,Peg
110536,110882,"35    Peg","",22.464312,4.695664,45.4752,4.78,1.039,Peg
110561,110907,"","",22.469758,27.018806,162.8664,6.48,0.986,Peg
110573,110919,"","",22.472078,64.085155,112.6126,6.3,1.113,Cep
110589,110935,"","",22.477091,-67.489059,43.122,5.56,0.208,Ind
110591,110936,Nu  Gru,"",22.477557,-39.131792,87.4126,5.47,0.959,Gru
110614,110960,"55Zet1Aqr","",22.480531,-0.019972,28.169,3.65,0.406,Aqr
110639,110986,"36    Peg","",22.485551,9.129034,182.8154,5.6,1.578,Peg
110641,110988,"","",22.4859,58.4041,271.0027,6.31,-0.033,Cep
110644,110992,"","",22.486174,26.763198,384.6154,5.79,1.252,Peg
110645,110991,"27Del Cep","",22.486183,58.415198,265.252,4.07,0.778,Cep
110650,110997,Del1Gru,"",22.487825,-43.495565,94.8767,3.97,1.022,Gru
110675,111022,"5    Lac","",22.492173,47.706887,505.0505,4.34,1.679,Lac
110696,111043,Del2Gru,"",22.495955,-43.749224,101.2146,4.12,1.57,Gru
110698,111045,"","",22.496114,-27.107284,39.8724,5.95,0.362,PsA
110709,111056,"29Rho2Cep","",22.498047,78.824285,75.1315,5.45,0.093,Cep
110715,111062,"37    Peg","",22.499427,4.43169,51.8672,5.51,0.385,Peg
110719,111066,"","",22.500411,-12.915116,79.6813,6.41,0.356,Aqr
110721,111068,"38    Peg","",22.500503,32.572638,110.4972,5.64,-0.031,Peg
110725,111072,"","",22.501809,49.356412,111.2347,6.41,1.166,Lac
110739,111086,"56    Aqr","",22.504819,-14.585734,193.4236,6.36,-0.047,Aqr
110757,111104,"6    Lac","",22.508128,43.123376,526.3158,4.52,-0.086,Lac
110776,111123,"57Sig Aqr","",22.510782,-10.67795,88.8099,4.82,-0.053,Aqr
110791,111138,Zet PsA,"",22.514936,-26.073752,132.4503,6.43,1.083,PsA
110822,111169,"7Alp Lac","",22.521515,50.282491,31.4564,3.76,0.031,Lac
110823,111170,"","",22.521753,-6.555151,25.413,6.15,0.565,Aqr
110824,111171,"","",22.521783,-2.911276,119.9041,6.15,1.083,Aqr
110841,111188,"17Bet PsA","",22.52509,-32.346073,43.7828,4.29,0.011,PsA
110844,111191,"","",22.526209,29.542758,119.7605,6.33,0.209,Peg
110849,111196,Ups Oct,"",22.527168,-85.967253,99.4036,5.76,1.02,Oct
110853,111200,"58    Aqr","",22.528144,-10.905561,71.582,6.39,0.29,Aqr
110895,111242,"","",22.537851,76.226441,240.9639,5.7,0.02,Cep
110900,111247,"","",22.538529,54.037032,212.3142,6.41,1.043,Lac
110911,111259,"","",22.54066,39.779733,209.6436,5.88,0.166,Lac
110930,111278,"39    Peg","",22.543187,20.230019,50.2513,6.43,0.35,Peg
110947,111296,"","",22.546363,15.863263,183.1502,6.35,1.19,Peg
110961,111310,Nu  Tuc,"",22.55001,-61.982122,88.968,4.91,1.612,Tuc
110965,111314,"","",22.55077,69.913545,77.7001,6.01,0.334,Cep
110976,111325,"","",22.554662,70.373714,125.7862,6.26,0.018,Cep
111013,111362,"","",22.561281,56.624737,105.5966,5.72,0.966,Lac
111045,111394,"60    Aqr","",22.567476,-1.57427,106.6098,5.88,0.977,Aqr
111099,111449,"59Ups Aqr","",22.57823,-20.708216,22.6809,5.21,0.446,Aqr
111147,111497,"62Eta Aqr","",22.589272,-0.117498,51.4668,4.04,-0.083,Aqr
111154,111504,"","",22.590665,-78.771585,290.6977,6.15,1.368,Oct
111165,111515,"","",22.593437,-23.991094,92.9368,5.97,0.984,Aqr
111182,111532,"31    Cep","",22.596077,73.643188,54.8847,5.08,0.395,Cep
111189,111539,"","",22.59689,-17.460424,149.2537,6.39,1.42,Aqr
111193,111543,"","",22.597774,56.070574,111.7318,6.37,0.107,Lac
111196,111546,"","",22.597857,39.634331,662.2517,5.73,-0.16,Lac
111198,111548,"","",22.598024,-57.883752,67.0241,6.22,0.212,Tuc
111200,111550,"","",22.598161,50.070788,520.8333,6.29,-0.071,Lac
111217,111567,"","",22.602195,35.577504,143.0615,6.11,0.997,Peg
111244,111594,Sig1Gru,"",22.608139,-40.582689,68.306,6.28,0.119,Gru
111250,111600,"","",22.609846,-31.663789,109.6491,5.82,1.074,PsA
111251,111601,"","",22.610092,11.696636,125.1564,6.42,0.027,Peg
111276,111627,"","",22.613523,35.652419,259.7403,6.28,1.392,Lac
111292,111643,Sig2Gru,"",22.616346,-40.591034,65.8328,5.85,0.06,Gru
111298,111649,"","",22.618013,12.576816,312.5,6.3,1.431,Peg
111310,111660,"","",22.620247,75.371811,214.1328,5.8,1.594,Cep
111323,111674,"9    Lac","",22.622899,51.545123,52.6316,4.64,0.254,Lac
111359,111710,"63Kap Aqr",Situla,22.629273,-4.228056,65.5738,5.04,1.14,Aqr
111402,111753,"","",22.638167,45.182935,169.7793,6.38,0.771,Lac
111410,111761,"","",22.639484,-7.897563,119.3317,6.23,0.783,Aqr
111443,111795,"","",22.64386,56.795632,138.3126,5.11,1.537,Lac
111445,111797,"30    Cep","",22.644182,63.584472,88.0282,5.19,0.083,Cep
111449,111801,"","",22.645743,-28.748214,127.551,6.46,1.034,PsA
111457,111809,"","",22.647629,-33.081347,129.8701,5.66,0.037,PsA
111458,111810,"40    Peg","",22.647942,19.522263,114.4165,5.84,0.922,Peg
111489,111841,"10    Lac","",22.654355,39.050269,529.1005,4.89,-0.207,Lac
111516,111869,"","",22.659536,37.592817,305.8104,6.03,0.854,Lac
111526,111879,"","",22.662271,-28.325661,112.4859,6.3,1.006,PsA
111531,111884,"41    Peg","",22.663059,19.681125,205.7613,6.33,0.035,Peg
111572,111925,"","",22.671779,53.845927,112.3596,5.94,0.946,Lac
111580,111934,"","",22.672866,-30.658871,212.766,5.88,1.297,PsA
111591,111944,"11    Lac","",22.675233,44.276305,102.0408,4.5,1.318,Lac
111601,111954,"18Eps PsA","",22.677594,-27.043617,149.2537,4.18,-0.105,PsA
111612,111965,"","",22.679987,-3.554239,34.5662,6.32,0.52,Aqr
111614,111967,"","",22.680247,-57.422322,261.0966,5.98,1.45,Tuc
111621,111974,"","",22.681299,14.549161,33.7952,5.72,0.723,Peg
111676,112029,"42Zet Peg",Homam,22.691033,10.831364,62.6566,3.41,-0.086,Peg
111678,112031,"12    Lac","",22.691292,40.225449,411.5226,5.25,-0.137,Lac
111679,112032,"","",22.692029,30.965861,299.4012,6.36,1.579,Peg
111688,112041,"","",22.69334,41.549123,91.7431,5.93,0.998,Lac
111698,112051,"43Omi Peg","",22.695947,29.307641,91.5751,4.8,-0.013,Peg
111713,112067,"","",22.699293,14.516393,84.9618,5.92,1.114,Peg
111724,112078,"","",22.701674,-5.101968,210.9705,6.28,1.569,Aqr
111744,112098,"","",22.705781,53.908748,384.6154,6.14,1.634,Lac
111748,112102,"19    PsA","",22.706135,-29.361046,211.4165,6.12,1.522,PsA
111763,112117,"","",22.710245,-47.210813,23.6351,5.99,0.584,Gru
111768,112122,Bet Gru,Tiaki,22.711115,-46.884577,54.2594,2.07,1.61,Gru
111773,112127,"","",22.711965,-44.248036,108.5776,6.06,0.956,Gru
111790,112144,"","",22.715402,37.802735,321.5434,6.43,-0.119,Lac
111804,112158,"44Eta Peg",Matar,22.716704,30.221245,65.703,2.93,0.852,Peg
111814,112168,"","",22.717615,-8.311441,146.6276,6.45,0.166,Aqr
111815,112170,"","",22.717866,47.168755,775.1938,6.39,0.45,Lac
111825,112179,"67    Aqr","",22.720629,-6.962937,114.1553,6.4,-0.039,Aqr
111849,112203,Rho Gru,"",22.724993,-41.414347,70.6215,4.84,1.027,Gru
111857,112211,"66    Aqr","",22.726454,-18.830375,132.8021,4.68,1.358,Aqr
111887,112241,"","",22.734782,39.465348,212.3142,5.93,1.49,Lac
111888,112242,"13    Lac","",22.734856,41.819235,78.6782,5.11,0.96,Lac
111905,112259,"","",22.73791,-60.499618,145.9854,6.29,0.568,Tuc
111946,112300,"","",22.746978,52.517208,291.5452,6.43,1.541,Lac
111951,112305,"","",22.748049,39.201027,238.0952,6.47,1.498,Lac
111968,112324,"","",22.751018,58.14705,35.4359,6.45,0.43,Cep
112000,112358,"45    Peg","",22.757827,19.366561,113.3787,6.27,1.057,Peg
112012,112368,"","",22.759581,30.442557,59.988,6.37,0.933,Peg
112018,112374,Eta Gru,"",22.760519,-53.500121,127.2265,4.84,1.18,Gru
112025,112381,"","",22.761331,-46.547328,241.5459,5.52,1.302,Gru
112050,112405,Bet Oct,"",22.767692,-81.381615,45.7666,4.13,0.208,Oct
112061,112417,"","",22.769497,44.546054,56.9152,5.84,0.358,Lac
112076,112432,"","",22.774518,-49.68579,235.2941,6.49,1.162,Gru
112084,112440,"47Lam Peg","",22.775521,23.565654,111.9821,3.97,1.07,Peg
112090,112447,"46Xi  Peg","",22.778216,12.172888,16.2973,4.2,0.502,Peg
112142,112501,"","",22.788658,-34.161722,109.529,6.28,1.145,PsA
112149,112508,"","",22.789787,58.483031,308.642,6.33,0.017,Cep
112160,112519,"","",22.791378,83.15383,96.0615,4.77,1.257,Cep
112170,112529,"68    Aqr","",22.792535,-19.613375,77.8816,5.24,0.941,Aqr
112174,112533,"","",22.793247,-65.560252,226.2443,6.49,1.208,Tuc
112183,112542,"69Tau1Aqr","",22.795213,-14.056428,97.371,5.68,-0.016,Aqr
112208,112567,"","",22.798943,-25.912028,134.2282,6.31,0.913,PsA
112231,112590,"","",22.803067,37.416688,103.3058,5.82,1.024,Lac
112244,112603,"","",22.805927,-61.684364,133.1558,6.36,1.059,Tuc
112255,112615,"70    Aqr","",22.808391,-10.555478,111.6071,6.19,0.274,Aqr
112263,112623,Eps Gru,"",22.809239,-51.316864,39.5257,3.49,0.083,Gru
112276,112635,"","",22.812291,62.93841,180.1802,6.07,1.194,Cep
112282,112641,"","",22.813303,54.414892,228.833,6.14,-0.083,Lac
112309,112670,"","",22.816875,68.570228,63.6943,6.19,0.44,Cep
112337,112694,"","",22.821516,-70.347982,105.4852,6.35,0.071,Ind
112357,112716,"71Tau2Aqr","",22.826528,-13.592632,97.371,4.05,1.57,Aqr
112364,112724,"32Iot Cep","",22.82802,66.200408,35.3482,3.5,1.053,Cep
112372,112731,"","",22.829521,55.902777,121.8027,5.43,1.167,Lac
112387,112746,"","",22.833118,-32.805457,68.8705,6.34,0.317,PsA
112389,112748,"48Mu  Peg",Sadalbari,22.833385,24.601579,32.5309,3.51,0.933,Peg
112402,112761,"","",22.836137,50.676917,413.2231,6.23,1.129,Lac
112419,112778,"14    Lac","",22.839381,41.953394,348.4321,5.91,0.062,Lac
112421,112781,Xi  Oct,"",22.839655,-80.123845,151.0574,5.32,-0.126,Oct
112474,112832,"","",22.850599,-39.156834,236.9668,5.43,1.444,Gru
112475,112833,"","",22.850818,85.373739,133.3333,5.89,1.34,Cep
112502,112862,"21    PsA","",22.855817,-29.536309,98.912,5.99,0.907,PsA
112504,112864,"","",22.856268,61.69674,72.7273,5.61,0.775,Cep
112535,112895,"","",22.862493,-59.881358,143.6782,6.47,1.132,Tuc
112557,112917,"15    Lac","",22.867225,43.312417,99.7009,4.95,1.559,Lac
112564,112924,"","",22.869443,-63.188667,125.4705,6.14,1.025,Tuc
112575,112935,"49Sig Peg","",22.873353,9.835664,27.2777,5.16,0.487,Peg
112588,112948,"22Gam PsA","",22.875427,-32.875504,66.0502,4.46,-0.037,PsA
112601,112961,"73Lam Aqr","",22.87691,-7.579599,118.0638,3.73,1.626,Aqr
112626,112986,"","",22.881179,50.412285,263.8522,6.46,-0.047,Lac
112637,112997,"","",22.883963,16.841194,89.5255,5.86,1.132,Peg
112638,112998,"","",22.884383,60.101029,389.1051,6.01,1.748,Cep
112649,113009,"","",22.886493,40.167361,304.878,6.33,-0.074,Lac
112670,113031,"74    Aqr","",22.891307,-11.616514,253.1646,5.8,-0.082,Aqr
112684,113044,Tau1Gru,"",22.893852,-48.598286,32.6158,6.03,0.621,Gru
112688,113048,"","",22.894488,44.749163,56.9152,5.79,0.282,Lac
112720,113080,"","",22.901568,-19.175149,130.8901,6.37,1.515,Aqr
112724,113084,"","",22.901935,40.376907,93.1966,5.82,1.136,Lac
112756,113116,"","",22.906789,84.346177,109.0513,4.7,1.418,Cep
112767,113127,"78    Aqr","",22.909478,-7.204626,206.1856,6.2,1.284,Aqr
112771,113131,"","",22.909896,16.941834,418.41,6.39,1.729,Peg
112776,113136,"76Del Aqr",Skat,22.910837,-15.82082,49.2368,3.27,0.066,Aqr
112777,113137,Rho Ind,"",22.910981,-70.073709,26.7451,6.04,0.66,Ind
112788,113148,"77    Aqr","",22.912632,-16.271957,41.1862,5.53,1.111,Aqr
112805,113167,"1    Psc","",22.916524,1.064904,108.2251,6.11,0.192,Psc
112814,113174,"","",22.917399,37.076827,39.0168,5.91,0.397,Lac
112824,113184,"","",22.919711,-4.987899,83.4028,5.72,0.881,Aqr
112826,113186,"50Rho Peg","",22.920464,8.816166,95.6938,4.91,-0.003,Peg
112829,113189,"","",22.920805,-36.388579,179.8561,6.4,1.313,Gru
112844,113204,"","",22.925165,-20.139404,212.766,6.36,1.429,Aqr
112862,113222,"","",22.929029,36.35139,191.2046,5.73,-0.051,Lac
112874,113234,"","",22.930982,-31.633231,404.8583,6.09,1.358,PsA
112886,113246,"23Del PsA","",22.932472,-32.539628,47.259,4.2,0.952,PsA
112921,113281,"16    Lac","",22.939897,41.603876,390.625,5.6,-0.149,Lac
112923,113283,"","",22.940005,-31.565567,7.6092,6.48,1.094,PsA
112928,113288,"","",22.940555,49.733544,490.1961,4.99,1.778,Lac
112947,113307,Tau3Gru,"",22.946613,-47.969221,74.6269,5.72,0.226,Gru
112967,113327,"","",22.95125,48.684068,251.8892,5.34,-0.102,Lac
112985,113345,"","",22.954777,-4.810095,119.0476,6.31,0.948,Aqr
112997,113357,"51    Peg",Helvetios,22.95777,20.768832,15.6079,5.45,0.666,Peg
113000,113360,"","",22.959112,3.810241,114.2857,6.28,1.122,Psc
113008,113368,"24Alp PsA",Fomalhaut,22.960838,-29.622236,7.7036,1.17,0.145,PsA
113011,113371,"","",22.961316,39.308777,471.6981,6.17,-0.148,Lac
113061,113421,"","",22.970984,-2.395385,19.857,6.17,0.744,Psc
113073,113433,"","",22.973239,-1.410209,104.1667,6.38,0.366,Psc
113085,113445,"","",22.976411,9.356859,32.5627,6.43,0.64,Peg
113086,113447,"","",22.976391,-35.523231,74.3494,6.15,0.582,PsA
113105,113465,"","",22.978507,7.340074,90.0901,6.35,0.052,Psc
113138,113498,"","",22.985834,59.814655,330.033,6.46,0.012,Cep
113141,113501,"","",22.986209,52.65453,220.7506,6.31,1.414,And
113143,113503,"52    Peg","",22.986615,11.728844,94.3396,5.76,0.293,Peg
113161,113521,"2    Psc","",22.99096,0.962927,91.659,5.43,0.982,Psc
113171,113531,"","",22.993243,-13.070895,272.4796,6.12,1.459,Aqr
113172,113532,"","",22.993266,-29.462311,95.7854,5.51,0.271,PsA
113201,113561,"","",23.001417,56.945374,100000.0,5.1,1.011,Cas
113202,113562,"","",23.001607,-25.16418,210.5263,5.66,1.253,PsA
113233,113593,"","",23.006843,-25.626846,120.3369,6.3,1.124,PsA
113250,113610,"3    Psc","",23.01053,0.185866,179.5332,6.22,0.892,Psc
113262,113622,"","",23.011917,3.011805,136.612,5.85,1.343,Psc
113278,113638,Zet Gru,"",23.014677,-52.754137,33.3778,4.11,0.96,Gru
113297,113657,"","",23.018763,-50.950028,149.7006,5.68,1.411,Gru
113309,113669,"","",23.02205,-28.85396,163.9344,5.55,1.349,PsA
113312,113673,"","",23.023068,-22.790891,120.7729,6.27,0.126,Aqr
113314,113674,"81    Aqr","",23.023234,-7.061153,151.7451,6.23,1.418,Aqr
113324,113684,"","",23.025199,57.105458,303.9514,6.24,1.499,Cas
113326,113686,"","",23.025475,-4.711461,452.4887,5.94,0.992,Aqr
113345,113705,"","",23.028772,3.53091,126.2626,6.44,0.97,Psc
113366,113726,"1Omi And","",23.032017,42.325979,210.5263,3.62,-0.099,And
113390,113750,"","",23.036478,44.572858,121.0654,6.43,0.959,And
113421,113781,"82    Aqr","",23.042377,-6.574008,446.4286,6.18,1.59,Aqr
113424,113784,"","",23.042804,-36.42088,126.2626,6.46,0.938,Gru
113428,113788,"2    And","",23.043436,42.757795,129.199,5.09,0.094,And
113441,113801,"","",23.045626,-20.870712,73.4754,5.97,0.946,Aqr
113442,113802,"","",23.045875,44.05875,325.7329,6.37,-0.02,And
113492,113852,"","",23.055933,58.563854,87.3362,6.43,0.898,Cas
113500,113860,Pi  PsA,"",23.05828,-34.749412,29.4204,5.12,0.305,PsA
113504,113864,"","",23.059128,67.20921,126.7427,5.25,1.248,Cep
113521,113881,"53Bet Peg",Scheat,23.062901,28.082789,60.0962,2.44,1.655,Peg
113529,113889,"4Bet Psc",Fumalsamakah,23.064615,3.820045,125.1564,4.48,-0.115,Psc
113541,113902,"","",23.066566,-41.478896,95.3289,5.79,1.069,Gru
113544,113904,"","",23.066883,6.616338,88.6525,6.42,0.417,Psc
113559,113919,"3    And","",23.069702,50.052091,54.1712,4.64,1.058,And
113597,113957,Kap Gru,"",23.077668,-53.964905,111.6071,5.37,1.453,Gru
113603,113963,"54Alp Peg",Markab,23.079348,15.205264,40.8831,2.49,-0.002,Peg
113609,113969,"","",23.08116,-68.820226,53.4474,5.53,0.395,Ind
113634,113994,"","",23.08508,16.562837,36.2188,6.43,0.886,Peg
113636,113996,"83    Aqr","",23.086052,-7.693801,64.2261,5.44,0.312,Aqr
113638,113998,"","",23.086904,-17.07925,198.0198,6.15,1.37,Aqr
113645,114005,"","",23.088231,1.307127,117.2333,6.39,0.928,Psc
113720,114081,"","",23.105037,18.517765,43.554,6.16,0.482,Peg
113735,114096,"","",23.108854,19.910853,27.9486,6.44,0.544,Peg
113743,114104,"1    Cas","",23.110226,59.41976,346.0208,4.84,-0.06,Cas
113757,114119,"86    Aqr","",23.111345,-23.743115,66.313,4.48,0.892,Aqr
113770,114131,The Gru,"",23.11465,-43.520358,40.4367,4.28,0.423,Gru
113771,114132,Ups Gru,"",23.114894,-38.892293,87.3362,5.62,0.006,Gru
113783,114144,"55    Peg","",23.116739,9.409492,100.8065,4.54,1.559,Peg
113791,114152,"","",23.118062,35.636491,197.2387,6.38,1.158,And
113794,114155,"56    Peg","",23.118539,25.468259,181.4882,4.76,1.285,Peg
113798,114159,"","",23.119288,-49.606135,398.4064,6.33,1.452,Gru
113800,114162,"","",23.119459,52.816601,108.9325,6.12,1.06,And
113802,114163,"","",23.119569,59.727394,418.41,6.41,-0.03,Cas
113806,114167,"","",23.120774,-50.686681,45.7038,5.81,0.486,Gru
113827,114187,"","",23.124368,32.825345,163.3987,6.13,0.137,Peg
113828,114189,"","",23.124642,21.134251,39.4011,5.97,0.259,Peg
113839,114200,"4    And","",23.127575,46.387231,106.9519,5.3,1.409,And
113849,114210,"5    And","",23.12926,49.295776,34.3407,5.68,0.449,And
113851,114212,"","",23.129928,63.633466,409.8361,6.25,-0.025,Cep
113861,114222,"33Pi  Cep","",23.131623,75.387496,75.643,4.41,0.802,Cep
113866,114227,"","",23.132556,64.222532,324.6753,6.21,1.084,Cep
113893,114254,"","",23.139186,-28.823697,82.4402,5.6,0.882,Scl
113897,114258,"","",23.139888,-79.480689,73.4754,6.11,0.145,Oct
113906,114268,"","",23.143212,-73.586116,184.1621,6.18,1.419,Ind
113912,114273,"5    Psc","",23.1447,2.127883,81.4996,5.42,0.908,Psc
113980,114341,"88    Aqr","",23.157443,-21.17241,82.9876,3.68,1.202,Aqr
113986,114347,"57    Peg","",23.158738,8.677161,239.8082,5.05,1.484,Peg
114003,114365,"2    Cas","",23.162261,59.332692,534.7594,5.68,0.315,Cas
114004,114366,"","",23.162397,-28.088572,199.2032,5.88,1.311,Scl
114005,114367,"","",23.162426,-67.876284,52.521,6.47,0.394,Ind
114009,114371,"","",23.163764,-14.510552,104.2753,6.43,0.01,Aqr
114013,114375,"89    Aqr","",23.165249,-22.457611,154.5595,4.71,0.674,Aqr
114019,114382,"","",23.165955,-42.861292,33.4113,5.83,0.475,Gru
114027,114389,"58    Peg","",23.167072,9.822082,248.139,5.39,-0.068,Peg
114045,114407,"","",23.16937,-40.591547,281.6901,5.9,1.565,Gru
114046,114408,"","",23.170034,-66.857644,63.6132,6.47,0.956,Ind
114059,114421,Iot Gru,"",23.17264,-45.246711,56.1798,3.88,0.998,Gru
114068,114430,"6    And","",23.174235,43.544232,27.6472,5.91,0.45,And
114087,114449,"","",23.17851,17.594372,155.521,5.68,1.33,Peg
114158,114520,"59    Peg","",23.195608,8.720116,74.2942,5.15,0.139,Peg
114164,114526,"60    Peg","",23.197001,26.847308,70.1754,6.19,0.937,Peg
114188,114550,"","",23.203457,-80.9127,227.2727,6.43,1.498,Oct
114208,114570,"7    And","",23.20916,49.406207,24.5881,4.53,0.302,And
114245,114607,"","",23.217775,29.441525,116.5501,6.34,0.924,Peg
114260,114622,"","",23.221098,57.168355,6.5462,5.57,1.0,Cas
114279,114641,"","",23.224029,11.065001,105.9322,5.85,1.004,Peg
114324,114686,"","",23.233155,19.633898,179.2115,6.47,1.151,Peg
114337,114699,"","",23.235072,-62.700004,29.3513,6.12,0.787,Tuc
114352,114714,"","",23.237325,50.617891,123.6094,6.32,-0.005,And
114362,114724,"90Phi Aqr","",23.238711,-6.049003,61.9579,4.22,1.545,Aqr
114363,114725,"","",23.239366,29.771831,104.3841,6.41,0.448,Peg
114380,114742,"","",23.243468,24.102898,176.0563,6.36,1.167,Peg
114383,114745,"","",23.243622,74.231268,138.8889,5.89,-0.01,Cep
114388,114750,"","",23.244492,-10.688715,193.4236,6.13,1.504,Aqr
114413,114775,"","",23.249611,-41.105397,76.5697,5.77,1.16,Gru
114460,114822,"","",23.259516,-3.49638,71.2251,5.56,0.062,Aqr
114469,114831,"","",23.260477,70.88808,116.2791,5.55,0.263,Cep
114493,114855,"91Psi1Aqr","",23.264859,-9.087737,45.9348,4.24,1.107,Aqr
114559,114921,"","",23.277719,-44.489166,89.2061,5.92,1.053,Gru
114562,114924,"","",23.278405,53.213476,20.5044,5.58,0.556,Cas
114575,114937,"","",23.28051,-41.194395,158.9825,6.49,1.07,Gru
114577,114939,"92Chi Aqr","",23.280817,-7.726504,187.9699,4.93,1.613,Aqr
114586,114948,"","",23.282659,-62.001198,20.5381,5.64,0.521,Tuc
114607,114969,"","",23.285765,-28.438273,751.8797,6.24,1.556,Scl
114609,114971,"6Gam Psc","",23.286094,3.282289,42.3012,3.7,0.916,Psc
114618,114981,"","",23.287958,45.164167,77.5194,6.44,1.077,And
114622,114984,"","",23.288574,75.299025,183.8235,6.35,0.049,Cep
114634,114996,Gam Tuc,"",23.290498,-58.235734,23.0574,3.99,0.41,Tuc
114653,115015,"","",23.294467,-11.712942,121.3592,6.33,0.058,Aqr
114660,115022,"8    And","",23.295732,49.0153,172.7116,4.82,1.668,And
114670,115033,"93Psi2Aqr","",23.298393,-9.182513,123.1527,4.41,-0.144,Aqr
114674,115036,"","",23.29889,45.488924,179.8561,6.48,-0.037,And
114692,115054,Phi Gru,"",23.302739,-40.824361,35.4108,5.54,0.445,Gru
114700,115062,"","",23.305557,-67.471177,196.4637,6.15,1.356,Ind
114703,115065,"9    And","",23.306479,41.773676,129.5337,5.98,0.215,And
114727,115088,"34Omi Cep","",23.3104,68.111445,62.2665,4.75,0.836,Cep
114740,115102,Gam Scl,"",23.313733,-32.532027,55.8659,4.41,1.109,Scl
114753,115115,"95Psi3Aqr","",23.316021,-9.61075,80.1925,4.99,-0.022,Aqr
114759,115121,"","",23.317582,-28.387846,250.6266,6.49,1.535,Scl
114764,115126,"94    Aqr","",23.318518,-13.458552,21.1193,5.2,0.787,Aqr
114766,115129,"","",23.319045,-79.472409,142.6534,6.34,0.913,Oct
114779,115142,"96    Aqr","",23.323327,-5.124352,34.1647,5.56,0.386,Aqr
114781,115144,"","",23.323363,-18.075376,427.3504,5.96,1.534,Aqr
114785,115148,"","",23.324281,34.793183,305.8104,6.32,-0.053,Peg
114789,115152,"11    And","",23.324945,48.625322,87.7193,5.44,1.014,And
114808,115171,"","",23.328193,48.380935,114.9425,6.29,1.123,And
114815,115178,"","",23.328651,-33.708052,181.8182,6.35,1.308,Scl
114828,115191,"10    And","",23.331225,42.078044,147.4926,5.81,1.512,And
114855,115218,"","",23.337326,61.970129,324.6753,6.39,1.678,Cas
114864,115227,"7    Psc","",23.339051,5.381307,132.626,5.05,1.204,Psc
114882,115245,"","",23.342927,62.213264,657.8947,6.41,1.605,Cas
114887,115250,"62Tau Peg",Salm,23.343956,23.740337,49.5786,4.58,0.18,Peg
114893,115257,"","",23.344691,-5.907975,113.1222,6.17,1.089,Aqr
114898,115261,"","",23.345583,44.116167,75.2445,6.25,0.152,And
114907,115271,"63    Peg","",23.347097,30.414921,128.7001,5.58,1.501,Peg
114908,115272,"","",23.347267,-50.306559,86.2069,6.04,0.423,Gru
114916,115280,"12    And","",23.348123,38.182326,41.9639,5.77,0.468,And
114948,115312,"","",23.354305,-26.986769,101.3171,5.65,0.817,Scl
114991,115355,"64    Peg","",23.365259,31.812465,254.4529,5.35,-0.101,Peg
115026,115389,"","",23.374605,25.918483,467.2897,6.38,1.54,Peg
115031,115395,"","",23.375702,60.133485,526.3158,5.56,1.679,Cas
115040,115404,"97    Aqr","",23.377547,-15.039338,65.3595,5.19,0.203,Aqr
115043,115407,"65    Peg","",23.37792,20.828716,175.1313,6.28,-0.033,Peg
115068,115433,"","",23.382424,-60.055843,260.4167,6.08,1.603,Tuc
115073,115438,"98    Aqr","",23.382842,-20.10058,50.1002,3.96,1.082,Aqr
115079,115444,"66    Peg","",23.384602,12.31391,119.0476,5.09,1.315,Peg
115111,115476,"","",23.392207,0.291325,206.6116,6.33,1.583,Psc
115131,115496,"","",23.39595,-43.124429,301.2048,6.12,1.464,Gru
115146,115510,"","",23.39847,-53.80874,118.624,6.13,0.258,Gru
115157,115522,"","",23.401106,-21.774411,62.5391,6.46,0.433,Aqr
115163,115528,"","",23.402182,-18.688006,96.3391,6.18,1.02,Aqr
115165,115530,"","",23.402464,41.612874,293.2551,6.37,1.702,And
115171,115537,"","",23.403681,-51.891174,180.5054,5.75,1.611,Gru
115225,115590,"4    Cas","",23.413959,62.282806,240.9639,4.96,1.676,Cas
115226,115591,"67    Peg","",23.41412,32.384882,145.1379,5.56,-0.075,Peg
115255,115620,"","",23.422062,-56.848985,89.0472,5.6,1.063,Tuc
115258,115623,"68Ups Peg",Alkarab,23.422993,23.404101,52.2466,4.42,0.617,Peg
115304,115669,"99    Aqr","",23.434108,-20.642014,86.881,4.38,1.46,Aqr
115344,115709,"","",23.443187,-21.740836,116.9591,6.43,1.036,Aqr
115348,115713,Omi Gru,"",23.44349,-52.721603,30.7692,5.53,0.409,Gru
115376,115738,"8Kap Psc","",23.448876,1.255608,47.0588,4.95,0.036,Psc
115381,115746,"","",23.44999,87.307504,102.145,5.56,0.25,Cep
115390,115755,"13    And","",23.45205,42.91201,91.9963,5.75,-0.007,And
115391,115756,"","",23.45207,-66.580886,298.5075,6.47,1.455,Tuc
115394,115759,"","",23.452527,-50.157244,140.2525,6.22,-0.08,Phe
115403,115768,"9    Psc","",23.454109,1.122609,112.9944,6.26,1.013,Psc
115404,115769,"","",23.454157,-58.47611,96.3391,5.63,0.983,Tuc
115405,115770,"","",23.45458,70.359782,65.3595,5.6,0.163,Cep
115441,115806,"69    Peg","",23.461218,25.167281,110.6195,5.99,-0.066,Peg
115465,115830,"10The Psc","",23.466138,6.378992,45.5373,4.27,1.062,Psc
115468,115833,"","",23.466858,-35.544485,172.7116,6.34,1.201,Scl
115471,115836,Tau Oct,"",23.46766,-87.482214,149.0313,5.5,1.278,Oct
115474,115839,"","",23.468109,-11.449752,125.4705,6.37,0.902,Aqr
115541,115906,"","",23.483518,-9.266104,287.3563,6.2,1.438,Aqr
115542,115907,"","",23.48356,-44.498068,161.2903,6.43,1.177,Phe
115543,115908,"","",23.483598,-63.110656,118.4834,5.66,-0.142,Tuc
115550,115915,"","",23.484911,23.048083,136.0544,6.45,1.088,Peg
115554,115919,"70    Peg","",23.485915,12.760554,53.6193,4.54,0.939,Peg
115580,115945,"","",23.49083,-1.791213,279.3296,6.35,1.125,Psc
115588,115953,"","",23.492245,-4.532747,47.3037,6.26,1.123,Aqr
115626,115990,"","",23.500536,58.54892,190.4762,4.89,-0.122,Cas
115631,115996,"","",23.502057,49.133145,277.0083,6.19,1.464,And
115665,116030,"","",23.510988,38.662253,208.7683,6.07,0.992,And
115694,116060,"","",23.516984,-6.288082,460.8295,6.39,1.259,Aqr
115711,116076,"14    And",Veritate,23.52149,39.236198,79.1766,5.22,1.029,And
115731,116097,"","",23.524152,-44.843579,104.9318,6.02,1.014,Phe
115740,116106,"","",23.525417,-4.087406,26.1165,6.5,0.531,Aqr
115752,116118,"100    Aqr","",23.528345,-21.369457,76.1615,6.24,0.319,Aqr
115753,116119,"","",23.52862,28.403489,129.0323,6.41,0.035,Peg
115779,116146,"13    Psc","",23.532657,-1.085885,206.6116,6.39,1.177,Psc
115821,116187,"","",23.541397,23.843609,197.2387,6.41,1.492,Peg
115865,116231,Bet Scl,"",23.549512,-37.818268,53.3618,4.38,-0.095,Scl
115881,116247,"101    Aqr","",23.554618,-20.914504,90.009,4.7,0.02,Aqr
115884,116250,"","",23.555432,-77.385327,31.4367,5.82,0.681,Oct
115899,116264,"71    Peg","",23.557804,22.498775,159.4896,5.33,1.481,Peg
115926,116292,"","",23.561942,45.0581,183.8235,6.25,0.986,And
115941,116307,"","",23.565414,20.840934,277.7778,6.1,1.654,Peg
115944,116310,"72    Peg","",23.565884,31.325277,168.3502,4.97,1.383,Peg
115957,116323,"14    Psc","",23.569171,-1.247567,64.9351,5.91,0.299,Psc
115988,116354,"15    And","",23.577095,40.236441,80.3213,5.55,0.096,And
115989,116355,"73    Peg","",23.577279,33.497328,88.968,5.63,1.042,Peg
115999,116365,"","",23.57965,38.024,232.5581,6.18,1.586,And
116002,116368,"","",23.580378,-15.246005,113.8952,5.95,1.35,Aqr
116014,116380,"","",23.583065,71.642043,645.1613,5.86,1.681,Cep
116023,116389,Iot Phe,"",23.584599,-42.615075,76.2777,4.69,0.078,Phe
116056,116422,"","",23.591272,1.313142,86.0585,6.47,1.151,Psc
116062,116428,"","",23.592242,-7.464431,144.3001,6.4,0.874,Aqr
116099,116465,"","",23.598873,24.561012,278.5515,6.44,1.703,Peg
116129,116495,"16    Psc","",23.606468,2.102222,30.9789,5.68,0.449,Psc
116139,116505,"","",23.608476,32.904215,72.0461,6.35,0.459,And
116216,116582,"","",23.625567,44.428994,247.5248,5.81,-0.064,And
116218,116584,"16Lam And","",23.626056,46.458152,26.4061,3.81,0.984,And
116225,116591,"","",23.627655,-13.060243,81.9001,5.66,1.025,Aqr
116226,116592,"74    Peg","",23.627705,16.825495,112.7396,6.26,0.025,Peg
116236,116602,"","",23.630827,-45.492351,61.3874,4.74,0.082,Phe
116245,116611,"75    Peg","",23.632445,18.400667,71.3776,5.49,0.01,Peg
116258,116624,"","",23.634175,-15.095108,118.4834,6.38,1.078,Aqr
116265,116631,"17Iot And","",23.63561,43.268073,153.1394,4.29,-0.083,And
116287,116653,"","",23.639926,-76.869552,161.8123,5.99,0.907,Oct
116343,116709,"18    And","",23.652316,50.471733,129.199,5.35,-0.061,And
116348,116714,"","",23.652823,75.292882,79.1139,5.95,0.124,Cep
116361,116727,"35Gam Cep",Errai,23.65582,77.632276,14.1024,3.21,1.031,Cep
116362,116728,"","",23.655878,74.002628,100.4016,5.98,0.889,Cep
116371,116737,The Phe,"",23.657761,-46.637799,78.8644,6.07,0.24,Phe
116392,116758,"102Ome1Aqr","",23.663074,-14.222178,43.592,4.97,0.257,Aqr
116402,116768,"","",23.665289,9.677294,54.407,5.99,0.212,Peg
116405,116771,"17Iot Psc","",23.665844,5.626292,13.7137,4.13,0.507,Psc
116415,116781,"","",23.66745,37.652644,90.8265,6.49,0.355,And
116439,116805,"19Kap And","",23.673469,44.333932,51.6262,4.15,-0.071,And
116454,116820,Mu  Scl,"",23.677266,-32.073125,89.4454,5.3,0.965,Scl
116458,116824,"","",23.677945,36.720768,43.6681,6.24,0.424,And
116487,116853,"","",23.685809,-11.680655,107.0664,5.89,0.984,Aqr
116510,116876,"","",23.690775,49.512413,228.833,6.26,0.182,Cas
116523,116889,"103    Aqr","",23.692914,-18.027077,232.0186,5.36,1.58,Aqr
116535,116901,"104    Aqr","",23.696057,-17.816533,257.0694,4.82,0.822,Aqr
116546,116912,"","",23.698489,57.259954,285.7143,6.24,1.025,Cas
116552,116918,"","",23.699081,7.250546,99.4036,5.89,0.101,Psc
116562,116928,"18Lam Psc","",23.700779,1.780041,32.6904,4.49,0.2,Psc
116575,116941,"","",23.704075,44.991715,227.2727,6.43,1.5,And
116591,116957,"","",23.707729,-15.448033,82.7815,5.27,1.344,Aqr
116596,116962,"","",23.70873,61.679363,134.9528,6.4,1.25,Cas
116605,116971,"105Ome2Aqr","",23.712039,-14.544905,45.5373,4.49,-0.032,Aqr
116606,116972,"","",23.712183,16.335719,112.7396,6.3,0.97,Peg
116625,116991,"","",23.718068,51.939335,163.9344,6.44,1.034,Cas
116653,117020,"77    Peg","",23.722878,10.331536,189.7533,5.09,1.692,Peg
116706,117073,"78    Peg","",23.733189,29.361454,68.7758,4.93,0.935,Peg
116708,117075,"","",23.733678,-45.083123,69.2042,6.08,0.978,Phe
116721,117088,"","",23.736676,-64.404451,223.2143,5.73,1.393,Tuc
116722,117089,"106    Aqr","",23.736688,-18.276938,116.144,5.24,-0.084,Aqr
116738,117105,"","",23.740318,-70.490226,46.5333,6.06,0.91,Tuc
116740,117107,"","",23.741407,-26.246631,68.7758,6.23,0.495,Scl
116758,117125,"","",23.744643,-78.791442,148.5884,5.74,1.108,Oct
116766,117133,"","",23.746773,55.799687,149.925,6.46,0.992,Cas
116851,117218,"107    Aqr","",23.766922,-18.67834,73.2064,5.28,0.299,Aqr
116852,117219,"","",23.767011,-40.182565,67.4764,6.32,0.21,Phe
116854,117221,"20Psi And","",23.767234,46.420276,307.6923,4.97,1.086,And
116878,117245,"19    Psc","",23.773199,3.486811,275.4821,4.95,2.508,Psc
116898,117265,"","",23.776869,66.782244,456.621,5.95,-0.049,Cep
116932,117299,"","",23.783866,57.451359,492.6108,5.55,1.63,Cas
116934,117301,"5Tau Cas","",23.784284,58.651989,53.3333,4.88,1.122,Cas
116947,117314,"","",23.787754,-11.911126,93.5454,5.74,1.068,Aqr
116948,117315,Sig Phe,"",23.787776,-50.226461,185.1852,5.18,-0.164,Phe
116973,117340,"","",23.792514,46.832564,319.4888,6.08,-0.135,And
117004,117371,"","",23.798543,67.806808,92.9368,5.05,0.007,Cep
117008,117375,"20    Psc","",23.79904,-2.761598,97.0874,5.49,0.941,Psc
117053,117420,"","",23.809022,-6.380426,243.9024,6.09,1.452,Aqr
117063,117430,"","",23.810845,64.87645,168.6341,6.41,0.062,Cas
117078,117445,"","",23.813713,2.214413,54.7046,6.47,0.461,Psc
117080,117447,"6    Cas","",23.813937,62.214516,100000.0,5.43,0.67,Cas
117083,117450,"","",23.814983,59.97897,117.3709,6.33,-0.007,Cas
117085,117452,Del Scl,"",23.815427,-28.130268,42.1408,4.59,0.001,Scl
117105,117472,"","",23.819974,58.963202,77.1605,6.36,0.408,Cas
117124,117491,"21    Psc","",23.824299,1.076131,93.1099,5.77,0.167,Psc
117126,117494,"","",23.825447,-15.861277,120.1923,6.21,1.212,Aqr
117133,117500,"79    Peg","",23.827608,28.842389,88.3392,5.95,0.187,Peg
117135,117503,"","",23.828044,36.425281,129.7017,5.86,0.806,And
117143,117510,"","",23.830443,-25.331336,98.3284,6.44,0.097,Scl
117174,117541,"","",23.837425,-9.974136,91.1577,5.93,1.133,Aqr
117184,117551,"","",23.839497,51.621663,40.6174,6.47,0.403,Cas
117200,117567,"","",23.842579,-14.40149,139.47,5.7,1.488,Aqr
117204,117571,"","",23.843232,-47.376942,118.7648,6.49,1.025,Phe
117261,117628,"80    Peg","",23.855902,9.313351,259.0674,5.77,1.661,Peg
117262,117629,"108    Aqr","",23.855927,-18.909163,97.7517,5.17,-0.122,Aqr
117315,117683,"22    Psc","",23.866066,2.930384,229.3578,5.59,1.527,Psc
117321,117689,Gam1Oct,"",23.868518,-82.018818,81.3008,5.1,0.934,Oct
117342,117710,"","",23.873165,21.671099,197.2387,6.13,1.616,Peg
117345,117712,"","",23.873533,75.544588,10.8909,6.36,0.977,Cep
117350,117718,"81Phi Peg","",23.874802,19.120287,141.844,5.06,1.587,Peg
117354,117722,"","",23.874998,-14.251217,86.3558,5.85,1.252,Aqr
117362,117730,"82    Peg","",23.876974,10.94732,56.0224,5.3,0.186,Peg
117388,117756,"","",23.880702,-8.996756,189.0359,5.76,1.171,Aqr
117393,117761,"24    Psc","",23.882101,-3.155482,137.3626,5.93,1.069,Psc
117406,117774,"25    Psc","",23.884655,2.090625,126.2626,6.29,-0.003,Psc
117429,117797,"","",23.889123,-24.229257,88.1057,6.23,0.188,Aqr
117492,117860,"","",23.905946,-27.042907,81.2348,6.34,0.197,Scl
117495,117863,"7Rho Cas","",23.906398,57.499382,100000.0,4.51,1.19,Cas
117512,117880,"","",23.91071,-40.300062,27.7008,6.03,0.572,Phe
117519,117887,"","",23.912951,0.109309,195.3125,5.78,1.466,Psc
117559,117927,"26    Psc","",23.918831,7.070972,127.0648,6.22,-0.066,Psc
117563,117931,"","",23.921274,-31.921467,271.0027,6.09,-0.093,Scl
117588,117956,"","",23.925966,47.355804,434.7826,6.01,1.17,And
117589,117957,"","",23.926067,57.412168,100000.0,6.03,0.155,Cas
117618,117986,"","",23.931855,15.230291,202.8398,6.45,1.56,Peg
117661,118029,"","",23.941652,-24.737218,150.3759,6.31,0.921,Cet
117680,118048,"","",23.944862,22.648091,224.7191,6.18,1.635,Peg
117703,118071,"","",23.951009,42.658232,322.5806,6.01,0.712,And
117708,118076,"","",23.952265,-26.623446,296.7359,6.26,1.452,Scl
117709,118077,"","",23.952356,55.705705,70.9723,5.57,0.478,Cas
117713,118081,"","",23.95281,-20.833643,145.7726,6.45,0.979,Cet
117724,118092,"","",23.955508,-62.956584,66.0502,5.95,0.101,Tuc
117746,118114,Gam2Oct,"",23.959159,-82.169804,93.5454,5.72,1.055,Oct
117748,118116,"","",23.959313,60.0236,387.5969,6.47,0.029,Cas
117754,118121,Eta Tuc,"",23.959727,-64.298231,47.4383,5.0,0.06,Tuc
117763,118131,"84Psi Peg","",23.962647,25.141401,145.9854,4.63,1.584,Peg
117810,118178,"1    Cet","",23.972562,-15.847484,190.8397,6.28,1.079,Cet
117841,118209,"27    Psc","",23.977883,-3.555983,71.8907,4.88,0.93,Psc
117866,118234,Pi  Phe,"",23.982155,-52.745807,88.1057,5.13,1.121,Phe
117875,118243,"8Sig Cas","",23.983482,55.754928,100000.0,4.88,-0.071,Cas
117900,118268,"28Ome Psc","",23.988525,6.863321,31.9898,4.03,0.419,Psc
117909,118277,"","",23.991082,-29.485168,226.2443,5.59,1.599,Scl
117913,118281,"","",23.991472,33.723878,28.9268,5.81,0.539,And
117954,118322,Eps Tuc,"",23.998594,-65.577132,114.4165,4.49,-0.075,Tuc
117996,,"","",0.545644,-63.03121,20.9205,6.0,,Tuc
117998,,"","",0.587326,-3.593069,21.0482,6.4,,Cet
118001,,"","",0.622379,-24.766593,15.5328,6.4,,Cet
118084,,"",p Eridani,1.663003,-56.19462,8.1466,5.8,0.86,Eri
118164,,"","",2.659463,-11.871068,27.0343,5.6,,Cet
118166,,"","",2.721517,3.237385,25.1383,6.3,,Cet
118351,,"","",5.124227,18.647141,15.868,5.7,,Tau
118360,,"","",5.277926,46.000842,12.9383,0.96,,Aur
118392,,"","",5.74059,-22.420198,8.9694,6.13,0.94,Lep
118485,,"66Alp Gem",Castor B,7.576827,31.89052,15.8053,2.85,,Gem
118505,,"","",7.862748,-13.896051,16.6722,6.17,0.65,Pup
118562,,"","",8.74494,-54.708074,24.4499,5.0,,Vel
118586,,"","",9.010887,41.78362,16.4312,6.18,0.65,Lyn
118619,,"","",9.28848,-68.689446,33.5233,6.13,,Car
118632,,"","",9.511764,-40.465622,18.5563,4.65,,Vel
118645,,"","",9.736603,-27.769033,117.7856,5.6,,Ant
118742,,"53Xi  UMa",Alula Australis,11.303118,31.528783,10.4167,4.33,0.59,UMa
118743,,"53Xi  UMa",Alula Australis B,11.303118,31.528783,10.4167,4.8,,UMa
118838,,"29Gam Vir","",12.694171,-1.449235,11.8301,3.52,,Vir
118862,,"","",13.062675,-20.583353,28.6615,6.4,,Vir
118869,,"42Alp Com","",13.166389,17.528977,14.3246,5.17,,Com
118887,,"79Zet UMa","",13.398996,54.920471,24.1546,3.95,0.13,UMa
119003,,"","",15.063245,47.653692,12.7567,5.96,,Boo
119020,,"2Eta CrB","",15.38663,30.2862,18.622,5.96,,CrB
119058,,Xi  Sco,Graffias,16.072774,-11.374611,24.3309,4.84,0.45,Sco
119059,,Xi  Sco,"",16.072774,-11.374611,24.3309,5.0,,Sco
119106,,"","",16.688157,31.601207,10.7956,5.4,,Her
119127,,"21Mu  Dra",Alrakis,17.088714,54.469093,23.2558,5.63,0.47,Dra
119131,,"","",17.172783,-15.726921,25.7931,3.4,,Oph
119135,,"36    Oph",Guniibuu B,17.255734,-26.603215,5.9852,5.07,0.85,Oph
119159,,"","",17.50651,-1.064706,16.4474,6.2,,Oph
119195,,"69Tau Oph","",18.051202,-8.181708,52.0291,5.24,0.38,Oph
119198,,"","",18.09099,2.498264,5.086,6.0,1.15,Oph
119259,,Gam CrA,"",19.106847,-37.06474,17.8923,5.0,,CrA
119388,,"","",21.073516,-19.855641,48.4496,6.5,,Cap
119390,,"","",21.155937,-73.175927,18.7336,6.4,,Pav
119397,,"","",21.241391,10.006094,18.4809,5.4,,Equ
119398,,"","",21.246554,38.045192,20.9205,6.42,0.6,Cyg
119433,,"78Mu 2Cyg","",21.735509,28.743078,22.4014,6.09,,Cyg
119491,,"","",22.408121,-72.256978,28.9017,6.1,,Ind
119501,,"53    Aqr","",22.442972,-16.742424,20.0803,6.21,0.62,Aqr
119548,,"","",23.165305,-22.457364,47.619,5.9,,Aqr
119619,,"","",5.22591666,-8.14777778,100000.0,6.37,,Ori
119620,,"","",6.39380555,-52.18111111,100000.0,5.98,,Car
119622,,"","",6.51947222,17.46638888,100000.0,6.2,,Gem
119623,,"","",7.66861111,16.93861111,71.4286,6.02,,CMi
119625,,Eta Car,"",10.751,-59.68416667,100000.0,6.21,,Car
119626,,"","",14.26783333,18.91194444,100000.0,5.98,,Boo
119627,,"","",16.90327777,-41.85027778,100000.0,6.45,,Sco
119628,,"","",17.89597222,-34.78611111,100000.0,6.38,,Sco
